ticket_id,incident_id,opened_at,resolved_at,priority,status,assignment_group,service,configuration_item,category,resolution_hours,sla_breached,root_cause_code,source_updated_at
INC-202600000,INC-202600000,2026-01-01T00:00:00+00:00,2026-01-01T04:30:00+00:00,P1,resolved,Digital Operations,Patient Operations Portal,svc-patient-portal,availability,4.5,True,certificate_expiry,2026-01-01T04:30:00+00:00
INC-202600001,INC-202600001,2026-01-01T02:00:00+00:00,2026-01-01T04:06:00+00:00,P2,resolved,Service Desk,Order Management,svc-order-mgmt,availability,2.1,False,application_error,2026-01-01T04:06:00+00:00
INC-202600002,INC-202600002,2026-01-01T04:00:00+00:00,2026-01-01T05:12:00+00:00,P3,resolved,Service Desk,Identity Gateway,svc-identity-gateway,authentication,1.2,False,application_error,2026-01-01T05:12:00+00:00
INC-202600003,INC-202600003,2026-01-01T06:00:00+00:00,2026-01-01T07:18:00+00:00,P4,resolved,Digital Operations,Patient Operations Portal,svc-patient-portal,availability,1.3,False,application_error,2026-01-01T07:18:00+00:00
INC-202600004,INC-202600004,2026-01-01T08:00:00+00:00,2026-01-01T12:54:00+00:00,P1,resolved,Service Desk,Order Management,svc-order-mgmt,availability,4.9,False,application_error,2026-01-01T12:54:00+00:00
INC-202600005,INC-202600005,2026-01-01T10:00:00+00:00,2026-01-01T12:30:00+00:00,P2,resolved,Service Desk,Identity Gateway,svc-identity-gateway,authentication,2.5,False,application_error,2026-01-01T12:30:00+00:00
INC-202600006,INC-202600006,2026-01-01T12:00:00+00:00,2026-01-01T13:36:00+00:00,P3,resolved,Digital Operations,Patient Operations Portal,svc-patient-portal,availability,1.6,False,application_error,2026-01-01T13:36:00+00:00
INC-202600007,INC-202600007,2026-01-01T14:00:00+00:00,2026-01-01T15:00:00+00:00,P4,resolved,Service Desk,Order Management,svc-order-mgmt,availability,1.0,False,application_error,2026-01-01T15:00:00+00:00
INC-202600008,INC-202600008,2026-01-01T16:00:00+00:00,2026-01-01T20:36:00+00:00,P1,resolved,Service Desk,Identity Gateway,svc-identity-gateway,authentication,4.6,False,application_error,2026-01-01T20:36:00+00:00
INC-202600009,INC-202600009,2026-01-01T18:00:00+00:00,2026-01-01T20:12:00+00:00,P2,resolved,Digital Operations,Patient Operations Portal,svc-patient-portal,availability,2.2,False,application_error,2026-01-01T20:12:00+00:00
INC-202600010,INC-202600010,2026-01-01T20:00:00+00:00,2026-01-01T21:18:00+00:00,P3,resolved,Service Desk,Order Management,svc-order-mgmt,availability,1.3,False,application_error,2026-01-01T21:18:00+00:00
INC-202600011,INC-202600011,2026-01-01T22:00:00+00:00,2026-01-01T23:24:00+00:00,P4,resolved,Service Desk,Identity Gateway,svc-identity-gateway,authentication,1.4,False,application_error,2026-01-01T23:24:00+00:00
INC-202600012,INC-202600012,2026-01-02T00:00:00+00:00,2026-01-02T05:00:00+00:00,P1,resolved,Digital Operations,Patient Operations Portal,svc-patient-portal,availability,5.0,False,application_error,2026-01-02T05:00:00+00:00
INC-202600013,INC-202600013,2026-01-02T02:00:00+00:00,2026-01-02T04:36:00+00:00,P2,resolved,Service Desk,Order Management,svc-order-mgmt,availability,2.6,False,application_error,2026-01-02T04:36:00+00:00
INC-202600014,INC-202600014,2026-01-02T04:00:00+00:00,2026-01-02T05:00:00+00:00,P3,resolved,Service Desk,Identity Gateway,svc-identity-gateway,authentication,1.0,False,application_error,2026-01-02T05:00:00+00:00
INC-202600015,INC-202600015,2026-01-02T06:00:00+00:00,2026-01-02T07:06:00+00:00,P4,resolved,Digital Operations,Patient Operations Portal,svc-patient-portal,availability,1.1,False,application_error,2026-01-02T07:06:00+00:00
INC-202600016,INC-202600016,2026-01-02T08:00:00+00:00,2026-01-02T12:42:00+00:00,P1,resolved,Service Desk,Order Management,svc-order-mgmt,availability,4.7,False,application_error,2026-01-02T12:42:00+00:00
INC-202600017,INC-202600017,2026-01-02T10:00:00+00:00,2026-01-02T12:18:00+00:00,P2,resolved,Service Desk,Identity Gateway,svc-identity-gateway,authentication,2.3,False,certificate_expiry,2026-01-02T12:18:00+00:00
INC-202600018,INC-202600018,2026-01-02T12:00:00+00:00,2026-01-02T13:24:00+00:00,P3,resolved,Digital Operations,Patient Operations Portal,svc-patient-portal,availability,1.4,False,application_error,2026-01-02T13:24:00+00:00
INC-202600019,INC-202600019,2026-01-02T14:00:00+00:00,2026-01-02T15:30:00+00:00,P4,resolved,Service Desk,Order Management,svc-order-mgmt,availability,1.5,False,application_error,2026-01-02T15:30:00+00:00
INC-202600020,INC-202600020,2026-01-02T16:00:00+00:00,2026-01-02T21:06:00+00:00,P1,resolved,Service Desk,Identity Gateway,svc-identity-gateway,authentication,5.1,True,application_error,2026-01-02T21:06:00+00:00
INC-202600021,INC-202600021,2026-01-02T18:00:00+00:00,2026-01-02T20:00:00+00:00,P2,resolved,Digital Operations,Patient Operations Portal,svc-patient-portal,availability,2.0,False,application_error,2026-01-02T20:00:00+00:00
INC-202600022,INC-202600022,2026-01-02T20:00:00+00:00,2026-01-02T21:06:00+00:00,P3,resolved,Service Desk,Order Management,svc-order-mgmt,availability,1.1,False,application_error,2026-01-02T21:06:00+00:00
INC-202600023,INC-202600023,2026-01-02T22:00:00+00:00,2026-01-02T23:12:00+00:00,P4,resolved,Service Desk,Identity Gateway,svc-identity-gateway,authentication,1.2,False,application_error,2026-01-02T23:12:00+00:00
INC-202600024,INC-202600024,2026-01-03T00:00:00+00:00,2026-01-03T04:48:00+00:00,P1,resolved,Digital Operations,Patient Operations Portal,svc-patient-portal,availability,4.8,False,application_error,2026-01-03T04:48:00+00:00
INC-202600025,INC-202600025,2026-01-03T02:00:00+00:00,2026-01-03T04:24:00+00:00,P2,resolved,Service Desk,Order Management,svc-order-mgmt,availability,2.4,False,application_error,2026-01-03T04:24:00+00:00
INC-202600026,INC-202600026,2026-01-03T04:00:00+00:00,2026-01-03T05:30:00+00:00,P3,resolved,Service Desk,Identity Gateway,svc-identity-gateway,authentication,1.5,False,application_error,2026-01-03T05:30:00+00:00
INC-202600027,INC-202600027,2026-01-03T06:00:00+00:00,2026-01-03T07:36:00+00:00,P4,resolved,Digital Operations,Patient Operations Portal,svc-patient-portal,availability,1.6,False,application_error,2026-01-03T07:36:00+00:00
INC-202600028,INC-202600028,2026-01-03T08:00:00+00:00,2026-01-03T12:30:00+00:00,P1,resolved,Service Desk,Order Management,svc-order-mgmt,availability,4.5,False,application_error,2026-01-03T12:30:00+00:00
INC-202600029,INC-202600029,2026-01-03T10:00:00+00:00,2026-01-03T12:06:00+00:00,P2,resolved,Service Desk,Identity Gateway,svc-identity-gateway,authentication,2.1,False,application_error,2026-01-03T12:06:00+00:00
INC-202600030,INC-202600030,2026-01-03T12:00:00+00:00,2026-01-03T13:12:00+00:00,P3,resolved,Digital Operations,Patient Operations Portal,svc-patient-portal,availability,1.2,False,application_error,2026-01-03T13:12:00+00:00
INC-202600031,INC-202600031,2026-01-03T14:00:00+00:00,2026-01-03T15:18:00+00:00,P4,resolved,Service Desk,Order Management,svc-order-mgmt,availability,1.3,False,application_error,2026-01-03T15:18:00+00:00
INC-202600032,INC-202600032,2026-01-03T16:00:00+00:00,2026-01-03T20:54:00+00:00,P1,resolved,Service Desk,Identity Gateway,svc-identity-gateway,authentication,4.9,False,application_error,2026-01-03T20:54:00+00:00
INC-202600033,INC-202600033,2026-01-03T18:00:00+00:00,2026-01-03T20:30:00+00:00,P2,resolved,Digital Operations,Patient Operations Portal,svc-patient-portal,availability,2.5,False,application_error,2026-01-03T20:30:00+00:00
INC-202600034,INC-202600034,2026-01-03T20:00:00+00:00,2026-01-03T21:36:00+00:00,P3,resolved,Service Desk,Order Management,svc-order-mgmt,availability,1.6,False,certificate_expiry,2026-01-03T21:36:00+00:00
INC-202600035,INC-202600035,2026-01-03T22:00:00+00:00,2026-01-03T23:00:00+00:00,P4,resolved,Service Desk,Identity Gateway,svc-identity-gateway,authentication,1.0,False,application_error,2026-01-03T23:00:00+00:00
INC-202600036,INC-202600036,2026-01-04T00:00:00+00:00,2026-01-04T04:36:00+00:00,P1,resolved,Digital Operations,Patient Operations Portal,svc-patient-portal,availability,4.6,False,application_error,2026-01-04T04:36:00+00:00
INC-202600037,INC-202600037,2026-01-04T02:00:00+00:00,2026-01-04T04:12:00+00:00,P2,resolved,Service Desk,Order Management,svc-order-mgmt,availability,2.2,False,application_error,2026-01-04T04:12:00+00:00
INC-202600038,INC-202600038,2026-01-04T04:00:00+00:00,2026-01-04T05:18:00+00:00,P3,resolved,Service Desk,Identity Gateway,svc-identity-gateway,authentication,1.3,False,application_error,2026-01-04T05:18:00+00:00
INC-202600039,INC-202600039,2026-01-04T06:00:00+00:00,2026-01-04T07:24:00+00:00,P4,resolved,Digital Operations,Patient Operations Portal,svc-patient-portal,availability,1.4,False,application_error,2026-01-04T07:24:00+00:00
INC-202600040,INC-202600040,2026-01-04T08:00:00+00:00,2026-01-04T13:00:00+00:00,P1,resolved,Service Desk,Order Management,svc-order-mgmt,availability,5.0,True,application_error,2026-01-04T13:00:00+00:00
INC-202600041,INC-202600041,2026-01-04T10:00:00+00:00,2026-01-04T12:36:00+00:00,P2,resolved,Service Desk,Identity Gateway,svc-identity-gateway,authentication,2.6,False,application_error,2026-01-04T12:36:00+00:00
INC-202600042,INC-202600042,2026-01-04T12:00:00+00:00,2026-01-04T13:00:00+00:00,P3,resolved,Digital Operations,Patient Operations Portal,svc-patient-portal,availability,1.0,False,application_error,2026-01-04T13:00:00+00:00
INC-202600043,INC-202600043,2026-01-04T14:00:00+00:00,2026-01-04T15:06:00+00:00,P4,resolved,Service Desk,Order Management,svc-order-mgmt,availability,1.1,False,application_error,2026-01-04T15:06:00+00:00
INC-202600044,INC-202600044,2026-01-04T16:00:00+00:00,2026-01-04T20:42:00+00:00,P1,resolved,Service Desk,Identity Gateway,svc-identity-gateway,authentication,4.7,False,application_error,2026-01-04T20:42:00+00:00
INC-202600045,INC-202600045,2026-01-04T18:00:00+00:00,2026-01-04T20:18:00+00:00,P2,resolved,Digital Operations,Patient Operations Portal,svc-patient-portal,availability,2.3,False,application_error,2026-01-04T20:18:00+00:00
INC-202600046,INC-202600046,2026-01-04T20:00:00+00:00,2026-01-04T21:24:00+00:00,P3,resolved,Service Desk,Order Management,svc-order-mgmt,availability,1.4,False,application_error,2026-01-04T21:24:00+00:00
INC-202600047,INC-202600047,2026-01-04T22:00:00+00:00,2026-01-04T23:30:00+00:00,P4,resolved,Service Desk,Identity Gateway,svc-identity-gateway,authentication,1.5,False,application_error,2026-01-04T23:30:00+00:00
INC-202600048,INC-202600048,2026-01-05T00:00:00+00:00,2026-01-05T05:06:00+00:00,P1,resolved,Digital Operations,Patient Operations Portal,svc-patient-portal,availability,5.1,False,application_error,2026-01-05T05:06:00+00:00
INC-202600049,INC-202600049,2026-01-05T02:00:00+00:00,2026-01-05T04:00:00+00:00,P2,resolved,Service Desk,Order Management,svc-order-mgmt,availability,2.0,False,application_error,2026-01-05T04:00:00+00:00
INC-202600050,INC-202600050,2026-01-05T04:00:00+00:00,2026-01-05T05:06:00+00:00,P3,resolved,Service Desk,Identity Gateway,svc-identity-gateway,authentication,1.1,False,application_error,2026-01-05T05:06:00+00:00
INC-202600051,INC-202600051,2026-01-05T06:00:00+00:00,2026-01-05T07:12:00+00:00,P4,resolved,Digital Operations,Patient Operations Portal,svc-patient-portal,availability,1.2,False,certificate_expiry,2026-01-05T07:12:00+00:00
INC-202600052,INC-202600052,2026-01-05T08:00:00+00:00,2026-01-05T12:48:00+00:00,P1,resolved,Service Desk,Order Management,svc-order-mgmt,availability,4.8,False,application_error,2026-01-05T12:48:00+00:00
INC-202600053,INC-202600053,2026-01-05T10:00:00+00:00,2026-01-05T12:24:00+00:00,P2,resolved,Service Desk,Identity Gateway,svc-identity-gateway,authentication,2.4,False,application_error,2026-01-05T12:24:00+00:00
INC-202600054,INC-202600054,2026-01-05T12:00:00+00:00,2026-01-05T13:30:00+00:00,P3,resolved,Digital Operations,Patient Operations Portal,svc-patient-portal,availability,1.5,False,application_error,2026-01-05T13:30:00+00:00
INC-202600055,INC-202600055,2026-01-05T14:00:00+00:00,2026-01-05T15:36:00+00:00,P4,resolved,Service Desk,Order Management,svc-order-mgmt,availability,1.6,False,application_error,2026-01-05T15:36:00+00:00
INC-202600056,INC-202600056,2026-01-05T16:00:00+00:00,2026-01-05T20:30:00+00:00,P1,resolved,Service Desk,Identity Gateway,svc-identity-gateway,authentication,4.5,False,application_error,2026-01-05T20:30:00+00:00
INC-202600057,INC-202600057,2026-01-05T18:00:00+00:00,2026-01-05T20:06:00+00:00,P2,resolved,Digital Operations,Patient Operations Portal,svc-patient-portal,availability,2.1,False,application_error,2026-01-05T20:06:00+00:00
INC-202600058,INC-202600058,2026-01-05T20:00:00+00:00,2026-01-05T21:12:00+00:00,P3,resolved,Service Desk,Order Management,svc-order-mgmt,availability,1.2,False,application_error,2026-01-05T21:12:00+00:00
INC-202600059,INC-202600059,2026-01-05T22:00:00+00:00,2026-01-05T23:18:00+00:00,P4,resolved,Service Desk,Identity Gateway,svc-identity-gateway,authentication,1.3,False,application_error,2026-01-05T23:18:00+00:00
INC-202600060,INC-202600060,2026-01-06T00:00:00+00:00,2026-01-06T04:54:00+00:00,P1,resolved,Digital Operations,Patient Operations Portal,svc-patient-portal,availability,4.9,True,application_error,2026-01-06T04:54:00+00:00
INC-202600061,INC-202600061,2026-01-06T02:00:00+00:00,2026-01-06T04:30:00+00:00,P2,resolved,Service Desk,Order Management,svc-order-mgmt,availability,2.5,False,application_error,2026-01-06T04:30:00+00:00
INC-202600062,INC-202600062,2026-01-06T04:00:00+00:00,2026-01-06T05:36:00+00:00,P3,resolved,Service Desk,Identity Gateway,svc-identity-gateway,authentication,1.6,False,application_error,2026-01-06T05:36:00+00:00
INC-202600063,INC-202600063,2026-01-06T06:00:00+00:00,2026-01-06T07:00:00+00:00,P4,resolved,Digital Operations,Patient Operations Portal,svc-patient-portal,availability,1.0,False,application_error,2026-01-06T07:00:00+00:00
INC-202600064,INC-202600064,2026-01-06T08:00:00+00:00,2026-01-06T12:36:00+00:00,P1,resolved,Service Desk,Order Management,svc-order-mgmt,availability,4.6,False,application_error,2026-01-06T12:36:00+00:00
INC-202600065,INC-202600065,2026-01-06T10:00:00+00:00,2026-01-06T12:12:00+00:00,P2,resolved,Service Desk,Identity Gateway,svc-identity-gateway,authentication,2.2,False,application_error,2026-01-06T12:12:00+00:00
INC-202600066,INC-202600066,2026-01-06T12:00:00+00:00,2026-01-06T13:18:00+00:00,P3,resolved,Digital Operations,Patient Operations Portal,svc-patient-portal,availability,1.3,False,application_error,2026-01-06T13:18:00+00:00
INC-202600067,INC-202600067,2026-01-06T14:00:00+00:00,2026-01-06T15:24:00+00:00,P4,resolved,Service Desk,Order Management,svc-order-mgmt,availability,1.4,False,application_error,2026-01-06T15:24:00+00:00
INC-202600068,INC-202600068,2026-01-06T16:00:00+00:00,2026-01-06T21:00:00+00:00,P1,resolved,Service Desk,Identity Gateway,svc-identity-gateway,authentication,5.0,False,certificate_expiry,2026-01-06T21:00:00+00:00
INC-202600069,INC-202600069,2026-01-06T18:00:00+00:00,2026-01-06T20:36:00+00:00,P2,resolved,Digital Operations,Patient Operations Portal,svc-patient-portal,availability,2.6,False,application_error,2026-01-06T20:36:00+00:00
INC-202600070,INC-202600070,2026-01-06T20:00:00+00:00,2026-01-06T21:00:00+00:00,P3,resolved,Service Desk,Order Management,svc-order-mgmt,availability,1.0,False,application_error,2026-01-06T21:00:00+00:00
INC-202600071,INC-202600071,2026-01-06T22:00:00+00:00,2026-01-06T23:06:00+00:00,P4,resolved,Service Desk,Identity Gateway,svc-identity-gateway,authentication,1.1,False,application_error,2026-01-06T23:06:00+00:00
INC-202600072,INC-202600072,2026-01-07T00:00:00+00:00,2026-01-07T04:42:00+00:00,P1,resolved,Digital Operations,Patient Operations Portal,svc-patient-portal,availability,4.7,False,application_error,2026-01-07T04:42:00+00:00
INC-202600073,INC-202600073,2026-01-07T02:00:00+00:00,2026-01-07T04:18:00+00:00,P2,resolved,Service Desk,Order Management,svc-order-mgmt,availability,2.3,False,application_error,2026-01-07T04:18:00+00:00
INC-202600074,INC-202600074,2026-01-07T04:00:00+00:00,2026-01-07T05:24:00+00:00,P3,resolved,Service Desk,Identity Gateway,svc-identity-gateway,authentication,1.4,False,application_error,2026-01-07T05:24:00+00:00
INC-202600075,INC-202600075,2026-01-07T06:00:00+00:00,2026-01-07T07:30:00+00:00,P4,resolved,Digital Operations,Patient Operations Portal,svc-patient-portal,availability,1.5,False,application_error,2026-01-07T07:30:00+00:00
INC-202600076,INC-202600076,2026-01-07T08:00:00+00:00,2026-01-07T13:06:00+00:00,P1,resolved,Service Desk,Order Management,svc-order-mgmt,availability,5.1,False,application_error,2026-01-07T13:06:00+00:00
INC-202600077,INC-202600077,2026-01-07T10:00:00+00:00,2026-01-07T12:00:00+00:00,P2,resolved,Service Desk,Identity Gateway,svc-identity-gateway,authentication,2.0,False,application_error,2026-01-07T12:00:00+00:00
INC-202600078,INC-202600078,2026-01-07T12:00:00+00:00,2026-01-07T13:06:00+00:00,P3,resolved,Digital Operations,Patient Operations Portal,svc-patient-portal,availability,1.1,False,application_error,2026-01-07T13:06:00+00:00
INC-202600079,INC-202600079,2026-01-07T14:00:00+00:00,2026-01-07T15:12:00+00:00,P4,resolved,Service Desk,Order Management,svc-order-mgmt,availability,1.2,False,application_error,2026-01-07T15:12:00+00:00
INC-202600080,INC-202600080,2026-01-07T16:00:00+00:00,2026-01-07T20:48:00+00:00,P1,resolved,Service Desk,Identity Gateway,svc-identity-gateway,authentication,4.8,True,application_error,2026-01-07T20:48:00+00:00
INC-202600081,INC-202600081,2026-01-07T18:00:00+00:00,2026-01-07T20:24:00+00:00,P2,resolved,Digital Operations,Patient Operations Portal,svc-patient-portal,availability,2.4,False,application_error,2026-01-07T20:24:00+00:00
INC-202600082,INC-202600082,2026-01-07T20:00:00+00:00,2026-01-07T21:30:00+00:00,P3,resolved,Service Desk,Order Management,svc-order-mgmt,availability,1.5,False,application_error,2026-01-07T21:30:00+00:00
INC-202600083,INC-202600083,2026-01-07T22:00:00+00:00,2026-01-07T23:36:00+00:00,P4,resolved,Service Desk,Identity Gateway,svc-identity-gateway,authentication,1.6,False,application_error,2026-01-07T23:36:00+00:00
INC-202600084,INC-202600084,2026-01-08T00:00:00+00:00,2026-01-08T04:30:00+00:00,P1,resolved,Digital Operations,Patient Operations Portal,svc-patient-portal,availability,4.5,False,application_error,2026-01-08T04:30:00+00:00
INC-202600085,INC-202600085,2026-01-08T02:00:00+00:00,2026-01-08T04:06:00+00:00,P2,resolved,Service Desk,Order Management,svc-order-mgmt,availability,2.1,False,certificate_expiry,2026-01-08T04:06:00+00:00
INC-202600086,INC-202600086,2026-01-08T04:00:00+00:00,2026-01-08T05:12:00+00:00,P3,resolved,Service Desk,Identity Gateway,svc-identity-gateway,authentication,1.2,False,application_error,2026-01-08T05:12:00+00:00
INC-202600087,INC-202600087,2026-01-08T06:00:00+00:00,2026-01-08T07:18:00+00:00,P4,resolved,Digital Operations,Patient Operations Portal,svc-patient-portal,availability,1.3,False,application_error,2026-01-08T07:18:00+00:00
INC-202600088,INC-202600088,2026-01-08T08:00:00+00:00,2026-01-08T12:54:00+00:00,P1,resolved,Service Desk,Order Management,svc-order-mgmt,availability,4.9,False,application_error,2026-01-08T12:54:00+00:00
INC-202600089,INC-202600089,2026-01-08T10:00:00+00:00,2026-01-08T12:30:00+00:00,P2,resolved,Service Desk,Identity Gateway,svc-identity-gateway,authentication,2.5,False,application_error,2026-01-08T12:30:00+00:00
INC-202600090,INC-202600090,2026-01-08T12:00:00+00:00,2026-01-08T13:36:00+00:00,P3,resolved,Digital Operations,Patient Operations Portal,svc-patient-portal,availability,1.6,False,application_error,2026-01-08T13:36:00+00:00
INC-202600091,INC-202600091,2026-01-08T14:00:00+00:00,2026-01-08T15:00:00+00:00,P4,resolved,Service Desk,Order Management,svc-order-mgmt,availability,1.0,False,application_error,2026-01-08T15:00:00+00:00
INC-202600092,INC-202600092,2026-01-08T16:00:00+00:00,2026-01-08T20:36:00+00:00,P1,resolved,Service Desk,Identity Gateway,svc-identity-gateway,authentication,4.6,False,application_error,2026-01-08T20:36:00+00:00
INC-202600093,INC-202600093,2026-01-08T18:00:00+00:00,2026-01-08T20:12:00+00:00,P2,resolved,Digital Operations,Patient Operations Portal,svc-patient-portal,availability,2.2,False,application_error,2026-01-08T20:12:00+00:00
INC-202600094,INC-202600094,2026-01-08T20:00:00+00:00,2026-01-08T21:18:00+00:00,P3,resolved,Service Desk,Order Management,svc-order-mgmt,availability,1.3,False,application_error,2026-01-08T21:18:00+00:00
INC-202600095,INC-202600095,2026-01-08T22:00:00+00:00,2026-01-08T23:24:00+00:00,P4,resolved,Service Desk,Identity Gateway,svc-identity-gateway,authentication,1.4,False,application_error,2026-01-08T23:24:00+00:00
INC-202600096,INC-202600096,2026-01-09T00:00:00+00:00,2026-01-09T05:00:00+00:00,P1,resolved,Digital Operations,Patient Operations Portal,svc-patient-portal,availability,5.0,False,application_error,2026-01-09T05:00:00+00:00
INC-202600097,INC-202600097,2026-01-09T02:00:00+00:00,2026-01-09T04:36:00+00:00,P2,resolved,Service Desk,Order Management,svc-order-mgmt,availability,2.6,False,application_error,2026-01-09T04:36:00+00:00
INC-202600098,INC-202600098,2026-01-09T04:00:00+00:00,2026-01-09T05:00:00+00:00,P3,resolved,Service Desk,Identity Gateway,svc-identity-gateway,authentication,1.0,False,application_error,2026-01-09T05:00:00+00:00
INC-202600099,INC-202600099,2026-01-09T06:00:00+00:00,2026-01-09T07:06:00+00:00,P4,resolved,Digital Operations,Patient Operations Portal,svc-patient-portal,availability,1.1,False,application_error,2026-01-09T07:06:00+00:00
INC-202600100,INC-202600100,2026-01-09T08:00:00+00:00,2026-01-09T12:42:00+00:00,P1,resolved,Service Desk,Order Management,svc-order-mgmt,availability,4.7,True,application_error,2026-01-09T12:42:00+00:00
INC-202600101,INC-202600101,2026-01-09T10:00:00+00:00,2026-01-09T12:18:00+00:00,P2,resolved,Service Desk,Identity Gateway,svc-identity-gateway,authentication,2.3,False,application_error,2026-01-09T12:18:00+00:00
INC-202600102,INC-202600102,2026-01-09T12:00:00+00:00,2026-01-09T13:24:00+00:00,P3,resolved,Digital Operations,Patient Operations Portal,svc-patient-portal,availability,1.4,False,certificate_expiry,2026-01-09T13:24:00+00:00
INC-202600103,INC-202600103,2026-01-09T14:00:00+00:00,2026-01-09T15:30:00+00:00,P4,resolved,Service Desk,Order Management,svc-order-mgmt,availability,1.5,False,application_error,2026-01-09T15:30:00+00:00
INC-202600104,INC-202600104,2026-01-09T16:00:00+00:00,2026-01-09T21:06:00+00:00,P1,resolved,Service Desk,Identity Gateway,svc-identity-gateway,authentication,5.1,False,application_error,2026-01-09T21:06:00+00:00
INC-202600105,INC-202600105,2026-01-09T18:00:00+00:00,2026-01-09T20:00:00+00:00,P2,resolved,Digital Operations,Patient Operations Portal,svc-patient-portal,availability,2.0,False,application_error,2026-01-09T20:00:00+00:00
INC-202600106,INC-202600106,2026-01-09T20:00:00+00:00,2026-01-09T21:06:00+00:00,P3,resolved,Service Desk,Order Management,svc-order-mgmt,availability,1.1,False,application_error,2026-01-09T21:06:00+00:00
INC-202600107,INC-202600107,2026-01-09T22:00:00+00:00,2026-01-09T23:12:00+00:00,P4,resolved,Service Desk,Identity Gateway,svc-identity-gateway,authentication,1.2,False,application_error,2026-01-09T23:12:00+00:00
INC-202600108,INC-202600108,2026-01-10T00:00:00+00:00,2026-01-10T04:48:00+00:00,P1,resolved,Digital Operations,Patient Operations Portal,svc-patient-portal,availability,4.8,False,application_error,2026-01-10T04:48:00+00:00
INC-202600109,INC-202600109,2026-01-10T02:00:00+00:00,2026-01-10T04:24:00+00:00,P2,resolved,Service Desk,Order Management,svc-order-mgmt,availability,2.4,False,application_error,2026-01-10T04:24:00+00:00
INC-202600110,INC-202600110,2026-01-10T04:00:00+00:00,2026-01-10T05:30:00+00:00,P3,resolved,Service Desk,Identity Gateway,svc-identity-gateway,authentication,1.5,False,application_error,2026-01-10T05:30:00+00:00
INC-202600111,INC-202600111,2026-01-10T06:00:00+00:00,2026-01-10T07:36:00+00:00,P4,resolved,Digital Operations,Patient Operations Portal,svc-patient-portal,availability,1.6,False,application_error,2026-01-10T07:36:00+00:00
INC-202600112,INC-202600112,2026-01-10T08:00:00+00:00,2026-01-10T12:30:00+00:00,P1,resolved,Service Desk,Order Management,svc-order-mgmt,availability,4.5,False,application_error,2026-01-10T12:30:00+00:00
INC-202600113,INC-202600113,2026-01-10T10:00:00+00:00,2026-01-10T12:06:00+00:00,P2,resolved,Service Desk,Identity Gateway,svc-identity-gateway,authentication,2.1,False,application_error,2026-01-10T12:06:00+00:00
INC-202600114,INC-202600114,2026-01-10T12:00:00+00:00,2026-01-10T13:12:00+00:00,P3,resolved,Digital Operations,Patient Operations Portal,svc-patient-portal,availability,1.2,False,application_error,2026-01-10T13:12:00+00:00
INC-202600115,INC-202600115,2026-01-10T14:00:00+00:00,2026-01-10T15:18:00+00:00,P4,resolved,Service Desk,Order Management,svc-order-mgmt,availability,1.3,False,application_error,2026-01-10T15:18:00+00:00
INC-202600116,INC-202600116,2026-01-10T16:00:00+00:00,2026-01-10T20:54:00+00:00,P1,resolved,Service Desk,Identity Gateway,svc-identity-gateway,authentication,4.9,False,application_error,2026-01-10T20:54:00+00:00
INC-202600117,INC-202600117,2026-01-10T18:00:00+00:00,2026-01-10T20:30:00+00:00,P2,resolved,Digital Operations,Patient Operations Portal,svc-patient-portal,availability,2.5,False,application_error,2026-01-10T20:30:00+00:00
INC-202600118,INC-202600118,2026-01-10T20:00:00+00:00,2026-01-10T21:36:00+00:00,P3,resolved,Service Desk,Order Management,svc-order-mgmt,availability,1.6,False,application_error,2026-01-10T21:36:00+00:00
INC-202600119,INC-202600119,2026-01-10T22:00:00+00:00,2026-01-10T23:00:00+00:00,P4,resolved,Service Desk,Identity Gateway,svc-identity-gateway,authentication,1.0,False,certificate_expiry,2026-01-10T23:00:00+00:00
INC-202600120,INC-202600120,2026-01-11T00:00:00+00:00,2026-01-11T04:36:00+00:00,P1,resolved,Digital Operations,Patient Operations Portal,svc-patient-portal,availability,4.6,True,application_error,2026-01-11T04:36:00+00:00
INC-202600121,INC-202600121,2026-01-11T02:00:00+00:00,2026-01-11T04:12:00+00:00,P2,resolved,Service Desk,Order Management,svc-order-mgmt,availability,2.2,False,application_error,2026-01-11T04:12:00+00:00
INC-202600122,INC-202600122,2026-01-11T04:00:00+00:00,2026-01-11T05:18:00+00:00,P3,resolved,Service Desk,Identity Gateway,svc-identity-gateway,authentication,1.3,False,application_error,2026-01-11T05:18:00+00:00
INC-202600123,INC-202600123,2026-01-11T06:00:00+00:00,2026-01-11T07:24:00+00:00,P4,resolved,Digital Operations,Patient Operations Portal,svc-patient-portal,availability,1.4,False,application_error,2026-01-11T07:24:00+00:00
INC-202600124,INC-202600124,2026-01-11T08:00:00+00:00,2026-01-11T13:00:00+00:00,P1,resolved,Service Desk,Order Management,svc-order-mgmt,availability,5.0,False,application_error,2026-01-11T13:00:00+00:00
INC-202600125,INC-202600125,2026-01-11T10:00:00+00:00,2026-01-11T12:36:00+00:00,P2,resolved,Service Desk,Identity Gateway,svc-identity-gateway,authentication,2.6,False,application_error,2026-01-11T12:36:00+00:00
INC-202600126,INC-202600126,2026-01-11T12:00:00+00:00,2026-01-11T13:00:00+00:00,P3,resolved,Digital Operations,Patient Operations Portal,svc-patient-portal,availability,1.0,False,application_error,2026-01-11T13:00:00+00:00
INC-202600127,INC-202600127,2026-01-11T14:00:00+00:00,2026-01-11T15:06:00+00:00,P4,resolved,Service Desk,Order Management,svc-order-mgmt,availability,1.1,False,application_error,2026-01-11T15:06:00+00:00
INC-202600128,INC-202600128,2026-01-11T16:00:00+00:00,2026-01-11T20:42:00+00:00,P1,resolved,Service Desk,Identity Gateway,svc-identity-gateway,authentication,4.7,False,application_error,2026-01-11T20:42:00+00:00
INC-202600129,INC-202600129,2026-01-11T18:00:00+00:00,2026-01-11T20:18:00+00:00,P2,resolved,Digital Operations,Patient Operations Portal,svc-patient-portal,availability,2.3,False,application_error,2026-01-11T20:18:00+00:00
INC-202600130,INC-202600130,2026-01-11T20:00:00+00:00,2026-01-11T21:24:00+00:00,P3,resolved,Service Desk,Order Management,svc-order-mgmt,availability,1.4,False,application_error,2026-01-11T21:24:00+00:00
INC-202600131,INC-202600131,2026-01-11T22:00:00+00:00,2026-01-11T23:30:00+00:00,P4,resolved,Service Desk,Identity Gateway,svc-identity-gateway,authentication,1.5,False,application_error,2026-01-11T23:30:00+00:00
INC-202600132,INC-202600132,2026-01-12T00:00:00+00:00,2026-01-12T05:06:00+00:00,P1,resolved,Digital Operations,Patient Operations Portal,svc-patient-portal,availability,5.1,False,application_error,2026-01-12T05:06:00+00:00
INC-202600133,INC-202600133,2026-01-12T02:00:00+00:00,2026-01-12T04:00:00+00:00,P2,resolved,Service Desk,Order Management,svc-order-mgmt,availability,2.0,False,application_error,2026-01-12T04:00:00+00:00
INC-202600134,INC-202600134,2026-01-12T04:00:00+00:00,2026-01-12T05:06:00+00:00,P3,resolved,Service Desk,Identity Gateway,svc-identity-gateway,authentication,1.1,False,application_error,2026-01-12T05:06:00+00:00
INC-202600135,INC-202600135,2026-01-12T06:00:00+00:00,2026-01-12T07:12:00+00:00,P4,resolved,Digital Operations,Patient Operations Portal,svc-patient-portal,availability,1.2,False,application_error,2026-01-12T07:12:00+00:00
INC-202600136,INC-202600136,2026-01-12T08:00:00+00:00,2026-01-12T12:48:00+00:00,P1,resolved,Service Desk,Order Management,svc-order-mgmt,availability,4.8,False,certificate_expiry,2026-01-12T12:48:00+00:00
INC-202600137,INC-202600137,2026-01-12T10:00:00+00:00,2026-01-12T12:24:00+00:00,P2,resolved,Service Desk,Identity Gateway,svc-identity-gateway,authentication,2.4,False,application_error,2026-01-12T12:24:00+00:00
INC-202600138,INC-202600138,2026-01-12T12:00:00+00:00,2026-01-12T13:30:00+00:00,P3,resolved,Digital Operations,Patient Operations Portal,svc-patient-portal,availability,1.5,False,application_error,2026-01-12T13:30:00+00:00
INC-202600139,INC-202600139,2026-01-12T14:00:00+00:00,2026-01-12T15:36:00+00:00,P4,resolved,Service Desk,Order Management,svc-order-mgmt,availability,1.6,False,application_error,2026-01-12T15:36:00+00:00
INC-202600140,INC-202600140,2026-01-12T16:00:00+00:00,2026-01-12T20:30:00+00:00,P1,resolved,Service Desk,Identity Gateway,svc-identity-gateway,authentication,4.5,True,application_error,2026-01-12T20:30:00+00:00
INC-202600141,INC-202600141,2026-01-12T18:00:00+00:00,2026-01-12T20:06:00+00:00,P2,resolved,Digital Operations,Patient Operations Portal,svc-patient-portal,availability,2.1,False,application_error,2026-01-12T20:06:00+00:00
INC-202600142,INC-202600142,2026-01-12T20:00:00+00:00,2026-01-12T21:12:00+00:00,P3,resolved,Service Desk,Order Management,svc-order-mgmt,availability,1.2,False,application_error,2026-01-12T21:12:00+00:00
INC-202600143,INC-202600143,2026-01-12T22:00:00+00:00,2026-01-12T23:18:00+00:00,P4,resolved,Service Desk,Identity Gateway,svc-identity-gateway,authentication,1.3,False,application_error,2026-01-12T23:18:00+00:00
INC-202600144,INC-202600144,2026-01-13T00:00:00+00:00,2026-01-13T04:54:00+00:00,P1,resolved,Digital Operations,Patient Operations Portal,svc-patient-portal,availability,4.9,False,application_error,2026-01-13T04:54:00+00:00
INC-202600145,INC-202600145,2026-01-13T02:00:00+00:00,2026-01-13T04:30:00+00:00,P2,resolved,Service Desk,Order Management,svc-order-mgmt,availability,2.5,False,application_error,2026-01-13T04:30:00+00:00
INC-202600146,INC-202600146,2026-01-13T04:00:00+00:00,2026-01-13T05:36:00+00:00,P3,resolved,Service Desk,Identity Gateway,svc-identity-gateway,authentication,1.6,False,application_error,2026-01-13T05:36:00+00:00
INC-202600147,INC-202600147,2026-01-13T06:00:00+00:00,2026-01-13T07:00:00+00:00,P4,resolved,Digital Operations,Patient Operations Portal,svc-patient-portal,availability,1.0,False,application_error,2026-01-13T07:00:00+00:00
INC-202600148,INC-202600148,2026-01-13T08:00:00+00:00,2026-01-13T12:36:00+00:00,P1,resolved,Service Desk,Order Management,svc-order-mgmt,availability,4.6,False,application_error,2026-01-13T12:36:00+00:00
INC-202600149,INC-202600149,2026-01-13T10:00:00+00:00,2026-01-13T12:12:00+00:00,P2,resolved,Service Desk,Identity Gateway,svc-identity-gateway,authentication,2.2,False,application_error,2026-01-13T12:12:00+00:00
INC-202600150,INC-202600150,2026-01-13T12:00:00+00:00,2026-01-13T13:18:00+00:00,P3,resolved,Digital Operations,Patient Operations Portal,svc-patient-portal,availability,1.3,False,application_error,2026-01-13T13:18:00+00:00
INC-202600151,INC-202600151,2026-01-13T14:00:00+00:00,2026-01-13T15:24:00+00:00,P4,resolved,Service Desk,Order Management,svc-order-mgmt,availability,1.4,False,application_error,2026-01-13T15:24:00+00:00
INC-202600152,INC-202600152,2026-01-13T16:00:00+00:00,2026-01-13T21:00:00+00:00,P1,resolved,Service Desk,Identity Gateway,svc-identity-gateway,authentication,5.0,False,application_error,2026-01-13T21:00:00+00:00
INC-202600153,INC-202600153,2026-01-13T18:00:00+00:00,2026-01-13T20:36:00+00:00,P2,resolved,Digital Operations,Patient Operations Portal,svc-patient-portal,availability,2.6,False,certificate_expiry,2026-01-13T20:36:00+00:00
INC-202600154,INC-202600154,2026-01-13T20:00:00+00:00,2026-01-13T21:00:00+00:00,P3,resolved,Service Desk,Order Management,svc-order-mgmt,availability,1.0,False,application_error,2026-01-13T21:00:00+00:00
INC-202600155,INC-202600155,2026-01-13T22:00:00+00:00,2026-01-13T23:06:00+00:00,P4,resolved,Service Desk,Identity Gateway,svc-identity-gateway,authentication,1.1,False,application_error,2026-01-13T23:06:00+00:00
INC-202600156,INC-202600156,2026-01-14T00:00:00+00:00,2026-01-14T04:42:00+00:00,P1,resolved,Digital Operations,Patient Operations Portal,svc-patient-portal,availability,4.7,False,application_error,2026-01-14T04:42:00+00:00
INC-202600157,INC-202600157,2026-01-14T02:00:00+00:00,2026-01-14T04:18:00+00:00,P2,resolved,Service Desk,Order Management,svc-order-mgmt,availability,2.3,False,application_error,2026-01-14T04:18:00+00:00
INC-202600158,INC-202600158,2026-01-14T04:00:00+00:00,2026-01-14T05:24:00+00:00,P3,resolved,Service Desk,Identity Gateway,svc-identity-gateway,authentication,1.4,False,application_error,2026-01-14T05:24:00+00:00
INC-202600159,INC-202600159,2026-01-14T06:00:00+00:00,2026-01-14T07:30:00+00:00,P4,resolved,Digital Operations,Patient Operations Portal,svc-patient-portal,availability,1.5,False,application_error,2026-01-14T07:30:00+00:00
INC-202600160,INC-202600160,2026-01-14T08:00:00+00:00,2026-01-14T13:06:00+00:00,P1,resolved,Service Desk,Order Management,svc-order-mgmt,availability,5.1,True,application_error,2026-01-14T13:06:00+00:00
INC-202600161,INC-202600161,2026-01-14T10:00:00+00:00,2026-01-14T12:00:00+00:00,P2,resolved,Service Desk,Identity Gateway,svc-identity-gateway,authentication,2.0,False,application_error,2026-01-14T12:00:00+00:00
INC-202600162,INC-202600162,2026-01-14T12:00:00+00:00,2026-01-14T13:06:00+00:00,P3,resolved,Digital Operations,Patient Operations Portal,svc-patient-portal,availability,1.1,False,application_error,2026-01-14T13:06:00+00:00
INC-202600163,INC-202600163,2026-01-14T14:00:00+00:00,2026-01-14T15:12:00+00:00,P4,resolved,Service Desk,Order Management,svc-order-mgmt,availability,1.2,False,application_error,2026-01-14T15:12:00+00:00
INC-202600164,INC-202600164,2026-01-14T16:00:00+00:00,2026-01-14T20:48:00+00:00,P1,resolved,Service Desk,Identity Gateway,svc-identity-gateway,authentication,4.8,False,application_error,2026-01-14T20:48:00+00:00
INC-202600165,INC-202600165,2026-01-14T18:00:00+00:00,2026-01-14T20:24:00+00:00,P2,resolved,Digital Operations,Patient Operations Portal,svc-patient-portal,availability,2.4,False,application_error,2026-01-14T20:24:00+00:00
INC-202600166,INC-202600166,2026-01-14T20:00:00+00:00,2026-01-14T21:30:00+00:00,P3,resolved,Service Desk,Order Management,svc-order-mgmt,availability,1.5,False,application_error,2026-01-14T21:30:00+00:00
INC-202600167,INC-202600167,2026-01-14T22:00:00+00:00,2026-01-14T23:36:00+00:00,P4,resolved,Service Desk,Identity Gateway,svc-identity-gateway,authentication,1.6,False,application_error,2026-01-14T23:36:00+00:00
INC-202600168,INC-202600168,2026-01-15T00:00:00+00:00,2026-01-15T04:30:00+00:00,P1,resolved,Digital Operations,Patient Operations Portal,svc-patient-portal,availability,4.5,False,application_error,2026-01-15T04:30:00+00:00
INC-202600169,INC-202600169,2026-01-15T02:00:00+00:00,2026-01-15T04:06:00+00:00,P2,resolved,Service Desk,Order Management,svc-order-mgmt,availability,2.1,False,application_error,2026-01-15T04:06:00+00:00
INC-202600170,INC-202600170,2026-01-15T04:00:00+00:00,2026-01-15T05:12:00+00:00,P3,resolved,Service Desk,Identity Gateway,svc-identity-gateway,authentication,1.2,False,certificate_expiry,2026-01-15T05:12:00+00:00
INC-202600171,INC-202600171,2026-01-15T06:00:00+00:00,2026-01-15T07:18:00+00:00,P4,resolved,Digital Operations,Patient Operations Portal,svc-patient-portal,availability,1.3,False,application_error,2026-01-15T07:18:00+00:00
INC-202600172,INC-202600172,2026-01-15T08:00:00+00:00,2026-01-15T12:54:00+00:00,P1,resolved,Service Desk,Order Management,svc-order-mgmt,availability,4.9,False,application_error,2026-01-15T12:54:00+00:00
INC-202600173,INC-202600173,2026-01-15T10:00:00+00:00,2026-01-15T12:30:00+00:00,P2,resolved,Service Desk,Identity Gateway,svc-identity-gateway,authentication,2.5,False,application_error,2026-01-15T12:30:00+00:00
INC-202600174,INC-202600174,2026-01-15T12:00:00+00:00,2026-01-15T13:36:00+00:00,P3,resolved,Digital Operations,Patient Operations Portal,svc-patient-portal,availability,1.6,False,application_error,2026-01-15T13:36:00+00:00
INC-202600175,INC-202600175,2026-01-15T14:00:00+00:00,2026-01-15T15:00:00+00:00,P4,resolved,Service Desk,Order Management,svc-order-mgmt,availability,1.0,False,application_error,2026-01-15T15:00:00+00:00
INC-202600176,INC-202600176,2026-01-15T16:00:00+00:00,2026-01-15T20:36:00+00:00,P1,resolved,Service Desk,Identity Gateway,svc-identity-gateway,authentication,4.6,False,application_error,2026-01-15T20:36:00+00:00
INC-202600177,INC-202600177,2026-01-15T18:00:00+00:00,2026-01-15T20:12:00+00:00,P2,resolved,Digital Operations,Patient Operations Portal,svc-patient-portal,availability,2.2,False,application_error,2026-01-15T20:12:00+00:00
INC-202600178,INC-202600178,2026-01-15T20:00:00+00:00,2026-01-15T21:18:00+00:00,P3,resolved,Service Desk,Order Management,svc-order-mgmt,availability,1.3,False,application_error,2026-01-15T21:18:00+00:00
INC-202600179,INC-202600179,2026-01-15T22:00:00+00:00,2026-01-15T23:24:00+00:00,P4,resolved,Service Desk,Identity Gateway,svc-identity-gateway,authentication,1.4,False,application_error,2026-01-15T23:24:00+00:00
INC-202600180,INC-202600180,2026-01-16T00:00:00+00:00,2026-01-16T05:00:00+00:00,P1,resolved,Digital Operations,Patient Operations Portal,svc-patient-portal,availability,5.0,True,application_error,2026-01-16T05:00:00+00:00
INC-202600181,INC-202600181,2026-01-16T02:00:00+00:00,2026-01-16T04:36:00+00:00,P2,resolved,Service Desk,Order Management,svc-order-mgmt,availability,2.6,False,application_error,2026-01-16T04:36:00+00:00
INC-202600182,INC-202600182,2026-01-16T04:00:00+00:00,2026-01-16T05:00:00+00:00,P3,resolved,Service Desk,Identity Gateway,svc-identity-gateway,authentication,1.0,False,application_error,2026-01-16T05:00:00+00:00
INC-202600183,INC-202600183,2026-01-16T06:00:00+00:00,2026-01-16T07:06:00+00:00,P4,resolved,Digital Operations,Patient Operations Portal,svc-patient-portal,availability,1.1,False,application_error,2026-01-16T07:06:00+00:00
INC-202600184,INC-202600184,2026-01-16T08:00:00+00:00,2026-01-16T12:42:00+00:00,P1,resolved,Service Desk,Order Management,svc-order-mgmt,availability,4.7,False,application_error,2026-01-16T12:42:00+00:00
INC-202600185,INC-202600185,2026-01-16T10:00:00+00:00,2026-01-16T12:18:00+00:00,P2,resolved,Service Desk,Identity Gateway,svc-identity-gateway,authentication,2.3,False,application_error,2026-01-16T12:18:00+00:00
INC-202600186,INC-202600186,2026-01-16T12:00:00+00:00,2026-01-16T13:24:00+00:00,P3,resolved,Digital Operations,Patient Operations Portal,svc-patient-portal,availability,1.4,False,application_error,2026-01-16T13:24:00+00:00
INC-202600187,INC-202600187,2026-01-16T14:00:00+00:00,2026-01-16T15:30:00+00:00,P4,resolved,Service Desk,Order Management,svc-order-mgmt,availability,1.5,False,certificate_expiry,2026-01-16T15:30:00+00:00
INC-202600188,INC-202600188,2026-01-16T16:00:00+00:00,2026-01-16T21:06:00+00:00,P1,resolved,Service Desk,Identity Gateway,svc-identity-gateway,authentication,5.1,False,application_error,2026-01-16T21:06:00+00:00
INC-202600189,INC-202600189,2026-01-16T18:00:00+00:00,2026-01-16T20:00:00+00:00,P2,resolved,Digital Operations,Patient Operations Portal,svc-patient-portal,availability,2.0,False,application_error,2026-01-16T20:00:00+00:00
INC-202600190,INC-202600190,2026-01-16T20:00:00+00:00,2026-01-16T21:06:00+00:00,P3,resolved,Service Desk,Order Management,svc-order-mgmt,availability,1.1,False,application_error,2026-01-16T21:06:00+00:00
INC-202600191,INC-202600191,2026-01-16T22:00:00+00:00,2026-01-16T23:12:00+00:00,P4,resolved,Service Desk,Identity Gateway,svc-identity-gateway,authentication,1.2,False,application_error,2026-01-16T23:12:00+00:00
INC-202600192,INC-202600192,2026-01-17T00:00:00+00:00,2026-01-17T04:48:00+00:00,P1,resolved,Digital Operations,Patient Operations Portal,svc-patient-portal,availability,4.8,False,application_error,2026-01-17T04:48:00+00:00
INC-202600193,INC-202600193,2026-01-17T02:00:00+00:00,2026-01-17T04:24:00+00:00,P2,resolved,Service Desk,Order Management,svc-order-mgmt,availability,2.4,False,application_error,2026-01-17T04:24:00+00:00
INC-202600194,INC-202600194,2026-01-17T04:00:00+00:00,2026-01-17T05:30:00+00:00,P3,resolved,Service Desk,Identity Gateway,svc-identity-gateway,authentication,1.5,False,application_error,2026-01-17T05:30:00+00:00
INC-202600195,INC-202600195,2026-01-17T06:00:00+00:00,2026-01-17T07:36:00+00:00,P4,resolved,Digital Operations,Patient Operations Portal,svc-patient-portal,availability,1.6,False,application_error,2026-01-17T07:36:00+00:00
INC-202600196,INC-202600196,2026-01-17T08:00:00+00:00,2026-01-17T12:30:00+00:00,P1,resolved,Service Desk,Order Management,svc-order-mgmt,availability,4.5,False,application_error,2026-01-17T12:30:00+00:00
INC-202600197,INC-202600197,2026-01-17T10:00:00+00:00,2026-01-17T12:06:00+00:00,P2,resolved,Service Desk,Identity Gateway,svc-identity-gateway,authentication,2.1,False,application_error,2026-01-17T12:06:00+00:00
INC-202600198,INC-202600198,2026-01-17T12:00:00+00:00,2026-01-17T13:12:00+00:00,P3,resolved,Digital Operations,Patient Operations Portal,svc-patient-portal,availability,1.2,False,application_error,2026-01-17T13:12:00+00:00
INC-202600199,INC-202600199,2026-01-17T14:00:00+00:00,2026-01-17T15:18:00+00:00,P4,resolved,Service Desk,Order Management,svc-order-mgmt,availability,1.3,False,application_error,2026-01-17T15:18:00+00:00
INC-202600200,INC-202600200,2026-01-17T16:00:00+00:00,2026-01-17T20:54:00+00:00,P1,resolved,Service Desk,Identity Gateway,svc-identity-gateway,authentication,4.9,True,application_error,2026-01-17T20:54:00+00:00
INC-202600201,INC-202600201,2026-01-17T18:00:00+00:00,2026-01-17T20:30:00+00:00,P2,resolved,Digital Operations,Patient Operations Portal,svc-patient-portal,availability,2.5,False,application_error,2026-01-17T20:30:00+00:00
INC-202600202,INC-202600202,2026-01-17T20:00:00+00:00,2026-01-17T21:36:00+00:00,P3,resolved,Service Desk,Order Management,svc-order-mgmt,availability,1.6,False,application_error,2026-01-17T21:36:00+00:00
INC-202600203,INC-202600203,2026-01-17T22:00:00+00:00,2026-01-17T23:00:00+00:00,P4,resolved,Service Desk,Identity Gateway,svc-identity-gateway,authentication,1.0,False,application_error,2026-01-17T23:00:00+00:00
INC-202600204,INC-202600204,2026-01-18T00:00:00+00:00,2026-01-18T04:36:00+00:00,P1,resolved,Digital Operations,Patient Operations Portal,svc-patient-portal,availability,4.6,False,certificate_expiry,2026-01-18T04:36:00+00:00
INC-202600205,INC-202600205,2026-01-18T02:00:00+00:00,2026-01-18T04:12:00+00:00,P2,resolved,Service Desk,Order Management,svc-order-mgmt,availability,2.2,False,application_error,2026-01-18T04:12:00+00:00
INC-202600206,INC-202600206,2026-01-18T04:00:00+00:00,2026-01-18T05:18:00+00:00,P3,resolved,Service Desk,Identity Gateway,svc-identity-gateway,authentication,1.3,False,application_error,2026-01-18T05:18:00+00:00
INC-202600207,INC-202600207,2026-01-18T06:00:00+00:00,2026-01-18T07:24:00+00:00,P4,resolved,Digital Operations,Patient Operations Portal,svc-patient-portal,availability,1.4,False,application_error,2026-01-18T07:24:00+00:00
INC-202600208,INC-202600208,2026-01-18T08:00:00+00:00,2026-01-18T13:00:00+00:00,P1,resolved,Service Desk,Order Management,svc-order-mgmt,availability,5.0,False,application_error,2026-01-18T13:00:00+00:00
INC-202600209,INC-202600209,2026-01-18T10:00:00+00:00,2026-01-18T12:36:00+00:00,P2,resolved,Service Desk,Identity Gateway,svc-identity-gateway,authentication,2.6,False,application_error,2026-01-18T12:36:00+00:00
INC-202600210,INC-202600210,2026-01-18T12:00:00+00:00,2026-01-18T13:00:00+00:00,P3,resolved,Digital Operations,Patient Operations Portal,svc-patient-portal,availability,1.0,False,application_error,2026-01-18T13:00:00+00:00
INC-202600211,INC-202600211,2026-01-18T14:00:00+00:00,2026-01-18T15:06:00+00:00,P4,resolved,Service Desk,Order Management,svc-order-mgmt,availability,1.1,False,application_error,2026-01-18T15:06:00+00:00
INC-202600212,INC-202600212,2026-01-18T16:00:00+00:00,2026-01-18T20:42:00+00:00,P1,resolved,Service Desk,Identity Gateway,svc-identity-gateway,authentication,4.7,False,application_error,2026-01-18T20:42:00+00:00
INC-202600213,INC-202600213,2026-01-18T18:00:00+00:00,2026-01-18T20:18:00+00:00,P2,resolved,Digital Operations,Patient Operations Portal,svc-patient-portal,availability,2.3,False,application_error,2026-01-18T20:18:00+00:00
INC-202600214,INC-202600214,2026-01-18T20:00:00+00:00,2026-01-18T21:24:00+00:00,P3,resolved,Service Desk,Order Management,svc-order-mgmt,availability,1.4,False,application_error,2026-01-18T21:24:00+00:00
INC-202600215,INC-202600215,2026-01-18T22:00:00+00:00,2026-01-18T23:30:00+00:00,P4,resolved,Service Desk,Identity Gateway,svc-identity-gateway,authentication,1.5,False,application_error,2026-01-18T23:30:00+00:00
INC-202600216,INC-202600216,2026-01-19T00:00:00+00:00,2026-01-19T05:06:00+00:00,P1,resolved,Digital Operations,Patient Operations Portal,svc-patient-portal,availability,5.1,False,application_error,2026-01-19T05:06:00+00:00
INC-202600217,INC-202600217,2026-01-19T02:00:00+00:00,2026-01-19T04:00:00+00:00,P2,resolved,Service Desk,Order Management,svc-order-mgmt,availability,2.0,False,application_error,2026-01-19T04:00:00+00:00
INC-202600218,INC-202600218,2026-01-19T04:00:00+00:00,2026-01-19T05:06:00+00:00,P3,resolved,Service Desk,Identity Gateway,svc-identity-gateway,authentication,1.1,False,application_error,2026-01-19T05:06:00+00:00
INC-202600219,INC-202600219,2026-01-19T06:00:00+00:00,2026-01-19T07:12:00+00:00,P4,resolved,Digital Operations,Patient Operations Portal,svc-patient-portal,availability,1.2,False,application_error,2026-01-19T07:12:00+00:00
INC-202600220,INC-202600220,2026-01-19T08:00:00+00:00,2026-01-19T12:48:00+00:00,P1,resolved,Service Desk,Order Management,svc-order-mgmt,availability,4.8,True,application_error,2026-01-19T12:48:00+00:00
INC-202600221,INC-202600221,2026-01-19T10:00:00+00:00,2026-01-19T12:24:00+00:00,P2,resolved,Service Desk,Identity Gateway,svc-identity-gateway,authentication,2.4,False,certificate_expiry,2026-01-19T12:24:00+00:00
INC-202600222,INC-202600222,2026-01-19T12:00:00+00:00,2026-01-19T13:30:00+00:00,P3,resolved,Digital Operations,Patient Operations Portal,svc-patient-portal,availability,1.5,False,application_error,2026-01-19T13:30:00+00:00
INC-202600223,INC-202600223,2026-01-19T14:00:00+00:00,2026-01-19T15:36:00+00:00,P4,resolved,Service Desk,Order Management,svc-order-mgmt,availability,1.6,False,application_error,2026-01-19T15:36:00+00:00
INC-202600224,INC-202600224,2026-01-19T16:00:00+00:00,2026-01-19T20:30:00+00:00,P1,resolved,Service Desk,Identity Gateway,svc-identity-gateway,authentication,4.5,False,application_error,2026-01-19T20:30:00+00:00
INC-202600225,INC-202600225,2026-01-19T18:00:00+00:00,2026-01-19T20:06:00+00:00,P2,resolved,Digital Operations,Patient Operations Portal,svc-patient-portal,availability,2.1,False,application_error,2026-01-19T20:06:00+00:00
INC-202600226,INC-202600226,2026-01-19T20:00:00+00:00,2026-01-19T21:12:00+00:00,P3,resolved,Service Desk,Order Management,svc-order-mgmt,availability,1.2,False,application_error,2026-01-19T21:12:00+00:00
INC-202600227,INC-202600227,2026-01-19T22:00:00+00:00,2026-01-19T23:18:00+00:00,P4,resolved,Service Desk,Identity Gateway,svc-identity-gateway,authentication,1.3,False,application_error,2026-01-19T23:18:00+00:00
INC-202600228,INC-202600228,2026-01-20T00:00:00+00:00,2026-01-20T04:54:00+00:00,P1,resolved,Digital Operations,Patient Operations Portal,svc-patient-portal,availability,4.9,False,application_error,2026-01-20T04:54:00+00:00
INC-202600229,INC-202600229,2026-01-20T02:00:00+00:00,2026-01-20T04:30:00+00:00,P2,resolved,Service Desk,Order Management,svc-order-mgmt,availability,2.5,False,application_error,2026-01-20T04:30:00+00:00
INC-202600230,INC-202600230,2026-01-20T04:00:00+00:00,2026-01-20T05:36:00+00:00,P3,resolved,Service Desk,Identity Gateway,svc-identity-gateway,authentication,1.6,False,application_error,2026-01-20T05:36:00+00:00
INC-202600231,INC-202600231,2026-01-20T06:00:00+00:00,2026-01-20T07:00:00+00:00,P4,resolved,Digital Operations,Patient Operations Portal,svc-patient-portal,availability,1.0,False,application_error,2026-01-20T07:00:00+00:00
INC-202600232,INC-202600232,2026-01-20T08:00:00+00:00,2026-01-20T12:36:00+00:00,P1,resolved,Service Desk,Order Management,svc-order-mgmt,availability,4.6,False,application_error,2026-01-20T12:36:00+00:00
INC-202600233,INC-202600233,2026-01-20T10:00:00+00:00,2026-01-20T12:12:00+00:00,P2,resolved,Service Desk,Identity Gateway,svc-identity-gateway,authentication,2.2,False,application_error,2026-01-20T12:12:00+00:00
INC-202600234,INC-202600234,2026-01-20T12:00:00+00:00,2026-01-20T13:18:00+00:00,P3,resolved,Digital Operations,Patient Operations Portal,svc-patient-portal,availability,1.3,False,application_error,2026-01-20T13:18:00+00:00
INC-202600235,INC-202600235,2026-01-20T14:00:00+00:00,2026-01-20T15:24:00+00:00,P4,resolved,Service Desk,Order Management,svc-order-mgmt,availability,1.4,False,application_error,2026-01-20T15:24:00+00:00
INC-202600236,INC-202600236,2026-01-20T16:00:00+00:00,2026-01-20T21:00:00+00:00,P1,resolved,Service Desk,Identity Gateway,svc-identity-gateway,authentication,5.0,False,application_error,2026-01-20T21:00:00+00:00
INC-202600237,INC-202600237,2026-01-20T18:00:00+00:00,2026-01-20T20:36:00+00:00,P2,resolved,Digital Operations,Patient Operations Portal,svc-patient-portal,availability,2.6,False,application_error,2026-01-20T20:36:00+00:00
INC-202600238,INC-202600238,2026-01-20T20:00:00+00:00,2026-01-20T21:00:00+00:00,P3,resolved,Service Desk,Order Management,svc-order-mgmt,availability,1.0,False,certificate_expiry,2026-01-20T21:00:00+00:00
INC-202600239,INC-202600239,2026-01-20T22:00:00+00:00,2026-01-20T23:06:00+00:00,P4,resolved,Service Desk,Identity Gateway,svc-identity-gateway,authentication,1.1,False,application_error,2026-01-20T23:06:00+00:00
INC-202600240,INC-202600240,2026-01-21T00:00:00+00:00,2026-01-21T04:42:00+00:00,P1,resolved,Digital Operations,Patient Operations Portal,svc-patient-portal,availability,4.7,True,application_error,2026-01-21T04:42:00+00:00
INC-202600241,INC-202600241,2026-01-21T02:00:00+00:00,2026-01-21T04:18:00+00:00,P2,resolved,Service Desk,Order Management,svc-order-mgmt,availability,2.3,False,application_error,2026-01-21T04:18:00+00:00
INC-202600242,INC-202600242,2026-01-21T04:00:00+00:00,2026-01-21T05:24:00+00:00,P3,resolved,Service Desk,Identity Gateway,svc-identity-gateway,authentication,1.4,False,application_error,2026-01-21T05:24:00+00:00
INC-202600243,INC-202600243,2026-01-21T06:00:00+00:00,2026-01-21T07:30:00+00:00,P4,resolved,Digital Operations,Patient Operations Portal,svc-patient-portal,availability,1.5,False,application_error,2026-01-21T07:30:00+00:00
INC-202600244,INC-202600244,2026-01-21T08:00:00+00:00,2026-01-21T13:06:00+00:00,P1,resolved,Service Desk,Order Management,svc-order-mgmt,availability,5.1,False,application_error,2026-01-21T13:06:00+00:00
INC-202600245,INC-202600245,2026-01-21T10:00:00+00:00,2026-01-21T12:00:00+00:00,P2,resolved,Service Desk,Identity Gateway,svc-identity-gateway,authentication,2.0,False,application_error,2026-01-21T12:00:00+00:00
INC-202600246,INC-202600246,2026-01-21T12:00:00+00:00,2026-01-21T13:06:00+00:00,P3,resolved,Digital Operations,Patient Operations Portal,svc-patient-portal,availability,1.1,False,application_error,2026-01-21T13:06:00+00:00
INC-202600247,INC-202600247,2026-01-21T14:00:00+00:00,2026-01-21T15:12:00+00:00,P4,resolved,Service Desk,Order Management,svc-order-mgmt,availability,1.2,False,application_error,2026-01-21T15:12:00+00:00
INC-202600248,INC-202600248,2026-01-21T16:00:00+00:00,2026-01-21T20:48:00+00:00,P1,resolved,Service Desk,Identity Gateway,svc-identity-gateway,authentication,4.8,False,application_error,2026-01-21T20:48:00+00:00
INC-202600249,INC-202600249,2026-01-21T18:00:00+00:00,2026-01-21T20:24:00+00:00,P2,resolved,Digital Operations,Patient Operations Portal,svc-patient-portal,availability,2.4,False,application_error,2026-01-21T20:24:00+00:00
INC-202600250,INC-202600250,2026-01-21T20:00:00+00:00,2026-01-21T21:30:00+00:00,P3,resolved,Service Desk,Order Management,svc-order-mgmt,availability,1.5,False,application_error,2026-01-21T21:30:00+00:00
INC-202600251,INC-202600251,2026-01-21T22:00:00+00:00,2026-01-21T23:36:00+00:00,P4,resolved,Service Desk,Identity Gateway,svc-identity-gateway,authentication,1.6,False,application_error,2026-01-21T23:36:00+00:00
INC-202600252,INC-202600252,2026-01-22T00:00:00+00:00,2026-01-22T04:30:00+00:00,P1,resolved,Digital Operations,Patient Operations Portal,svc-patient-portal,availability,4.5,False,application_error,2026-01-22T04:30:00+00:00
INC-202600253,INC-202600253,2026-01-22T02:00:00+00:00,2026-01-22T04:06:00+00:00,P2,resolved,Service Desk,Order Management,svc-order-mgmt,availability,2.1,False,application_error,2026-01-22T04:06:00+00:00
INC-202600254,INC-202600254,2026-01-22T04:00:00+00:00,2026-01-22T05:12:00+00:00,P3,resolved,Service Desk,Identity Gateway,svc-identity-gateway,authentication,1.2,False,application_error,2026-01-22T05:12:00+00:00
INC-202600255,INC-202600255,2026-01-22T06:00:00+00:00,2026-01-22T07:18:00+00:00,P4,resolved,Digital Operations,Patient Operations Portal,svc-patient-portal,availability,1.3,False,certificate_expiry,2026-01-22T07:18:00+00:00
INC-202600256,INC-202600256,2026-01-22T08:00:00+00:00,2026-01-22T12:54:00+00:00,P1,resolved,Service Desk,Order Management,svc-order-mgmt,availability,4.9,False,application_error,2026-01-22T12:54:00+00:00
INC-202600257,INC-202600257,2026-01-22T10:00:00+00:00,2026-01-22T12:30:00+00:00,P2,resolved,Service Desk,Identity Gateway,svc-identity-gateway,authentication,2.5,False,application_error,2026-01-22T12:30:00+00:00
INC-202600258,INC-202600258,2026-01-22T12:00:00+00:00,2026-01-22T13:36:00+00:00,P3,resolved,Digital Operations,Patient Operations Portal,svc-patient-portal,availability,1.6,False,application_error,2026-01-22T13:36:00+00:00
INC-202600259,INC-202600259,2026-01-22T14:00:00+00:00,2026-01-22T15:00:00+00:00,P4,resolved,Service Desk,Order Management,svc-order-mgmt,availability,1.0,False,application_error,2026-01-22T15:00:00+00:00
INC-202600260,INC-202600260,2026-01-22T16:00:00+00:00,2026-01-22T20:36:00+00:00,P1,resolved,Service Desk,Identity Gateway,svc-identity-gateway,authentication,4.6,True,application_error,2026-01-22T20:36:00+00:00
INC-202600261,INC-202600261,2026-01-22T18:00:00+00:00,2026-01-22T20:12:00+00:00,P2,resolved,Digital Operations,Patient Operations Portal,svc-patient-portal,availability,2.2,False,application_error,2026-01-22T20:12:00+00:00
INC-202600262,INC-202600262,2026-01-22T20:00:00+00:00,2026-01-22T21:18:00+00:00,P3,resolved,Service Desk,Order Management,svc-order-mgmt,availability,1.3,False,application_error,2026-01-22T21:18:00+00:00
INC-202600263,INC-202600263,2026-01-22T22:00:00+00:00,2026-01-22T23:24:00+00:00,P4,resolved,Service Desk,Identity Gateway,svc-identity-gateway,authentication,1.4,False,application_error,2026-01-22T23:24:00+00:00
INC-202600264,INC-202600264,2026-01-23T00:00:00+00:00,2026-01-23T05:00:00+00:00,P1,resolved,Digital Operations,Patient Operations Portal,svc-patient-portal,availability,5.0,False,application_error,2026-01-23T05:00:00+00:00
INC-202600265,INC-202600265,2026-01-23T02:00:00+00:00,2026-01-23T04:36:00+00:00,P2,resolved,Service Desk,Order Management,svc-order-mgmt,availability,2.6,False,application_error,2026-01-23T04:36:00+00:00
INC-202600266,INC-202600266,2026-01-23T04:00:00+00:00,2026-01-23T05:00:00+00:00,P3,resolved,Service Desk,Identity Gateway,svc-identity-gateway,authentication,1.0,False,application_error,2026-01-23T05:00:00+00:00
INC-202600267,INC-202600267,2026-01-23T06:00:00+00:00,2026-01-23T07:06:00+00:00,P4,resolved,Digital Operations,Patient Operations Portal,svc-patient-portal,availability,1.1,False,application_error,2026-01-23T07:06:00+00:00
INC-202600268,INC-202600268,2026-01-23T08:00:00+00:00,2026-01-23T12:42:00+00:00,P1,resolved,Service Desk,Order Management,svc-order-mgmt,availability,4.7,False,application_error,2026-01-23T12:42:00+00:00
INC-202600269,INC-202600269,2026-01-23T10:00:00+00:00,2026-01-23T12:18:00+00:00,P2,resolved,Service Desk,Identity Gateway,svc-identity-gateway,authentication,2.3,False,application_error,2026-01-23T12:18:00+00:00
INC-202600270,INC-202600270,2026-01-23T12:00:00+00:00,2026-01-23T13:24:00+00:00,P3,resolved,Digital Operations,Patient Operations Portal,svc-patient-portal,availability,1.4,False,application_error,2026-01-23T13:24:00+00:00
INC-202600271,INC-202600271,2026-01-23T14:00:00+00:00,2026-01-23T15:30:00+00:00,P4,resolved,Service Desk,Order Management,svc-order-mgmt,availability,1.5,False,application_error,2026-01-23T15:30:00+00:00
INC-202600272,INC-202600272,2026-01-23T16:00:00+00:00,2026-01-23T21:06:00+00:00,P1,resolved,Service Desk,Identity Gateway,svc-identity-gateway,authentication,5.1,False,certificate_expiry,2026-01-23T21:06:00+00:00
INC-202600273,INC-202600273,2026-01-23T18:00:00+00:00,2026-01-23T20:00:00+00:00,P2,resolved,Digital Operations,Patient Operations Portal,svc-patient-portal,availability,2.0,False,application_error,2026-01-23T20:00:00+00:00
INC-202600274,INC-202600274,2026-01-23T20:00:00+00:00,2026-01-23T21:06:00+00:00,P3,resolved,Service Desk,Order Management,svc-order-mgmt,availability,1.1,False,application_error,2026-01-23T21:06:00+00:00
INC-202600275,INC-202600275,2026-01-23T22:00:00+00:00,2026-01-23T23:12:00+00:00,P4,resolved,Service Desk,Identity Gateway,svc-identity-gateway,authentication,1.2,False,application_error,2026-01-23T23:12:00+00:00
INC-202600276,INC-202600276,2026-01-24T00:00:00+00:00,2026-01-24T04:48:00+00:00,P1,resolved,Digital Operations,Patient Operations Portal,svc-patient-portal,availability,4.8,False,application_error,2026-01-24T04:48:00+00:00
INC-202600277,INC-202600277,2026-01-24T02:00:00+00:00,2026-01-24T04:24:00+00:00,P2,resolved,Service Desk,Order Management,svc-order-mgmt,availability,2.4,False,application_error,2026-01-24T04:24:00+00:00
INC-202600278,INC-202600278,2026-01-24T04:00:00+00:00,2026-01-24T05:30:00+00:00,P3,resolved,Service Desk,Identity Gateway,svc-identity-gateway,authentication,1.5,False,application_error,2026-01-24T05:30:00+00:00
INC-202600279,INC-202600279,2026-01-24T06:00:00+00:00,2026-01-24T07:36:00+00:00,P4,resolved,Digital Operations,Patient Operations Portal,svc-patient-portal,availability,1.6,False,application_error,2026-01-24T07:36:00+00:00
INC-202600280,INC-202600280,2026-01-24T08:00:00+00:00,2026-01-24T12:30:00+00:00,P1,resolved,Service Desk,Order Management,svc-order-mgmt,availability,4.5,True,application_error,2026-01-24T12:30:00+00:00
INC-202600281,INC-202600281,2026-01-24T10:00:00+00:00,2026-01-24T12:06:00+00:00,P2,resolved,Service Desk,Identity Gateway,svc-identity-gateway,authentication,2.1,False,application_error,2026-01-24T12:06:00+00:00
INC-202600282,INC-202600282,2026-01-24T12:00:00+00:00,2026-01-24T13:12:00+00:00,P3,resolved,Digital Operations,Patient Operations Portal,svc-patient-portal,availability,1.2,False,application_error,2026-01-24T13:12:00+00:00
INC-202600283,INC-202600283,2026-01-24T14:00:00+00:00,2026-01-24T15:18:00+00:00,P4,resolved,Service Desk,Order Management,svc-order-mgmt,availability,1.3,False,application_error,2026-01-24T15:18:00+00:00
INC-202600284,INC-202600284,2026-01-24T16:00:00+00:00,2026-01-24T20:54:00+00:00,P1,resolved,Service Desk,Identity Gateway,svc-identity-gateway,authentication,4.9,False,application_error,2026-01-24T20:54:00+00:00
INC-202600285,INC-202600285,2026-01-24T18:00:00+00:00,2026-01-24T20:30:00+00:00,P2,resolved,Digital Operations,Patient Operations Portal,svc-patient-portal,availability,2.5,False,application_error,2026-01-24T20:30:00+00:00
INC-202600286,INC-202600286,2026-01-24T20:00:00+00:00,2026-01-24T21:36:00+00:00,P3,resolved,Service Desk,Order Management,svc-order-mgmt,availability,1.6,False,application_error,2026-01-24T21:36:00+00:00
INC-202600287,INC-202600287,2026-01-24T22:00:00+00:00,2026-01-24T23:00:00+00:00,P4,resolved,Service Desk,Identity Gateway,svc-identity-gateway,authentication,1.0,False,application_error,2026-01-24T23:00:00+00:00
INC-202600288,INC-202600288,2026-01-25T00:00:00+00:00,2026-01-25T04:36:00+00:00,P1,resolved,Digital Operations,Patient Operations Portal,svc-patient-portal,availability,4.6,False,application_error,2026-01-25T04:36:00+00:00
INC-202600289,INC-202600289,2026-01-25T02:00:00+00:00,2026-01-25T04:12:00+00:00,P2,resolved,Service Desk,Order Management,svc-order-mgmt,availability,2.2,False,certificate_expiry,2026-01-25T04:12:00+00:00
INC-202600290,INC-202600290,2026-01-25T04:00:00+00:00,2026-01-25T05:18:00+00:00,P3,resolved,Service Desk,Identity Gateway,svc-identity-gateway,authentication,1.3,False,application_error,2026-01-25T05:18:00+00:00
INC-202600291,INC-202600291,2026-01-25T06:00:00+00:00,2026-01-25T07:24:00+00:00,P4,resolved,Digital Operations,Patient Operations Portal,svc-patient-portal,availability,1.4,False,application_error,2026-01-25T07:24:00+00:00
INC-202600292,INC-202600292,2026-01-25T08:00:00+00:00,2026-01-25T13:00:00+00:00,P1,resolved,Service Desk,Order Management,svc-order-mgmt,availability,5.0,False,application_error,2026-01-25T13:00:00+00:00
INC-202600293,INC-202600293,2026-01-25T10:00:00+00:00,2026-01-25T12:36:00+00:00,P2,resolved,Service Desk,Identity Gateway,svc-identity-gateway,authentication,2.6,False,application_error,2026-01-25T12:36:00+00:00
INC-202600294,INC-202600294,2026-01-25T12:00:00+00:00,2026-01-25T13:00:00+00:00,P3,resolved,Digital Operations,Patient Operations Portal,svc-patient-portal,availability,1.0,False,application_error,2026-01-25T13:00:00+00:00
INC-202600295,INC-202600295,2026-01-25T14:00:00+00:00,2026-01-25T15:06:00+00:00,P4,resolved,Service Desk,Order Management,svc-order-mgmt,availability,1.1,False,application_error,2026-01-25T15:06:00+00:00
INC-202600296,INC-202600296,2026-01-25T16:00:00+00:00,2026-01-25T20:42:00+00:00,P1,resolved,Service Desk,Identity Gateway,svc-identity-gateway,authentication,4.7,False,application_error,2026-01-25T20:42:00+00:00
INC-202600297,INC-202600297,2026-01-25T18:00:00+00:00,2026-01-25T20:18:00+00:00,P2,resolved,Digital Operations,Patient Operations Portal,svc-patient-portal,availability,2.3,False,application_error,2026-01-25T20:18:00+00:00
INC-202600298,INC-202600298,2026-01-25T20:00:00+00:00,2026-01-25T21:24:00+00:00,P3,resolved,Service Desk,Order Management,svc-order-mgmt,availability,1.4,False,application_error,2026-01-25T21:24:00+00:00
INC-202600299,INC-202600299,2026-01-25T22:00:00+00:00,2026-01-25T23:30:00+00:00,P4,resolved,Service Desk,Identity Gateway,svc-identity-gateway,authentication,1.5,False,application_error,2026-01-25T23:30:00+00:00
INC-202600300,INC-202600300,2026-01-26T00:00:00+00:00,2026-01-26T05:06:00+00:00,P1,resolved,Digital Operations,Patient Operations Portal,svc-patient-portal,availability,5.1,True,application_error,2026-01-26T05:06:00+00:00
INC-202600301,INC-202600301,2026-01-26T02:00:00+00:00,2026-01-26T04:00:00+00:00,P2,resolved,Service Desk,Order Management,svc-order-mgmt,availability,2.0,False,application_error,2026-01-26T04:00:00+00:00
INC-202600302,INC-202600302,2026-01-26T04:00:00+00:00,2026-01-26T05:06:00+00:00,P3,resolved,Service Desk,Identity Gateway,svc-identity-gateway,authentication,1.1,False,application_error,2026-01-26T05:06:00+00:00
INC-202600303,INC-202600303,2026-01-26T06:00:00+00:00,2026-01-26T07:12:00+00:00,P4,resolved,Digital Operations,Patient Operations Portal,svc-patient-portal,availability,1.2,False,application_error,2026-01-26T07:12:00+00:00
INC-202600304,INC-202600304,2026-01-26T08:00:00+00:00,2026-01-26T12:48:00+00:00,P1,resolved,Service Desk,Order Management,svc-order-mgmt,availability,4.8,False,application_error,2026-01-26T12:48:00+00:00
INC-202600305,INC-202600305,2026-01-26T10:00:00+00:00,2026-01-26T12:24:00+00:00,P2,resolved,Service Desk,Identity Gateway,svc-identity-gateway,authentication,2.4,False,application_error,2026-01-26T12:24:00+00:00
INC-202600306,INC-202600306,2026-01-26T12:00:00+00:00,2026-01-26T13:30:00+00:00,P3,resolved,Digital Operations,Patient Operations Portal,svc-patient-portal,availability,1.5,False,certificate_expiry,2026-01-26T13:30:00+00:00
INC-202600307,INC-202600307,2026-01-26T14:00:00+00:00,2026-01-26T15:36:00+00:00,P4,resolved,Service Desk,Order Management,svc-order-mgmt,availability,1.6,False,application_error,2026-01-26T15:36:00+00:00
INC-202600308,INC-202600308,2026-01-26T16:00:00+00:00,2026-01-26T20:30:00+00:00,P1,resolved,Service Desk,Identity Gateway,svc-identity-gateway,authentication,4.5,False,application_error,2026-01-26T20:30:00+00:00
INC-202600309,INC-202600309,2026-01-26T18:00:00+00:00,2026-01-26T20:06:00+00:00,P2,resolved,Digital Operations,Patient Operations Portal,svc-patient-portal,availability,2.1,False,application_error,2026-01-26T20:06:00+00:00
INC-202600310,INC-202600310,2026-01-26T20:00:00+00:00,2026-01-26T21:12:00+00:00,P3,resolved,Service Desk,Order Management,svc-order-mgmt,availability,1.2,False,application_error,2026-01-26T21:12:00+00:00
INC-202600311,INC-202600311,2026-01-26T22:00:00+00:00,2026-01-26T23:18:00+00:00,P4,resolved,Service Desk,Identity Gateway,svc-identity-gateway,authentication,1.3,False,application_error,2026-01-26T23:18:00+00:00
INC-202600312,INC-202600312,2026-01-27T00:00:00+00:00,2026-01-27T04:54:00+00:00,P1,resolved,Digital Operations,Patient Operations Portal,svc-patient-portal,availability,4.9,False,application_error,2026-01-27T04:54:00+00:00
INC-202600313,INC-202600313,2026-01-27T02:00:00+00:00,2026-01-27T04:30:00+00:00,P2,resolved,Service Desk,Order Management,svc-order-mgmt,availability,2.5,False,application_error,2026-01-27T04:30:00+00:00
INC-202600314,INC-202600314,2026-01-27T04:00:00+00:00,2026-01-27T05:36:00+00:00,P3,resolved,Service Desk,Identity Gateway,svc-identity-gateway,authentication,1.6,False,application_error,2026-01-27T05:36:00+00:00
INC-202600315,INC-202600315,2026-01-27T06:00:00+00:00,2026-01-27T07:00:00+00:00,P4,resolved,Digital Operations,Patient Operations Portal,svc-patient-portal,availability,1.0,False,application_error,2026-01-27T07:00:00+00:00
INC-202600316,INC-202600316,2026-01-27T08:00:00+00:00,2026-01-27T12:36:00+00:00,P1,resolved,Service Desk,Order Management,svc-order-mgmt,availability,4.6,False,application_error,2026-01-27T12:36:00+00:00
INC-202600317,INC-202600317,2026-01-27T10:00:00+00:00,2026-01-27T12:12:00+00:00,P2,resolved,Service Desk,Identity Gateway,svc-identity-gateway,authentication,2.2,False,application_error,2026-01-27T12:12:00+00:00
INC-202600318,INC-202600318,2026-01-27T12:00:00+00:00,2026-01-27T13:18:00+00:00,P3,resolved,Digital Operations,Patient Operations Portal,svc-patient-portal,availability,1.3,False,application_error,2026-01-27T13:18:00+00:00
INC-202600319,INC-202600319,2026-01-27T14:00:00+00:00,2026-01-27T15:24:00+00:00,P4,resolved,Service Desk,Order Management,svc-order-mgmt,availability,1.4,False,application_error,2026-01-27T15:24:00+00:00
INC-202600320,INC-202600320,2026-01-27T16:00:00+00:00,2026-01-27T21:00:00+00:00,P1,resolved,Service Desk,Identity Gateway,svc-identity-gateway,authentication,5.0,True,application_error,2026-01-27T21:00:00+00:00
INC-202600321,INC-202600321,2026-01-27T18:00:00+00:00,2026-01-27T20:36:00+00:00,P2,resolved,Digital Operations,Patient Operations Portal,svc-patient-portal,availability,2.6,False,application_error,2026-01-27T20:36:00+00:00
INC-202600322,INC-202600322,2026-01-27T20:00:00+00:00,2026-01-27T21:00:00+00:00,P3,resolved,Service Desk,Order Management,svc-order-mgmt,availability,1.0,False,application_error,2026-01-27T21:00:00+00:00
INC-202600323,INC-202600323,2026-01-27T22:00:00+00:00,2026-01-27T23:06:00+00:00,P4,resolved,Service Desk,Identity Gateway,svc-identity-gateway,authentication,1.1,False,certificate_expiry,2026-01-27T23:06:00+00:00
INC-202600324,INC-202600324,2026-01-28T00:00:00+00:00,2026-01-28T04:42:00+00:00,P1,resolved,Digital Operations,Patient Operations Portal,svc-patient-portal,availability,4.7,False,application_error,2026-01-28T04:42:00+00:00
INC-202600325,INC-202600325,2026-01-28T02:00:00+00:00,2026-01-28T04:18:00+00:00,P2,resolved,Service Desk,Order Management,svc-order-mgmt,availability,2.3,False,application_error,2026-01-28T04:18:00+00:00
INC-202600326,INC-202600326,2026-01-28T04:00:00+00:00,2026-01-28T05:24:00+00:00,P3,resolved,Service Desk,Identity Gateway,svc-identity-gateway,authentication,1.4,False,application_error,2026-01-28T05:24:00+00:00
INC-202600327,INC-202600327,2026-01-28T06:00:00+00:00,2026-01-28T07:30:00+00:00,P4,resolved,Digital Operations,Patient Operations Portal,svc-patient-portal,availability,1.5,False,application_error,2026-01-28T07:30:00+00:00
INC-202600328,INC-202600328,2026-01-28T08:00:00+00:00,2026-01-28T13:06:00+00:00,P1,resolved,Service Desk,Order Management,svc-order-mgmt,availability,5.1,False,application_error,2026-01-28T13:06:00+00:00
INC-202600329,INC-202600329,2026-01-28T10:00:00+00:00,2026-01-28T12:00:00+00:00,P2,resolved,Service Desk,Identity Gateway,svc-identity-gateway,authentication,2.0,False,application_error,2026-01-28T12:00:00+00:00
INC-202600330,INC-202600330,2026-01-28T12:00:00+00:00,2026-01-28T13:06:00+00:00,P3,resolved,Digital Operations,Patient Operations Portal,svc-patient-portal,availability,1.1,False,application_error,2026-01-28T13:06:00+00:00
INC-202600331,INC-202600331,2026-01-28T14:00:00+00:00,2026-01-28T15:12:00+00:00,P4,resolved,Service Desk,Order Management,svc-order-mgmt,availability,1.2,False,application_error,2026-01-28T15:12:00+00:00
INC-202600332,INC-202600332,2026-01-28T16:00:00+00:00,2026-01-28T20:48:00+00:00,P1,resolved,Service Desk,Identity Gateway,svc-identity-gateway,authentication,4.8,False,application_error,2026-01-28T20:48:00+00:00
INC-202600333,INC-202600333,2026-01-28T18:00:00+00:00,2026-01-28T20:24:00+00:00,P2,resolved,Digital Operations,Patient Operations Portal,svc-patient-portal,availability,2.4,False,application_error,2026-01-28T20:24:00+00:00
INC-202600334,INC-202600334,2026-01-28T20:00:00+00:00,2026-01-28T21:30:00+00:00,P3,resolved,Service Desk,Order Management,svc-order-mgmt,availability,1.5,False,application_error,2026-01-28T21:30:00+00:00
INC-202600335,INC-202600335,2026-01-28T22:00:00+00:00,2026-01-28T23:36:00+00:00,P4,resolved,Service Desk,Identity Gateway,svc-identity-gateway,authentication,1.6,False,application_error,2026-01-28T23:36:00+00:00
INC-202600336,INC-202600336,2026-01-29T00:00:00+00:00,2026-01-29T04:30:00+00:00,P1,resolved,Digital Operations,Patient Operations Portal,svc-patient-portal,availability,4.5,False,application_error,2026-01-29T04:30:00+00:00
INC-202600337,INC-202600337,2026-01-29T02:00:00+00:00,2026-01-29T04:06:00+00:00,P2,resolved,Service Desk,Order Management,svc-order-mgmt,availability,2.1,False,application_error,2026-01-29T04:06:00+00:00
INC-202600338,INC-202600338,2026-01-29T04:00:00+00:00,2026-01-29T05:12:00+00:00,P3,resolved,Service Desk,Identity Gateway,svc-identity-gateway,authentication,1.2,False,application_error,2026-01-29T05:12:00+00:00
INC-202600339,INC-202600339,2026-01-29T06:00:00+00:00,2026-01-29T07:18:00+00:00,P4,resolved,Digital Operations,Patient Operations Portal,svc-patient-portal,availability,1.3,False,application_error,2026-01-29T07:18:00+00:00
INC-202600340,INC-202600340,2026-01-29T08:00:00+00:00,2026-01-29T12:54:00+00:00,P1,resolved,Service Desk,Order Management,svc-order-mgmt,availability,4.9,True,certificate_expiry,2026-01-29T12:54:00+00:00
INC-202600341,INC-202600341,2026-01-29T10:00:00+00:00,2026-01-29T12:30:00+00:00,P2,resolved,Service Desk,Identity Gateway,svc-identity-gateway,authentication,2.5,False,application_error,2026-01-29T12:30:00+00:00
INC-202600342,INC-202600342,2026-01-29T12:00:00+00:00,2026-01-29T13:36:00+00:00,P3,resolved,Digital Operations,Patient Operations Portal,svc-patient-portal,availability,1.6,False,application_error,2026-01-29T13:36:00+00:00
INC-202600343,INC-202600343,2026-01-29T14:00:00+00:00,2026-01-29T15:00:00+00:00,P4,resolved,Service Desk,Order Management,svc-order-mgmt,availability,1.0,False,application_error,2026-01-29T15:00:00+00:00
INC-202600344,INC-202600344,2026-01-29T16:00:00+00:00,2026-01-29T20:36:00+00:00,P1,resolved,Service Desk,Identity Gateway,svc-identity-gateway,authentication,4.6,False,application_error,2026-01-29T20:36:00+00:00
INC-202600345,INC-202600345,2026-01-29T18:00:00+00:00,2026-01-29T20:12:00+00:00,P2,resolved,Digital Operations,Patient Operations Portal,svc-patient-portal,availability,2.2,False,application_error,2026-01-29T20:12:00+00:00
INC-202600346,INC-202600346,2026-01-29T20:00:00+00:00,2026-01-29T21:18:00+00:00,P3,resolved,Service Desk,Order Management,svc-order-mgmt,availability,1.3,False,application_error,2026-01-29T21:18:00+00:00
INC-202600347,INC-202600347,2026-01-29T22:00:00+00:00,2026-01-29T23:24:00+00:00,P4,resolved,Service Desk,Identity Gateway,svc-identity-gateway,authentication,1.4,False,application_error,2026-01-29T23:24:00+00:00
INC-202600348,INC-202600348,2026-01-30T00:00:00+00:00,2026-01-30T05:00:00+00:00,P1,resolved,Digital Operations,Patient Operations Portal,svc-patient-portal,availability,5.0,False,application_error,2026-01-30T05:00:00+00:00
INC-202600349,INC-202600349,2026-01-30T02:00:00+00:00,2026-01-30T04:36:00+00:00,P2,resolved,Service Desk,Order Management,svc-order-mgmt,availability,2.6,False,application_error,2026-01-30T04:36:00+00:00
INC-202600350,INC-202600350,2026-01-30T04:00:00+00:00,2026-01-30T05:00:00+00:00,P3,resolved,Service Desk,Identity Gateway,svc-identity-gateway,authentication,1.0,False,application_error,2026-01-30T05:00:00+00:00
INC-202600351,INC-202600351,2026-01-30T06:00:00+00:00,2026-01-30T07:06:00+00:00,P4,resolved,Digital Operations,Patient Operations Portal,svc-patient-portal,availability,1.1,False,application_error,2026-01-30T07:06:00+00:00
INC-202600352,INC-202600352,2026-01-30T08:00:00+00:00,2026-01-30T12:42:00+00:00,P1,resolved,Service Desk,Order Management,svc-order-mgmt,availability,4.7,False,application_error,2026-01-30T12:42:00+00:00
INC-202600353,INC-202600353,2026-01-30T10:00:00+00:00,2026-01-30T12:18:00+00:00,P2,resolved,Service Desk,Identity Gateway,svc-identity-gateway,authentication,2.3,False,application_error,2026-01-30T12:18:00+00:00
INC-202600354,INC-202600354,2026-01-30T12:00:00+00:00,2026-01-30T13:24:00+00:00,P3,resolved,Digital Operations,Patient Operations Portal,svc-patient-portal,availability,1.4,False,application_error,2026-01-30T13:24:00+00:00
INC-202600355,INC-202600355,2026-01-30T14:00:00+00:00,2026-01-30T15:30:00+00:00,P4,resolved,Service Desk,Order Management,svc-order-mgmt,availability,1.5,False,application_error,2026-01-30T15:30:00+00:00
INC-202600356,INC-202600356,2026-01-30T16:00:00+00:00,2026-01-30T21:06:00+00:00,P1,resolved,Service Desk,Identity Gateway,svc-identity-gateway,authentication,5.1,False,application_error,2026-01-30T21:06:00+00:00
INC-202600357,INC-202600357,2026-01-30T18:00:00+00:00,2026-01-30T20:00:00+00:00,P2,resolved,Digital Operations,Patient Operations Portal,svc-patient-portal,availability,2.0,False,certificate_expiry,2026-01-30T20:00:00+00:00
INC-202600358,INC-202600358,2026-01-30T20:00:00+00:00,2026-01-30T21:06:00+00:00,P3,resolved,Service Desk,Order Management,svc-order-mgmt,availability,1.1,False,application_error,2026-01-30T21:06:00+00:00
INC-202600359,INC-202600359,2026-01-30T22:00:00+00:00,2026-01-30T23:12:00+00:00,P4,resolved,Service Desk,Identity Gateway,svc-identity-gateway,authentication,1.2,False,application_error,2026-01-30T23:12:00+00:00
INC-202600360,INC-202600360,2026-01-31T00:00:00+00:00,2026-01-31T04:48:00+00:00,P1,resolved,Digital Operations,Patient Operations Portal,svc-patient-portal,availability,4.8,True,application_error,2026-01-31T04:48:00+00:00
INC-202600361,INC-202600361,2026-01-31T02:00:00+00:00,2026-01-31T04:24:00+00:00,P2,resolved,Service Desk,Order Management,svc-order-mgmt,availability,2.4,False,application_error,2026-01-31T04:24:00+00:00
INC-202600362,INC-202600362,2026-01-31T04:00:00+00:00,2026-01-31T05:30:00+00:00,P3,resolved,Service Desk,Identity Gateway,svc-identity-gateway,authentication,1.5,False,application_error,2026-01-31T05:30:00+00:00
INC-202600363,INC-202600363,2026-01-31T06:00:00+00:00,2026-01-31T07:36:00+00:00,P4,resolved,Digital Operations,Patient Operations Portal,svc-patient-portal,availability,1.6,False,application_error,2026-01-31T07:36:00+00:00
INC-202600364,INC-202600364,2026-01-31T08:00:00+00:00,2026-01-31T12:30:00+00:00,P1,resolved,Service Desk,Order Management,svc-order-mgmt,availability,4.5,False,application_error,2026-01-31T12:30:00+00:00
INC-202600365,INC-202600365,2026-01-31T10:00:00+00:00,2026-01-31T12:06:00+00:00,P2,resolved,Service Desk,Identity Gateway,svc-identity-gateway,authentication,2.1,False,application_error,2026-01-31T12:06:00+00:00
INC-202600366,INC-202600366,2026-01-31T12:00:00+00:00,2026-01-31T13:12:00+00:00,P3,resolved,Digital Operations,Patient Operations Portal,svc-patient-portal,availability,1.2,False,application_error,2026-01-31T13:12:00+00:00
INC-202600367,INC-202600367,2026-01-31T14:00:00+00:00,2026-01-31T15:18:00+00:00,P4,resolved,Service Desk,Order Management,svc-order-mgmt,availability,1.3,False,application_error,2026-01-31T15:18:00+00:00
INC-202600368,INC-202600368,2026-01-31T16:00:00+00:00,2026-01-31T20:54:00+00:00,P1,resolved,Service Desk,Identity Gateway,svc-identity-gateway,authentication,4.9,False,application_error,2026-01-31T20:54:00+00:00
INC-202600369,INC-202600369,2026-01-31T18:00:00+00:00,2026-01-31T20:30:00+00:00,P2,resolved,Digital Operations,Patient Operations Portal,svc-patient-portal,availability,2.5,False,application_error,2026-01-31T20:30:00+00:00
INC-202600370,INC-202600370,2026-01-31T20:00:00+00:00,2026-01-31T21:36:00+00:00,P3,resolved,Service Desk,Order Management,svc-order-mgmt,availability,1.6,False,application_error,2026-01-31T21:36:00+00:00
INC-202600371,INC-202600371,2026-01-31T22:00:00+00:00,2026-01-31T23:00:00+00:00,P4,resolved,Service Desk,Identity Gateway,svc-identity-gateway,authentication,1.0,False,application_error,2026-01-31T23:00:00+00:00
INC-202600372,INC-202600372,2026-02-01T00:00:00+00:00,2026-02-01T04:36:00+00:00,P1,resolved,Digital Operations,Patient Operations Portal,svc-patient-portal,availability,4.6,False,application_error,2026-02-01T04:36:00+00:00
INC-202600373,INC-202600373,2026-02-01T02:00:00+00:00,2026-02-01T04:12:00+00:00,P2,resolved,Service Desk,Order Management,svc-order-mgmt,availability,2.2,False,application_error,2026-02-01T04:12:00+00:00
INC-202600374,INC-202600374,2026-02-01T04:00:00+00:00,2026-02-01T05:18:00+00:00,P3,resolved,Service Desk,Identity Gateway,svc-identity-gateway,authentication,1.3,False,certificate_expiry,2026-02-01T05:18:00+00:00
INC-202600375,INC-202600375,2026-02-01T06:00:00+00:00,2026-02-01T07:24:00+00:00,P4,resolved,Digital Operations,Patient Operations Portal,svc-patient-portal,availability,1.4,False,application_error,2026-02-01T07:24:00+00:00
INC-202600376,INC-202600376,2026-02-01T08:00:00+00:00,2026-02-01T13:00:00+00:00,P1,resolved,Service Desk,Order Management,svc-order-mgmt,availability,5.0,False,application_error,2026-02-01T13:00:00+00:00
INC-202600377,INC-202600377,2026-02-01T10:00:00+00:00,2026-02-01T12:36:00+00:00,P2,resolved,Service Desk,Identity Gateway,svc-identity-gateway,authentication,2.6,False,application_error,2026-02-01T12:36:00+00:00
INC-202600378,INC-202600378,2026-02-01T12:00:00+00:00,2026-02-01T13:00:00+00:00,P3,resolved,Digital Operations,Patient Operations Portal,svc-patient-portal,availability,1.0,False,application_error,2026-02-01T13:00:00+00:00
INC-202600379,INC-202600379,2026-02-01T14:00:00+00:00,2026-02-01T15:06:00+00:00,P4,resolved,Service Desk,Order Management,svc-order-mgmt,availability,1.1,False,application_error,2026-02-01T15:06:00+00:00
INC-202600380,INC-202600380,2026-02-01T16:00:00+00:00,2026-02-01T20:42:00+00:00,P1,resolved,Service Desk,Identity Gateway,svc-identity-gateway,authentication,4.7,True,application_error,2026-02-01T20:42:00+00:00
INC-202600381,INC-202600381,2026-02-01T18:00:00+00:00,2026-02-01T20:18:00+00:00,P2,resolved,Digital Operations,Patient Operations Portal,svc-patient-portal,availability,2.3,False,application_error,2026-02-01T20:18:00+00:00
INC-202600382,INC-202600382,2026-02-01T20:00:00+00:00,2026-02-01T21:24:00+00:00,P3,resolved,Service Desk,Order Management,svc-order-mgmt,availability,1.4,False,application_error,2026-02-01T21:24:00+00:00
INC-202600383,INC-202600383,2026-02-01T22:00:00+00:00,2026-02-01T23:30:00+00:00,P4,resolved,Service Desk,Identity Gateway,svc-identity-gateway,authentication,1.5,False,application_error,2026-02-01T23:30:00+00:00
INC-202600384,INC-202600384,2026-02-02T00:00:00+00:00,2026-02-02T05:06:00+00:00,P1,resolved,Digital Operations,Patient Operations Portal,svc-patient-portal,availability,5.1,False,application_error,2026-02-02T05:06:00+00:00
INC-202600385,INC-202600385,2026-02-02T02:00:00+00:00,2026-02-02T04:00:00+00:00,P2,resolved,Service Desk,Order Management,svc-order-mgmt,availability,2.0,False,application_error,2026-02-02T04:00:00+00:00
INC-202600386,INC-202600386,2026-02-02T04:00:00+00:00,2026-02-02T05:06:00+00:00,P3,resolved,Service Desk,Identity Gateway,svc-identity-gateway,authentication,1.1,False,application_error,2026-02-02T05:06:00+00:00
INC-202600387,INC-202600387,2026-02-02T06:00:00+00:00,2026-02-02T07:12:00+00:00,P4,resolved,Digital Operations,Patient Operations Portal,svc-patient-portal,availability,1.2,False,application_error,2026-02-02T07:12:00+00:00
INC-202600388,INC-202600388,2026-02-02T08:00:00+00:00,2026-02-02T12:48:00+00:00,P1,resolved,Service Desk,Order Management,svc-order-mgmt,availability,4.8,False,application_error,2026-02-02T12:48:00+00:00
INC-202600389,INC-202600389,2026-02-02T10:00:00+00:00,2026-02-02T12:24:00+00:00,P2,resolved,Service Desk,Identity Gateway,svc-identity-gateway,authentication,2.4,False,application_error,2026-02-02T12:24:00+00:00
INC-202600390,INC-202600390,2026-02-02T12:00:00+00:00,2026-02-02T13:30:00+00:00,P3,resolved,Digital Operations,Patient Operations Portal,svc-patient-portal,availability,1.5,False,application_error,2026-02-02T13:30:00+00:00
INC-202600391,INC-202600391,2026-02-02T14:00:00+00:00,2026-02-02T15:36:00+00:00,P4,resolved,Service Desk,Order Management,svc-order-mgmt,availability,1.6,False,certificate_expiry,2026-02-02T15:36:00+00:00
INC-202600392,INC-202600392,2026-02-02T16:00:00+00:00,2026-02-02T20:30:00+00:00,P1,resolved,Service Desk,Identity Gateway,svc-identity-gateway,authentication,4.5,False,application_error,2026-02-02T20:30:00+00:00
INC-202600393,INC-202600393,2026-02-02T18:00:00+00:00,2026-02-02T20:06:00+00:00,P2,resolved,Digital Operations,Patient Operations Portal,svc-patient-portal,availability,2.1,False,application_error,2026-02-02T20:06:00+00:00
INC-202600394,INC-202600394,2026-02-02T20:00:00+00:00,2026-02-02T21:12:00+00:00,P3,resolved,Service Desk,Order Management,svc-order-mgmt,availability,1.2,False,application_error,2026-02-02T21:12:00+00:00
INC-202600395,INC-202600395,2026-02-02T22:00:00+00:00,2026-02-02T23:18:00+00:00,P4,resolved,Service Desk,Identity Gateway,svc-identity-gateway,authentication,1.3,False,application_error,2026-02-02T23:18:00+00:00
INC-202600396,INC-202600396,2026-02-03T00:00:00+00:00,2026-02-03T04:54:00+00:00,P1,resolved,Digital Operations,Patient Operations Portal,svc-patient-portal,availability,4.9,False,application_error,2026-02-03T04:54:00+00:00
INC-202600397,INC-202600397,2026-02-03T02:00:00+00:00,2026-02-03T04:30:00+00:00,P2,resolved,Service Desk,Order Management,svc-order-mgmt,availability,2.5,False,application_error,2026-02-03T04:30:00+00:00
INC-202600398,INC-202600398,2026-02-03T04:00:00+00:00,2026-02-03T05:36:00+00:00,P3,resolved,Service Desk,Identity Gateway,svc-identity-gateway,authentication,1.6,False,application_error,2026-02-03T05:36:00+00:00
INC-202600399,INC-202600399,2026-02-03T06:00:00+00:00,2026-02-03T07:00:00+00:00,P4,resolved,Digital Operations,Patient Operations Portal,svc-patient-portal,availability,1.0,False,application_error,2026-02-03T07:00:00+00:00
INC-202600400,INC-202600400,2026-02-03T08:00:00+00:00,2026-02-03T12:36:00+00:00,P1,resolved,Service Desk,Order Management,svc-order-mgmt,availability,4.6,True,application_error,2026-02-03T12:36:00+00:00
INC-202600401,INC-202600401,2026-02-03T10:00:00+00:00,2026-02-03T12:12:00+00:00,P2,resolved,Service Desk,Identity Gateway,svc-identity-gateway,authentication,2.2,False,application_error,2026-02-03T12:12:00+00:00
INC-202600402,INC-202600402,2026-02-03T12:00:00+00:00,2026-02-03T13:18:00+00:00,P3,resolved,Digital Operations,Patient Operations Portal,svc-patient-portal,availability,1.3,False,application_error,2026-02-03T13:18:00+00:00
INC-202600403,INC-202600403,2026-02-03T14:00:00+00:00,2026-02-03T15:24:00+00:00,P4,resolved,Service Desk,Order Management,svc-order-mgmt,availability,1.4,False,application_error,2026-02-03T15:24:00+00:00
INC-202600404,INC-202600404,2026-02-03T16:00:00+00:00,2026-02-03T21:00:00+00:00,P1,resolved,Service Desk,Identity Gateway,svc-identity-gateway,authentication,5.0,False,application_error,2026-02-03T21:00:00+00:00
INC-202600405,INC-202600405,2026-02-03T18:00:00+00:00,2026-02-03T20:36:00+00:00,P2,resolved,Digital Operations,Patient Operations Portal,svc-patient-portal,availability,2.6,False,application_error,2026-02-03T20:36:00+00:00
INC-202600406,INC-202600406,2026-02-03T20:00:00+00:00,2026-02-03T21:00:00+00:00,P3,resolved,Service Desk,Order Management,svc-order-mgmt,availability,1.0,False,application_error,2026-02-03T21:00:00+00:00
INC-202600407,INC-202600407,2026-02-03T22:00:00+00:00,2026-02-03T23:06:00+00:00,P4,resolved,Service Desk,Identity Gateway,svc-identity-gateway,authentication,1.1,False,application_error,2026-02-03T23:06:00+00:00
INC-202600408,INC-202600408,2026-02-04T00:00:00+00:00,2026-02-04T04:42:00+00:00,P1,resolved,Digital Operations,Patient Operations Portal,svc-patient-portal,availability,4.7,False,certificate_expiry,2026-02-04T04:42:00+00:00
INC-202600409,INC-202600409,2026-02-04T02:00:00+00:00,2026-02-04T04:18:00+00:00,P2,resolved,Service Desk,Order Management,svc-order-mgmt,availability,2.3,False,application_error,2026-02-04T04:18:00+00:00
INC-202600410,INC-202600410,2026-02-04T04:00:00+00:00,2026-02-04T05:24:00+00:00,P3,resolved,Service Desk,Identity Gateway,svc-identity-gateway,authentication,1.4,False,application_error,2026-02-04T05:24:00+00:00
INC-202600411,INC-202600411,2026-02-04T06:00:00+00:00,2026-02-04T07:30:00+00:00,P4,resolved,Digital Operations,Patient Operations Portal,svc-patient-portal,availability,1.5,False,application_error,2026-02-04T07:30:00+00:00
INC-202600412,INC-202600412,2026-02-04T08:00:00+00:00,2026-02-04T13:06:00+00:00,P1,resolved,Service Desk,Order Management,svc-order-mgmt,availability,5.1,False,application_error,2026-02-04T13:06:00+00:00
INC-202600413,INC-202600413,2026-02-04T10:00:00+00:00,2026-02-04T12:00:00+00:00,P2,resolved,Service Desk,Identity Gateway,svc-identity-gateway,authentication,2.0,False,application_error,2026-02-04T12:00:00+00:00
INC-202600414,INC-202600414,2026-02-04T12:00:00+00:00,2026-02-04T13:06:00+00:00,P3,resolved,Digital Operations,Patient Operations Portal,svc-patient-portal,availability,1.1,False,application_error,2026-02-04T13:06:00+00:00
INC-202600415,INC-202600415,2026-02-04T14:00:00+00:00,2026-02-04T15:12:00+00:00,P4,resolved,Service Desk,Order Management,svc-order-mgmt,availability,1.2,False,application_error,2026-02-04T15:12:00+00:00
INC-202600416,INC-202600416,2026-02-04T16:00:00+00:00,2026-02-04T20:48:00+00:00,P1,resolved,Service Desk,Identity Gateway,svc-identity-gateway,authentication,4.8,False,application_error,2026-02-04T20:48:00+00:00
INC-202600417,INC-202600417,2026-02-04T18:00:00+00:00,2026-02-04T20:24:00+00:00,P2,resolved,Digital Operations,Patient Operations Portal,svc-patient-portal,availability,2.4,False,application_error,2026-02-04T20:24:00+00:00
INC-202600418,INC-202600418,2026-02-04T20:00:00+00:00,2026-02-04T21:30:00+00:00,P3,resolved,Service Desk,Order Management,svc-order-mgmt,availability,1.5,False,application_error,2026-02-04T21:30:00+00:00
INC-202600419,INC-202600419,2026-02-04T22:00:00+00:00,2026-02-04T23:36:00+00:00,P4,resolved,Service Desk,Identity Gateway,svc-identity-gateway,authentication,1.6,False,application_error,2026-02-04T23:36:00+00:00
INC-202600420,INC-202600420,2026-02-05T00:00:00+00:00,2026-02-05T04:30:00+00:00,P1,resolved,Digital Operations,Patient Operations Portal,svc-patient-portal,availability,4.5,True,application_error,2026-02-05T04:30:00+00:00
INC-202600421,INC-202600421,2026-02-05T02:00:00+00:00,2026-02-05T04:06:00+00:00,P2,resolved,Service Desk,Order Management,svc-order-mgmt,availability,2.1,False,application_error,2026-02-05T04:06:00+00:00
INC-202600422,INC-202600422,2026-02-05T04:00:00+00:00,2026-02-05T05:12:00+00:00,P3,resolved,Service Desk,Identity Gateway,svc-identity-gateway,authentication,1.2,False,application_error,2026-02-05T05:12:00+00:00
INC-202600423,INC-202600423,2026-02-05T06:00:00+00:00,2026-02-05T07:18:00+00:00,P4,resolved,Digital Operations,Patient Operations Portal,svc-patient-portal,availability,1.3,False,application_error,2026-02-05T07:18:00+00:00
INC-202600424,INC-202600424,2026-02-05T08:00:00+00:00,2026-02-05T12:54:00+00:00,P1,resolved,Service Desk,Order Management,svc-order-mgmt,availability,4.9,False,application_error,2026-02-05T12:54:00+00:00
INC-202600425,INC-202600425,2026-02-05T10:00:00+00:00,2026-02-05T12:30:00+00:00,P2,resolved,Service Desk,Identity Gateway,svc-identity-gateway,authentication,2.5,False,certificate_expiry,2026-02-05T12:30:00+00:00
INC-202600426,INC-202600426,2026-02-05T12:00:00+00:00,2026-02-05T13:36:00+00:00,P3,resolved,Digital Operations,Patient Operations Portal,svc-patient-portal,availability,1.6,False,application_error,2026-02-05T13:36:00+00:00
INC-202600427,INC-202600427,2026-02-05T14:00:00+00:00,2026-02-05T15:00:00+00:00,P4,resolved,Service Desk,Order Management,svc-order-mgmt,availability,1.0,False,application_error,2026-02-05T15:00:00+00:00
INC-202600428,INC-202600428,2026-02-05T16:00:00+00:00,2026-02-05T20:36:00+00:00,P1,resolved,Service Desk,Identity Gateway,svc-identity-gateway,authentication,4.6,False,application_error,2026-02-05T20:36:00+00:00
INC-202600429,INC-202600429,2026-02-05T18:00:00+00:00,2026-02-05T20:12:00+00:00,P2,resolved,Digital Operations,Patient Operations Portal,svc-patient-portal,availability,2.2,False,application_error,2026-02-05T20:12:00+00:00
INC-202600430,INC-202600430,2026-02-05T20:00:00+00:00,2026-02-05T21:18:00+00:00,P3,resolved,Service Desk,Order Management,svc-order-mgmt,availability,1.3,False,application_error,2026-02-05T21:18:00+00:00
INC-202600431,INC-202600431,2026-02-05T22:00:00+00:00,2026-02-05T23:24:00+00:00,P4,resolved,Service Desk,Identity Gateway,svc-identity-gateway,authentication,1.4,False,application_error,2026-02-05T23:24:00+00:00
INC-202600432,INC-202600432,2026-02-06T00:00:00+00:00,2026-02-06T05:00:00+00:00,P1,resolved,Digital Operations,Patient Operations Portal,svc-patient-portal,availability,5.0,False,application_error,2026-02-06T05:00:00+00:00
INC-202600433,INC-202600433,2026-02-06T02:00:00+00:00,2026-02-06T04:36:00+00:00,P2,resolved,Service Desk,Order Management,svc-order-mgmt,availability,2.6,False,application_error,2026-02-06T04:36:00+00:00
INC-202600434,INC-202600434,2026-02-06T04:00:00+00:00,2026-02-06T05:00:00+00:00,P3,resolved,Service Desk,Identity Gateway,svc-identity-gateway,authentication,1.0,False,application_error,2026-02-06T05:00:00+00:00
INC-202600435,INC-202600435,2026-02-06T06:00:00+00:00,2026-02-06T07:06:00+00:00,P4,resolved,Digital Operations,Patient Operations Portal,svc-patient-portal,availability,1.1,False,application_error,2026-02-06T07:06:00+00:00
INC-202600436,INC-202600436,2026-02-06T08:00:00+00:00,2026-02-06T12:42:00+00:00,P1,resolved,Service Desk,Order Management,svc-order-mgmt,availability,4.7,False,application_error,2026-02-06T12:42:00+00:00
INC-202600437,INC-202600437,2026-02-06T10:00:00+00:00,2026-02-06T12:18:00+00:00,P2,resolved,Service Desk,Identity Gateway,svc-identity-gateway,authentication,2.3,False,application_error,2026-02-06T12:18:00+00:00
INC-202600438,INC-202600438,2026-02-06T12:00:00+00:00,2026-02-06T13:24:00+00:00,P3,resolved,Digital Operations,Patient Operations Portal,svc-patient-portal,availability,1.4,False,application_error,2026-02-06T13:24:00+00:00
INC-202600439,INC-202600439,2026-02-06T14:00:00+00:00,2026-02-06T15:30:00+00:00,P4,resolved,Service Desk,Order Management,svc-order-mgmt,availability,1.5,False,application_error,2026-02-06T15:30:00+00:00
INC-202600440,INC-202600440,2026-02-06T16:00:00+00:00,2026-02-06T21:06:00+00:00,P1,resolved,Service Desk,Identity Gateway,svc-identity-gateway,authentication,5.1,True,application_error,2026-02-06T21:06:00+00:00
INC-202600441,INC-202600441,2026-02-06T18:00:00+00:00,2026-02-06T20:00:00+00:00,P2,resolved,Digital Operations,Patient Operations Portal,svc-patient-portal,availability,2.0,False,application_error,2026-02-06T20:00:00+00:00
INC-202600442,INC-202600442,2026-02-06T20:00:00+00:00,2026-02-06T21:06:00+00:00,P3,resolved,Service Desk,Order Management,svc-order-mgmt,availability,1.1,False,certificate_expiry,2026-02-06T21:06:00+00:00
INC-202600443,INC-202600443,2026-02-06T22:00:00+00:00,2026-02-06T23:12:00+00:00,P4,resolved,Service Desk,Identity Gateway,svc-identity-gateway,authentication,1.2,False,application_error,2026-02-06T23:12:00+00:00
INC-202600444,INC-202600444,2026-02-07T00:00:00+00:00,2026-02-07T04:48:00+00:00,P1,resolved,Digital Operations,Patient Operations Portal,svc-patient-portal,availability,4.8,False,application_error,2026-02-07T04:48:00+00:00
INC-202600445,INC-202600445,2026-02-07T02:00:00+00:00,2026-02-07T04:24:00+00:00,P2,resolved,Service Desk,Order Management,svc-order-mgmt,availability,2.4,False,application_error,2026-02-07T04:24:00+00:00
INC-202600446,INC-202600446,2026-02-07T04:00:00+00:00,2026-02-07T05:30:00+00:00,P3,resolved,Service Desk,Identity Gateway,svc-identity-gateway,authentication,1.5,False,application_error,2026-02-07T05:30:00+00:00
INC-202600447,INC-202600447,2026-02-07T06:00:00+00:00,2026-02-07T07:36:00+00:00,P4,resolved,Digital Operations,Patient Operations Portal,svc-patient-portal,availability,1.6,False,application_error,2026-02-07T07:36:00+00:00
INC-202600448,INC-202600448,2026-02-07T08:00:00+00:00,2026-02-07T12:30:00+00:00,P1,resolved,Service Desk,Order Management,svc-order-mgmt,availability,4.5,False,application_error,2026-02-07T12:30:00+00:00
INC-202600449,INC-202600449,2026-02-07T10:00:00+00:00,2026-02-07T12:06:00+00:00,P2,resolved,Service Desk,Identity Gateway,svc-identity-gateway,authentication,2.1,False,application_error,2026-02-07T12:06:00+00:00
INC-202600450,INC-202600450,2026-02-07T12:00:00+00:00,2026-02-07T13:12:00+00:00,P3,resolved,Digital Operations,Patient Operations Portal,svc-patient-portal,availability,1.2,False,application_error,2026-02-07T13:12:00+00:00
INC-202600451,INC-202600451,2026-02-07T14:00:00+00:00,2026-02-07T15:18:00+00:00,P4,resolved,Service Desk,Order Management,svc-order-mgmt,availability,1.3,False,application_error,2026-02-07T15:18:00+00:00
INC-202600452,INC-202600452,2026-02-07T16:00:00+00:00,2026-02-07T20:54:00+00:00,P1,resolved,Service Desk,Identity Gateway,svc-identity-gateway,authentication,4.9,False,application_error,2026-02-07T20:54:00+00:00
INC-202600453,INC-202600453,2026-02-07T18:00:00+00:00,2026-02-07T20:30:00+00:00,P2,resolved,Digital Operations,Patient Operations Portal,svc-patient-portal,availability,2.5,False,application_error,2026-02-07T20:30:00+00:00
INC-202600454,INC-202600454,2026-02-07T20:00:00+00:00,2026-02-07T21:36:00+00:00,P3,resolved,Service Desk,Order Management,svc-order-mgmt,availability,1.6,False,application_error,2026-02-07T21:36:00+00:00
INC-202600455,INC-202600455,2026-02-07T22:00:00+00:00,2026-02-07T23:00:00+00:00,P4,resolved,Service Desk,Identity Gateway,svc-identity-gateway,authentication,1.0,False,application_error,2026-02-07T23:00:00+00:00
INC-202600456,INC-202600456,2026-02-08T00:00:00+00:00,2026-02-08T04:36:00+00:00,P1,resolved,Digital Operations,Patient Operations Portal,svc-patient-portal,availability,4.6,False,application_error,2026-02-08T04:36:00+00:00
INC-202600457,INC-202600457,2026-02-08T02:00:00+00:00,2026-02-08T04:12:00+00:00,P2,resolved,Service Desk,Order Management,svc-order-mgmt,availability,2.2,False,application_error,2026-02-08T04:12:00+00:00
INC-202600458,INC-202600458,2026-02-08T04:00:00+00:00,2026-02-08T05:18:00+00:00,P3,resolved,Service Desk,Identity Gateway,svc-identity-gateway,authentication,1.3,False,application_error,2026-02-08T05:18:00+00:00
INC-202600459,INC-202600459,2026-02-08T06:00:00+00:00,2026-02-08T07:24:00+00:00,P4,resolved,Digital Operations,Patient Operations Portal,svc-patient-portal,availability,1.4,False,certificate_expiry,2026-02-08T07:24:00+00:00
INC-202600460,INC-202600460,2026-02-08T08:00:00+00:00,2026-02-08T13:00:00+00:00,P1,resolved,Service Desk,Order Management,svc-order-mgmt,availability,5.0,True,application_error,2026-02-08T13:00:00+00:00
INC-202600461,INC-202600461,2026-02-08T10:00:00+00:00,2026-02-08T12:36:00+00:00,P2,resolved,Service Desk,Identity Gateway,svc-identity-gateway,authentication,2.6,False,application_error,2026-02-08T12:36:00+00:00
INC-202600462,INC-202600462,2026-02-08T12:00:00+00:00,2026-02-08T13:00:00+00:00,P3,resolved,Digital Operations,Patient Operations Portal,svc-patient-portal,availability,1.0,False,application_error,2026-02-08T13:00:00+00:00
INC-202600463,INC-202600463,2026-02-08T14:00:00+00:00,2026-02-08T15:06:00+00:00,P4,resolved,Service Desk,Order Management,svc-order-mgmt,availability,1.1,False,application_error,2026-02-08T15:06:00+00:00
INC-202600464,INC-202600464,2026-02-08T16:00:00+00:00,2026-02-08T20:42:00+00:00,P1,resolved,Service Desk,Identity Gateway,svc-identity-gateway,authentication,4.7,False,application_error,2026-02-08T20:42:00+00:00
INC-202600465,INC-202600465,2026-02-08T18:00:00+00:00,2026-02-08T20:18:00+00:00,P2,resolved,Digital Operations,Patient Operations Portal,svc-patient-portal,availability,2.3,False,application_error,2026-02-08T20:18:00+00:00
INC-202600466,INC-202600466,2026-02-08T20:00:00+00:00,2026-02-08T21:24:00+00:00,P3,resolved,Service Desk,Order Management,svc-order-mgmt,availability,1.4,False,application_error,2026-02-08T21:24:00+00:00
INC-202600467,INC-202600467,2026-02-08T22:00:00+00:00,2026-02-08T23:30:00+00:00,P4,resolved,Service Desk,Identity Gateway,svc-identity-gateway,authentication,1.5,False,application_error,2026-02-08T23:30:00+00:00
INC-202600468,INC-202600468,2026-02-09T00:00:00+00:00,2026-02-09T05:06:00+00:00,P1,resolved,Digital Operations,Patient Operations Portal,svc-patient-portal,availability,5.1,False,application_error,2026-02-09T05:06:00+00:00
INC-202600469,INC-202600469,2026-02-09T02:00:00+00:00,2026-02-09T04:00:00+00:00,P2,resolved,Service Desk,Order Management,svc-order-mgmt,availability,2.0,False,application_error,2026-02-09T04:00:00+00:00
INC-202600470,INC-202600470,2026-02-09T04:00:00+00:00,2026-02-09T05:06:00+00:00,P3,resolved,Service Desk,Identity Gateway,svc-identity-gateway,authentication,1.1,False,application_error,2026-02-09T05:06:00+00:00
INC-202600471,INC-202600471,2026-02-09T06:00:00+00:00,2026-02-09T07:12:00+00:00,P4,resolved,Digital Operations,Patient Operations Portal,svc-patient-portal,availability,1.2,False,application_error,2026-02-09T07:12:00+00:00
INC-202600472,INC-202600472,2026-02-09T08:00:00+00:00,2026-02-09T12:48:00+00:00,P1,resolved,Service Desk,Order Management,svc-order-mgmt,availability,4.8,False,application_error,2026-02-09T12:48:00+00:00
INC-202600473,INC-202600473,2026-02-09T10:00:00+00:00,2026-02-09T12:24:00+00:00,P2,resolved,Service Desk,Identity Gateway,svc-identity-gateway,authentication,2.4,False,application_error,2026-02-09T12:24:00+00:00
INC-202600474,INC-202600474,2026-02-09T12:00:00+00:00,2026-02-09T13:30:00+00:00,P3,resolved,Digital Operations,Patient Operations Portal,svc-patient-portal,availability,1.5,False,application_error,2026-02-09T13:30:00+00:00
INC-202600475,INC-202600475,2026-02-09T14:00:00+00:00,2026-02-09T15:36:00+00:00,P4,resolved,Service Desk,Order Management,svc-order-mgmt,availability,1.6,False,application_error,2026-02-09T15:36:00+00:00
INC-202600476,INC-202600476,2026-02-09T16:00:00+00:00,2026-02-09T20:30:00+00:00,P1,resolved,Service Desk,Identity Gateway,svc-identity-gateway,authentication,4.5,False,certificate_expiry,2026-02-09T20:30:00+00:00
INC-202600477,INC-202600477,2026-02-09T18:00:00+00:00,2026-02-09T20:06:00+00:00,P2,resolved,Digital Operations,Patient Operations Portal,svc-patient-portal,availability,2.1,False,application_error,2026-02-09T20:06:00+00:00
INC-202600478,INC-202600478,2026-02-09T20:00:00+00:00,2026-02-09T21:12:00+00:00,P3,resolved,Service Desk,Order Management,svc-order-mgmt,availability,1.2,False,application_error,2026-02-09T21:12:00+00:00
INC-202600479,INC-202600479,2026-02-09T22:00:00+00:00,2026-02-09T23:18:00+00:00,P4,resolved,Service Desk,Identity Gateway,svc-identity-gateway,authentication,1.3,False,application_error,2026-02-09T23:18:00+00:00
INC-202600480,INC-202600480,2026-02-10T00:00:00+00:00,2026-02-10T04:54:00+00:00,P1,resolved,Digital Operations,Patient Operations Portal,svc-patient-portal,availability,4.9,True,application_error,2026-02-10T04:54:00+00:00
INC-202600481,INC-202600481,2026-02-10T02:00:00+00:00,2026-02-10T04:30:00+00:00,P2,resolved,Service Desk,Order Management,svc-order-mgmt,availability,2.5,False,application_error,2026-02-10T04:30:00+00:00
INC-202600482,INC-202600482,2026-02-10T04:00:00+00:00,2026-02-10T05:36:00+00:00,P3,resolved,Service Desk,Identity Gateway,svc-identity-gateway,authentication,1.6,False,application_error,2026-02-10T05:36:00+00:00
INC-202600483,INC-202600483,2026-02-10T06:00:00+00:00,2026-02-10T07:00:00+00:00,P4,resolved,Digital Operations,Patient Operations Portal,svc-patient-portal,availability,1.0,False,application_error,2026-02-10T07:00:00+00:00
INC-202600484,INC-202600484,2026-02-10T08:00:00+00:00,2026-02-10T12:36:00+00:00,P1,resolved,Service Desk,Order Management,svc-order-mgmt,availability,4.6,False,application_error,2026-02-10T12:36:00+00:00
INC-202600485,INC-202600485,2026-02-10T10:00:00+00:00,2026-02-10T12:12:00+00:00,P2,resolved,Service Desk,Identity Gateway,svc-identity-gateway,authentication,2.2,False,application_error,2026-02-10T12:12:00+00:00
INC-202600486,INC-202600486,2026-02-10T12:00:00+00:00,2026-02-10T13:18:00+00:00,P3,resolved,Digital Operations,Patient Operations Portal,svc-patient-portal,availability,1.3,False,application_error,2026-02-10T13:18:00+00:00
INC-202600487,INC-202600487,2026-02-10T14:00:00+00:00,2026-02-10T15:24:00+00:00,P4,resolved,Service Desk,Order Management,svc-order-mgmt,availability,1.4,False,application_error,2026-02-10T15:24:00+00:00
INC-202600488,INC-202600488,2026-02-10T16:00:00+00:00,2026-02-10T21:00:00+00:00,P1,resolved,Service Desk,Identity Gateway,svc-identity-gateway,authentication,5.0,False,application_error,2026-02-10T21:00:00+00:00
INC-202600489,INC-202600489,2026-02-10T18:00:00+00:00,2026-02-10T20:36:00+00:00,P2,resolved,Digital Operations,Patient Operations Portal,svc-patient-portal,availability,2.6,False,application_error,2026-02-10T20:36:00+00:00
INC-202600490,INC-202600490,2026-02-10T20:00:00+00:00,2026-02-10T21:00:00+00:00,P3,resolved,Service Desk,Order Management,svc-order-mgmt,availability,1.0,False,application_error,2026-02-10T21:00:00+00:00
INC-202600491,INC-202600491,2026-02-10T22:00:00+00:00,2026-02-10T23:06:00+00:00,P4,resolved,Service Desk,Identity Gateway,svc-identity-gateway,authentication,1.1,False,application_error,2026-02-10T23:06:00+00:00
INC-202600492,INC-202600492,2026-02-11T00:00:00+00:00,2026-02-11T04:42:00+00:00,P1,resolved,Digital Operations,Patient Operations Portal,svc-patient-portal,availability,4.7,False,application_error,2026-02-11T04:42:00+00:00
INC-202600493,INC-202600493,2026-02-11T02:00:00+00:00,2026-02-11T04:18:00+00:00,P2,resolved,Service Desk,Order Management,svc-order-mgmt,availability,2.3,False,certificate_expiry,2026-02-11T04:18:00+00:00
INC-202600494,INC-202600494,2026-02-11T04:00:00+00:00,2026-02-11T05:24:00+00:00,P3,resolved,Service Desk,Identity Gateway,svc-identity-gateway,authentication,1.4,False,application_error,2026-02-11T05:24:00+00:00
INC-202600495,INC-202600495,2026-02-11T06:00:00+00:00,2026-02-11T07:30:00+00:00,P4,resolved,Digital Operations,Patient Operations Portal,svc-patient-portal,availability,1.5,False,application_error,2026-02-11T07:30:00+00:00
INC-202600496,INC-202600496,2026-02-11T08:00:00+00:00,2026-02-11T13:06:00+00:00,P1,resolved,Service Desk,Order Management,svc-order-mgmt,availability,5.1,False,application_error,2026-02-11T13:06:00+00:00
INC-202600497,INC-202600497,2026-02-11T10:00:00+00:00,2026-02-11T12:00:00+00:00,P2,resolved,Service Desk,Identity Gateway,svc-identity-gateway,authentication,2.0,False,application_error,2026-02-11T12:00:00+00:00
INC-202600498,INC-202600498,2026-02-11T12:00:00+00:00,2026-02-11T13:06:00+00:00,P3,resolved,Digital Operations,Patient Operations Portal,svc-patient-portal,availability,1.1,False,application_error,2026-02-11T13:06:00+00:00
INC-202600499,INC-202600499,2026-02-11T14:00:00+00:00,2026-02-11T15:12:00+00:00,P4,resolved,Service Desk,Order Management,svc-order-mgmt,availability,1.2,False,application_error,2026-02-11T15:12:00+00:00
INC-202600500,INC-202600500,2026-02-11T16:00:00+00:00,2026-02-11T20:48:00+00:00,P1,resolved,Service Desk,Identity Gateway,svc-identity-gateway,authentication,4.8,True,application_error,2026-02-11T20:48:00+00:00
INC-202600501,INC-202600501,2026-02-11T18:00:00+00:00,2026-02-11T20:24:00+00:00,P2,resolved,Digital Operations,Patient Operations Portal,svc-patient-portal,availability,2.4,False,application_error,2026-02-11T20:24:00+00:00
INC-202600502,INC-202600502,2026-02-11T20:00:00+00:00,2026-02-11T21:30:00+00:00,P3,resolved,Service Desk,Order Management,svc-order-mgmt,availability,1.5,False,application_error,2026-02-11T21:30:00+00:00
INC-202600503,INC-202600503,2026-02-11T22:00:00+00:00,2026-02-11T23:36:00+00:00,P4,resolved,Service Desk,Identity Gateway,svc-identity-gateway,authentication,1.6,False,application_error,2026-02-11T23:36:00+00:00
INC-202600504,INC-202600504,2026-02-12T00:00:00+00:00,2026-02-12T04:30:00+00:00,P1,resolved,Digital Operations,Patient Operations Portal,svc-patient-portal,availability,4.5,False,application_error,2026-02-12T04:30:00+00:00
INC-202600505,INC-202600505,2026-02-12T02:00:00+00:00,2026-02-12T04:06:00+00:00,P2,resolved,Service Desk,Order Management,svc-order-mgmt,availability,2.1,False,application_error,2026-02-12T04:06:00+00:00
INC-202600506,INC-202600506,2026-02-12T04:00:00+00:00,2026-02-12T05:12:00+00:00,P3,resolved,Service Desk,Identity Gateway,svc-identity-gateway,authentication,1.2,False,application_error,2026-02-12T05:12:00+00:00
INC-202600507,INC-202600507,2026-02-12T06:00:00+00:00,2026-02-12T07:18:00+00:00,P4,resolved,Digital Operations,Patient Operations Portal,svc-patient-portal,availability,1.3,False,application_error,2026-02-12T07:18:00+00:00
INC-202600508,INC-202600508,2026-02-12T08:00:00+00:00,2026-02-12T12:54:00+00:00,P1,resolved,Service Desk,Order Management,svc-order-mgmt,availability,4.9,False,application_error,2026-02-12T12:54:00+00:00
INC-202600509,INC-202600509,2026-02-12T10:00:00+00:00,2026-02-12T12:30:00+00:00,P2,resolved,Service Desk,Identity Gateway,svc-identity-gateway,authentication,2.5,False,application_error,2026-02-12T12:30:00+00:00
INC-202600510,INC-202600510,2026-02-12T12:00:00+00:00,2026-02-12T13:36:00+00:00,P3,resolved,Digital Operations,Patient Operations Portal,svc-patient-portal,availability,1.6,False,certificate_expiry,2026-02-12T13:36:00+00:00
INC-202600511,INC-202600511,2026-02-12T14:00:00+00:00,2026-02-12T15:00:00+00:00,P4,resolved,Service Desk,Order Management,svc-order-mgmt,availability,1.0,False,application_error,2026-02-12T15:00:00+00:00
INC-202600512,INC-202600512,2026-02-12T16:00:00+00:00,2026-02-12T20:36:00+00:00,P1,resolved,Service Desk,Identity Gateway,svc-identity-gateway,authentication,4.6,False,application_error,2026-02-12T20:36:00+00:00
INC-202600513,INC-202600513,2026-02-12T18:00:00+00:00,2026-02-12T20:12:00+00:00,P2,resolved,Digital Operations,Patient Operations Portal,svc-patient-portal,availability,2.2,False,application_error,2026-02-12T20:12:00+00:00
INC-202600514,INC-202600514,2026-02-12T20:00:00+00:00,2026-02-12T21:18:00+00:00,P3,resolved,Service Desk,Order Management,svc-order-mgmt,availability,1.3,False,application_error,2026-02-12T21:18:00+00:00
INC-202600515,INC-202600515,2026-02-12T22:00:00+00:00,2026-02-12T23:24:00+00:00,P4,resolved,Service Desk,Identity Gateway,svc-identity-gateway,authentication,1.4,False,application_error,2026-02-12T23:24:00+00:00
INC-202600516,INC-202600516,2026-02-13T00:00:00+00:00,2026-02-13T05:00:00+00:00,P1,resolved,Digital Operations,Patient Operations Portal,svc-patient-portal,availability,5.0,False,application_error,2026-02-13T05:00:00+00:00
INC-202600517,INC-202600517,2026-02-13T02:00:00+00:00,2026-02-13T04:36:00+00:00,P2,resolved,Service Desk,Order Management,svc-order-mgmt,availability,2.6,False,application_error,2026-02-13T04:36:00+00:00
INC-202600518,INC-202600518,2026-02-13T04:00:00+00:00,2026-02-13T05:00:00+00:00,P3,resolved,Service Desk,Identity Gateway,svc-identity-gateway,authentication,1.0,False,application_error,2026-02-13T05:00:00+00:00
INC-202600519,INC-202600519,2026-02-13T06:00:00+00:00,2026-02-13T07:06:00+00:00,P4,resolved,Digital Operations,Patient Operations Portal,svc-patient-portal,availability,1.1,False,application_error,2026-02-13T07:06:00+00:00
INC-202600520,INC-202600520,2026-02-13T08:00:00+00:00,2026-02-13T12:42:00+00:00,P1,resolved,Service Desk,Order Management,svc-order-mgmt,availability,4.7,True,application_error,2026-02-13T12:42:00+00:00
INC-202600521,INC-202600521,2026-02-13T10:00:00+00:00,2026-02-13T12:18:00+00:00,P2,resolved,Service Desk,Identity Gateway,svc-identity-gateway,authentication,2.3,False,application_error,2026-02-13T12:18:00+00:00
INC-202600522,INC-202600522,2026-02-13T12:00:00+00:00,2026-02-13T13:24:00+00:00,P3,resolved,Digital Operations,Patient Operations Portal,svc-patient-portal,availability,1.4,False,application_error,2026-02-13T13:24:00+00:00
INC-202600523,INC-202600523,2026-02-13T14:00:00+00:00,2026-02-13T15:30:00+00:00,P4,resolved,Service Desk,Order Management,svc-order-mgmt,availability,1.5,False,application_error,2026-02-13T15:30:00+00:00
INC-202600524,INC-202600524,2026-02-13T16:00:00+00:00,2026-02-13T21:06:00+00:00,P1,resolved,Service Desk,Identity Gateway,svc-identity-gateway,authentication,5.1,False,application_error,2026-02-13T21:06:00+00:00
INC-202600525,INC-202600525,2026-02-13T18:00:00+00:00,2026-02-13T20:00:00+00:00,P2,resolved,Digital Operations,Patient Operations Portal,svc-patient-portal,availability,2.0,False,application_error,2026-02-13T20:00:00+00:00
INC-202600526,INC-202600526,2026-02-13T20:00:00+00:00,2026-02-13T21:06:00+00:00,P3,resolved,Service Desk,Order Management,svc-order-mgmt,availability,1.1,False,application_error,2026-02-13T21:06:00+00:00
INC-202600527,INC-202600527,2026-02-13T22:00:00+00:00,2026-02-13T23:12:00+00:00,P4,resolved,Service Desk,Identity Gateway,svc-identity-gateway,authentication,1.2,False,certificate_expiry,2026-02-13T23:12:00+00:00
INC-202600528,INC-202600528,2026-02-14T00:00:00+00:00,2026-02-14T04:48:00+00:00,P1,resolved,Digital Operations,Patient Operations Portal,svc-patient-portal,availability,4.8,False,application_error,2026-02-14T04:48:00+00:00
INC-202600529,INC-202600529,2026-02-14T02:00:00+00:00,2026-02-14T04:24:00+00:00,P2,resolved,Service Desk,Order Management,svc-order-mgmt,availability,2.4,False,application_error,2026-02-14T04:24:00+00:00
INC-202600530,INC-202600530,2026-02-14T04:00:00+00:00,2026-02-14T05:30:00+00:00,P3,resolved,Service Desk,Identity Gateway,svc-identity-gateway,authentication,1.5,False,application_error,2026-02-14T05:30:00+00:00
INC-202600531,INC-202600531,2026-02-14T06:00:00+00:00,2026-02-14T07:36:00+00:00,P4,resolved,Digital Operations,Patient Operations Portal,svc-patient-portal,availability,1.6,False,application_error,2026-02-14T07:36:00+00:00
INC-202600532,INC-202600532,2026-02-14T08:00:00+00:00,2026-02-14T12:30:00+00:00,P1,resolved,Service Desk,Order Management,svc-order-mgmt,availability,4.5,False,application_error,2026-02-14T12:30:00+00:00
INC-202600533,INC-202600533,2026-02-14T10:00:00+00:00,2026-02-14T12:06:00+00:00,P2,resolved,Service Desk,Identity Gateway,svc-identity-gateway,authentication,2.1,False,application_error,2026-02-14T12:06:00+00:00
INC-202600534,INC-202600534,2026-02-14T12:00:00+00:00,2026-02-14T13:12:00+00:00,P3,resolved,Digital Operations,Patient Operations Portal,svc-patient-portal,availability,1.2,False,application_error,2026-02-14T13:12:00+00:00
INC-202600535,INC-202600535,2026-02-14T14:00:00+00:00,2026-02-14T15:18:00+00:00,P4,resolved,Service Desk,Order Management,svc-order-mgmt,availability,1.3,False,application_error,2026-02-14T15:18:00+00:00
INC-202600536,INC-202600536,2026-02-14T16:00:00+00:00,2026-02-14T20:54:00+00:00,P1,resolved,Service Desk,Identity Gateway,svc-identity-gateway,authentication,4.9,False,application_error,2026-02-14T20:54:00+00:00
INC-202600537,INC-202600537,2026-02-14T18:00:00+00:00,2026-02-14T20:30:00+00:00,P2,resolved,Digital Operations,Patient Operations Portal,svc-patient-portal,availability,2.5,False,application_error,2026-02-14T20:30:00+00:00
INC-202600538,INC-202600538,2026-02-14T20:00:00+00:00,2026-02-14T21:36:00+00:00,P3,resolved,Service Desk,Order Management,svc-order-mgmt,availability,1.6,False,application_error,2026-02-14T21:36:00+00:00
INC-202600539,INC-202600539,2026-02-14T22:00:00+00:00,2026-02-14T23:00:00+00:00,P4,resolved,Service Desk,Identity Gateway,svc-identity-gateway,authentication,1.0,False,application_error,2026-02-14T23:00:00+00:00
INC-202600540,INC-202600540,2026-02-15T00:00:00+00:00,2026-02-15T04:36:00+00:00,P1,resolved,Digital Operations,Patient Operations Portal,svc-patient-portal,availability,4.6,True,application_error,2026-02-15T04:36:00+00:00
INC-202600541,INC-202600541,2026-02-15T02:00:00+00:00,2026-02-15T04:12:00+00:00,P2,resolved,Service Desk,Order Management,svc-order-mgmt,availability,2.2,False,application_error,2026-02-15T04:12:00+00:00
INC-202600542,INC-202600542,2026-02-15T04:00:00+00:00,2026-02-15T05:18:00+00:00,P3,resolved,Service Desk,Identity Gateway,svc-identity-gateway,authentication,1.3,False,application_error,2026-02-15T05:18:00+00:00
INC-202600543,INC-202600543,2026-02-15T06:00:00+00:00,2026-02-15T07:24:00+00:00,P4,resolved,Digital Operations,Patient Operations Portal,svc-patient-portal,availability,1.4,False,application_error,2026-02-15T07:24:00+00:00
INC-202600544,INC-202600544,2026-02-15T08:00:00+00:00,2026-02-15T13:00:00+00:00,P1,resolved,Service Desk,Order Management,svc-order-mgmt,availability,5.0,False,certificate_expiry,2026-02-15T13:00:00+00:00
INC-202600545,INC-202600545,2026-02-15T10:00:00+00:00,2026-02-15T12:36:00+00:00,P2,resolved,Service Desk,Identity Gateway,svc-identity-gateway,authentication,2.6,False,application_error,2026-02-15T12:36:00+00:00
INC-202600546,INC-202600546,2026-02-15T12:00:00+00:00,2026-02-15T13:00:00+00:00,P3,resolved,Digital Operations,Patient Operations Portal,svc-patient-portal,availability,1.0,False,application_error,2026-02-15T13:00:00+00:00
INC-202600547,INC-202600547,2026-02-15T14:00:00+00:00,2026-02-15T15:06:00+00:00,P4,resolved,Service Desk,Order Management,svc-order-mgmt,availability,1.1,False,application_error,2026-02-15T15:06:00+00:00
INC-202600548,INC-202600548,2026-02-15T16:00:00+00:00,2026-02-15T20:42:00+00:00,P1,resolved,Service Desk,Identity Gateway,svc-identity-gateway,authentication,4.7,False,application_error,2026-02-15T20:42:00+00:00
INC-202600549,INC-202600549,2026-02-15T18:00:00+00:00,2026-02-15T20:18:00+00:00,P2,resolved,Digital Operations,Patient Operations Portal,svc-patient-portal,availability,2.3,False,application_error,2026-02-15T20:18:00+00:00
INC-202600550,INC-202600550,2026-02-15T20:00:00+00:00,2026-02-15T21:24:00+00:00,P3,resolved,Service Desk,Order Management,svc-order-mgmt,availability,1.4,False,application_error,2026-02-15T21:24:00+00:00
INC-202600551,INC-202600551,2026-02-15T22:00:00+00:00,2026-02-15T23:30:00+00:00,P4,resolved,Service Desk,Identity Gateway,svc-identity-gateway,authentication,1.5,False,application_error,2026-02-15T23:30:00+00:00
INC-202600552,INC-202600552,2026-02-16T00:00:00+00:00,2026-02-16T05:06:00+00:00,P1,resolved,Digital Operations,Patient Operations Portal,svc-patient-portal,availability,5.1,False,application_error,2026-02-16T05:06:00+00:00
INC-202600553,INC-202600553,2026-02-16T02:00:00+00:00,2026-02-16T04:00:00+00:00,P2,resolved,Service Desk,Order Management,svc-order-mgmt,availability,2.0,False,application_error,2026-02-16T04:00:00+00:00
INC-202600554,INC-202600554,2026-02-16T04:00:00+00:00,2026-02-16T05:06:00+00:00,P3,resolved,Service Desk,Identity Gateway,svc-identity-gateway,authentication,1.1,False,application_error,2026-02-16T05:06:00+00:00
INC-202600555,INC-202600555,2026-02-16T06:00:00+00:00,2026-02-16T07:12:00+00:00,P4,resolved,Digital Operations,Patient Operations Portal,svc-patient-portal,availability,1.2,False,application_error,2026-02-16T07:12:00+00:00
INC-202600556,INC-202600556,2026-02-16T08:00:00+00:00,2026-02-16T12:48:00+00:00,P1,resolved,Service Desk,Order Management,svc-order-mgmt,availability,4.8,False,application_error,2026-02-16T12:48:00+00:00
INC-202600557,INC-202600557,2026-02-16T10:00:00+00:00,2026-02-16T12:24:00+00:00,P2,resolved,Service Desk,Identity Gateway,svc-identity-gateway,authentication,2.4,False,application_error,2026-02-16T12:24:00+00:00
INC-202600558,INC-202600558,2026-02-16T12:00:00+00:00,2026-02-16T13:30:00+00:00,P3,resolved,Digital Operations,Patient Operations Portal,svc-patient-portal,availability,1.5,False,application_error,2026-02-16T13:30:00+00:00
INC-202600559,INC-202600559,2026-02-16T14:00:00+00:00,2026-02-16T15:36:00+00:00,P4,resolved,Service Desk,Order Management,svc-order-mgmt,availability,1.6,False,application_error,2026-02-16T15:36:00+00:00
INC-202600560,INC-202600560,2026-02-16T16:00:00+00:00,2026-02-16T20:30:00+00:00,P1,resolved,Service Desk,Identity Gateway,svc-identity-gateway,authentication,4.5,True,application_error,2026-02-16T20:30:00+00:00
INC-202600561,INC-202600561,2026-02-16T18:00:00+00:00,2026-02-16T20:06:00+00:00,P2,resolved,Digital Operations,Patient Operations Portal,svc-patient-portal,availability,2.1,False,certificate_expiry,2026-02-16T20:06:00+00:00
INC-202600562,INC-202600562,2026-02-16T20:00:00+00:00,2026-02-16T21:12:00+00:00,P3,resolved,Service Desk,Order Management,svc-order-mgmt,availability,1.2,False,application_error,2026-02-16T21:12:00+00:00
INC-202600563,INC-202600563,2026-02-16T22:00:00+00:00,2026-02-16T23:18:00+00:00,P4,resolved,Service Desk,Identity Gateway,svc-identity-gateway,authentication,1.3,False,application_error,2026-02-16T23:18:00+00:00
INC-202600564,INC-202600564,2026-02-17T00:00:00+00:00,2026-02-17T04:54:00+00:00,P1,resolved,Digital Operations,Patient Operations Portal,svc-patient-portal,availability,4.9,False,application_error,2026-02-17T04:54:00+00:00
INC-202600565,INC-202600565,2026-02-17T02:00:00+00:00,2026-02-17T04:30:00+00:00,P2,resolved,Service Desk,Order Management,svc-order-mgmt,availability,2.5,False,application_error,2026-02-17T04:30:00+00:00
INC-202600566,INC-202600566,2026-02-17T04:00:00+00:00,2026-02-17T05:36:00+00:00,P3,resolved,Service Desk,Identity Gateway,svc-identity-gateway,authentication,1.6,False,application_error,2026-02-17T05:36:00+00:00
INC-202600567,INC-202600567,2026-02-17T06:00:00+00:00,2026-02-17T07:00:00+00:00,P4,resolved,Digital Operations,Patient Operations Portal,svc-patient-portal,availability,1.0,False,application_error,2026-02-17T07:00:00+00:00
INC-202600568,INC-202600568,2026-02-17T08:00:00+00:00,2026-02-17T12:36:00+00:00,P1,resolved,Service Desk,Order Management,svc-order-mgmt,availability,4.6,False,application_error,2026-02-17T12:36:00+00:00
INC-202600569,INC-202600569,2026-02-17T10:00:00+00:00,2026-02-17T12:12:00+00:00,P2,resolved,Service Desk,Identity Gateway,svc-identity-gateway,authentication,2.2,False,application_error,2026-02-17T12:12:00+00:00
INC-202600570,INC-202600570,2026-02-17T12:00:00+00:00,2026-02-17T13:18:00+00:00,P3,resolved,Digital Operations,Patient Operations Portal,svc-patient-portal,availability,1.3,False,application_error,2026-02-17T13:18:00+00:00
INC-202600571,INC-202600571,2026-02-17T14:00:00+00:00,2026-02-17T15:24:00+00:00,P4,resolved,Service Desk,Order Management,svc-order-mgmt,availability,1.4,False,application_error,2026-02-17T15:24:00+00:00
INC-202600572,INC-202600572,2026-02-17T16:00:00+00:00,2026-02-17T21:00:00+00:00,P1,resolved,Service Desk,Identity Gateway,svc-identity-gateway,authentication,5.0,False,application_error,2026-02-17T21:00:00+00:00
INC-202600573,INC-202600573,2026-02-17T18:00:00+00:00,2026-02-17T20:36:00+00:00,P2,resolved,Digital Operations,Patient Operations Portal,svc-patient-portal,availability,2.6,False,application_error,2026-02-17T20:36:00+00:00
INC-202600574,INC-202600574,2026-02-17T20:00:00+00:00,2026-02-17T21:00:00+00:00,P3,resolved,Service Desk,Order Management,svc-order-mgmt,availability,1.0,False,application_error,2026-02-17T21:00:00+00:00
INC-202600575,INC-202600575,2026-02-17T22:00:00+00:00,2026-02-17T23:06:00+00:00,P4,resolved,Service Desk,Identity Gateway,svc-identity-gateway,authentication,1.1,False,application_error,2026-02-17T23:06:00+00:00
INC-202600576,INC-202600576,2026-02-18T00:00:00+00:00,2026-02-18T04:42:00+00:00,P1,resolved,Digital Operations,Patient Operations Portal,svc-patient-portal,availability,4.7,False,application_error,2026-02-18T04:42:00+00:00
INC-202600577,INC-202600577,2026-02-18T02:00:00+00:00,2026-02-18T04:18:00+00:00,P2,resolved,Service Desk,Order Management,svc-order-mgmt,availability,2.3,False,application_error,2026-02-18T04:18:00+00:00
INC-202600578,INC-202600578,2026-02-18T04:00:00+00:00,2026-02-18T05:24:00+00:00,P3,resolved,Service Desk,Identity Gateway,svc-identity-gateway,authentication,1.4,False,certificate_expiry,2026-02-18T05:24:00+00:00
INC-202600579,INC-202600579,2026-02-18T06:00:00+00:00,2026-02-18T07:30:00+00:00,P4,resolved,Digital Operations,Patient Operations Portal,svc-patient-portal,availability,1.5,False,application_error,2026-02-18T07:30:00+00:00
INC-202600580,INC-202600580,2026-02-18T08:00:00+00:00,2026-02-18T13:06:00+00:00,P1,resolved,Service Desk,Order Management,svc-order-mgmt,availability,5.1,True,application_error,2026-02-18T13:06:00+00:00
INC-202600581,INC-202600581,2026-02-18T10:00:00+00:00,2026-02-18T12:00:00+00:00,P2,resolved,Service Desk,Identity Gateway,svc-identity-gateway,authentication,2.0,False,application_error,2026-02-18T12:00:00+00:00
INC-202600582,INC-202600582,2026-02-18T12:00:00+00:00,2026-02-18T13:06:00+00:00,P3,resolved,Digital Operations,Patient Operations Portal,svc-patient-portal,availability,1.1,False,application_error,2026-02-18T13:06:00+00:00
INC-202600583,INC-202600583,2026-02-18T14:00:00+00:00,2026-02-18T15:12:00+00:00,P4,resolved,Service Desk,Order Management,svc-order-mgmt,availability,1.2,False,application_error,2026-02-18T15:12:00+00:00
INC-202600584,INC-202600584,2026-02-18T16:00:00+00:00,2026-02-18T20:48:00+00:00,P1,resolved,Service Desk,Identity Gateway,svc-identity-gateway,authentication,4.8,False,application_error,2026-02-18T20:48:00+00:00
INC-202600585,INC-202600585,2026-02-18T18:00:00+00:00,2026-02-18T20:24:00+00:00,P2,resolved,Digital Operations,Patient Operations Portal,svc-patient-portal,availability,2.4,False,application_error,2026-02-18T20:24:00+00:00
INC-202600586,INC-202600586,2026-02-18T20:00:00+00:00,2026-02-18T21:30:00+00:00,P3,resolved,Service Desk,Order Management,svc-order-mgmt,availability,1.5,False,application_error,2026-02-18T21:30:00+00:00
INC-202600587,INC-202600587,2026-02-18T22:00:00+00:00,2026-02-18T23:36:00+00:00,P4,resolved,Service Desk,Identity Gateway,svc-identity-gateway,authentication,1.6,False,application_error,2026-02-18T23:36:00+00:00
INC-202600588,INC-202600588,2026-02-19T00:00:00+00:00,2026-02-19T04:30:00+00:00,P1,resolved,Digital Operations,Patient Operations Portal,svc-patient-portal,availability,4.5,False,application_error,2026-02-19T04:30:00+00:00
INC-202600589,INC-202600589,2026-02-19T02:00:00+00:00,2026-02-19T04:06:00+00:00,P2,resolved,Service Desk,Order Management,svc-order-mgmt,availability,2.1,False,application_error,2026-02-19T04:06:00+00:00
INC-202600590,INC-202600590,2026-02-19T04:00:00+00:00,2026-02-19T05:12:00+00:00,P3,resolved,Service Desk,Identity Gateway,svc-identity-gateway,authentication,1.2,False,application_error,2026-02-19T05:12:00+00:00
INC-202600591,INC-202600591,2026-02-19T06:00:00+00:00,2026-02-19T07:18:00+00:00,P4,resolved,Digital Operations,Patient Operations Portal,svc-patient-portal,availability,1.3,False,application_error,2026-02-19T07:18:00+00:00
INC-202600592,INC-202600592,2026-02-19T08:00:00+00:00,2026-02-19T12:54:00+00:00,P1,resolved,Service Desk,Order Management,svc-order-mgmt,availability,4.9,False,application_error,2026-02-19T12:54:00+00:00
INC-202600593,INC-202600593,2026-02-19T10:00:00+00:00,2026-02-19T12:30:00+00:00,P2,resolved,Service Desk,Identity Gateway,svc-identity-gateway,authentication,2.5,False,application_error,2026-02-19T12:30:00+00:00
INC-202600594,INC-202600594,2026-02-19T12:00:00+00:00,2026-02-19T13:36:00+00:00,P3,resolved,Digital Operations,Patient Operations Portal,svc-patient-portal,availability,1.6,False,application_error,2026-02-19T13:36:00+00:00
INC-202600595,INC-202600595,2026-02-19T14:00:00+00:00,2026-02-19T15:00:00+00:00,P4,resolved,Service Desk,Order Management,svc-order-mgmt,availability,1.0,False,certificate_expiry,2026-02-19T15:00:00+00:00
INC-202600596,INC-202600596,2026-02-19T16:00:00+00:00,2026-02-19T20:36:00+00:00,P1,resolved,Service Desk,Identity Gateway,svc-identity-gateway,authentication,4.6,False,application_error,2026-02-19T20:36:00+00:00
INC-202600597,INC-202600597,2026-02-19T18:00:00+00:00,2026-02-19T20:12:00+00:00,P2,resolved,Digital Operations,Patient Operations Portal,svc-patient-portal,availability,2.2,False,application_error,2026-02-19T20:12:00+00:00
INC-202600598,INC-202600598,2026-02-19T20:00:00+00:00,2026-02-19T21:18:00+00:00,P3,resolved,Service Desk,Order Management,svc-order-mgmt,availability,1.3,False,application_error,2026-02-19T21:18:00+00:00
INC-202600599,INC-202600599,2026-02-19T22:00:00+00:00,2026-02-19T23:24:00+00:00,P4,resolved,Service Desk,Identity Gateway,svc-identity-gateway,authentication,1.4,False,application_error,2026-02-19T23:24:00+00:00
INC-202600600,INC-202600600,2026-02-20T00:00:00+00:00,2026-02-20T05:00:00+00:00,P1,resolved,Digital Operations,Patient Operations Portal,svc-patient-portal,availability,5.0,True,application_error,2026-02-20T05:00:00+00:00
INC-202600601,INC-202600601,2026-02-20T02:00:00+00:00,2026-02-20T04:36:00+00:00,P2,resolved,Service Desk,Order Management,svc-order-mgmt,availability,2.6,False,application_error,2026-02-20T04:36:00+00:00
INC-202600602,INC-202600602,2026-02-20T04:00:00+00:00,2026-02-20T05:00:00+00:00,P3,resolved,Service Desk,Identity Gateway,svc-identity-gateway,authentication,1.0,False,application_error,2026-02-20T05:00:00+00:00
INC-202600603,INC-202600603,2026-02-20T06:00:00+00:00,2026-02-20T07:06:00+00:00,P4,resolved,Digital Operations,Patient Operations Portal,svc-patient-portal,availability,1.1,False,application_error,2026-02-20T07:06:00+00:00
INC-202600604,INC-202600604,2026-02-20T08:00:00+00:00,2026-02-20T12:42:00+00:00,P1,resolved,Service Desk,Order Management,svc-order-mgmt,availability,4.7,False,application_error,2026-02-20T12:42:00+00:00
INC-202600605,INC-202600605,2026-02-20T10:00:00+00:00,2026-02-20T12:18:00+00:00,P2,resolved,Service Desk,Identity Gateway,svc-identity-gateway,authentication,2.3,False,application_error,2026-02-20T12:18:00+00:00
INC-202600606,INC-202600606,2026-02-20T12:00:00+00:00,2026-02-20T13:24:00+00:00,P3,resolved,Digital Operations,Patient Operations Portal,svc-patient-portal,availability,1.4,False,application_error,2026-02-20T13:24:00+00:00
INC-202600607,INC-202600607,2026-02-20T14:00:00+00:00,2026-02-20T15:30:00+00:00,P4,resolved,Service Desk,Order Management,svc-order-mgmt,availability,1.5,False,application_error,2026-02-20T15:30:00+00:00
INC-202600608,INC-202600608,2026-02-20T16:00:00+00:00,2026-02-20T21:06:00+00:00,P1,resolved,Service Desk,Identity Gateway,svc-identity-gateway,authentication,5.1,False,application_error,2026-02-20T21:06:00+00:00
INC-202600609,INC-202600609,2026-02-20T18:00:00+00:00,2026-02-20T20:00:00+00:00,P2,resolved,Digital Operations,Patient Operations Portal,svc-patient-portal,availability,2.0,False,application_error,2026-02-20T20:00:00+00:00
INC-202600610,INC-202600610,2026-02-20T20:00:00+00:00,2026-02-20T21:06:00+00:00,P3,resolved,Service Desk,Order Management,svc-order-mgmt,availability,1.1,False,application_error,2026-02-20T21:06:00+00:00
INC-202600611,INC-202600611,2026-02-20T22:00:00+00:00,2026-02-20T23:12:00+00:00,P4,resolved,Service Desk,Identity Gateway,svc-identity-gateway,authentication,1.2,False,application_error,2026-02-20T23:12:00+00:00
INC-202600612,INC-202600612,2026-02-21T00:00:00+00:00,2026-02-21T04:48:00+00:00,P1,resolved,Digital Operations,Patient Operations Portal,svc-patient-portal,availability,4.8,False,certificate_expiry,2026-02-21T04:48:00+00:00
INC-202600613,INC-202600613,2026-02-21T02:00:00+00:00,2026-02-21T04:24:00+00:00,P2,resolved,Service Desk,Order Management,svc-order-mgmt,availability,2.4,False,application_error,2026-02-21T04:24:00+00:00
INC-202600614,INC-202600614,2026-02-21T04:00:00+00:00,2026-02-21T05:30:00+00:00,P3,resolved,Service Desk,Identity Gateway,svc-identity-gateway,authentication,1.5,False,application_error,2026-02-21T05:30:00+00:00
INC-202600615,INC-202600615,2026-02-21T06:00:00+00:00,2026-02-21T07:36:00+00:00,P4,resolved,Digital Operations,Patient Operations Portal,svc-patient-portal,availability,1.6,False,application_error,2026-02-21T07:36:00+00:00
INC-202600616,INC-202600616,2026-02-21T08:00:00+00:00,2026-02-21T12:30:00+00:00,P1,resolved,Service Desk,Order Management,svc-order-mgmt,availability,4.5,False,application_error,2026-02-21T12:30:00+00:00
INC-202600617,INC-202600617,2026-02-21T10:00:00+00:00,2026-02-21T12:06:00+00:00,P2,resolved,Service Desk,Identity Gateway,svc-identity-gateway,authentication,2.1,False,application_error,2026-02-21T12:06:00+00:00
INC-202600618,INC-202600618,2026-02-21T12:00:00+00:00,2026-02-21T13:12:00+00:00,P3,resolved,Digital Operations,Patient Operations Portal,svc-patient-portal,availability,1.2,False,application_error,2026-02-21T13:12:00+00:00
INC-202600619,INC-202600619,2026-02-21T14:00:00+00:00,2026-02-21T15:18:00+00:00,P4,resolved,Service Desk,Order Management,svc-order-mgmt,availability,1.3,False,application_error,2026-02-21T15:18:00+00:00
INC-202600620,INC-202600620,2026-02-21T16:00:00+00:00,2026-02-21T20:54:00+00:00,P1,resolved,Service Desk,Identity Gateway,svc-identity-gateway,authentication,4.9,True,application_error,2026-02-21T20:54:00+00:00
INC-202600621,INC-202600621,2026-02-21T18:00:00+00:00,2026-02-21T20:30:00+00:00,P2,resolved,Digital Operations,Patient Operations Portal,svc-patient-portal,availability,2.5,False,application_error,2026-02-21T20:30:00+00:00
INC-202600622,INC-202600622,2026-02-21T20:00:00+00:00,2026-02-21T21:36:00+00:00,P3,resolved,Service Desk,Order Management,svc-order-mgmt,availability,1.6,False,application_error,2026-02-21T21:36:00+00:00
INC-202600623,INC-202600623,2026-02-21T22:00:00+00:00,2026-02-21T23:00:00+00:00,P4,resolved,Service Desk,Identity Gateway,svc-identity-gateway,authentication,1.0,False,application_error,2026-02-21T23:00:00+00:00
INC-202600624,INC-202600624,2026-02-22T00:00:00+00:00,2026-02-22T04:36:00+00:00,P1,resolved,Digital Operations,Patient Operations Portal,svc-patient-portal,availability,4.6,False,application_error,2026-02-22T04:36:00+00:00
INC-202600625,INC-202600625,2026-02-22T02:00:00+00:00,2026-02-22T04:12:00+00:00,P2,resolved,Service Desk,Order Management,svc-order-mgmt,availability,2.2,False,application_error,2026-02-22T04:12:00+00:00
INC-202600626,INC-202600626,2026-02-22T04:00:00+00:00,2026-02-22T05:18:00+00:00,P3,resolved,Service Desk,Identity Gateway,svc-identity-gateway,authentication,1.3,False,application_error,2026-02-22T05:18:00+00:00
INC-202600627,INC-202600627,2026-02-22T06:00:00+00:00,2026-02-22T07:24:00+00:00,P4,resolved,Digital Operations,Patient Operations Portal,svc-patient-portal,availability,1.4,False,application_error,2026-02-22T07:24:00+00:00
INC-202600628,INC-202600628,2026-02-22T08:00:00+00:00,2026-02-22T13:00:00+00:00,P1,resolved,Service Desk,Order Management,svc-order-mgmt,availability,5.0,False,application_error,2026-02-22T13:00:00+00:00
INC-202600629,INC-202600629,2026-02-22T10:00:00+00:00,2026-02-22T12:36:00+00:00,P2,resolved,Service Desk,Identity Gateway,svc-identity-gateway,authentication,2.6,False,certificate_expiry,2026-02-22T12:36:00+00:00
INC-202600630,INC-202600630,2026-02-22T12:00:00+00:00,2026-02-22T13:00:00+00:00,P3,resolved,Digital Operations,Patient Operations Portal,svc-patient-portal,availability,1.0,False,application_error,2026-02-22T13:00:00+00:00
INC-202600631,INC-202600631,2026-02-22T14:00:00+00:00,2026-02-22T15:06:00+00:00,P4,resolved,Service Desk,Order Management,svc-order-mgmt,availability,1.1,False,application_error,2026-02-22T15:06:00+00:00
INC-202600632,INC-202600632,2026-02-22T16:00:00+00:00,2026-02-22T20:42:00+00:00,P1,resolved,Service Desk,Identity Gateway,svc-identity-gateway,authentication,4.7,False,application_error,2026-02-22T20:42:00+00:00
INC-202600633,INC-202600633,2026-02-22T18:00:00+00:00,2026-02-22T20:18:00+00:00,P2,resolved,Digital Operations,Patient Operations Portal,svc-patient-portal,availability,2.3,False,application_error,2026-02-22T20:18:00+00:00
INC-202600634,INC-202600634,2026-02-22T20:00:00+00:00,2026-02-22T21:24:00+00:00,P3,resolved,Service Desk,Order Management,svc-order-mgmt,availability,1.4,False,application_error,2026-02-22T21:24:00+00:00
INC-202600635,INC-202600635,2026-02-22T22:00:00+00:00,2026-02-22T23:30:00+00:00,P4,resolved,Service Desk,Identity Gateway,svc-identity-gateway,authentication,1.5,False,application_error,2026-02-22T23:30:00+00:00
INC-202600636,INC-202600636,2026-02-23T00:00:00+00:00,2026-02-23T05:06:00+00:00,P1,resolved,Digital Operations,Patient Operations Portal,svc-patient-portal,availability,5.1,False,application_error,2026-02-23T05:06:00+00:00
INC-202600637,INC-202600637,2026-02-23T02:00:00+00:00,2026-02-23T04:00:00+00:00,P2,resolved,Service Desk,Order Management,svc-order-mgmt,availability,2.0,False,application_error,2026-02-23T04:00:00+00:00
INC-202600638,INC-202600638,2026-02-23T04:00:00+00:00,2026-02-23T05:06:00+00:00,P3,resolved,Service Desk,Identity Gateway,svc-identity-gateway,authentication,1.1,False,application_error,2026-02-23T05:06:00+00:00
INC-202600639,INC-202600639,2026-02-23T06:00:00+00:00,2026-02-23T07:12:00+00:00,P4,resolved,Digital Operations,Patient Operations Portal,svc-patient-portal,availability,1.2,False,application_error,2026-02-23T07:12:00+00:00
INC-202600640,INC-202600640,2026-02-23T08:00:00+00:00,2026-02-23T12:48:00+00:00,P1,resolved,Service Desk,Order Management,svc-order-mgmt,availability,4.8,True,application_error,2026-02-23T12:48:00+00:00
INC-202600641,INC-202600641,2026-02-23T10:00:00+00:00,2026-02-23T12:24:00+00:00,P2,resolved,Service Desk,Identity Gateway,svc-identity-gateway,authentication,2.4,False,application_error,2026-02-23T12:24:00+00:00
INC-202600642,INC-202600642,2026-02-23T12:00:00+00:00,2026-02-23T13:30:00+00:00,P3,resolved,Digital Operations,Patient Operations Portal,svc-patient-portal,availability,1.5,False,application_error,2026-02-23T13:30:00+00:00
INC-202600643,INC-202600643,2026-02-23T14:00:00+00:00,2026-02-23T15:36:00+00:00,P4,resolved,Service Desk,Order Management,svc-order-mgmt,availability,1.6,False,application_error,2026-02-23T15:36:00+00:00
INC-202600644,INC-202600644,2026-02-23T16:00:00+00:00,2026-02-23T20:30:00+00:00,P1,resolved,Service Desk,Identity Gateway,svc-identity-gateway,authentication,4.5,False,application_error,2026-02-23T20:30:00+00:00
INC-202600645,INC-202600645,2026-02-23T18:00:00+00:00,2026-02-23T20:06:00+00:00,P2,resolved,Digital Operations,Patient Operations Portal,svc-patient-portal,availability,2.1,False,application_error,2026-02-23T20:06:00+00:00
INC-202600646,INC-202600646,2026-02-23T20:00:00+00:00,2026-02-23T21:12:00+00:00,P3,resolved,Service Desk,Order Management,svc-order-mgmt,availability,1.2,False,certificate_expiry,2026-02-23T21:12:00+00:00
INC-202600647,INC-202600647,2026-02-23T22:00:00+00:00,2026-02-23T23:18:00+00:00,P4,resolved,Service Desk,Identity Gateway,svc-identity-gateway,authentication,1.3,False,application_error,2026-02-23T23:18:00+00:00
INC-202600648,INC-202600648,2026-02-24T00:00:00+00:00,2026-02-24T04:54:00+00:00,P1,resolved,Digital Operations,Patient Operations Portal,svc-patient-portal,availability,4.9,False,application_error,2026-02-24T04:54:00+00:00
INC-202600649,INC-202600649,2026-02-24T02:00:00+00:00,2026-02-24T04:30:00+00:00,P2,resolved,Service Desk,Order Management,svc-order-mgmt,availability,2.5,False,application_error,2026-02-24T04:30:00+00:00
INC-202600650,INC-202600650,2026-02-24T04:00:00+00:00,2026-02-24T05:36:00+00:00,P3,resolved,Service Desk,Identity Gateway,svc-identity-gateway,authentication,1.6,False,application_error,2026-02-24T05:36:00+00:00
INC-202600651,INC-202600651,2026-02-24T06:00:00+00:00,2026-02-24T07:00:00+00:00,P4,resolved,Digital Operations,Patient Operations Portal,svc-patient-portal,availability,1.0,False,application_error,2026-02-24T07:00:00+00:00
INC-202600652,INC-202600652,2026-02-24T08:00:00+00:00,2026-02-24T12:36:00+00:00,P1,resolved,Service Desk,Order Management,svc-order-mgmt,availability,4.6,False,application_error,2026-02-24T12:36:00+00:00
INC-202600653,INC-202600653,2026-02-24T10:00:00+00:00,2026-02-24T12:12:00+00:00,P2,resolved,Service Desk,Identity Gateway,svc-identity-gateway,authentication,2.2,False,application_error,2026-02-24T12:12:00+00:00
INC-202600654,INC-202600654,2026-02-24T12:00:00+00:00,2026-02-24T13:18:00+00:00,P3,resolved,Digital Operations,Patient Operations Portal,svc-patient-portal,availability,1.3,False,application_error,2026-02-24T13:18:00+00:00
INC-202600655,INC-202600655,2026-02-24T14:00:00+00:00,2026-02-24T15:24:00+00:00,P4,resolved,Service Desk,Order Management,svc-order-mgmt,availability,1.4,False,application_error,2026-02-24T15:24:00+00:00
INC-202600656,INC-202600656,2026-02-24T16:00:00+00:00,2026-02-24T21:00:00+00:00,P1,resolved,Service Desk,Identity Gateway,svc-identity-gateway,authentication,5.0,False,application_error,2026-02-24T21:00:00+00:00
INC-202600657,INC-202600657,2026-02-24T18:00:00+00:00,2026-02-24T20:36:00+00:00,P2,resolved,Digital Operations,Patient Operations Portal,svc-patient-portal,availability,2.6,False,application_error,2026-02-24T20:36:00+00:00
INC-202600658,INC-202600658,2026-02-24T20:00:00+00:00,2026-02-24T21:00:00+00:00,P3,resolved,Service Desk,Order Management,svc-order-mgmt,availability,1.0,False,application_error,2026-02-24T21:00:00+00:00
INC-202600659,INC-202600659,2026-02-24T22:00:00+00:00,2026-02-24T23:06:00+00:00,P4,resolved,Service Desk,Identity Gateway,svc-identity-gateway,authentication,1.1,False,application_error,2026-02-24T23:06:00+00:00
INC-202600660,INC-202600660,2026-02-25T00:00:00+00:00,2026-02-25T04:42:00+00:00,P1,resolved,Digital Operations,Patient Operations Portal,svc-patient-portal,availability,4.7,True,application_error,2026-02-25T04:42:00+00:00
INC-202600661,INC-202600661,2026-02-25T02:00:00+00:00,2026-02-25T04:18:00+00:00,P2,resolved,Service Desk,Order Management,svc-order-mgmt,availability,2.3,False,application_error,2026-02-25T04:18:00+00:00
INC-202600662,INC-202600662,2026-02-25T04:00:00+00:00,2026-02-25T05:24:00+00:00,P3,resolved,Service Desk,Identity Gateway,svc-identity-gateway,authentication,1.4,False,application_error,2026-02-25T05:24:00+00:00
INC-202600663,INC-202600663,2026-02-25T06:00:00+00:00,2026-02-25T07:30:00+00:00,P4,resolved,Digital Operations,Patient Operations Portal,svc-patient-portal,availability,1.5,False,certificate_expiry,2026-02-25T07:30:00+00:00
INC-202600664,INC-202600664,2026-02-25T08:00:00+00:00,2026-02-25T13:06:00+00:00,P1,resolved,Service Desk,Order Management,svc-order-mgmt,availability,5.1,False,application_error,2026-02-25T13:06:00+00:00
INC-202600665,INC-202600665,2026-02-25T10:00:00+00:00,2026-02-25T12:00:00+00:00,P2,resolved,Service Desk,Identity Gateway,svc-identity-gateway,authentication,2.0,False,application_error,2026-02-25T12:00:00+00:00
INC-202600666,INC-202600666,2026-02-25T12:00:00+00:00,2026-02-25T13:06:00+00:00,P3,resolved,Digital Operations,Patient Operations Portal,svc-patient-portal,availability,1.1,False,application_error,2026-02-25T13:06:00+00:00
INC-202600667,INC-202600667,2026-02-25T14:00:00+00:00,2026-02-25T15:12:00+00:00,P4,resolved,Service Desk,Order Management,svc-order-mgmt,availability,1.2,False,application_error,2026-02-25T15:12:00+00:00
INC-202600668,INC-202600668,2026-02-25T16:00:00+00:00,2026-02-25T20:48:00+00:00,P1,resolved,Service Desk,Identity Gateway,svc-identity-gateway,authentication,4.8,False,application_error,2026-02-25T20:48:00+00:00
INC-202600669,INC-202600669,2026-02-25T18:00:00+00:00,2026-02-25T20:24:00+00:00,P2,resolved,Digital Operations,Patient Operations Portal,svc-patient-portal,availability,2.4,False,application_error,2026-02-25T20:24:00+00:00
INC-202600670,INC-202600670,2026-02-25T20:00:00+00:00,2026-02-25T21:30:00+00:00,P3,resolved,Service Desk,Order Management,svc-order-mgmt,availability,1.5,False,application_error,2026-02-25T21:30:00+00:00
INC-202600671,INC-202600671,2026-02-25T22:00:00+00:00,2026-02-25T23:36:00+00:00,P4,resolved,Service Desk,Identity Gateway,svc-identity-gateway,authentication,1.6,False,application_error,2026-02-25T23:36:00+00:00
INC-202600672,INC-202600672,2026-02-26T00:00:00+00:00,2026-02-26T04:30:00+00:00,P1,resolved,Digital Operations,Patient Operations Portal,svc-patient-portal,availability,4.5,False,application_error,2026-02-26T04:30:00+00:00
INC-202600673,INC-202600673,2026-02-26T02:00:00+00:00,2026-02-26T04:06:00+00:00,P2,resolved,Service Desk,Order Management,svc-order-mgmt,availability,2.1,False,application_error,2026-02-26T04:06:00+00:00
INC-202600674,INC-202600674,2026-02-26T04:00:00+00:00,2026-02-26T05:12:00+00:00,P3,resolved,Service Desk,Identity Gateway,svc-identity-gateway,authentication,1.2,False,application_error,2026-02-26T05:12:00+00:00
INC-202600675,INC-202600675,2026-02-26T06:00:00+00:00,2026-02-26T07:18:00+00:00,P4,resolved,Digital Operations,Patient Operations Portal,svc-patient-portal,availability,1.3,False,application_error,2026-02-26T07:18:00+00:00
INC-202600676,INC-202600676,2026-02-26T08:00:00+00:00,2026-02-26T12:54:00+00:00,P1,resolved,Service Desk,Order Management,svc-order-mgmt,availability,4.9,False,application_error,2026-02-26T12:54:00+00:00
INC-202600677,INC-202600677,2026-02-26T10:00:00+00:00,2026-02-26T12:30:00+00:00,P2,resolved,Service Desk,Identity Gateway,svc-identity-gateway,authentication,2.5,False,application_error,2026-02-26T12:30:00+00:00
INC-202600678,INC-202600678,2026-02-26T12:00:00+00:00,2026-02-26T13:36:00+00:00,P3,resolved,Digital Operations,Patient Operations Portal,svc-patient-portal,availability,1.6,False,application_error,2026-02-26T13:36:00+00:00
INC-202600679,INC-202600679,2026-02-26T14:00:00+00:00,2026-02-26T15:00:00+00:00,P4,resolved,Service Desk,Order Management,svc-order-mgmt,availability,1.0,False,application_error,2026-02-26T15:00:00+00:00
INC-202600680,INC-202600680,2026-02-26T16:00:00+00:00,2026-02-26T20:36:00+00:00,P1,resolved,Service Desk,Identity Gateway,svc-identity-gateway,authentication,4.6,True,certificate_expiry,2026-02-26T20:36:00+00:00
INC-202600681,INC-202600681,2026-02-26T18:00:00+00:00,2026-02-26T20:12:00+00:00,P2,resolved,Digital Operations,Patient Operations Portal,svc-patient-portal,availability,2.2,False,application_error,2026-02-26T20:12:00+00:00
INC-202600682,INC-202600682,2026-02-26T20:00:00+00:00,2026-02-26T21:18:00+00:00,P3,resolved,Service Desk,Order Management,svc-order-mgmt,availability,1.3,False,application_error,2026-02-26T21:18:00+00:00
INC-202600683,INC-202600683,2026-02-26T22:00:00+00:00,2026-02-26T23:24:00+00:00,P4,resolved,Service Desk,Identity Gateway,svc-identity-gateway,authentication,1.4,False,application_error,2026-02-26T23:24:00+00:00
INC-202600684,INC-202600684,2026-02-27T00:00:00+00:00,2026-02-27T05:00:00+00:00,P1,resolved,Digital Operations,Patient Operations Portal,svc-patient-portal,availability,5.0,False,application_error,2026-02-27T05:00:00+00:00
INC-202600685,INC-202600685,2026-02-27T02:00:00+00:00,2026-02-27T04:36:00+00:00,P2,resolved,Service Desk,Order Management,svc-order-mgmt,availability,2.6,False,application_error,2026-02-27T04:36:00+00:00
INC-202600686,INC-202600686,2026-02-27T04:00:00+00:00,2026-02-27T05:00:00+00:00,P3,resolved,Service Desk,Identity Gateway,svc-identity-gateway,authentication,1.0,False,application_error,2026-02-27T05:00:00+00:00
INC-202600687,INC-202600687,2026-02-27T06:00:00+00:00,2026-02-27T07:06:00+00:00,P4,resolved,Digital Operations,Patient Operations Portal,svc-patient-portal,availability,1.1,False,application_error,2026-02-27T07:06:00+00:00
INC-202600688,INC-202600688,2026-02-27T08:00:00+00:00,2026-02-27T12:42:00+00:00,P1,resolved,Service Desk,Order Management,svc-order-mgmt,availability,4.7,False,application_error,2026-02-27T12:42:00+00:00
INC-202600689,INC-202600689,2026-02-27T10:00:00+00:00,2026-02-27T12:18:00+00:00,P2,resolved,Service Desk,Identity Gateway,svc-identity-gateway,authentication,2.3,False,application_error,2026-02-27T12:18:00+00:00
INC-202600690,INC-202600690,2026-02-27T12:00:00+00:00,2026-02-27T13:24:00+00:00,P3,resolved,Digital Operations,Patient Operations Portal,svc-patient-portal,availability,1.4,False,application_error,2026-02-27T13:24:00+00:00
INC-202600691,INC-202600691,2026-02-27T14:00:00+00:00,2026-02-27T15:30:00+00:00,P4,resolved,Service Desk,Order Management,svc-order-mgmt,availability,1.5,False,application_error,2026-02-27T15:30:00+00:00
INC-202600692,INC-202600692,2026-02-27T16:00:00+00:00,2026-02-27T21:06:00+00:00,P1,resolved,Service Desk,Identity Gateway,svc-identity-gateway,authentication,5.1,False,application_error,2026-02-27T21:06:00+00:00
INC-202600693,INC-202600693,2026-02-27T18:00:00+00:00,2026-02-27T20:00:00+00:00,P2,resolved,Digital Operations,Patient Operations Portal,svc-patient-portal,availability,2.0,False,application_error,2026-02-27T20:00:00+00:00
INC-202600694,INC-202600694,2026-02-27T20:00:00+00:00,2026-02-27T21:06:00+00:00,P3,resolved,Service Desk,Order Management,svc-order-mgmt,availability,1.1,False,application_error,2026-02-27T21:06:00+00:00
INC-202600695,INC-202600695,2026-02-27T22:00:00+00:00,2026-02-27T23:12:00+00:00,P4,resolved,Service Desk,Identity Gateway,svc-identity-gateway,authentication,1.2,False,application_error,2026-02-27T23:12:00+00:00
INC-202600696,INC-202600696,2026-02-28T00:00:00+00:00,2026-02-28T04:48:00+00:00,P1,resolved,Digital Operations,Patient Operations Portal,svc-patient-portal,availability,4.8,False,application_error,2026-02-28T04:48:00+00:00
INC-202600697,INC-202600697,2026-02-28T02:00:00+00:00,2026-02-28T04:24:00+00:00,P2,resolved,Service Desk,Order Management,svc-order-mgmt,availability,2.4,False,certificate_expiry,2026-02-28T04:24:00+00:00
INC-202600698,INC-202600698,2026-02-28T04:00:00+00:00,2026-02-28T05:30:00+00:00,P3,resolved,Service Desk,Identity Gateway,svc-identity-gateway,authentication,1.5,False,application_error,2026-02-28T05:30:00+00:00
INC-202600699,INC-202600699,2026-02-28T06:00:00+00:00,2026-02-28T07:36:00+00:00,P4,resolved,Digital Operations,Patient Operations Portal,svc-patient-portal,availability,1.6,False,application_error,2026-02-28T07:36:00+00:00
INC-202600700,INC-202600700,2026-02-28T08:00:00+00:00,2026-02-28T12:30:00+00:00,P1,resolved,Service Desk,Order Management,svc-order-mgmt,availability,4.5,True,application_error,2026-02-28T12:30:00+00:00
INC-202600701,INC-202600701,2026-02-28T10:00:00+00:00,2026-02-28T12:06:00+00:00,P2,resolved,Service Desk,Identity Gateway,svc-identity-gateway,authentication,2.1,False,application_error,2026-02-28T12:06:00+00:00
INC-202600702,INC-202600702,2026-02-28T12:00:00+00:00,2026-02-28T13:12:00+00:00,P3,resolved,Digital Operations,Patient Operations Portal,svc-patient-portal,availability,1.2,False,application_error,2026-02-28T13:12:00+00:00
INC-202600703,INC-202600703,2026-02-28T14:00:00+00:00,2026-02-28T15:18:00+00:00,P4,resolved,Service Desk,Order Management,svc-order-mgmt,availability,1.3,False,application_error,2026-02-28T15:18:00+00:00
INC-202600704,INC-202600704,2026-02-28T16:00:00+00:00,2026-02-28T20:54:00+00:00,P1,resolved,Service Desk,Identity Gateway,svc-identity-gateway,authentication,4.9,False,application_error,2026-02-28T20:54:00+00:00
INC-202600705,INC-202600705,2026-02-28T18:00:00+00:00,2026-02-28T20:30:00+00:00,P2,resolved,Digital Operations,Patient Operations Portal,svc-patient-portal,availability,2.5,False,application_error,2026-02-28T20:30:00+00:00
INC-202600706,INC-202600706,2026-02-28T20:00:00+00:00,2026-02-28T21:36:00+00:00,P3,resolved,Service Desk,Order Management,svc-order-mgmt,availability,1.6,False,application_error,2026-02-28T21:36:00+00:00
INC-202600707,INC-202600707,2026-02-28T22:00:00+00:00,2026-02-28T23:00:00+00:00,P4,resolved,Service Desk,Identity Gateway,svc-identity-gateway,authentication,1.0,False,application_error,2026-02-28T23:00:00+00:00
INC-202600708,INC-202600708,2026-03-01T00:00:00+00:00,2026-03-01T04:36:00+00:00,P1,resolved,Digital Operations,Patient Operations Portal,svc-patient-portal,availability,4.6,False,application_error,2026-03-01T04:36:00+00:00
INC-202600709,INC-202600709,2026-03-01T02:00:00+00:00,2026-03-01T04:12:00+00:00,P2,resolved,Service Desk,Order Management,svc-order-mgmt,availability,2.2,False,application_error,2026-03-01T04:12:00+00:00
INC-202600710,INC-202600710,2026-03-01T04:00:00+00:00,2026-03-01T05:18:00+00:00,P3,resolved,Service Desk,Identity Gateway,svc-identity-gateway,authentication,1.3,False,application_error,2026-03-01T05:18:00+00:00
INC-202600711,INC-202600711,2026-03-01T06:00:00+00:00,2026-03-01T07:24:00+00:00,P4,resolved,Digital Operations,Patient Operations Portal,svc-patient-portal,availability,1.4,False,application_error,2026-03-01T07:24:00+00:00
INC-202600712,INC-202600712,2026-03-01T08:00:00+00:00,2026-03-01T13:00:00+00:00,P1,resolved,Service Desk,Order Management,svc-order-mgmt,availability,5.0,False,application_error,2026-03-01T13:00:00+00:00
INC-202600713,INC-202600713,2026-03-01T10:00:00+00:00,2026-03-01T12:36:00+00:00,P2,resolved,Service Desk,Identity Gateway,svc-identity-gateway,authentication,2.6,False,application_error,2026-03-01T12:36:00+00:00
INC-202600714,INC-202600714,2026-03-01T12:00:00+00:00,2026-03-01T13:00:00+00:00,P3,resolved,Digital Operations,Patient Operations Portal,svc-patient-portal,availability,1.0,False,certificate_expiry,2026-03-01T13:00:00+00:00
INC-202600715,INC-202600715,2026-03-01T14:00:00+00:00,2026-03-01T15:06:00+00:00,P4,resolved,Service Desk,Order Management,svc-order-mgmt,availability,1.1,False,application_error,2026-03-01T15:06:00+00:00
INC-202600716,INC-202600716,2026-03-01T16:00:00+00:00,2026-03-01T20:42:00+00:00,P1,resolved,Service Desk,Identity Gateway,svc-identity-gateway,authentication,4.7,False,application_error,2026-03-01T20:42:00+00:00
INC-202600717,INC-202600717,2026-03-01T18:00:00+00:00,2026-03-01T20:18:00+00:00,P2,resolved,Digital Operations,Patient Operations Portal,svc-patient-portal,availability,2.3,False,application_error,2026-03-01T20:18:00+00:00
INC-202600718,INC-202600718,2026-03-01T20:00:00+00:00,2026-03-01T21:24:00+00:00,P3,resolved,Service Desk,Order Management,svc-order-mgmt,availability,1.4,False,application_error,2026-03-01T21:24:00+00:00
INC-202600719,INC-202600719,2026-03-01T22:00:00+00:00,2026-03-01T23:30:00+00:00,P4,resolved,Service Desk,Identity Gateway,svc-identity-gateway,authentication,1.5,False,application_error,2026-03-01T23:30:00+00:00
INC-202600720,INC-202600720,2026-03-02T00:00:00+00:00,2026-03-02T05:06:00+00:00,P1,resolved,Digital Operations,Patient Operations Portal,svc-patient-portal,availability,5.1,True,application_error,2026-03-02T05:06:00+00:00
INC-202600721,INC-202600721,2026-03-02T02:00:00+00:00,2026-03-02T04:00:00+00:00,P2,resolved,Service Desk,Order Management,svc-order-mgmt,availability,2.0,False,application_error,2026-03-02T04:00:00+00:00
INC-202600722,INC-202600722,2026-03-02T04:00:00+00:00,2026-03-02T05:06:00+00:00,P3,resolved,Service Desk,Identity Gateway,svc-identity-gateway,authentication,1.1,False,application_error,2026-03-02T05:06:00+00:00
INC-202600723,INC-202600723,2026-03-02T06:00:00+00:00,2026-03-02T07:12:00+00:00,P4,resolved,Digital Operations,Patient Operations Portal,svc-patient-portal,availability,1.2,False,application_error,2026-03-02T07:12:00+00:00
INC-202600724,INC-202600724,2026-03-02T08:00:00+00:00,2026-03-02T12:48:00+00:00,P1,resolved,Service Desk,Order Management,svc-order-mgmt,availability,4.8,False,application_error,2026-03-02T12:48:00+00:00
INC-202600725,INC-202600725,2026-03-02T10:00:00+00:00,2026-03-02T12:24:00+00:00,P2,resolved,Service Desk,Identity Gateway,svc-identity-gateway,authentication,2.4,False,application_error,2026-03-02T12:24:00+00:00
INC-202600726,INC-202600726,2026-03-02T12:00:00+00:00,2026-03-02T13:30:00+00:00,P3,resolved,Digital Operations,Patient Operations Portal,svc-patient-portal,availability,1.5,False,application_error,2026-03-02T13:30:00+00:00
INC-202600727,INC-202600727,2026-03-02T14:00:00+00:00,2026-03-02T15:36:00+00:00,P4,resolved,Service Desk,Order Management,svc-order-mgmt,availability,1.6,False,application_error,2026-03-02T15:36:00+00:00
INC-202600728,INC-202600728,2026-03-02T16:00:00+00:00,2026-03-02T20:30:00+00:00,P1,resolved,Service Desk,Identity Gateway,svc-identity-gateway,authentication,4.5,False,application_error,2026-03-02T20:30:00+00:00
INC-202600729,INC-202600729,2026-03-02T18:00:00+00:00,2026-03-02T20:06:00+00:00,P2,resolved,Digital Operations,Patient Operations Portal,svc-patient-portal,availability,2.1,False,application_error,2026-03-02T20:06:00+00:00
INC-202600730,INC-202600730,2026-03-02T20:00:00+00:00,2026-03-02T21:12:00+00:00,P3,resolved,Service Desk,Order Management,svc-order-mgmt,availability,1.2,False,application_error,2026-03-02T21:12:00+00:00
INC-202600731,INC-202600731,2026-03-02T22:00:00+00:00,2026-03-02T23:18:00+00:00,P4,resolved,Service Desk,Identity Gateway,svc-identity-gateway,authentication,1.3,False,certificate_expiry,2026-03-02T23:18:00+00:00
INC-202600732,INC-202600732,2026-03-03T00:00:00+00:00,2026-03-03T04:54:00+00:00,P1,resolved,Digital Operations,Patient Operations Portal,svc-patient-portal,availability,4.9,False,application_error,2026-03-03T04:54:00+00:00
INC-202600733,INC-202600733,2026-03-03T02:00:00+00:00,2026-03-03T04:30:00+00:00,P2,resolved,Service Desk,Order Management,svc-order-mgmt,availability,2.5,False,application_error,2026-03-03T04:30:00+00:00
INC-202600734,INC-202600734,2026-03-03T04:00:00+00:00,2026-03-03T05:36:00+00:00,P3,resolved,Service Desk,Identity Gateway,svc-identity-gateway,authentication,1.6,False,application_error,2026-03-03T05:36:00+00:00
INC-202600735,INC-202600735,2026-03-03T06:00:00+00:00,2026-03-03T07:00:00+00:00,P4,resolved,Digital Operations,Patient Operations Portal,svc-patient-portal,availability,1.0,False,application_error,2026-03-03T07:00:00+00:00
INC-202600736,INC-202600736,2026-03-03T08:00:00+00:00,2026-03-03T12:36:00+00:00,P1,resolved,Service Desk,Order Management,svc-order-mgmt,availability,4.6,False,application_error,2026-03-03T12:36:00+00:00
INC-202600737,INC-202600737,2026-03-03T10:00:00+00:00,2026-03-03T12:12:00+00:00,P2,resolved,Service Desk,Identity Gateway,svc-identity-gateway,authentication,2.2,False,application_error,2026-03-03T12:12:00+00:00
INC-202600738,INC-202600738,2026-03-03T12:00:00+00:00,2026-03-03T13:18:00+00:00,P3,resolved,Digital Operations,Patient Operations Portal,svc-patient-portal,availability,1.3,False,application_error,2026-03-03T13:18:00+00:00
INC-202600739,INC-202600739,2026-03-03T14:00:00+00:00,2026-03-03T15:24:00+00:00,P4,resolved,Service Desk,Order Management,svc-order-mgmt,availability,1.4,False,application_error,2026-03-03T15:24:00+00:00
INC-202600740,INC-202600740,2026-03-03T16:00:00+00:00,2026-03-03T21:00:00+00:00,P1,resolved,Service Desk,Identity Gateway,svc-identity-gateway,authentication,5.0,True,application_error,2026-03-03T21:00:00+00:00
INC-202600741,INC-202600741,2026-03-03T18:00:00+00:00,2026-03-03T20:36:00+00:00,P2,resolved,Digital Operations,Patient Operations Portal,svc-patient-portal,availability,2.6,False,application_error,2026-03-03T20:36:00+00:00
INC-202600742,INC-202600742,2026-03-03T20:00:00+00:00,2026-03-03T21:00:00+00:00,P3,resolved,Service Desk,Order Management,svc-order-mgmt,availability,1.0,False,application_error,2026-03-03T21:00:00+00:00
INC-202600743,INC-202600743,2026-03-03T22:00:00+00:00,2026-03-03T23:06:00+00:00,P4,resolved,Service Desk,Identity Gateway,svc-identity-gateway,authentication,1.1,False,application_error,2026-03-03T23:06:00+00:00
INC-202600744,INC-202600744,2026-03-04T00:00:00+00:00,2026-03-04T04:42:00+00:00,P1,resolved,Digital Operations,Patient Operations Portal,svc-patient-portal,availability,4.7,False,application_error,2026-03-04T04:42:00+00:00
INC-202600745,INC-202600745,2026-03-04T02:00:00+00:00,2026-03-04T04:18:00+00:00,P2,resolved,Service Desk,Order Management,svc-order-mgmt,availability,2.3,False,application_error,2026-03-04T04:18:00+00:00
INC-202600746,INC-202600746,2026-03-04T04:00:00+00:00,2026-03-04T05:24:00+00:00,P3,resolved,Service Desk,Identity Gateway,svc-identity-gateway,authentication,1.4,False,application_error,2026-03-04T05:24:00+00:00
INC-202600747,INC-202600747,2026-03-04T06:00:00+00:00,2026-03-04T07:30:00+00:00,P4,resolved,Digital Operations,Patient Operations Portal,svc-patient-portal,availability,1.5,False,application_error,2026-03-04T07:30:00+00:00
INC-202600748,INC-202600748,2026-03-04T08:00:00+00:00,2026-03-04T13:06:00+00:00,P1,resolved,Service Desk,Order Management,svc-order-mgmt,availability,5.1,False,certificate_expiry,2026-03-04T13:06:00+00:00
INC-202600749,INC-202600749,2026-03-04T10:00:00+00:00,2026-03-04T12:00:00+00:00,P2,resolved,Service Desk,Identity Gateway,svc-identity-gateway,authentication,2.0,False,application_error,2026-03-04T12:00:00+00:00
INC-202600750,INC-202600750,2026-03-04T12:00:00+00:00,2026-03-04T13:06:00+00:00,P3,resolved,Digital Operations,Patient Operations Portal,svc-patient-portal,availability,1.1,False,application_error,2026-03-04T13:06:00+00:00
INC-202600751,INC-202600751,2026-03-04T14:00:00+00:00,2026-03-04T15:12:00+00:00,P4,resolved,Service Desk,Order Management,svc-order-mgmt,availability,1.2,False,application_error,2026-03-04T15:12:00+00:00
INC-202600752,INC-202600752,2026-03-04T16:00:00+00:00,2026-03-04T20:48:00+00:00,P1,resolved,Service Desk,Identity Gateway,svc-identity-gateway,authentication,4.8,False,application_error,2026-03-04T20:48:00+00:00
INC-202600753,INC-202600753,2026-03-04T18:00:00+00:00,2026-03-04T20:24:00+00:00,P2,resolved,Digital Operations,Patient Operations Portal,svc-patient-portal,availability,2.4,False,application_error,2026-03-04T20:24:00+00:00
INC-202600754,INC-202600754,2026-03-04T20:00:00+00:00,2026-03-04T21:30:00+00:00,P3,resolved,Service Desk,Order Management,svc-order-mgmt,availability,1.5,False,application_error,2026-03-04T21:30:00+00:00
INC-202600755,INC-202600755,2026-03-04T22:00:00+00:00,2026-03-04T23:36:00+00:00,P4,resolved,Service Desk,Identity Gateway,svc-identity-gateway,authentication,1.6,False,application_error,2026-03-04T23:36:00+00:00
INC-202600756,INC-202600756,2026-03-05T00:00:00+00:00,2026-03-05T04:30:00+00:00,P1,resolved,Digital Operations,Patient Operations Portal,svc-patient-portal,availability,4.5,False,application_error,2026-03-05T04:30:00+00:00
INC-202600757,INC-202600757,2026-03-05T02:00:00+00:00,2026-03-05T04:06:00+00:00,P2,resolved,Service Desk,Order Management,svc-order-mgmt,availability,2.1,False,application_error,2026-03-05T04:06:00+00:00
INC-202600758,INC-202600758,2026-03-05T04:00:00+00:00,2026-03-05T05:12:00+00:00,P3,resolved,Service Desk,Identity Gateway,svc-identity-gateway,authentication,1.2,False,application_error,2026-03-05T05:12:00+00:00
INC-202600759,INC-202600759,2026-03-05T06:00:00+00:00,2026-03-05T07:18:00+00:00,P4,resolved,Digital Operations,Patient Operations Portal,svc-patient-portal,availability,1.3,False,application_error,2026-03-05T07:18:00+00:00
INC-202600760,INC-202600760,2026-03-05T08:00:00+00:00,2026-03-05T12:54:00+00:00,P1,resolved,Service Desk,Order Management,svc-order-mgmt,availability,4.9,True,application_error,2026-03-05T12:54:00+00:00
INC-202600761,INC-202600761,2026-03-05T10:00:00+00:00,2026-03-05T12:30:00+00:00,P2,resolved,Service Desk,Identity Gateway,svc-identity-gateway,authentication,2.5,False,application_error,2026-03-05T12:30:00+00:00
INC-202600762,INC-202600762,2026-03-05T12:00:00+00:00,2026-03-05T13:36:00+00:00,P3,resolved,Digital Operations,Patient Operations Portal,svc-patient-portal,availability,1.6,False,application_error,2026-03-05T13:36:00+00:00
INC-202600763,INC-202600763,2026-03-05T14:00:00+00:00,2026-03-05T15:00:00+00:00,P4,resolved,Service Desk,Order Management,svc-order-mgmt,availability,1.0,False,application_error,2026-03-05T15:00:00+00:00
INC-202600764,INC-202600764,2026-03-05T16:00:00+00:00,2026-03-05T20:36:00+00:00,P1,resolved,Service Desk,Identity Gateway,svc-identity-gateway,authentication,4.6,False,application_error,2026-03-05T20:36:00+00:00
INC-202600765,INC-202600765,2026-03-05T18:00:00+00:00,2026-03-05T20:12:00+00:00,P2,resolved,Digital Operations,Patient Operations Portal,svc-patient-portal,availability,2.2,False,certificate_expiry,2026-03-05T20:12:00+00:00
INC-202600766,INC-202600766,2026-03-05T20:00:00+00:00,2026-03-05T21:18:00+00:00,P3,resolved,Service Desk,Order Management,svc-order-mgmt,availability,1.3,False,application_error,2026-03-05T21:18:00+00:00
INC-202600767,INC-202600767,2026-03-05T22:00:00+00:00,2026-03-05T23:24:00+00:00,P4,resolved,Service Desk,Identity Gateway,svc-identity-gateway,authentication,1.4,False,application_error,2026-03-05T23:24:00+00:00
INC-202600768,INC-202600768,2026-03-06T00:00:00+00:00,2026-03-06T05:00:00+00:00,P1,resolved,Digital Operations,Patient Operations Portal,svc-patient-portal,availability,5.0,False,application_error,2026-03-06T05:00:00+00:00
INC-202600769,INC-202600769,2026-03-06T02:00:00+00:00,2026-03-06T04:36:00+00:00,P2,resolved,Service Desk,Order Management,svc-order-mgmt,availability,2.6,False,application_error,2026-03-06T04:36:00+00:00
INC-202600770,INC-202600770,2026-03-06T04:00:00+00:00,2026-03-06T05:00:00+00:00,P3,resolved,Service Desk,Identity Gateway,svc-identity-gateway,authentication,1.0,False,application_error,2026-03-06T05:00:00+00:00
INC-202600771,INC-202600771,2026-03-06T06:00:00+00:00,2026-03-06T07:06:00+00:00,P4,resolved,Digital Operations,Patient Operations Portal,svc-patient-portal,availability,1.1,False,application_error,2026-03-06T07:06:00+00:00
INC-202600772,INC-202600772,2026-03-06T08:00:00+00:00,2026-03-06T12:42:00+00:00,P1,resolved,Service Desk,Order Management,svc-order-mgmt,availability,4.7,False,application_error,2026-03-06T12:42:00+00:00
INC-202600773,INC-202600773,2026-03-06T10:00:00+00:00,2026-03-06T12:18:00+00:00,P2,resolved,Service Desk,Identity Gateway,svc-identity-gateway,authentication,2.3,False,application_error,2026-03-06T12:18:00+00:00
INC-202600774,INC-202600774,2026-03-06T12:00:00+00:00,2026-03-06T13:24:00+00:00,P3,resolved,Digital Operations,Patient Operations Portal,svc-patient-portal,availability,1.4,False,application_error,2026-03-06T13:24:00+00:00
INC-202600775,INC-202600775,2026-03-06T14:00:00+00:00,2026-03-06T15:30:00+00:00,P4,resolved,Service Desk,Order Management,svc-order-mgmt,availability,1.5,False,application_error,2026-03-06T15:30:00+00:00
INC-202600776,INC-202600776,2026-03-06T16:00:00+00:00,2026-03-06T21:06:00+00:00,P1,resolved,Service Desk,Identity Gateway,svc-identity-gateway,authentication,5.1,False,application_error,2026-03-06T21:06:00+00:00
INC-202600777,INC-202600777,2026-03-06T18:00:00+00:00,2026-03-06T20:00:00+00:00,P2,resolved,Digital Operations,Patient Operations Portal,svc-patient-portal,availability,2.0,False,application_error,2026-03-06T20:00:00+00:00
INC-202600778,INC-202600778,2026-03-06T20:00:00+00:00,2026-03-06T21:06:00+00:00,P3,resolved,Service Desk,Order Management,svc-order-mgmt,availability,1.1,False,application_error,2026-03-06T21:06:00+00:00
INC-202600779,INC-202600779,2026-03-06T22:00:00+00:00,2026-03-06T23:12:00+00:00,P4,resolved,Service Desk,Identity Gateway,svc-identity-gateway,authentication,1.2,False,application_error,2026-03-06T23:12:00+00:00
INC-202600780,INC-202600780,2026-03-07T00:00:00+00:00,2026-03-07T04:48:00+00:00,P1,resolved,Digital Operations,Patient Operations Portal,svc-patient-portal,availability,4.8,True,application_error,2026-03-07T04:48:00+00:00
INC-202600781,INC-202600781,2026-03-07T02:00:00+00:00,2026-03-07T04:24:00+00:00,P2,resolved,Service Desk,Order Management,svc-order-mgmt,availability,2.4,False,application_error,2026-03-07T04:24:00+00:00
INC-202600782,INC-202600782,2026-03-07T04:00:00+00:00,2026-03-07T05:30:00+00:00,P3,resolved,Service Desk,Identity Gateway,svc-identity-gateway,authentication,1.5,False,certificate_expiry,2026-03-07T05:30:00+00:00
INC-202600783,INC-202600783,2026-03-07T06:00:00+00:00,2026-03-07T07:36:00+00:00,P4,resolved,Digital Operations,Patient Operations Portal,svc-patient-portal,availability,1.6,False,application_error,2026-03-07T07:36:00+00:00
INC-202600784,INC-202600784,2026-03-07T08:00:00+00:00,2026-03-07T12:30:00+00:00,P1,resolved,Service Desk,Order Management,svc-order-mgmt,availability,4.5,False,application_error,2026-03-07T12:30:00+00:00
INC-202600785,INC-202600785,2026-03-07T10:00:00+00:00,2026-03-07T12:06:00+00:00,P2,resolved,Service Desk,Identity Gateway,svc-identity-gateway,authentication,2.1,False,application_error,2026-03-07T12:06:00+00:00
INC-202600786,INC-202600786,2026-03-07T12:00:00+00:00,2026-03-07T13:12:00+00:00,P3,resolved,Digital Operations,Patient Operations Portal,svc-patient-portal,availability,1.2,False,application_error,2026-03-07T13:12:00+00:00
INC-202600787,INC-202600787,2026-03-07T14:00:00+00:00,2026-03-07T15:18:00+00:00,P4,resolved,Service Desk,Order Management,svc-order-mgmt,availability,1.3,False,application_error,2026-03-07T15:18:00+00:00
INC-202600788,INC-202600788,2026-03-07T16:00:00+00:00,2026-03-07T20:54:00+00:00,P1,resolved,Service Desk,Identity Gateway,svc-identity-gateway,authentication,4.9,False,application_error,2026-03-07T20:54:00+00:00
INC-202600789,INC-202600789,2026-03-07T18:00:00+00:00,2026-03-07T20:30:00+00:00,P2,resolved,Digital Operations,Patient Operations Portal,svc-patient-portal,availability,2.5,False,application_error,2026-03-07T20:30:00+00:00
INC-202600790,INC-202600790,2026-03-07T20:00:00+00:00,2026-03-07T21:36:00+00:00,P3,resolved,Service Desk,Order Management,svc-order-mgmt,availability,1.6,False,application_error,2026-03-07T21:36:00+00:00
INC-202600791,INC-202600791,2026-03-07T22:00:00+00:00,2026-03-07T23:00:00+00:00,P4,resolved,Service Desk,Identity Gateway,svc-identity-gateway,authentication,1.0,False,application_error,2026-03-07T23:00:00+00:00
INC-202600792,INC-202600792,2026-03-08T00:00:00+00:00,2026-03-08T04:36:00+00:00,P1,resolved,Digital Operations,Patient Operations Portal,svc-patient-portal,availability,4.6,False,application_error,2026-03-08T04:36:00+00:00
INC-202600793,INC-202600793,2026-03-08T02:00:00+00:00,2026-03-08T04:12:00+00:00,P2,resolved,Service Desk,Order Management,svc-order-mgmt,availability,2.2,False,application_error,2026-03-08T04:12:00+00:00
INC-202600794,INC-202600794,2026-03-08T04:00:00+00:00,2026-03-08T05:18:00+00:00,P3,resolved,Service Desk,Identity Gateway,svc-identity-gateway,authentication,1.3,False,application_error,2026-03-08T05:18:00+00:00
INC-202600795,INC-202600795,2026-03-08T06:00:00+00:00,2026-03-08T07:24:00+00:00,P4,resolved,Digital Operations,Patient Operations Portal,svc-patient-portal,availability,1.4,False,application_error,2026-03-08T07:24:00+00:00
INC-202600796,INC-202600796,2026-03-08T08:00:00+00:00,2026-03-08T13:00:00+00:00,P1,resolved,Service Desk,Order Management,svc-order-mgmt,availability,5.0,False,application_error,2026-03-08T13:00:00+00:00
INC-202600797,INC-202600797,2026-03-08T10:00:00+00:00,2026-03-08T12:36:00+00:00,P2,resolved,Service Desk,Identity Gateway,svc-identity-gateway,authentication,2.6,False,application_error,2026-03-08T12:36:00+00:00
INC-202600798,INC-202600798,2026-03-08T12:00:00+00:00,2026-03-08T13:00:00+00:00,P3,resolved,Digital Operations,Patient Operations Portal,svc-patient-portal,availability,1.0,False,application_error,2026-03-08T13:00:00+00:00
INC-202600799,INC-202600799,2026-03-08T14:00:00+00:00,2026-03-08T15:06:00+00:00,P4,resolved,Service Desk,Order Management,svc-order-mgmt,availability,1.1,False,certificate_expiry,2026-03-08T15:06:00+00:00
INC-202600800,INC-202600800,2026-03-08T16:00:00+00:00,2026-03-08T20:42:00+00:00,P1,resolved,Service Desk,Identity Gateway,svc-identity-gateway,authentication,4.7,True,application_error,2026-03-08T20:42:00+00:00
INC-202600801,INC-202600801,2026-03-08T18:00:00+00:00,2026-03-08T20:18:00+00:00,P2,resolved,Digital Operations,Patient Operations Portal,svc-patient-portal,availability,2.3,False,application_error,2026-03-08T20:18:00+00:00
INC-202600802,INC-202600802,2026-03-08T20:00:00+00:00,2026-03-08T21:24:00+00:00,P3,resolved,Service Desk,Order Management,svc-order-mgmt,availability,1.4,False,application_error,2026-03-08T21:24:00+00:00
INC-202600803,INC-202600803,2026-03-08T22:00:00+00:00,2026-03-08T23:30:00+00:00,P4,resolved,Service Desk,Identity Gateway,svc-identity-gateway,authentication,1.5,False,application_error,2026-03-08T23:30:00+00:00
INC-202600804,INC-202600804,2026-03-09T00:00:00+00:00,2026-03-09T05:06:00+00:00,P1,resolved,Digital Operations,Patient Operations Portal,svc-patient-portal,availability,5.1,False,application_error,2026-03-09T05:06:00+00:00
INC-202600805,INC-202600805,2026-03-09T02:00:00+00:00,2026-03-09T04:00:00+00:00,P2,resolved,Service Desk,Order Management,svc-order-mgmt,availability,2.0,False,application_error,2026-03-09T04:00:00+00:00
INC-202600806,INC-202600806,2026-03-09T04:00:00+00:00,2026-03-09T05:06:00+00:00,P3,resolved,Service Desk,Identity Gateway,svc-identity-gateway,authentication,1.1,False,application_error,2026-03-09T05:06:00+00:00
INC-202600807,INC-202600807,2026-03-09T06:00:00+00:00,2026-03-09T07:12:00+00:00,P4,resolved,Digital Operations,Patient Operations Portal,svc-patient-portal,availability,1.2,False,application_error,2026-03-09T07:12:00+00:00
INC-202600808,INC-202600808,2026-03-09T08:00:00+00:00,2026-03-09T12:48:00+00:00,P1,resolved,Service Desk,Order Management,svc-order-mgmt,availability,4.8,False,application_error,2026-03-09T12:48:00+00:00
INC-202600809,INC-202600809,2026-03-09T10:00:00+00:00,2026-03-09T12:24:00+00:00,P2,resolved,Service Desk,Identity Gateway,svc-identity-gateway,authentication,2.4,False,application_error,2026-03-09T12:24:00+00:00
INC-202600810,INC-202600810,2026-03-09T12:00:00+00:00,2026-03-09T13:30:00+00:00,P3,resolved,Digital Operations,Patient Operations Portal,svc-patient-portal,availability,1.5,False,application_error,2026-03-09T13:30:00+00:00
INC-202600811,INC-202600811,2026-03-09T14:00:00+00:00,2026-03-09T15:36:00+00:00,P4,resolved,Service Desk,Order Management,svc-order-mgmt,availability,1.6,False,application_error,2026-03-09T15:36:00+00:00
INC-202600812,INC-202600812,2026-03-09T16:00:00+00:00,2026-03-09T20:30:00+00:00,P1,resolved,Service Desk,Identity Gateway,svc-identity-gateway,authentication,4.5,False,application_error,2026-03-09T20:30:00+00:00
INC-202600813,INC-202600813,2026-03-09T18:00:00+00:00,2026-03-09T20:06:00+00:00,P2,resolved,Digital Operations,Patient Operations Portal,svc-patient-portal,availability,2.1,False,application_error,2026-03-09T20:06:00+00:00
INC-202600814,INC-202600814,2026-03-09T20:00:00+00:00,2026-03-09T21:12:00+00:00,P3,resolved,Service Desk,Order Management,svc-order-mgmt,availability,1.2,False,application_error,2026-03-09T21:12:00+00:00
INC-202600815,INC-202600815,2026-03-09T22:00:00+00:00,2026-03-09T23:18:00+00:00,P4,resolved,Service Desk,Identity Gateway,svc-identity-gateway,authentication,1.3,False,application_error,2026-03-09T23:18:00+00:00
INC-202600816,INC-202600816,2026-03-10T00:00:00+00:00,2026-03-10T04:54:00+00:00,P1,resolved,Digital Operations,Patient Operations Portal,svc-patient-portal,availability,4.9,False,certificate_expiry,2026-03-10T04:54:00+00:00
INC-202600817,INC-202600817,2026-03-10T02:00:00+00:00,2026-03-10T04:30:00+00:00,P2,resolved,Service Desk,Order Management,svc-order-mgmt,availability,2.5,False,application_error,2026-03-10T04:30:00+00:00
INC-202600818,INC-202600818,2026-03-10T04:00:00+00:00,2026-03-10T05:36:00+00:00,P3,resolved,Service Desk,Identity Gateway,svc-identity-gateway,authentication,1.6,False,application_error,2026-03-10T05:36:00+00:00
INC-202600819,INC-202600819,2026-03-10T06:00:00+00:00,2026-03-10T07:00:00+00:00,P4,resolved,Digital Operations,Patient Operations Portal,svc-patient-portal,availability,1.0,False,application_error,2026-03-10T07:00:00+00:00
INC-202600820,INC-202600820,2026-03-10T08:00:00+00:00,2026-03-10T12:36:00+00:00,P1,resolved,Service Desk,Order Management,svc-order-mgmt,availability,4.6,True,application_error,2026-03-10T12:36:00+00:00
INC-202600821,INC-202600821,2026-03-10T10:00:00+00:00,2026-03-10T12:12:00+00:00,P2,resolved,Service Desk,Identity Gateway,svc-identity-gateway,authentication,2.2,False,application_error,2026-03-10T12:12:00+00:00
INC-202600822,INC-202600822,2026-03-10T12:00:00+00:00,2026-03-10T13:18:00+00:00,P3,resolved,Digital Operations,Patient Operations Portal,svc-patient-portal,availability,1.3,False,application_error,2026-03-10T13:18:00+00:00
INC-202600823,INC-202600823,2026-03-10T14:00:00+00:00,2026-03-10T15:24:00+00:00,P4,resolved,Service Desk,Order Management,svc-order-mgmt,availability,1.4,False,application_error,2026-03-10T15:24:00+00:00
INC-202600824,INC-202600824,2026-03-10T16:00:00+00:00,2026-03-10T21:00:00+00:00,P1,resolved,Service Desk,Identity Gateway,svc-identity-gateway,authentication,5.0,False,application_error,2026-03-10T21:00:00+00:00
INC-202600825,INC-202600825,2026-03-10T18:00:00+00:00,2026-03-10T20:36:00+00:00,P2,resolved,Digital Operations,Patient Operations Portal,svc-patient-portal,availability,2.6,False,application_error,2026-03-10T20:36:00+00:00
INC-202600826,INC-202600826,2026-03-10T20:00:00+00:00,2026-03-10T21:00:00+00:00,P3,resolved,Service Desk,Order Management,svc-order-mgmt,availability,1.0,False,application_error,2026-03-10T21:00:00+00:00
INC-202600827,INC-202600827,2026-03-10T22:00:00+00:00,2026-03-10T23:06:00+00:00,P4,resolved,Service Desk,Identity Gateway,svc-identity-gateway,authentication,1.1,False,application_error,2026-03-10T23:06:00+00:00
INC-202600828,INC-202600828,2026-03-11T00:00:00+00:00,2026-03-11T04:42:00+00:00,P1,resolved,Digital Operations,Patient Operations Portal,svc-patient-portal,availability,4.7,False,application_error,2026-03-11T04:42:00+00:00
INC-202600829,INC-202600829,2026-03-11T02:00:00+00:00,2026-03-11T04:18:00+00:00,P2,resolved,Service Desk,Order Management,svc-order-mgmt,availability,2.3,False,application_error,2026-03-11T04:18:00+00:00
INC-202600830,INC-202600830,2026-03-11T04:00:00+00:00,2026-03-11T05:24:00+00:00,P3,resolved,Service Desk,Identity Gateway,svc-identity-gateway,authentication,1.4,False,application_error,2026-03-11T05:24:00+00:00
INC-202600831,INC-202600831,2026-03-11T06:00:00+00:00,2026-03-11T07:30:00+00:00,P4,resolved,Digital Operations,Patient Operations Portal,svc-patient-portal,availability,1.5,False,application_error,2026-03-11T07:30:00+00:00
INC-202600832,INC-202600832,2026-03-11T08:00:00+00:00,2026-03-11T13:06:00+00:00,P1,resolved,Service Desk,Order Management,svc-order-mgmt,availability,5.1,False,application_error,2026-03-11T13:06:00+00:00
INC-202600833,INC-202600833,2026-03-11T10:00:00+00:00,2026-03-11T12:00:00+00:00,P2,resolved,Service Desk,Identity Gateway,svc-identity-gateway,authentication,2.0,False,certificate_expiry,2026-03-11T12:00:00+00:00
INC-202600834,INC-202600834,2026-03-11T12:00:00+00:00,2026-03-11T13:06:00+00:00,P3,resolved,Digital Operations,Patient Operations Portal,svc-patient-portal,availability,1.1,False,application_error,2026-03-11T13:06:00+00:00
INC-202600835,INC-202600835,2026-03-11T14:00:00+00:00,2026-03-11T15:12:00+00:00,P4,resolved,Service Desk,Order Management,svc-order-mgmt,availability,1.2,False,application_error,2026-03-11T15:12:00+00:00
INC-202600836,INC-202600836,2026-03-11T16:00:00+00:00,2026-03-11T20:48:00+00:00,P1,resolved,Service Desk,Identity Gateway,svc-identity-gateway,authentication,4.8,False,application_error,2026-03-11T20:48:00+00:00
INC-202600837,INC-202600837,2026-03-11T18:00:00+00:00,2026-03-11T20:24:00+00:00,P2,resolved,Digital Operations,Patient Operations Portal,svc-patient-portal,availability,2.4,False,application_error,2026-03-11T20:24:00+00:00
INC-202600838,INC-202600838,2026-03-11T20:00:00+00:00,2026-03-11T21:30:00+00:00,P3,resolved,Service Desk,Order Management,svc-order-mgmt,availability,1.5,False,application_error,2026-03-11T21:30:00+00:00
INC-202600839,INC-202600839,2026-03-11T22:00:00+00:00,2026-03-11T23:36:00+00:00,P4,resolved,Service Desk,Identity Gateway,svc-identity-gateway,authentication,1.6,False,application_error,2026-03-11T23:36:00+00:00
INC-202600840,INC-202600840,2026-03-12T00:00:00+00:00,2026-03-12T04:30:00+00:00,P1,resolved,Digital Operations,Patient Operations Portal,svc-patient-portal,availability,4.5,True,application_error,2026-03-12T04:30:00+00:00
INC-202600841,INC-202600841,2026-03-12T02:00:00+00:00,2026-03-12T04:06:00+00:00,P2,resolved,Service Desk,Order Management,svc-order-mgmt,availability,2.1,False,application_error,2026-03-12T04:06:00+00:00
INC-202600842,INC-202600842,2026-03-12T04:00:00+00:00,2026-03-12T05:12:00+00:00,P3,resolved,Service Desk,Identity Gateway,svc-identity-gateway,authentication,1.2,False,application_error,2026-03-12T05:12:00+00:00
INC-202600843,INC-202600843,2026-03-12T06:00:00+00:00,2026-03-12T07:18:00+00:00,P4,resolved,Digital Operations,Patient Operations Portal,svc-patient-portal,availability,1.3,False,application_error,2026-03-12T07:18:00+00:00
INC-202600844,INC-202600844,2026-03-12T08:00:00+00:00,2026-03-12T12:54:00+00:00,P1,resolved,Service Desk,Order Management,svc-order-mgmt,availability,4.9,False,application_error,2026-03-12T12:54:00+00:00
INC-202600845,INC-202600845,2026-03-12T10:00:00+00:00,2026-03-12T12:30:00+00:00,P2,resolved,Service Desk,Identity Gateway,svc-identity-gateway,authentication,2.5,False,application_error,2026-03-12T12:30:00+00:00
INC-202600846,INC-202600846,2026-03-12T12:00:00+00:00,2026-03-12T13:36:00+00:00,P3,resolved,Digital Operations,Patient Operations Portal,svc-patient-portal,availability,1.6,False,application_error,2026-03-12T13:36:00+00:00
INC-202600847,INC-202600847,2026-03-12T14:00:00+00:00,2026-03-12T15:00:00+00:00,P4,resolved,Service Desk,Order Management,svc-order-mgmt,availability,1.0,False,application_error,2026-03-12T15:00:00+00:00
INC-202600848,INC-202600848,2026-03-12T16:00:00+00:00,2026-03-12T20:36:00+00:00,P1,resolved,Service Desk,Identity Gateway,svc-identity-gateway,authentication,4.6,False,application_error,2026-03-12T20:36:00+00:00
INC-202600849,INC-202600849,2026-03-12T18:00:00+00:00,2026-03-12T20:12:00+00:00,P2,resolved,Digital Operations,Patient Operations Portal,svc-patient-portal,availability,2.2,False,application_error,2026-03-12T20:12:00+00:00
INC-202600850,INC-202600850,2026-03-12T20:00:00+00:00,2026-03-12T21:18:00+00:00,P3,resolved,Service Desk,Order Management,svc-order-mgmt,availability,1.3,False,certificate_expiry,2026-03-12T21:18:00+00:00
INC-202600851,INC-202600851,2026-03-12T22:00:00+00:00,2026-03-12T23:24:00+00:00,P4,resolved,Service Desk,Identity Gateway,svc-identity-gateway,authentication,1.4,False,application_error,2026-03-12T23:24:00+00:00
INC-202600852,INC-202600852,2026-03-13T00:00:00+00:00,2026-03-13T05:00:00+00:00,P1,resolved,Digital Operations,Patient Operations Portal,svc-patient-portal,availability,5.0,False,application_error,2026-03-13T05:00:00+00:00
INC-202600853,INC-202600853,2026-03-13T02:00:00+00:00,2026-03-13T04:36:00+00:00,P2,resolved,Service Desk,Order Management,svc-order-mgmt,availability,2.6,False,application_error,2026-03-13T04:36:00+00:00
INC-202600854,INC-202600854,2026-03-13T04:00:00+00:00,2026-03-13T05:00:00+00:00,P3,resolved,Service Desk,Identity Gateway,svc-identity-gateway,authentication,1.0,False,application_error,2026-03-13T05:00:00+00:00
INC-202600855,INC-202600855,2026-03-13T06:00:00+00:00,2026-03-13T07:06:00+00:00,P4,resolved,Digital Operations,Patient Operations Portal,svc-patient-portal,availability,1.1,False,application_error,2026-03-13T07:06:00+00:00
INC-202600856,INC-202600856,2026-03-13T08:00:00+00:00,2026-03-13T12:42:00+00:00,P1,resolved,Service Desk,Order Management,svc-order-mgmt,availability,4.7,False,application_error,2026-03-13T12:42:00+00:00
INC-202600857,INC-202600857,2026-03-13T10:00:00+00:00,2026-03-13T12:18:00+00:00,P2,resolved,Service Desk,Identity Gateway,svc-identity-gateway,authentication,2.3,False,application_error,2026-03-13T12:18:00+00:00
INC-202600858,INC-202600858,2026-03-13T12:00:00+00:00,2026-03-13T13:24:00+00:00,P3,resolved,Digital Operations,Patient Operations Portal,svc-patient-portal,availability,1.4,False,application_error,2026-03-13T13:24:00+00:00
INC-202600859,INC-202600859,2026-03-13T14:00:00+00:00,2026-03-13T15:30:00+00:00,P4,resolved,Service Desk,Order Management,svc-order-mgmt,availability,1.5,False,application_error,2026-03-13T15:30:00+00:00
INC-202600860,INC-202600860,2026-03-13T16:00:00+00:00,2026-03-13T21:06:00+00:00,P1,resolved,Service Desk,Identity Gateway,svc-identity-gateway,authentication,5.1,True,application_error,2026-03-13T21:06:00+00:00
INC-202600861,INC-202600861,2026-03-13T18:00:00+00:00,2026-03-13T20:00:00+00:00,P2,resolved,Digital Operations,Patient Operations Portal,svc-patient-portal,availability,2.0,False,application_error,2026-03-13T20:00:00+00:00
INC-202600862,INC-202600862,2026-03-13T20:00:00+00:00,2026-03-13T21:06:00+00:00,P3,resolved,Service Desk,Order Management,svc-order-mgmt,availability,1.1,False,application_error,2026-03-13T21:06:00+00:00
INC-202600863,INC-202600863,2026-03-13T22:00:00+00:00,2026-03-13T23:12:00+00:00,P4,resolved,Service Desk,Identity Gateway,svc-identity-gateway,authentication,1.2,False,application_error,2026-03-13T23:12:00+00:00
INC-202600864,INC-202600864,2026-03-14T00:00:00+00:00,2026-03-14T04:48:00+00:00,P1,resolved,Digital Operations,Patient Operations Portal,svc-patient-portal,availability,4.8,False,application_error,2026-03-14T04:48:00+00:00
INC-202600865,INC-202600865,2026-03-14T02:00:00+00:00,2026-03-14T04:24:00+00:00,P2,resolved,Service Desk,Order Management,svc-order-mgmt,availability,2.4,False,application_error,2026-03-14T04:24:00+00:00
INC-202600866,INC-202600866,2026-03-14T04:00:00+00:00,2026-03-14T05:30:00+00:00,P3,resolved,Service Desk,Identity Gateway,svc-identity-gateway,authentication,1.5,False,application_error,2026-03-14T05:30:00+00:00
INC-202600867,INC-202600867,2026-03-14T06:00:00+00:00,2026-03-14T07:36:00+00:00,P4,resolved,Digital Operations,Patient Operations Portal,svc-patient-portal,availability,1.6,False,certificate_expiry,2026-03-14T07:36:00+00:00
INC-202600868,INC-202600868,2026-03-14T08:00:00+00:00,2026-03-14T12:30:00+00:00,P1,resolved,Service Desk,Order Management,svc-order-mgmt,availability,4.5,False,application_error,2026-03-14T12:30:00+00:00
INC-202600869,INC-202600869,2026-03-14T10:00:00+00:00,2026-03-14T12:06:00+00:00,P2,resolved,Service Desk,Identity Gateway,svc-identity-gateway,authentication,2.1,False,application_error,2026-03-14T12:06:00+00:00
INC-202600870,INC-202600870,2026-03-14T12:00:00+00:00,2026-03-14T13:12:00+00:00,P3,resolved,Digital Operations,Patient Operations Portal,svc-patient-portal,availability,1.2,False,application_error,2026-03-14T13:12:00+00:00
INC-202600871,INC-202600871,2026-03-14T14:00:00+00:00,2026-03-14T15:18:00+00:00,P4,resolved,Service Desk,Order Management,svc-order-mgmt,availability,1.3,False,application_error,2026-03-14T15:18:00+00:00
INC-202600872,INC-202600872,2026-03-14T16:00:00+00:00,2026-03-14T20:54:00+00:00,P1,resolved,Service Desk,Identity Gateway,svc-identity-gateway,authentication,4.9,False,application_error,2026-03-14T20:54:00+00:00
INC-202600873,INC-202600873,2026-03-14T18:00:00+00:00,2026-03-14T20:30:00+00:00,P2,resolved,Digital Operations,Patient Operations Portal,svc-patient-portal,availability,2.5,False,application_error,2026-03-14T20:30:00+00:00
INC-202600874,INC-202600874,2026-03-14T20:00:00+00:00,2026-03-14T21:36:00+00:00,P3,resolved,Service Desk,Order Management,svc-order-mgmt,availability,1.6,False,application_error,2026-03-14T21:36:00+00:00
INC-202600875,INC-202600875,2026-03-14T22:00:00+00:00,2026-03-14T23:00:00+00:00,P4,resolved,Service Desk,Identity Gateway,svc-identity-gateway,authentication,1.0,False,application_error,2026-03-14T23:00:00+00:00
INC-202600876,INC-202600876,2026-03-15T00:00:00+00:00,2026-03-15T04:36:00+00:00,P1,resolved,Digital Operations,Patient Operations Portal,svc-patient-portal,availability,4.6,False,application_error,2026-03-15T04:36:00+00:00
INC-202600877,INC-202600877,2026-03-15T02:00:00+00:00,2026-03-15T04:12:00+00:00,P2,resolved,Service Desk,Order Management,svc-order-mgmt,availability,2.2,False,application_error,2026-03-15T04:12:00+00:00
INC-202600878,INC-202600878,2026-03-15T04:00:00+00:00,2026-03-15T05:18:00+00:00,P3,resolved,Service Desk,Identity Gateway,svc-identity-gateway,authentication,1.3,False,application_error,2026-03-15T05:18:00+00:00
INC-202600879,INC-202600879,2026-03-15T06:00:00+00:00,2026-03-15T07:24:00+00:00,P4,resolved,Digital Operations,Patient Operations Portal,svc-patient-portal,availability,1.4,False,application_error,2026-03-15T07:24:00+00:00
INC-202600880,INC-202600880,2026-03-15T08:00:00+00:00,2026-03-15T13:00:00+00:00,P1,resolved,Service Desk,Order Management,svc-order-mgmt,availability,5.0,True,application_error,2026-03-15T13:00:00+00:00
INC-202600881,INC-202600881,2026-03-15T10:00:00+00:00,2026-03-15T12:36:00+00:00,P2,resolved,Service Desk,Identity Gateway,svc-identity-gateway,authentication,2.6,False,application_error,2026-03-15T12:36:00+00:00
INC-202600882,INC-202600882,2026-03-15T12:00:00+00:00,2026-03-15T13:00:00+00:00,P3,resolved,Digital Operations,Patient Operations Portal,svc-patient-portal,availability,1.0,False,application_error,2026-03-15T13:00:00+00:00
INC-202600883,INC-202600883,2026-03-15T14:00:00+00:00,2026-03-15T15:06:00+00:00,P4,resolved,Service Desk,Order Management,svc-order-mgmt,availability,1.1,False,application_error,2026-03-15T15:06:00+00:00
INC-202600884,INC-202600884,2026-03-15T16:00:00+00:00,2026-03-15T20:42:00+00:00,P1,resolved,Service Desk,Identity Gateway,svc-identity-gateway,authentication,4.7,False,certificate_expiry,2026-03-15T20:42:00+00:00
INC-202600885,INC-202600885,2026-03-15T18:00:00+00:00,2026-03-15T20:18:00+00:00,P2,resolved,Digital Operations,Patient Operations Portal,svc-patient-portal,availability,2.3,False,application_error,2026-03-15T20:18:00+00:00
INC-202600886,INC-202600886,2026-03-15T20:00:00+00:00,2026-03-15T21:24:00+00:00,P3,resolved,Service Desk,Order Management,svc-order-mgmt,availability,1.4,False,application_error,2026-03-15T21:24:00+00:00
INC-202600887,INC-202600887,2026-03-15T22:00:00+00:00,2026-03-15T23:30:00+00:00,P4,resolved,Service Desk,Identity Gateway,svc-identity-gateway,authentication,1.5,False,application_error,2026-03-15T23:30:00+00:00
INC-202600888,INC-202600888,2026-03-16T00:00:00+00:00,2026-03-16T05:06:00+00:00,P1,resolved,Digital Operations,Patient Operations Portal,svc-patient-portal,availability,5.1,False,application_error,2026-03-16T05:06:00+00:00
INC-202600889,INC-202600889,2026-03-16T02:00:00+00:00,2026-03-16T04:00:00+00:00,P2,resolved,Service Desk,Order Management,svc-order-mgmt,availability,2.0,False,application_error,2026-03-16T04:00:00+00:00
INC-202600890,INC-202600890,2026-03-16T04:00:00+00:00,2026-03-16T05:06:00+00:00,P3,resolved,Service Desk,Identity Gateway,svc-identity-gateway,authentication,1.1,False,application_error,2026-03-16T05:06:00+00:00
INC-202600891,INC-202600891,2026-03-16T06:00:00+00:00,2026-03-16T07:12:00+00:00,P4,resolved,Digital Operations,Patient Operations Portal,svc-patient-portal,availability,1.2,False,application_error,2026-03-16T07:12:00+00:00
INC-202600892,INC-202600892,2026-03-16T08:00:00+00:00,2026-03-16T12:48:00+00:00,P1,resolved,Service Desk,Order Management,svc-order-mgmt,availability,4.8,False,application_error,2026-03-16T12:48:00+00:00
INC-202600893,INC-202600893,2026-03-16T10:00:00+00:00,2026-03-16T12:24:00+00:00,P2,resolved,Service Desk,Identity Gateway,svc-identity-gateway,authentication,2.4,False,application_error,2026-03-16T12:24:00+00:00
INC-202600894,INC-202600894,2026-03-16T12:00:00+00:00,2026-03-16T13:30:00+00:00,P3,resolved,Digital Operations,Patient Operations Portal,svc-patient-portal,availability,1.5,False,application_error,2026-03-16T13:30:00+00:00
INC-202600895,INC-202600895,2026-03-16T14:00:00+00:00,2026-03-16T15:36:00+00:00,P4,resolved,Service Desk,Order Management,svc-order-mgmt,availability,1.6,False,application_error,2026-03-16T15:36:00+00:00
INC-202600896,INC-202600896,2026-03-16T16:00:00+00:00,2026-03-16T20:30:00+00:00,P1,resolved,Service Desk,Identity Gateway,svc-identity-gateway,authentication,4.5,False,application_error,2026-03-16T20:30:00+00:00
INC-202600897,INC-202600897,2026-03-16T18:00:00+00:00,2026-03-16T20:06:00+00:00,P2,resolved,Digital Operations,Patient Operations Portal,svc-patient-portal,availability,2.1,False,application_error,2026-03-16T20:06:00+00:00
INC-202600898,INC-202600898,2026-03-16T20:00:00+00:00,2026-03-16T21:12:00+00:00,P3,resolved,Service Desk,Order Management,svc-order-mgmt,availability,1.2,False,application_error,2026-03-16T21:12:00+00:00
INC-202600899,INC-202600899,2026-03-16T22:00:00+00:00,2026-03-16T23:18:00+00:00,P4,resolved,Service Desk,Identity Gateway,svc-identity-gateway,authentication,1.3,False,application_error,2026-03-16T23:18:00+00:00
INC-202600900,INC-202600900,2026-03-17T00:00:00+00:00,2026-03-17T04:54:00+00:00,P1,resolved,Digital Operations,Patient Operations Portal,svc-patient-portal,availability,4.9,True,application_error,2026-03-17T04:54:00+00:00
INC-202600901,INC-202600901,2026-03-17T02:00:00+00:00,2026-03-17T04:30:00+00:00,P2,resolved,Service Desk,Order Management,svc-order-mgmt,availability,2.5,False,certificate_expiry,2026-03-17T04:30:00+00:00
INC-202600902,INC-202600902,2026-03-17T04:00:00+00:00,2026-03-17T05:36:00+00:00,P3,resolved,Service Desk,Identity Gateway,svc-identity-gateway,authentication,1.6,False,application_error,2026-03-17T05:36:00+00:00
INC-202600903,INC-202600903,2026-03-17T06:00:00+00:00,2026-03-17T07:00:00+00:00,P4,resolved,Digital Operations,Patient Operations Portal,svc-patient-portal,availability,1.0,False,application_error,2026-03-17T07:00:00+00:00
INC-202600904,INC-202600904,2026-03-17T08:00:00+00:00,2026-03-17T12:36:00+00:00,P1,resolved,Service Desk,Order Management,svc-order-mgmt,availability,4.6,False,application_error,2026-03-17T12:36:00+00:00
INC-202600905,INC-202600905,2026-03-17T10:00:00+00:00,2026-03-17T12:12:00+00:00,P2,resolved,Service Desk,Identity Gateway,svc-identity-gateway,authentication,2.2,False,application_error,2026-03-17T12:12:00+00:00
INC-202600906,INC-202600906,2026-03-17T12:00:00+00:00,2026-03-17T13:18:00+00:00,P3,resolved,Digital Operations,Patient Operations Portal,svc-patient-portal,availability,1.3,False,application_error,2026-03-17T13:18:00+00:00
INC-202600907,INC-202600907,2026-03-17T14:00:00+00:00,2026-03-17T15:24:00+00:00,P4,resolved,Service Desk,Order Management,svc-order-mgmt,availability,1.4,False,application_error,2026-03-17T15:24:00+00:00
INC-202600908,INC-202600908,2026-03-17T16:00:00+00:00,2026-03-17T21:00:00+00:00,P1,resolved,Service Desk,Identity Gateway,svc-identity-gateway,authentication,5.0,False,application_error,2026-03-17T21:00:00+00:00
INC-202600909,INC-202600909,2026-03-17T18:00:00+00:00,2026-03-17T20:36:00+00:00,P2,resolved,Digital Operations,Patient Operations Portal,svc-patient-portal,availability,2.6,False,application_error,2026-03-17T20:36:00+00:00
INC-202600910,INC-202600910,2026-03-17T20:00:00+00:00,2026-03-17T21:00:00+00:00,P3,resolved,Service Desk,Order Management,svc-order-mgmt,availability,1.0,False,application_error,2026-03-17T21:00:00+00:00
INC-202600911,INC-202600911,2026-03-17T22:00:00+00:00,2026-03-17T23:06:00+00:00,P4,resolved,Service Desk,Identity Gateway,svc-identity-gateway,authentication,1.1,False,application_error,2026-03-17T23:06:00+00:00
INC-202600912,INC-202600912,2026-03-18T00:00:00+00:00,2026-03-18T04:42:00+00:00,P1,resolved,Digital Operations,Patient Operations Portal,svc-patient-portal,availability,4.7,False,application_error,2026-03-18T04:42:00+00:00
INC-202600913,INC-202600913,2026-03-18T02:00:00+00:00,2026-03-18T04:18:00+00:00,P2,resolved,Service Desk,Order Management,svc-order-mgmt,availability,2.3,False,application_error,2026-03-18T04:18:00+00:00
INC-202600914,INC-202600914,2026-03-18T04:00:00+00:00,2026-03-18T05:24:00+00:00,P3,resolved,Service Desk,Identity Gateway,svc-identity-gateway,authentication,1.4,False,application_error,2026-03-18T05:24:00+00:00
INC-202600915,INC-202600915,2026-03-18T06:00:00+00:00,2026-03-18T07:30:00+00:00,P4,resolved,Digital Operations,Patient Operations Portal,svc-patient-portal,availability,1.5,False,application_error,2026-03-18T07:30:00+00:00
INC-202600916,INC-202600916,2026-03-18T08:00:00+00:00,2026-03-18T13:06:00+00:00,P1,resolved,Service Desk,Order Management,svc-order-mgmt,availability,5.1,False,application_error,2026-03-18T13:06:00+00:00
INC-202600917,INC-202600917,2026-03-18T10:00:00+00:00,2026-03-18T12:00:00+00:00,P2,resolved,Service Desk,Identity Gateway,svc-identity-gateway,authentication,2.0,False,application_error,2026-03-18T12:00:00+00:00
INC-202600918,INC-202600918,2026-03-18T12:00:00+00:00,2026-03-18T13:06:00+00:00,P3,resolved,Digital Operations,Patient Operations Portal,svc-patient-portal,availability,1.1,False,certificate_expiry,2026-03-18T13:06:00+00:00
INC-202600919,INC-202600919,2026-03-18T14:00:00+00:00,2026-03-18T15:12:00+00:00,P4,resolved,Service Desk,Order Management,svc-order-mgmt,availability,1.2,False,application_error,2026-03-18T15:12:00+00:00
INC-202600920,INC-202600920,2026-03-18T16:00:00+00:00,2026-03-18T20:48:00+00:00,P1,resolved,Service Desk,Identity Gateway,svc-identity-gateway,authentication,4.8,True,application_error,2026-03-18T20:48:00+00:00
INC-202600921,INC-202600921,2026-03-18T18:00:00+00:00,2026-03-18T20:24:00+00:00,P2,resolved,Digital Operations,Patient Operations Portal,svc-patient-portal,availability,2.4,False,application_error,2026-03-18T20:24:00+00:00
INC-202600922,INC-202600922,2026-03-18T20:00:00+00:00,2026-03-18T21:30:00+00:00,P3,resolved,Service Desk,Order Management,svc-order-mgmt,availability,1.5,False,application_error,2026-03-18T21:30:00+00:00
INC-202600923,INC-202600923,2026-03-18T22:00:00+00:00,2026-03-18T23:36:00+00:00,P4,resolved,Service Desk,Identity Gateway,svc-identity-gateway,authentication,1.6,False,application_error,2026-03-18T23:36:00+00:00
INC-202600924,INC-202600924,2026-03-19T00:00:00+00:00,2026-03-19T04:30:00+00:00,P1,resolved,Digital Operations,Patient Operations Portal,svc-patient-portal,availability,4.5,False,application_error,2026-03-19T04:30:00+00:00
INC-202600925,INC-202600925,2026-03-19T02:00:00+00:00,2026-03-19T04:06:00+00:00,P2,resolved,Service Desk,Order Management,svc-order-mgmt,availability,2.1,False,application_error,2026-03-19T04:06:00+00:00
INC-202600926,INC-202600926,2026-03-19T04:00:00+00:00,2026-03-19T05:12:00+00:00,P3,resolved,Service Desk,Identity Gateway,svc-identity-gateway,authentication,1.2,False,application_error,2026-03-19T05:12:00+00:00
INC-202600927,INC-202600927,2026-03-19T06:00:00+00:00,2026-03-19T07:18:00+00:00,P4,resolved,Digital Operations,Patient Operations Portal,svc-patient-portal,availability,1.3,False,application_error,2026-03-19T07:18:00+00:00
INC-202600928,INC-202600928,2026-03-19T08:00:00+00:00,2026-03-19T12:54:00+00:00,P1,resolved,Service Desk,Order Management,svc-order-mgmt,availability,4.9,False,application_error,2026-03-19T12:54:00+00:00
INC-202600929,INC-202600929,2026-03-19T10:00:00+00:00,2026-03-19T12:30:00+00:00,P2,resolved,Service Desk,Identity Gateway,svc-identity-gateway,authentication,2.5,False,application_error,2026-03-19T12:30:00+00:00
INC-202600930,INC-202600930,2026-03-19T12:00:00+00:00,2026-03-19T13:36:00+00:00,P3,resolved,Digital Operations,Patient Operations Portal,svc-patient-portal,availability,1.6,False,application_error,2026-03-19T13:36:00+00:00
INC-202600931,INC-202600931,2026-03-19T14:00:00+00:00,2026-03-19T15:00:00+00:00,P4,resolved,Service Desk,Order Management,svc-order-mgmt,availability,1.0,False,application_error,2026-03-19T15:00:00+00:00
INC-202600932,INC-202600932,2026-03-19T16:00:00+00:00,2026-03-19T20:36:00+00:00,P1,resolved,Service Desk,Identity Gateway,svc-identity-gateway,authentication,4.6,False,application_error,2026-03-19T20:36:00+00:00
INC-202600933,INC-202600933,2026-03-19T18:00:00+00:00,2026-03-19T20:12:00+00:00,P2,resolved,Digital Operations,Patient Operations Portal,svc-patient-portal,availability,2.2,False,application_error,2026-03-19T20:12:00+00:00
INC-202600934,INC-202600934,2026-03-19T20:00:00+00:00,2026-03-19T21:18:00+00:00,P3,resolved,Service Desk,Order Management,svc-order-mgmt,availability,1.3,False,application_error,2026-03-19T21:18:00+00:00
INC-202600935,INC-202600935,2026-03-19T22:00:00+00:00,2026-03-19T23:24:00+00:00,P4,resolved,Service Desk,Identity Gateway,svc-identity-gateway,authentication,1.4,False,certificate_expiry,2026-03-19T23:24:00+00:00
INC-202600936,INC-202600936,2026-03-20T00:00:00+00:00,2026-03-20T05:00:00+00:00,P1,resolved,Digital Operations,Patient Operations Portal,svc-patient-portal,availability,5.0,False,application_error,2026-03-20T05:00:00+00:00
INC-202600937,INC-202600937,2026-03-20T02:00:00+00:00,2026-03-20T04:36:00+00:00,P2,resolved,Service Desk,Order Management,svc-order-mgmt,availability,2.6,False,application_error,2026-03-20T04:36:00+00:00
INC-202600938,INC-202600938,2026-03-20T04:00:00+00:00,2026-03-20T05:00:00+00:00,P3,resolved,Service Desk,Identity Gateway,svc-identity-gateway,authentication,1.0,False,application_error,2026-03-20T05:00:00+00:00
INC-202600939,INC-202600939,2026-03-20T06:00:00+00:00,2026-03-20T07:06:00+00:00,P4,resolved,Digital Operations,Patient Operations Portal,svc-patient-portal,availability,1.1,False,application_error,2026-03-20T07:06:00+00:00
INC-202600940,INC-202600940,2026-03-20T08:00:00+00:00,2026-03-20T12:42:00+00:00,P1,resolved,Service Desk,Order Management,svc-order-mgmt,availability,4.7,True,application_error,2026-03-20T12:42:00+00:00
INC-202600941,INC-202600941,2026-03-20T10:00:00+00:00,2026-03-20T12:18:00+00:00,P2,resolved,Service Desk,Identity Gateway,svc-identity-gateway,authentication,2.3,False,application_error,2026-03-20T12:18:00+00:00
INC-202600942,INC-202600942,2026-03-20T12:00:00+00:00,2026-03-20T13:24:00+00:00,P3,resolved,Digital Operations,Patient Operations Portal,svc-patient-portal,availability,1.4,False,application_error,2026-03-20T13:24:00+00:00
INC-202600943,INC-202600943,2026-03-20T14:00:00+00:00,2026-03-20T15:30:00+00:00,P4,resolved,Service Desk,Order Management,svc-order-mgmt,availability,1.5,False,application_error,2026-03-20T15:30:00+00:00
INC-202600944,INC-202600944,2026-03-20T16:00:00+00:00,2026-03-20T21:06:00+00:00,P1,resolved,Service Desk,Identity Gateway,svc-identity-gateway,authentication,5.1,False,application_error,2026-03-20T21:06:00+00:00
INC-202600945,INC-202600945,2026-03-20T18:00:00+00:00,2026-03-20T20:00:00+00:00,P2,resolved,Digital Operations,Patient Operations Portal,svc-patient-portal,availability,2.0,False,application_error,2026-03-20T20:00:00+00:00
INC-202600946,INC-202600946,2026-03-20T20:00:00+00:00,2026-03-20T21:06:00+00:00,P3,resolved,Service Desk,Order Management,svc-order-mgmt,availability,1.1,False,application_error,2026-03-20T21:06:00+00:00
INC-202600947,INC-202600947,2026-03-20T22:00:00+00:00,2026-03-20T23:12:00+00:00,P4,resolved,Service Desk,Identity Gateway,svc-identity-gateway,authentication,1.2,False,application_error,2026-03-20T23:12:00+00:00
INC-202600948,INC-202600948,2026-03-21T00:00:00+00:00,2026-03-21T04:48:00+00:00,P1,resolved,Digital Operations,Patient Operations Portal,svc-patient-portal,availability,4.8,False,application_error,2026-03-21T04:48:00+00:00
INC-202600949,INC-202600949,2026-03-21T02:00:00+00:00,2026-03-21T04:24:00+00:00,P2,resolved,Service Desk,Order Management,svc-order-mgmt,availability,2.4,False,application_error,2026-03-21T04:24:00+00:00
INC-202600950,INC-202600950,2026-03-21T04:00:00+00:00,2026-03-21T05:30:00+00:00,P3,resolved,Service Desk,Identity Gateway,svc-identity-gateway,authentication,1.5,False,application_error,2026-03-21T05:30:00+00:00
INC-202600951,INC-202600951,2026-03-21T06:00:00+00:00,2026-03-21T07:36:00+00:00,P4,resolved,Digital Operations,Patient Operations Portal,svc-patient-portal,availability,1.6,False,application_error,2026-03-21T07:36:00+00:00
INC-202600952,INC-202600952,2026-03-21T08:00:00+00:00,2026-03-21T12:30:00+00:00,P1,resolved,Service Desk,Order Management,svc-order-mgmt,availability,4.5,False,certificate_expiry,2026-03-21T12:30:00+00:00
INC-202600953,INC-202600953,2026-03-21T10:00:00+00:00,2026-03-21T12:06:00+00:00,P2,resolved,Service Desk,Identity Gateway,svc-identity-gateway,authentication,2.1,False,application_error,2026-03-21T12:06:00+00:00
INC-202600954,INC-202600954,2026-03-21T12:00:00+00:00,2026-03-21T13:12:00+00:00,P3,resolved,Digital Operations,Patient Operations Portal,svc-patient-portal,availability,1.2,False,application_error,2026-03-21T13:12:00+00:00
INC-202600955,INC-202600955,2026-03-21T14:00:00+00:00,2026-03-21T15:18:00+00:00,P4,resolved,Service Desk,Order Management,svc-order-mgmt,availability,1.3,False,application_error,2026-03-21T15:18:00+00:00
INC-202600956,INC-202600956,2026-03-21T16:00:00+00:00,2026-03-21T20:54:00+00:00,P1,resolved,Service Desk,Identity Gateway,svc-identity-gateway,authentication,4.9,False,application_error,2026-03-21T20:54:00+00:00
INC-202600957,INC-202600957,2026-03-21T18:00:00+00:00,2026-03-21T20:30:00+00:00,P2,resolved,Digital Operations,Patient Operations Portal,svc-patient-portal,availability,2.5,False,application_error,2026-03-21T20:30:00+00:00
INC-202600958,INC-202600958,2026-03-21T20:00:00+00:00,2026-03-21T21:36:00+00:00,P3,resolved,Service Desk,Order Management,svc-order-mgmt,availability,1.6,False,application_error,2026-03-21T21:36:00+00:00
INC-202600959,INC-202600959,2026-03-21T22:00:00+00:00,2026-03-21T23:00:00+00:00,P4,resolved,Service Desk,Identity Gateway,svc-identity-gateway,authentication,1.0,False,application_error,2026-03-21T23:00:00+00:00
INC-202600960,INC-202600960,2026-03-22T00:00:00+00:00,2026-03-22T04:36:00+00:00,P1,resolved,Digital Operations,Patient Operations Portal,svc-patient-portal,availability,4.6,True,application_error,2026-03-22T04:36:00+00:00
INC-202600961,INC-202600961,2026-03-22T02:00:00+00:00,2026-03-22T04:12:00+00:00,P2,resolved,Service Desk,Order Management,svc-order-mgmt,availability,2.2,False,application_error,2026-03-22T04:12:00+00:00
INC-202600962,INC-202600962,2026-03-22T04:00:00+00:00,2026-03-22T05:18:00+00:00,P3,resolved,Service Desk,Identity Gateway,svc-identity-gateway,authentication,1.3,False,application_error,2026-03-22T05:18:00+00:00
INC-202600963,INC-202600963,2026-03-22T06:00:00+00:00,2026-03-22T07:24:00+00:00,P4,resolved,Digital Operations,Patient Operations Portal,svc-patient-portal,availability,1.4,False,application_error,2026-03-22T07:24:00+00:00
INC-202600964,INC-202600964,2026-03-22T08:00:00+00:00,2026-03-22T13:00:00+00:00,P1,resolved,Service Desk,Order Management,svc-order-mgmt,availability,5.0,False,application_error,2026-03-22T13:00:00+00:00
INC-202600965,INC-202600965,2026-03-22T10:00:00+00:00,2026-03-22T12:36:00+00:00,P2,resolved,Service Desk,Identity Gateway,svc-identity-gateway,authentication,2.6,False,application_error,2026-03-22T12:36:00+00:00
INC-202600966,INC-202600966,2026-03-22T12:00:00+00:00,2026-03-22T13:00:00+00:00,P3,resolved,Digital Operations,Patient Operations Portal,svc-patient-portal,availability,1.0,False,application_error,2026-03-22T13:00:00+00:00
INC-202600967,INC-202600967,2026-03-22T14:00:00+00:00,2026-03-22T15:06:00+00:00,P4,resolved,Service Desk,Order Management,svc-order-mgmt,availability,1.1,False,application_error,2026-03-22T15:06:00+00:00
INC-202600968,INC-202600968,2026-03-22T16:00:00+00:00,2026-03-22T20:42:00+00:00,P1,resolved,Service Desk,Identity Gateway,svc-identity-gateway,authentication,4.7,False,application_error,2026-03-22T20:42:00+00:00
INC-202600969,INC-202600969,2026-03-22T18:00:00+00:00,2026-03-22T20:18:00+00:00,P2,resolved,Digital Operations,Patient Operations Portal,svc-patient-portal,availability,2.3,False,certificate_expiry,2026-03-22T20:18:00+00:00
INC-202600970,INC-202600970,2026-03-22T20:00:00+00:00,2026-03-22T21:24:00+00:00,P3,resolved,Service Desk,Order Management,svc-order-mgmt,availability,1.4,False,application_error,2026-03-22T21:24:00+00:00
INC-202600971,INC-202600971,2026-03-22T22:00:00+00:00,2026-03-22T23:30:00+00:00,P4,resolved,Service Desk,Identity Gateway,svc-identity-gateway,authentication,1.5,False,application_error,2026-03-22T23:30:00+00:00
INC-202600972,INC-202600972,2026-03-23T00:00:00+00:00,2026-03-23T05:06:00+00:00,P1,resolved,Digital Operations,Patient Operations Portal,svc-patient-portal,availability,5.1,False,application_error,2026-03-23T05:06:00+00:00
INC-202600973,INC-202600973,2026-03-23T02:00:00+00:00,2026-03-23T04:00:00+00:00,P2,resolved,Service Desk,Order Management,svc-order-mgmt,availability,2.0,False,application_error,2026-03-23T04:00:00+00:00
INC-202600974,INC-202600974,2026-03-23T04:00:00+00:00,2026-03-23T05:06:00+00:00,P3,resolved,Service Desk,Identity Gateway,svc-identity-gateway,authentication,1.1,False,application_error,2026-03-23T05:06:00+00:00
INC-202600975,INC-202600975,2026-03-23T06:00:00+00:00,2026-03-23T07:12:00+00:00,P4,resolved,Digital Operations,Patient Operations Portal,svc-patient-portal,availability,1.2,False,application_error,2026-03-23T07:12:00+00:00
INC-202600976,INC-202600976,2026-03-23T08:00:00+00:00,2026-03-23T12:48:00+00:00,P1,resolved,Service Desk,Order Management,svc-order-mgmt,availability,4.8,False,application_error,2026-03-23T12:48:00+00:00
INC-202600977,INC-202600977,2026-03-23T10:00:00+00:00,2026-03-23T12:24:00+00:00,P2,resolved,Service Desk,Identity Gateway,svc-identity-gateway,authentication,2.4,False,application_error,2026-03-23T12:24:00+00:00
INC-202600978,INC-202600978,2026-03-23T12:00:00+00:00,2026-03-23T13:30:00+00:00,P3,resolved,Digital Operations,Patient Operations Portal,svc-patient-portal,availability,1.5,False,application_error,2026-03-23T13:30:00+00:00
INC-202600979,INC-202600979,2026-03-23T14:00:00+00:00,2026-03-23T15:36:00+00:00,P4,resolved,Service Desk,Order Management,svc-order-mgmt,availability,1.6,False,application_error,2026-03-23T15:36:00+00:00
INC-202600980,INC-202600980,2026-03-23T16:00:00+00:00,2026-03-23T20:30:00+00:00,P1,resolved,Service Desk,Identity Gateway,svc-identity-gateway,authentication,4.5,True,application_error,2026-03-23T20:30:00+00:00
INC-202600981,INC-202600981,2026-03-23T18:00:00+00:00,2026-03-23T20:06:00+00:00,P2,resolved,Digital Operations,Patient Operations Portal,svc-patient-portal,availability,2.1,False,application_error,2026-03-23T20:06:00+00:00
INC-202600982,INC-202600982,2026-03-23T20:00:00+00:00,2026-03-23T21:12:00+00:00,P3,resolved,Service Desk,Order Management,svc-order-mgmt,availability,1.2,False,application_error,2026-03-23T21:12:00+00:00
INC-202600983,INC-202600983,2026-03-23T22:00:00+00:00,2026-03-23T23:18:00+00:00,P4,resolved,Service Desk,Identity Gateway,svc-identity-gateway,authentication,1.3,False,application_error,2026-03-23T23:18:00+00:00
INC-202600984,INC-202600984,2026-03-24T00:00:00+00:00,2026-03-24T04:54:00+00:00,P1,resolved,Digital Operations,Patient Operations Portal,svc-patient-portal,availability,4.9,False,application_error,2026-03-24T04:54:00+00:00
INC-202600985,INC-202600985,2026-03-24T02:00:00+00:00,2026-03-24T04:30:00+00:00,P2,resolved,Service Desk,Order Management,svc-order-mgmt,availability,2.5,False,application_error,2026-03-24T04:30:00+00:00
INC-202600986,INC-202600986,2026-03-24T04:00:00+00:00,2026-03-24T05:36:00+00:00,P3,resolved,Service Desk,Identity Gateway,svc-identity-gateway,authentication,1.6,False,certificate_expiry,2026-03-24T05:36:00+00:00
INC-202600987,INC-202600987,2026-03-24T06:00:00+00:00,2026-03-24T07:00:00+00:00,P4,resolved,Digital Operations,Patient Operations Portal,svc-patient-portal,availability,1.0,False,application_error,2026-03-24T07:00:00+00:00
INC-202600988,INC-202600988,2026-03-24T08:00:00+00:00,2026-03-24T12:36:00+00:00,P1,resolved,Service Desk,Order Management,svc-order-mgmt,availability,4.6,False,application_error,2026-03-24T12:36:00+00:00
INC-202600989,INC-202600989,2026-03-24T10:00:00+00:00,2026-03-24T12:12:00+00:00,P2,resolved,Service Desk,Identity Gateway,svc-identity-gateway,authentication,2.2,False,application_error,2026-03-24T12:12:00+00:00
INC-202600990,INC-202600990,2026-03-24T12:00:00+00:00,2026-03-24T13:18:00+00:00,P3,resolved,Digital Operations,Patient Operations Portal,svc-patient-portal,availability,1.3,False,application_error,2026-03-24T13:18:00+00:00
INC-202600991,INC-202600991,2026-03-24T14:00:00+00:00,2026-03-24T15:24:00+00:00,P4,resolved,Service Desk,Order Management,svc-order-mgmt,availability,1.4,False,application_error,2026-03-24T15:24:00+00:00
INC-202600992,INC-202600992,2026-03-24T16:00:00+00:00,2026-03-24T21:00:00+00:00,P1,resolved,Service Desk,Identity Gateway,svc-identity-gateway,authentication,5.0,False,application_error,2026-03-24T21:00:00+00:00
INC-202600993,INC-202600993,2026-03-24T18:00:00+00:00,2026-03-24T20:36:00+00:00,P2,resolved,Digital Operations,Patient Operations Portal,svc-patient-portal,availability,2.6,False,application_error,2026-03-24T20:36:00+00:00
INC-202600994,INC-202600994,2026-03-24T20:00:00+00:00,2026-03-24T21:00:00+00:00,P3,resolved,Service Desk,Order Management,svc-order-mgmt,availability,1.0,False,application_error,2026-03-24T21:00:00+00:00
INC-202600995,INC-202600995,2026-03-24T22:00:00+00:00,2026-03-24T23:06:00+00:00,P4,resolved,Service Desk,Identity Gateway,svc-identity-gateway,authentication,1.1,False,application_error,2026-03-24T23:06:00+00:00
INC-202600996,INC-202600996,2026-03-25T00:00:00+00:00,2026-03-25T04:42:00+00:00,P1,resolved,Digital Operations,Patient Operations Portal,svc-patient-portal,availability,4.7,False,application_error,2026-03-25T04:42:00+00:00
INC-202600997,INC-202600997,2026-03-25T02:00:00+00:00,2026-03-25T04:18:00+00:00,P2,resolved,Service Desk,Order Management,svc-order-mgmt,availability,2.3,False,application_error,2026-03-25T04:18:00+00:00
INC-202600998,INC-202600998,2026-03-25T04:00:00+00:00,2026-03-25T05:24:00+00:00,P3,resolved,Service Desk,Identity Gateway,svc-identity-gateway,authentication,1.4,False,application_error,2026-03-25T05:24:00+00:00
INC-202600999,INC-202600999,2026-03-25T06:00:00+00:00,2026-03-25T07:30:00+00:00,P4,resolved,Digital Operations,Patient Operations Portal,svc-patient-portal,availability,1.5,False,application_error,2026-03-25T07:30:00+00:00
INC-202601000,INC-202601000,2026-03-25T08:00:00+00:00,2026-03-25T13:06:00+00:00,P1,resolved,Service Desk,Order Management,svc-order-mgmt,availability,5.1,True,application_error,2026-03-25T13:06:00+00:00
INC-202601001,INC-202601001,2026-03-25T10:00:00+00:00,2026-03-25T12:00:00+00:00,P2,resolved,Service Desk,Identity Gateway,svc-identity-gateway,authentication,2.0,False,application_error,2026-03-25T12:00:00+00:00
INC-202601002,INC-202601002,2026-03-25T12:00:00+00:00,2026-03-25T13:06:00+00:00,P3,resolved,Digital Operations,Patient Operations Portal,svc-patient-portal,availability,1.1,False,application_error,2026-03-25T13:06:00+00:00
INC-202601003,INC-202601003,2026-03-25T14:00:00+00:00,2026-03-25T15:12:00+00:00,P4,resolved,Service Desk,Order Management,svc-order-mgmt,availability,1.2,False,certificate_expiry,2026-03-25T15:12:00+00:00
INC-202601004,INC-202601004,2026-03-25T16:00:00+00:00,2026-03-25T20:48:00+00:00,P1,resolved,Service Desk,Identity Gateway,svc-identity-gateway,authentication,4.8,False,application_error,2026-03-25T20:48:00+00:00
INC-202601005,INC-202601005,2026-03-25T18:00:00+00:00,2026-03-25T20:24:00+00:00,P2,resolved,Digital Operations,Patient Operations Portal,svc-patient-portal,availability,2.4,False,application_error,2026-03-25T20:24:00+00:00
INC-202601006,INC-202601006,2026-03-25T20:00:00+00:00,2026-03-25T21:30:00+00:00,P3,resolved,Service Desk,Order Management,svc-order-mgmt,availability,1.5,False,application_error,2026-03-25T21:30:00+00:00
INC-202601007,INC-202601007,2026-03-25T22:00:00+00:00,2026-03-25T23:36:00+00:00,P4,resolved,Service Desk,Identity Gateway,svc-identity-gateway,authentication,1.6,False,application_error,2026-03-25T23:36:00+00:00
INC-202601008,INC-202601008,2026-03-26T00:00:00+00:00,2026-03-26T04:30:00+00:00,P1,resolved,Digital Operations,Patient Operations Portal,svc-patient-portal,availability,4.5,False,application_error,2026-03-26T04:30:00+00:00
INC-202601009,INC-202601009,2026-03-26T02:00:00+00:00,2026-03-26T04:06:00+00:00,P2,resolved,Service Desk,Order Management,svc-order-mgmt,availability,2.1,False,application_error,2026-03-26T04:06:00+00:00
INC-202601010,INC-202601010,2026-03-26T04:00:00+00:00,2026-03-26T05:12:00+00:00,P3,resolved,Service Desk,Identity Gateway,svc-identity-gateway,authentication,1.2,False,application_error,2026-03-26T05:12:00+00:00
INC-202601011,INC-202601011,2026-03-26T06:00:00+00:00,2026-03-26T07:18:00+00:00,P4,resolved,Digital Operations,Patient Operations Portal,svc-patient-portal,availability,1.3,False,application_error,2026-03-26T07:18:00+00:00
INC-202601012,INC-202601012,2026-03-26T08:00:00+00:00,2026-03-26T12:54:00+00:00,P1,resolved,Service Desk,Order Management,svc-order-mgmt,availability,4.9,False,application_error,2026-03-26T12:54:00+00:00
INC-202601013,INC-202601013,2026-03-26T10:00:00+00:00,2026-03-26T12:30:00+00:00,P2,resolved,Service Desk,Identity Gateway,svc-identity-gateway,authentication,2.5,False,application_error,2026-03-26T12:30:00+00:00
INC-202601014,INC-202601014,2026-03-26T12:00:00+00:00,2026-03-26T13:36:00+00:00,P3,resolved,Digital Operations,Patient Operations Portal,svc-patient-portal,availability,1.6,False,application_error,2026-03-26T13:36:00+00:00
INC-202601015,INC-202601015,2026-03-26T14:00:00+00:00,2026-03-26T15:00:00+00:00,P4,resolved,Service Desk,Order Management,svc-order-mgmt,availability,1.0,False,application_error,2026-03-26T15:00:00+00:00
INC-202601016,INC-202601016,2026-03-26T16:00:00+00:00,2026-03-26T20:36:00+00:00,P1,resolved,Service Desk,Identity Gateway,svc-identity-gateway,authentication,4.6,False,application_error,2026-03-26T20:36:00+00:00
INC-202601017,INC-202601017,2026-03-26T18:00:00+00:00,2026-03-26T20:12:00+00:00,P2,resolved,Digital Operations,Patient Operations Portal,svc-patient-portal,availability,2.2,False,application_error,2026-03-26T20:12:00+00:00
INC-202601018,INC-202601018,2026-03-26T20:00:00+00:00,2026-03-26T21:18:00+00:00,P3,resolved,Service Desk,Order Management,svc-order-mgmt,availability,1.3,False,application_error,2026-03-26T21:18:00+00:00
INC-202601019,INC-202601019,2026-03-26T22:00:00+00:00,2026-03-26T23:24:00+00:00,P4,resolved,Service Desk,Identity Gateway,svc-identity-gateway,authentication,1.4,False,application_error,2026-03-26T23:24:00+00:00
INC-202601020,INC-202601020,2026-03-27T00:00:00+00:00,2026-03-27T05:00:00+00:00,P1,resolved,Digital Operations,Patient Operations Portal,svc-patient-portal,availability,5.0,True,certificate_expiry,2026-03-27T05:00:00+00:00
INC-202601021,INC-202601021,2026-03-27T02:00:00+00:00,2026-03-27T04:36:00+00:00,P2,resolved,Service Desk,Order Management,svc-order-mgmt,availability,2.6,False,application_error,2026-03-27T04:36:00+00:00
INC-202601022,INC-202601022,2026-03-27T04:00:00+00:00,2026-03-27T05:00:00+00:00,P3,resolved,Service Desk,Identity Gateway,svc-identity-gateway,authentication,1.0,False,application_error,2026-03-27T05:00:00+00:00
INC-202601023,INC-202601023,2026-03-27T06:00:00+00:00,2026-03-27T07:06:00+00:00,P4,resolved,Digital Operations,Patient Operations Portal,svc-patient-portal,availability,1.1,False,application_error,2026-03-27T07:06:00+00:00
INC-202601024,INC-202601024,2026-03-27T08:00:00+00:00,2026-03-27T12:42:00+00:00,P1,resolved,Service Desk,Order Management,svc-order-mgmt,availability,4.7,False,application_error,2026-03-27T12:42:00+00:00
INC-202601025,INC-202601025,2026-03-27T10:00:00+00:00,2026-03-27T12:18:00+00:00,P2,resolved,Service Desk,Identity Gateway,svc-identity-gateway,authentication,2.3,False,application_error,2026-03-27T12:18:00+00:00
INC-202601026,INC-202601026,2026-03-27T12:00:00+00:00,2026-03-27T13:24:00+00:00,P3,resolved,Digital Operations,Patient Operations Portal,svc-patient-portal,availability,1.4,False,application_error,2026-03-27T13:24:00+00:00
INC-202601027,INC-202601027,2026-03-27T14:00:00+00:00,2026-03-27T15:30:00+00:00,P4,resolved,Service Desk,Order Management,svc-order-mgmt,availability,1.5,False,application_error,2026-03-27T15:30:00+00:00
INC-202601028,INC-202601028,2026-03-27T16:00:00+00:00,2026-03-27T21:06:00+00:00,P1,resolved,Service Desk,Identity Gateway,svc-identity-gateway,authentication,5.1,False,application_error,2026-03-27T21:06:00+00:00
INC-202601029,INC-202601029,2026-03-27T18:00:00+00:00,2026-03-27T20:00:00+00:00,P2,resolved,Digital Operations,Patient Operations Portal,svc-patient-portal,availability,2.0,False,application_error,2026-03-27T20:00:00+00:00
INC-202601030,INC-202601030,2026-03-27T20:00:00+00:00,2026-03-27T21:06:00+00:00,P3,resolved,Service Desk,Order Management,svc-order-mgmt,availability,1.1,False,application_error,2026-03-27T21:06:00+00:00
INC-202601031,INC-202601031,2026-03-27T22:00:00+00:00,2026-03-27T23:12:00+00:00,P4,resolved,Service Desk,Identity Gateway,svc-identity-gateway,authentication,1.2,False,application_error,2026-03-27T23:12:00+00:00
INC-202601032,INC-202601032,2026-03-28T00:00:00+00:00,2026-03-28T04:48:00+00:00,P1,resolved,Digital Operations,Patient Operations Portal,svc-patient-portal,availability,4.8,False,application_error,2026-03-28T04:48:00+00:00
INC-202601033,INC-202601033,2026-03-28T02:00:00+00:00,2026-03-28T04:24:00+00:00,P2,resolved,Service Desk,Order Management,svc-order-mgmt,availability,2.4,False,application_error,2026-03-28T04:24:00+00:00
INC-202601034,INC-202601034,2026-03-28T04:00:00+00:00,2026-03-28T05:30:00+00:00,P3,resolved,Service Desk,Identity Gateway,svc-identity-gateway,authentication,1.5,False,application_error,2026-03-28T05:30:00+00:00
INC-202601035,INC-202601035,2026-03-28T06:00:00+00:00,2026-03-28T07:36:00+00:00,P4,resolved,Digital Operations,Patient Operations Portal,svc-patient-portal,availability,1.6,False,application_error,2026-03-28T07:36:00+00:00
INC-202601036,INC-202601036,2026-03-28T08:00:00+00:00,2026-03-28T12:30:00+00:00,P1,resolved,Service Desk,Order Management,svc-order-mgmt,availability,4.5,False,application_error,2026-03-28T12:30:00+00:00
INC-202601037,INC-202601037,2026-03-28T10:00:00+00:00,2026-03-28T12:06:00+00:00,P2,resolved,Service Desk,Identity Gateway,svc-identity-gateway,authentication,2.1,False,certificate_expiry,2026-03-28T12:06:00+00:00
INC-202601038,INC-202601038,2026-03-28T12:00:00+00:00,2026-03-28T13:12:00+00:00,P3,resolved,Digital Operations,Patient Operations Portal,svc-patient-portal,availability,1.2,False,application_error,2026-03-28T13:12:00+00:00
INC-202601039,INC-202601039,2026-03-28T14:00:00+00:00,2026-03-28T15:18:00+00:00,P4,resolved,Service Desk,Order Management,svc-order-mgmt,availability,1.3,False,application_error,2026-03-28T15:18:00+00:00
INC-202601040,INC-202601040,2026-03-28T16:00:00+00:00,2026-03-28T20:54:00+00:00,P1,resolved,Service Desk,Identity Gateway,svc-identity-gateway,authentication,4.9,True,application_error,2026-03-28T20:54:00+00:00
INC-202601041,INC-202601041,2026-03-28T18:00:00+00:00,2026-03-28T20:30:00+00:00,P2,resolved,Digital Operations,Patient Operations Portal,svc-patient-portal,availability,2.5,False,application_error,2026-03-28T20:30:00+00:00
INC-202601042,INC-202601042,2026-03-28T20:00:00+00:00,2026-03-28T21:36:00+00:00,P3,resolved,Service Desk,Order Management,svc-order-mgmt,availability,1.6,False,application_error,2026-03-28T21:36:00+00:00
INC-202601043,INC-202601043,2026-03-28T22:00:00+00:00,2026-03-28T23:00:00+00:00,P4,resolved,Service Desk,Identity Gateway,svc-identity-gateway,authentication,1.0,False,application_error,2026-03-28T23:00:00+00:00
INC-202601044,INC-202601044,2026-03-29T00:00:00+00:00,2026-03-29T04:36:00+00:00,P1,resolved,Digital Operations,Patient Operations Portal,svc-patient-portal,availability,4.6,False,application_error,2026-03-29T04:36:00+00:00
INC-202601045,INC-202601045,2026-03-29T02:00:00+00:00,2026-03-29T04:12:00+00:00,P2,resolved,Service Desk,Order Management,svc-order-mgmt,availability,2.2,False,application_error,2026-03-29T04:12:00+00:00
INC-202601046,INC-202601046,2026-03-29T04:00:00+00:00,2026-03-29T05:18:00+00:00,P3,resolved,Service Desk,Identity Gateway,svc-identity-gateway,authentication,1.3,False,application_error,2026-03-29T05:18:00+00:00
INC-202601047,INC-202601047,2026-03-29T06:00:00+00:00,2026-03-29T07:24:00+00:00,P4,resolved,Digital Operations,Patient Operations Portal,svc-patient-portal,availability,1.4,False,application_error,2026-03-29T07:24:00+00:00
INC-202601048,INC-202601048,2026-03-29T08:00:00+00:00,2026-03-29T13:00:00+00:00,P1,resolved,Service Desk,Order Management,svc-order-mgmt,availability,5.0,False,application_error,2026-03-29T13:00:00+00:00
INC-202601049,INC-202601049,2026-03-29T10:00:00+00:00,2026-03-29T12:36:00+00:00,P2,resolved,Service Desk,Identity Gateway,svc-identity-gateway,authentication,2.6,False,application_error,2026-03-29T12:36:00+00:00
INC-202601050,INC-202601050,2026-03-29T12:00:00+00:00,2026-03-29T13:00:00+00:00,P3,resolved,Digital Operations,Patient Operations Portal,svc-patient-portal,availability,1.0,False,application_error,2026-03-29T13:00:00+00:00
INC-202601051,INC-202601051,2026-03-29T14:00:00+00:00,2026-03-29T15:06:00+00:00,P4,resolved,Service Desk,Order Management,svc-order-mgmt,availability,1.1,False,application_error,2026-03-29T15:06:00+00:00
INC-202601052,INC-202601052,2026-03-29T16:00:00+00:00,2026-03-29T20:42:00+00:00,P1,resolved,Service Desk,Identity Gateway,svc-identity-gateway,authentication,4.7,False,application_error,2026-03-29T20:42:00+00:00
INC-202601053,INC-202601053,2026-03-29T18:00:00+00:00,2026-03-29T20:18:00+00:00,P2,resolved,Digital Operations,Patient Operations Portal,svc-patient-portal,availability,2.3,False,application_error,2026-03-29T20:18:00+00:00
INC-202601054,INC-202601054,2026-03-29T20:00:00+00:00,2026-03-29T21:24:00+00:00,P3,resolved,Service Desk,Order Management,svc-order-mgmt,availability,1.4,False,certificate_expiry,2026-03-29T21:24:00+00:00
INC-202601055,INC-202601055,2026-03-29T22:00:00+00:00,2026-03-29T23:30:00+00:00,P4,resolved,Service Desk,Identity Gateway,svc-identity-gateway,authentication,1.5,False,application_error,2026-03-29T23:30:00+00:00
INC-202601056,INC-202601056,2026-03-30T00:00:00+00:00,2026-03-30T05:06:00+00:00,P1,resolved,Digital Operations,Patient Operations Portal,svc-patient-portal,availability,5.1,False,application_error,2026-03-30T05:06:00+00:00
INC-202601057,INC-202601057,2026-03-30T02:00:00+00:00,2026-03-30T04:00:00+00:00,P2,resolved,Service Desk,Order Management,svc-order-mgmt,availability,2.0,False,application_error,2026-03-30T04:00:00+00:00
INC-202601058,INC-202601058,2026-03-30T04:00:00+00:00,2026-03-30T05:06:00+00:00,P3,resolved,Service Desk,Identity Gateway,svc-identity-gateway,authentication,1.1,False,application_error,2026-03-30T05:06:00+00:00
INC-202601059,INC-202601059,2026-03-30T06:00:00+00:00,2026-03-30T07:12:00+00:00,P4,resolved,Digital Operations,Patient Operations Portal,svc-patient-portal,availability,1.2,False,application_error,2026-03-30T07:12:00+00:00
INC-202601060,INC-202601060,2026-03-30T08:00:00+00:00,2026-03-30T12:48:00+00:00,P1,resolved,Service Desk,Order Management,svc-order-mgmt,availability,4.8,True,application_error,2026-03-30T12:48:00+00:00
INC-202601061,INC-202601061,2026-03-30T10:00:00+00:00,2026-03-30T12:24:00+00:00,P2,resolved,Service Desk,Identity Gateway,svc-identity-gateway,authentication,2.4,False,application_error,2026-03-30T12:24:00+00:00
INC-202601062,INC-202601062,2026-03-30T12:00:00+00:00,2026-03-30T13:30:00+00:00,P3,resolved,Digital Operations,Patient Operations Portal,svc-patient-portal,availability,1.5,False,application_error,2026-03-30T13:30:00+00:00
INC-202601063,INC-202601063,2026-03-30T14:00:00+00:00,2026-03-30T15:36:00+00:00,P4,resolved,Service Desk,Order Management,svc-order-mgmt,availability,1.6,False,application_error,2026-03-30T15:36:00+00:00
INC-202601064,INC-202601064,2026-03-30T16:00:00+00:00,2026-03-30T20:30:00+00:00,P1,resolved,Service Desk,Identity Gateway,svc-identity-gateway,authentication,4.5,False,application_error,2026-03-30T20:30:00+00:00
INC-202601065,INC-202601065,2026-03-30T18:00:00+00:00,2026-03-30T20:06:00+00:00,P2,resolved,Digital Operations,Patient Operations Portal,svc-patient-portal,availability,2.1,False,application_error,2026-03-30T20:06:00+00:00
INC-202601066,INC-202601066,2026-03-30T20:00:00+00:00,2026-03-30T21:12:00+00:00,P3,resolved,Service Desk,Order Management,svc-order-mgmt,availability,1.2,False,application_error,2026-03-30T21:12:00+00:00
INC-202601067,INC-202601067,2026-03-30T22:00:00+00:00,2026-03-30T23:18:00+00:00,P4,resolved,Service Desk,Identity Gateway,svc-identity-gateway,authentication,1.3,False,application_error,2026-03-30T23:18:00+00:00
INC-202601068,INC-202601068,2026-03-31T00:00:00+00:00,2026-03-31T04:54:00+00:00,P1,resolved,Digital Operations,Patient Operations Portal,svc-patient-portal,availability,4.9,False,application_error,2026-03-31T04:54:00+00:00
INC-202601069,INC-202601069,2026-03-31T02:00:00+00:00,2026-03-31T04:30:00+00:00,P2,resolved,Service Desk,Order Management,svc-order-mgmt,availability,2.5,False,application_error,2026-03-31T04:30:00+00:00
INC-202601070,INC-202601070,2026-03-31T04:00:00+00:00,2026-03-31T05:36:00+00:00,P3,resolved,Service Desk,Identity Gateway,svc-identity-gateway,authentication,1.6,False,application_error,2026-03-31T05:36:00+00:00
INC-202601071,INC-202601071,2026-03-31T06:00:00+00:00,2026-03-31T07:00:00+00:00,P4,resolved,Digital Operations,Patient Operations Portal,svc-patient-portal,availability,1.0,False,certificate_expiry,2026-03-31T07:00:00+00:00
INC-202601072,INC-202601072,2026-03-31T08:00:00+00:00,2026-03-31T12:36:00+00:00,P1,resolved,Service Desk,Order Management,svc-order-mgmt,availability,4.6,False,application_error,2026-03-31T12:36:00+00:00
INC-202601073,INC-202601073,2026-03-31T10:00:00+00:00,2026-03-31T12:12:00+00:00,P2,resolved,Service Desk,Identity Gateway,svc-identity-gateway,authentication,2.2,False,application_error,2026-03-31T12:12:00+00:00
INC-202601074,INC-202601074,2026-03-31T12:00:00+00:00,2026-03-31T13:18:00+00:00,P3,resolved,Digital Operations,Patient Operations Portal,svc-patient-portal,availability,1.3,False,application_error,2026-03-31T13:18:00+00:00
INC-202601075,INC-202601075,2026-03-31T14:00:00+00:00,2026-03-31T15:24:00+00:00,P4,resolved,Service Desk,Order Management,svc-order-mgmt,availability,1.4,False,application_error,2026-03-31T15:24:00+00:00
INC-202601076,INC-202601076,2026-03-31T16:00:00+00:00,2026-03-31T21:00:00+00:00,P1,resolved,Service Desk,Identity Gateway,svc-identity-gateway,authentication,5.0,False,application_error,2026-03-31T21:00:00+00:00
INC-202601077,INC-202601077,2026-03-31T18:00:00+00:00,2026-03-31T20:36:00+00:00,P2,resolved,Digital Operations,Patient Operations Portal,svc-patient-portal,availability,2.6,False,application_error,2026-03-31T20:36:00+00:00
INC-202601078,INC-202601078,2026-03-31T20:00:00+00:00,2026-03-31T21:00:00+00:00,P3,resolved,Service Desk,Order Management,svc-order-mgmt,availability,1.0,False,application_error,2026-03-31T21:00:00+00:00
INC-202601079,INC-202601079,2026-03-31T22:00:00+00:00,2026-03-31T23:06:00+00:00,P4,resolved,Service Desk,Identity Gateway,svc-identity-gateway,authentication,1.1,False,application_error,2026-03-31T23:06:00+00:00
INC-202601080,INC-202601080,2026-04-01T00:00:00+00:00,2026-04-01T04:42:00+00:00,P1,resolved,Digital Operations,Patient Operations Portal,svc-patient-portal,availability,4.7,True,application_error,2026-04-01T04:42:00+00:00
INC-202601081,INC-202601081,2026-04-01T02:00:00+00:00,2026-04-01T04:18:00+00:00,P2,resolved,Service Desk,Order Management,svc-order-mgmt,availability,2.3,False,application_error,2026-04-01T04:18:00+00:00
INC-202601082,INC-202601082,2026-04-01T04:00:00+00:00,2026-04-01T05:24:00+00:00,P3,resolved,Service Desk,Identity Gateway,svc-identity-gateway,authentication,1.4,False,application_error,2026-04-01T05:24:00+00:00
INC-202601083,INC-202601083,2026-04-01T06:00:00+00:00,2026-04-01T07:30:00+00:00,P4,resolved,Digital Operations,Patient Operations Portal,svc-patient-portal,availability,1.5,False,application_error,2026-04-01T07:30:00+00:00
INC-202601084,INC-202601084,2026-04-01T08:00:00+00:00,2026-04-01T13:06:00+00:00,P1,resolved,Service Desk,Order Management,svc-order-mgmt,availability,5.1,False,application_error,2026-04-01T13:06:00+00:00
INC-202601085,INC-202601085,2026-04-01T10:00:00+00:00,2026-04-01T12:00:00+00:00,P2,resolved,Service Desk,Identity Gateway,svc-identity-gateway,authentication,2.0,False,application_error,2026-04-01T12:00:00+00:00
INC-202601086,INC-202601086,2026-04-01T12:00:00+00:00,2026-04-01T13:06:00+00:00,P3,resolved,Digital Operations,Patient Operations Portal,svc-patient-portal,availability,1.1,False,application_error,2026-04-01T13:06:00+00:00
INC-202601087,INC-202601087,2026-04-01T14:00:00+00:00,2026-04-01T15:12:00+00:00,P4,resolved,Service Desk,Order Management,svc-order-mgmt,availability,1.2,False,application_error,2026-04-01T15:12:00+00:00
INC-202601088,INC-202601088,2026-04-01T16:00:00+00:00,2026-04-01T20:48:00+00:00,P1,resolved,Service Desk,Identity Gateway,svc-identity-gateway,authentication,4.8,False,certificate_expiry,2026-04-01T20:48:00+00:00
INC-202601089,INC-202601089,2026-04-01T18:00:00+00:00,2026-04-01T20:24:00+00:00,P2,resolved,Digital Operations,Patient Operations Portal,svc-patient-portal,availability,2.4,False,application_error,2026-04-01T20:24:00+00:00
INC-202601090,INC-202601090,2026-04-01T20:00:00+00:00,2026-04-01T21:30:00+00:00,P3,resolved,Service Desk,Order Management,svc-order-mgmt,availability,1.5,False,application_error,2026-04-01T21:30:00+00:00
INC-202601091,INC-202601091,2026-04-01T22:00:00+00:00,2026-04-01T23:36:00+00:00,P4,resolved,Service Desk,Identity Gateway,svc-identity-gateway,authentication,1.6,False,application_error,2026-04-01T23:36:00+00:00
INC-202601092,INC-202601092,2026-04-02T00:00:00+00:00,2026-04-02T04:30:00+00:00,P1,resolved,Digital Operations,Patient Operations Portal,svc-patient-portal,availability,4.5,False,application_error,2026-04-02T04:30:00+00:00
INC-202601093,INC-202601093,2026-04-02T02:00:00+00:00,2026-04-02T04:06:00+00:00,P2,resolved,Service Desk,Order Management,svc-order-mgmt,availability,2.1,False,application_error,2026-04-02T04:06:00+00:00
INC-202601094,INC-202601094,2026-04-02T04:00:00+00:00,2026-04-02T05:12:00+00:00,P3,resolved,Service Desk,Identity Gateway,svc-identity-gateway,authentication,1.2,False,application_error,2026-04-02T05:12:00+00:00
INC-202601095,INC-202601095,2026-04-02T06:00:00+00:00,2026-04-02T07:18:00+00:00,P4,resolved,Digital Operations,Patient Operations Portal,svc-patient-portal,availability,1.3,False,application_error,2026-04-02T07:18:00+00:00
INC-202601096,INC-202601096,2026-04-02T08:00:00+00:00,2026-04-02T12:54:00+00:00,P1,resolved,Service Desk,Order Management,svc-order-mgmt,availability,4.9,False,application_error,2026-04-02T12:54:00+00:00
INC-202601097,INC-202601097,2026-04-02T10:00:00+00:00,2026-04-02T12:30:00+00:00,P2,resolved,Service Desk,Identity Gateway,svc-identity-gateway,authentication,2.5,False,application_error,2026-04-02T12:30:00+00:00
INC-202601098,INC-202601098,2026-04-02T12:00:00+00:00,2026-04-02T13:36:00+00:00,P3,resolved,Digital Operations,Patient Operations Portal,svc-patient-portal,availability,1.6,False,application_error,2026-04-02T13:36:00+00:00
INC-202601099,INC-202601099,2026-04-02T14:00:00+00:00,2026-04-02T15:00:00+00:00,P4,resolved,Service Desk,Order Management,svc-order-mgmt,availability,1.0,False,application_error,2026-04-02T15:00:00+00:00
INC-202601100,INC-202601100,2026-04-02T16:00:00+00:00,2026-04-02T20:36:00+00:00,P1,resolved,Service Desk,Identity Gateway,svc-identity-gateway,authentication,4.6,True,application_error,2026-04-02T20:36:00+00:00
INC-202601101,INC-202601101,2026-04-02T18:00:00+00:00,2026-04-02T20:12:00+00:00,P2,resolved,Digital Operations,Patient Operations Portal,svc-patient-portal,availability,2.2,False,application_error,2026-04-02T20:12:00+00:00
INC-202601102,INC-202601102,2026-04-02T20:00:00+00:00,2026-04-02T21:18:00+00:00,P3,resolved,Service Desk,Order Management,svc-order-mgmt,availability,1.3,False,application_error,2026-04-02T21:18:00+00:00
INC-202601103,INC-202601103,2026-04-02T22:00:00+00:00,2026-04-02T23:24:00+00:00,P4,resolved,Service Desk,Identity Gateway,svc-identity-gateway,authentication,1.4,False,application_error,2026-04-02T23:24:00+00:00
INC-202601104,INC-202601104,2026-04-03T00:00:00+00:00,2026-04-03T05:00:00+00:00,P1,resolved,Digital Operations,Patient Operations Portal,svc-patient-portal,availability,5.0,False,application_error,2026-04-03T05:00:00+00:00
INC-202601105,INC-202601105,2026-04-03T02:00:00+00:00,2026-04-03T04:36:00+00:00,P2,resolved,Service Desk,Order Management,svc-order-mgmt,availability,2.6,False,certificate_expiry,2026-04-03T04:36:00+00:00
INC-202601106,INC-202601106,2026-04-03T04:00:00+00:00,2026-04-03T05:00:00+00:00,P3,resolved,Service Desk,Identity Gateway,svc-identity-gateway,authentication,1.0,False,application_error,2026-04-03T05:00:00+00:00
INC-202601107,INC-202601107,2026-04-03T06:00:00+00:00,2026-04-03T07:06:00+00:00,P4,resolved,Digital Operations,Patient Operations Portal,svc-patient-portal,availability,1.1,False,application_error,2026-04-03T07:06:00+00:00
INC-202601108,INC-202601108,2026-04-03T08:00:00+00:00,2026-04-03T12:42:00+00:00,P1,resolved,Service Desk,Order Management,svc-order-mgmt,availability,4.7,False,application_error,2026-04-03T12:42:00+00:00
INC-202601109,INC-202601109,2026-04-03T10:00:00+00:00,2026-04-03T12:18:00+00:00,P2,resolved,Service Desk,Identity Gateway,svc-identity-gateway,authentication,2.3,False,application_error,2026-04-03T12:18:00+00:00
INC-202601110,INC-202601110,2026-04-03T12:00:00+00:00,2026-04-03T13:24:00+00:00,P3,resolved,Digital Operations,Patient Operations Portal,svc-patient-portal,availability,1.4,False,application_error,2026-04-03T13:24:00+00:00
INC-202601111,INC-202601111,2026-04-03T14:00:00+00:00,2026-04-03T15:30:00+00:00,P4,resolved,Service Desk,Order Management,svc-order-mgmt,availability,1.5,False,application_error,2026-04-03T15:30:00+00:00
INC-202601112,INC-202601112,2026-04-03T16:00:00+00:00,2026-04-03T21:06:00+00:00,P1,resolved,Service Desk,Identity Gateway,svc-identity-gateway,authentication,5.1,False,application_error,2026-04-03T21:06:00+00:00
INC-202601113,INC-202601113,2026-04-03T18:00:00+00:00,2026-04-03T20:00:00+00:00,P2,resolved,Digital Operations,Patient Operations Portal,svc-patient-portal,availability,2.0,False,application_error,2026-04-03T20:00:00+00:00
INC-202601114,INC-202601114,2026-04-03T20:00:00+00:00,2026-04-03T21:06:00+00:00,P3,resolved,Service Desk,Order Management,svc-order-mgmt,availability,1.1,False,application_error,2026-04-03T21:06:00+00:00
INC-202601115,INC-202601115,2026-04-03T22:00:00+00:00,2026-04-03T23:12:00+00:00,P4,resolved,Service Desk,Identity Gateway,svc-identity-gateway,authentication,1.2,False,application_error,2026-04-03T23:12:00+00:00
INC-202601116,INC-202601116,2026-04-04T00:00:00+00:00,2026-04-04T04:48:00+00:00,P1,resolved,Digital Operations,Patient Operations Portal,svc-patient-portal,availability,4.8,False,application_error,2026-04-04T04:48:00+00:00
INC-202601117,INC-202601117,2026-04-04T02:00:00+00:00,2026-04-04T04:24:00+00:00,P2,resolved,Service Desk,Order Management,svc-order-mgmt,availability,2.4,False,application_error,2026-04-04T04:24:00+00:00
INC-202601118,INC-202601118,2026-04-04T04:00:00+00:00,2026-04-04T05:30:00+00:00,P3,resolved,Service Desk,Identity Gateway,svc-identity-gateway,authentication,1.5,False,application_error,2026-04-04T05:30:00+00:00
INC-202601119,INC-202601119,2026-04-04T06:00:00+00:00,2026-04-04T07:36:00+00:00,P4,resolved,Digital Operations,Patient Operations Portal,svc-patient-portal,availability,1.6,False,application_error,2026-04-04T07:36:00+00:00
INC-202601120,INC-202601120,2026-04-04T08:00:00+00:00,2026-04-04T12:30:00+00:00,P1,resolved,Service Desk,Order Management,svc-order-mgmt,availability,4.5,True,application_error,2026-04-04T12:30:00+00:00
INC-202601121,INC-202601121,2026-04-04T10:00:00+00:00,2026-04-04T12:06:00+00:00,P2,resolved,Service Desk,Identity Gateway,svc-identity-gateway,authentication,2.1,False,application_error,2026-04-04T12:06:00+00:00
INC-202601122,INC-202601122,2026-04-04T12:00:00+00:00,2026-04-04T13:12:00+00:00,P3,resolved,Digital Operations,Patient Operations Portal,svc-patient-portal,availability,1.2,False,certificate_expiry,2026-04-04T13:12:00+00:00
INC-202601123,INC-202601123,2026-04-04T14:00:00+00:00,2026-04-04T15:18:00+00:00,P4,resolved,Service Desk,Order Management,svc-order-mgmt,availability,1.3,False,application_error,2026-04-04T15:18:00+00:00
INC-202601124,INC-202601124,2026-04-04T16:00:00+00:00,2026-04-04T20:54:00+00:00,P1,resolved,Service Desk,Identity Gateway,svc-identity-gateway,authentication,4.9,False,application_error,2026-04-04T20:54:00+00:00
INC-202601125,INC-202601125,2026-04-04T18:00:00+00:00,2026-04-04T20:30:00+00:00,P2,resolved,Digital Operations,Patient Operations Portal,svc-patient-portal,availability,2.5,False,application_error,2026-04-04T20:30:00+00:00
INC-202601126,INC-202601126,2026-04-04T20:00:00+00:00,2026-04-04T21:36:00+00:00,P3,resolved,Service Desk,Order Management,svc-order-mgmt,availability,1.6,False,application_error,2026-04-04T21:36:00+00:00
INC-202601127,INC-202601127,2026-04-04T22:00:00+00:00,2026-04-04T23:00:00+00:00,P4,resolved,Service Desk,Identity Gateway,svc-identity-gateway,authentication,1.0,False,application_error,2026-04-04T23:00:00+00:00
INC-202601128,INC-202601128,2026-04-05T00:00:00+00:00,2026-04-05T04:36:00+00:00,P1,resolved,Digital Operations,Patient Operations Portal,svc-patient-portal,availability,4.6,False,application_error,2026-04-05T04:36:00+00:00
INC-202601129,INC-202601129,2026-04-05T02:00:00+00:00,2026-04-05T04:12:00+00:00,P2,resolved,Service Desk,Order Management,svc-order-mgmt,availability,2.2,False,application_error,2026-04-05T04:12:00+00:00
INC-202601130,INC-202601130,2026-04-05T04:00:00+00:00,2026-04-05T05:18:00+00:00,P3,resolved,Service Desk,Identity Gateway,svc-identity-gateway,authentication,1.3,False,application_error,2026-04-05T05:18:00+00:00
INC-202601131,INC-202601131,2026-04-05T06:00:00+00:00,2026-04-05T07:24:00+00:00,P4,resolved,Digital Operations,Patient Operations Portal,svc-patient-portal,availability,1.4,False,application_error,2026-04-05T07:24:00+00:00
INC-202601132,INC-202601132,2026-04-05T08:00:00+00:00,2026-04-05T13:00:00+00:00,P1,resolved,Service Desk,Order Management,svc-order-mgmt,availability,5.0,False,application_error,2026-04-05T13:00:00+00:00
INC-202601133,INC-202601133,2026-04-05T10:00:00+00:00,2026-04-05T12:36:00+00:00,P2,resolved,Service Desk,Identity Gateway,svc-identity-gateway,authentication,2.6,False,application_error,2026-04-05T12:36:00+00:00
INC-202601134,INC-202601134,2026-04-05T12:00:00+00:00,2026-04-05T13:00:00+00:00,P3,resolved,Digital Operations,Patient Operations Portal,svc-patient-portal,availability,1.0,False,application_error,2026-04-05T13:00:00+00:00
INC-202601135,INC-202601135,2026-04-05T14:00:00+00:00,2026-04-05T15:06:00+00:00,P4,resolved,Service Desk,Order Management,svc-order-mgmt,availability,1.1,False,application_error,2026-04-05T15:06:00+00:00
INC-202601136,INC-202601136,2026-04-05T16:00:00+00:00,2026-04-05T20:42:00+00:00,P1,resolved,Service Desk,Identity Gateway,svc-identity-gateway,authentication,4.7,False,application_error,2026-04-05T20:42:00+00:00
INC-202601137,INC-202601137,2026-04-05T18:00:00+00:00,2026-04-05T20:18:00+00:00,P2,resolved,Digital Operations,Patient Operations Portal,svc-patient-portal,availability,2.3,False,application_error,2026-04-05T20:18:00+00:00
INC-202601138,INC-202601138,2026-04-05T20:00:00+00:00,2026-04-05T21:24:00+00:00,P3,resolved,Service Desk,Order Management,svc-order-mgmt,availability,1.4,False,application_error,2026-04-05T21:24:00+00:00
INC-202601139,INC-202601139,2026-04-05T22:00:00+00:00,2026-04-05T23:30:00+00:00,P4,resolved,Service Desk,Identity Gateway,svc-identity-gateway,authentication,1.5,False,certificate_expiry,2026-04-05T23:30:00+00:00
INC-202601140,INC-202601140,2026-04-06T00:00:00+00:00,2026-04-06T05:06:00+00:00,P1,resolved,Digital Operations,Patient Operations Portal,svc-patient-portal,availability,5.1,True,application_error,2026-04-06T05:06:00+00:00
INC-202601141,INC-202601141,2026-04-06T02:00:00+00:00,2026-04-06T04:00:00+00:00,P2,resolved,Service Desk,Order Management,svc-order-mgmt,availability,2.0,False,application_error,2026-04-06T04:00:00+00:00
INC-202601142,INC-202601142,2026-04-06T04:00:00+00:00,2026-04-06T05:06:00+00:00,P3,resolved,Service Desk,Identity Gateway,svc-identity-gateway,authentication,1.1,False,application_error,2026-04-06T05:06:00+00:00
INC-202601143,INC-202601143,2026-04-06T06:00:00+00:00,2026-04-06T07:12:00+00:00,P4,resolved,Digital Operations,Patient Operations Portal,svc-patient-portal,availability,1.2,False,application_error,2026-04-06T07:12:00+00:00
INC-202601144,INC-202601144,2026-04-06T08:00:00+00:00,2026-04-06T12:48:00+00:00,P1,resolved,Service Desk,Order Management,svc-order-mgmt,availability,4.8,False,application_error,2026-04-06T12:48:00+00:00
INC-202601145,INC-202601145,2026-04-06T10:00:00+00:00,2026-04-06T12:24:00+00:00,P2,resolved,Service Desk,Identity Gateway,svc-identity-gateway,authentication,2.4,False,application_error,2026-04-06T12:24:00+00:00
INC-202601146,INC-202601146,2026-04-06T12:00:00+00:00,2026-04-06T13:30:00+00:00,P3,resolved,Digital Operations,Patient Operations Portal,svc-patient-portal,availability,1.5,False,application_error,2026-04-06T13:30:00+00:00
INC-202601147,INC-202601147,2026-04-06T14:00:00+00:00,2026-04-06T15:36:00+00:00,P4,resolved,Service Desk,Order Management,svc-order-mgmt,availability,1.6,False,application_error,2026-04-06T15:36:00+00:00
INC-202601148,INC-202601148,2026-04-06T16:00:00+00:00,2026-04-06T20:30:00+00:00,P1,resolved,Service Desk,Identity Gateway,svc-identity-gateway,authentication,4.5,False,application_error,2026-04-06T20:30:00+00:00
INC-202601149,INC-202601149,2026-04-06T18:00:00+00:00,2026-04-06T20:06:00+00:00,P2,resolved,Digital Operations,Patient Operations Portal,svc-patient-portal,availability,2.1,False,application_error,2026-04-06T20:06:00+00:00
INC-202601150,INC-202601150,2026-04-06T20:00:00+00:00,2026-04-06T21:12:00+00:00,P3,resolved,Service Desk,Order Management,svc-order-mgmt,availability,1.2,False,application_error,2026-04-06T21:12:00+00:00
INC-202601151,INC-202601151,2026-04-06T22:00:00+00:00,2026-04-06T23:18:00+00:00,P4,resolved,Service Desk,Identity Gateway,svc-identity-gateway,authentication,1.3,False,application_error,2026-04-06T23:18:00+00:00
INC-202601152,INC-202601152,2026-04-07T00:00:00+00:00,2026-04-07T04:54:00+00:00,P1,resolved,Digital Operations,Patient Operations Portal,svc-patient-portal,availability,4.9,False,application_error,2026-04-07T04:54:00+00:00
INC-202601153,INC-202601153,2026-04-07T02:00:00+00:00,2026-04-07T04:30:00+00:00,P2,resolved,Service Desk,Order Management,svc-order-mgmt,availability,2.5,False,application_error,2026-04-07T04:30:00+00:00
INC-202601154,INC-202601154,2026-04-07T04:00:00+00:00,2026-04-07T05:36:00+00:00,P3,resolved,Service Desk,Identity Gateway,svc-identity-gateway,authentication,1.6,False,application_error,2026-04-07T05:36:00+00:00
INC-202601155,INC-202601155,2026-04-07T06:00:00+00:00,2026-04-07T07:00:00+00:00,P4,resolved,Digital Operations,Patient Operations Portal,svc-patient-portal,availability,1.0,False,application_error,2026-04-07T07:00:00+00:00
INC-202601156,INC-202601156,2026-04-07T08:00:00+00:00,2026-04-07T12:36:00+00:00,P1,resolved,Service Desk,Order Management,svc-order-mgmt,availability,4.6,False,certificate_expiry,2026-04-07T12:36:00+00:00
INC-202601157,INC-202601157,2026-04-07T10:00:00+00:00,2026-04-07T12:12:00+00:00,P2,resolved,Service Desk,Identity Gateway,svc-identity-gateway,authentication,2.2,False,application_error,2026-04-07T12:12:00+00:00
INC-202601158,INC-202601158,2026-04-07T12:00:00+00:00,2026-04-07T13:18:00+00:00,P3,resolved,Digital Operations,Patient Operations Portal,svc-patient-portal,availability,1.3,False,application_error,2026-04-07T13:18:00+00:00
INC-202601159,INC-202601159,2026-04-07T14:00:00+00:00,2026-04-07T15:24:00+00:00,P4,resolved,Service Desk,Order Management,svc-order-mgmt,availability,1.4,False,application_error,2026-04-07T15:24:00+00:00
INC-202601160,INC-202601160,2026-04-07T16:00:00+00:00,2026-04-07T21:00:00+00:00,P1,resolved,Service Desk,Identity Gateway,svc-identity-gateway,authentication,5.0,True,application_error,2026-04-07T21:00:00+00:00
INC-202601161,INC-202601161,2026-04-07T18:00:00+00:00,2026-04-07T20:36:00+00:00,P2,resolved,Digital Operations,Patient Operations Portal,svc-patient-portal,availability,2.6,False,application_error,2026-04-07T20:36:00+00:00
INC-202601162,INC-202601162,2026-04-07T20:00:00+00:00,2026-04-07T21:00:00+00:00,P3,resolved,Service Desk,Order Management,svc-order-mgmt,availability,1.0,False,application_error,2026-04-07T21:00:00+00:00
INC-202601163,INC-202601163,2026-04-07T22:00:00+00:00,2026-04-07T23:06:00+00:00,P4,resolved,Service Desk,Identity Gateway,svc-identity-gateway,authentication,1.1,False,application_error,2026-04-07T23:06:00+00:00
INC-202601164,INC-202601164,2026-04-08T00:00:00+00:00,2026-04-08T04:42:00+00:00,P1,resolved,Digital Operations,Patient Operations Portal,svc-patient-portal,availability,4.7,False,application_error,2026-04-08T04:42:00+00:00
INC-202601165,INC-202601165,2026-04-08T02:00:00+00:00,2026-04-08T04:18:00+00:00,P2,resolved,Service Desk,Order Management,svc-order-mgmt,availability,2.3,False,application_error,2026-04-08T04:18:00+00:00
INC-202601166,INC-202601166,2026-04-08T04:00:00+00:00,2026-04-08T05:24:00+00:00,P3,resolved,Service Desk,Identity Gateway,svc-identity-gateway,authentication,1.4,False,application_error,2026-04-08T05:24:00+00:00
INC-202601167,INC-202601167,2026-04-08T06:00:00+00:00,2026-04-08T07:30:00+00:00,P4,resolved,Digital Operations,Patient Operations Portal,svc-patient-portal,availability,1.5,False,application_error,2026-04-08T07:30:00+00:00
INC-202601168,INC-202601168,2026-04-08T08:00:00+00:00,2026-04-08T13:06:00+00:00,P1,resolved,Service Desk,Order Management,svc-order-mgmt,availability,5.1,False,application_error,2026-04-08T13:06:00+00:00
INC-202601169,INC-202601169,2026-04-08T10:00:00+00:00,2026-04-08T12:00:00+00:00,P2,resolved,Service Desk,Identity Gateway,svc-identity-gateway,authentication,2.0,False,application_error,2026-04-08T12:00:00+00:00
INC-202601170,INC-202601170,2026-04-08T12:00:00+00:00,2026-04-08T13:06:00+00:00,P3,resolved,Digital Operations,Patient Operations Portal,svc-patient-portal,availability,1.1,False,application_error,2026-04-08T13:06:00+00:00
INC-202601171,INC-202601171,2026-04-08T14:00:00+00:00,2026-04-08T15:12:00+00:00,P4,resolved,Service Desk,Order Management,svc-order-mgmt,availability,1.2,False,application_error,2026-04-08T15:12:00+00:00
INC-202601172,INC-202601172,2026-04-08T16:00:00+00:00,2026-04-08T20:48:00+00:00,P1,resolved,Service Desk,Identity Gateway,svc-identity-gateway,authentication,4.8,False,application_error,2026-04-08T20:48:00+00:00
INC-202601173,INC-202601173,2026-04-08T18:00:00+00:00,2026-04-08T20:24:00+00:00,P2,resolved,Digital Operations,Patient Operations Portal,svc-patient-portal,availability,2.4,False,certificate_expiry,2026-04-08T20:24:00+00:00
INC-202601174,INC-202601174,2026-04-08T20:00:00+00:00,2026-04-08T21:30:00+00:00,P3,resolved,Service Desk,Order Management,svc-order-mgmt,availability,1.5,False,application_error,2026-04-08T21:30:00+00:00
INC-202601175,INC-202601175,2026-04-08T22:00:00+00:00,2026-04-08T23:36:00+00:00,P4,resolved,Service Desk,Identity Gateway,svc-identity-gateway,authentication,1.6,False,application_error,2026-04-08T23:36:00+00:00
INC-202601176,INC-202601176,2026-04-09T00:00:00+00:00,2026-04-09T04:30:00+00:00,P1,resolved,Digital Operations,Patient Operations Portal,svc-patient-portal,availability,4.5,False,application_error,2026-04-09T04:30:00+00:00
INC-202601177,INC-202601177,2026-04-09T02:00:00+00:00,2026-04-09T04:06:00+00:00,P2,resolved,Service Desk,Order Management,svc-order-mgmt,availability,2.1,False,application_error,2026-04-09T04:06:00+00:00
INC-202601178,INC-202601178,2026-04-09T04:00:00+00:00,2026-04-09T05:12:00+00:00,P3,resolved,Service Desk,Identity Gateway,svc-identity-gateway,authentication,1.2,False,application_error,2026-04-09T05:12:00+00:00
INC-202601179,INC-202601179,2026-04-09T06:00:00+00:00,2026-04-09T07:18:00+00:00,P4,resolved,Digital Operations,Patient Operations Portal,svc-patient-portal,availability,1.3,False,application_error,2026-04-09T07:18:00+00:00
INC-202601180,INC-202601180,2026-04-09T08:00:00+00:00,2026-04-09T12:54:00+00:00,P1,resolved,Service Desk,Order Management,svc-order-mgmt,availability,4.9,True,application_error,2026-04-09T12:54:00+00:00
INC-202601181,INC-202601181,2026-04-09T10:00:00+00:00,2026-04-09T12:30:00+00:00,P2,resolved,Service Desk,Identity Gateway,svc-identity-gateway,authentication,2.5,False,application_error,2026-04-09T12:30:00+00:00
INC-202601182,INC-202601182,2026-04-09T12:00:00+00:00,2026-04-09T13:36:00+00:00,P3,resolved,Digital Operations,Patient Operations Portal,svc-patient-portal,availability,1.6,False,application_error,2026-04-09T13:36:00+00:00
INC-202601183,INC-202601183,2026-04-09T14:00:00+00:00,2026-04-09T15:00:00+00:00,P4,resolved,Service Desk,Order Management,svc-order-mgmt,availability,1.0,False,application_error,2026-04-09T15:00:00+00:00
INC-202601184,INC-202601184,2026-04-09T16:00:00+00:00,2026-04-09T20:36:00+00:00,P1,resolved,Service Desk,Identity Gateway,svc-identity-gateway,authentication,4.6,False,application_error,2026-04-09T20:36:00+00:00
INC-202601185,INC-202601185,2026-04-09T18:00:00+00:00,2026-04-09T20:12:00+00:00,P2,resolved,Digital Operations,Patient Operations Portal,svc-patient-portal,availability,2.2,False,application_error,2026-04-09T20:12:00+00:00
INC-202601186,INC-202601186,2026-04-09T20:00:00+00:00,2026-04-09T21:18:00+00:00,P3,resolved,Service Desk,Order Management,svc-order-mgmt,availability,1.3,False,application_error,2026-04-09T21:18:00+00:00
INC-202601187,INC-202601187,2026-04-09T22:00:00+00:00,2026-04-09T23:24:00+00:00,P4,resolved,Service Desk,Identity Gateway,svc-identity-gateway,authentication,1.4,False,application_error,2026-04-09T23:24:00+00:00
INC-202601188,INC-202601188,2026-04-10T00:00:00+00:00,2026-04-10T05:00:00+00:00,P1,resolved,Digital Operations,Patient Operations Portal,svc-patient-portal,availability,5.0,False,application_error,2026-04-10T05:00:00+00:00
INC-202601189,INC-202601189,2026-04-10T02:00:00+00:00,2026-04-10T04:36:00+00:00,P2,resolved,Service Desk,Order Management,svc-order-mgmt,availability,2.6,False,application_error,2026-04-10T04:36:00+00:00
INC-202601190,INC-202601190,2026-04-10T04:00:00+00:00,2026-04-10T05:00:00+00:00,P3,resolved,Service Desk,Identity Gateway,svc-identity-gateway,authentication,1.0,False,certificate_expiry,2026-04-10T05:00:00+00:00
INC-202601191,INC-202601191,2026-04-10T06:00:00+00:00,2026-04-10T07:06:00+00:00,P4,resolved,Digital Operations,Patient Operations Portal,svc-patient-portal,availability,1.1,False,application_error,2026-04-10T07:06:00+00:00
INC-202601192,INC-202601192,2026-04-10T08:00:00+00:00,2026-04-10T12:42:00+00:00,P1,resolved,Service Desk,Order Management,svc-order-mgmt,availability,4.7,False,application_error,2026-04-10T12:42:00+00:00
INC-202601193,INC-202601193,2026-04-10T10:00:00+00:00,2026-04-10T12:18:00+00:00,P2,resolved,Service Desk,Identity Gateway,svc-identity-gateway,authentication,2.3,False,application_error,2026-04-10T12:18:00+00:00
INC-202601194,INC-202601194,2026-04-10T12:00:00+00:00,2026-04-10T13:24:00+00:00,P3,resolved,Digital Operations,Patient Operations Portal,svc-patient-portal,availability,1.4,False,application_error,2026-04-10T13:24:00+00:00
INC-202601195,INC-202601195,2026-04-10T14:00:00+00:00,2026-04-10T15:30:00+00:00,P4,resolved,Service Desk,Order Management,svc-order-mgmt,availability,1.5,False,application_error,2026-04-10T15:30:00+00:00
INC-202601196,INC-202601196,2026-04-10T16:00:00+00:00,2026-04-10T21:06:00+00:00,P1,resolved,Service Desk,Identity Gateway,svc-identity-gateway,authentication,5.1,False,application_error,2026-04-10T21:06:00+00:00
INC-202601197,INC-202601197,2026-04-10T18:00:00+00:00,2026-04-10T20:00:00+00:00,P2,resolved,Digital Operations,Patient Operations Portal,svc-patient-portal,availability,2.0,False,application_error,2026-04-10T20:00:00+00:00
INC-202601198,INC-202601198,2026-04-10T20:00:00+00:00,2026-04-10T21:06:00+00:00,P3,resolved,Service Desk,Order Management,svc-order-mgmt,availability,1.1,False,application_error,2026-04-10T21:06:00+00:00
INC-202601199,INC-202601199,2026-04-10T22:00:00+00:00,2026-04-10T23:12:00+00:00,P4,resolved,Service Desk,Identity Gateway,svc-identity-gateway,authentication,1.2,False,application_error,2026-04-10T23:12:00+00:00
INC-202601200,INC-202601200,2026-04-11T00:00:00+00:00,2026-04-11T04:48:00+00:00,P1,resolved,Digital Operations,Patient Operations Portal,svc-patient-portal,availability,4.8,True,application_error,2026-04-11T04:48:00+00:00
INC-202601201,INC-202601201,2026-04-11T02:00:00+00:00,2026-04-11T04:24:00+00:00,P2,resolved,Service Desk,Order Management,svc-order-mgmt,availability,2.4,False,application_error,2026-04-11T04:24:00+00:00
INC-202601202,INC-202601202,2026-04-11T04:00:00+00:00,2026-04-11T05:30:00+00:00,P3,resolved,Service Desk,Identity Gateway,svc-identity-gateway,authentication,1.5,False,application_error,2026-04-11T05:30:00+00:00
INC-202601203,INC-202601203,2026-04-11T06:00:00+00:00,2026-04-11T07:36:00+00:00,P4,resolved,Digital Operations,Patient Operations Portal,svc-patient-portal,availability,1.6,False,application_error,2026-04-11T07:36:00+00:00
INC-202601204,INC-202601204,2026-04-11T08:00:00+00:00,2026-04-11T12:30:00+00:00,P1,resolved,Service Desk,Order Management,svc-order-mgmt,availability,4.5,False,application_error,2026-04-11T12:30:00+00:00
INC-202601205,INC-202601205,2026-04-11T10:00:00+00:00,2026-04-11T12:06:00+00:00,P2,resolved,Service Desk,Identity Gateway,svc-identity-gateway,authentication,2.1,False,application_error,2026-04-11T12:06:00+00:00
INC-202601206,INC-202601206,2026-04-11T12:00:00+00:00,2026-04-11T13:12:00+00:00,P3,resolved,Digital Operations,Patient Operations Portal,svc-patient-portal,availability,1.2,False,application_error,2026-04-11T13:12:00+00:00
INC-202601207,INC-202601207,2026-04-11T14:00:00+00:00,2026-04-11T15:18:00+00:00,P4,resolved,Service Desk,Order Management,svc-order-mgmt,availability,1.3,False,certificate_expiry,2026-04-11T15:18:00+00:00
INC-202601208,INC-202601208,2026-04-11T16:00:00+00:00,2026-04-11T20:54:00+00:00,P1,resolved,Service Desk,Identity Gateway,svc-identity-gateway,authentication,4.9,False,application_error,2026-04-11T20:54:00+00:00
INC-202601209,INC-202601209,2026-04-11T18:00:00+00:00,2026-04-11T20:30:00+00:00,P2,resolved,Digital Operations,Patient Operations Portal,svc-patient-portal,availability,2.5,False,application_error,2026-04-11T20:30:00+00:00
INC-202601210,INC-202601210,2026-04-11T20:00:00+00:00,2026-04-11T21:36:00+00:00,P3,resolved,Service Desk,Order Management,svc-order-mgmt,availability,1.6,False,application_error,2026-04-11T21:36:00+00:00
INC-202601211,INC-202601211,2026-04-11T22:00:00+00:00,2026-04-11T23:00:00+00:00,P4,resolved,Service Desk,Identity Gateway,svc-identity-gateway,authentication,1.0,False,application_error,2026-04-11T23:00:00+00:00
INC-202601212,INC-202601212,2026-04-12T00:00:00+00:00,2026-04-12T04:36:00+00:00,P1,resolved,Digital Operations,Patient Operations Portal,svc-patient-portal,availability,4.6,False,application_error,2026-04-12T04:36:00+00:00
INC-202601213,INC-202601213,2026-04-12T02:00:00+00:00,2026-04-12T04:12:00+00:00,P2,resolved,Service Desk,Order Management,svc-order-mgmt,availability,2.2,False,application_error,2026-04-12T04:12:00+00:00
INC-202601214,INC-202601214,2026-04-12T04:00:00+00:00,2026-04-12T05:18:00+00:00,P3,resolved,Service Desk,Identity Gateway,svc-identity-gateway,authentication,1.3,False,application_error,2026-04-12T05:18:00+00:00
INC-202601215,INC-202601215,2026-04-12T06:00:00+00:00,2026-04-12T07:24:00+00:00,P4,resolved,Digital Operations,Patient Operations Portal,svc-patient-portal,availability,1.4,False,application_error,2026-04-12T07:24:00+00:00
INC-202601216,INC-202601216,2026-04-12T08:00:00+00:00,2026-04-12T13:00:00+00:00,P1,resolved,Service Desk,Order Management,svc-order-mgmt,availability,5.0,False,application_error,2026-04-12T13:00:00+00:00
INC-202601217,INC-202601217,2026-04-12T10:00:00+00:00,2026-04-12T12:36:00+00:00,P2,resolved,Service Desk,Identity Gateway,svc-identity-gateway,authentication,2.6,False,application_error,2026-04-12T12:36:00+00:00
INC-202601218,INC-202601218,2026-04-12T12:00:00+00:00,2026-04-12T13:00:00+00:00,P3,resolved,Digital Operations,Patient Operations Portal,svc-patient-portal,availability,1.0,False,application_error,2026-04-12T13:00:00+00:00
INC-202601219,INC-202601219,2026-04-12T14:00:00+00:00,2026-04-12T15:06:00+00:00,P4,resolved,Service Desk,Order Management,svc-order-mgmt,availability,1.1,False,application_error,2026-04-12T15:06:00+00:00
INC-202601220,INC-202601220,2026-04-12T16:00:00+00:00,2026-04-12T20:42:00+00:00,P1,resolved,Service Desk,Identity Gateway,svc-identity-gateway,authentication,4.7,True,application_error,2026-04-12T20:42:00+00:00
INC-202601221,INC-202601221,2026-04-12T18:00:00+00:00,2026-04-12T20:18:00+00:00,P2,resolved,Digital Operations,Patient Operations Portal,svc-patient-portal,availability,2.3,False,application_error,2026-04-12T20:18:00+00:00
INC-202601222,INC-202601222,2026-04-12T20:00:00+00:00,2026-04-12T21:24:00+00:00,P3,resolved,Service Desk,Order Management,svc-order-mgmt,availability,1.4,False,application_error,2026-04-12T21:24:00+00:00
INC-202601223,INC-202601223,2026-04-12T22:00:00+00:00,2026-04-12T23:30:00+00:00,P4,resolved,Service Desk,Identity Gateway,svc-identity-gateway,authentication,1.5,False,application_error,2026-04-12T23:30:00+00:00
INC-202601224,INC-202601224,2026-04-13T00:00:00+00:00,2026-04-13T05:06:00+00:00,P1,resolved,Digital Operations,Patient Operations Portal,svc-patient-portal,availability,5.1,False,certificate_expiry,2026-04-13T05:06:00+00:00
INC-202601225,INC-202601225,2026-04-13T02:00:00+00:00,2026-04-13T04:00:00+00:00,P2,resolved,Service Desk,Order Management,svc-order-mgmt,availability,2.0,False,application_error,2026-04-13T04:00:00+00:00
INC-202601226,INC-202601226,2026-04-13T04:00:00+00:00,2026-04-13T05:06:00+00:00,P3,resolved,Service Desk,Identity Gateway,svc-identity-gateway,authentication,1.1,False,application_error,2026-04-13T05:06:00+00:00
INC-202601227,INC-202601227,2026-04-13T06:00:00+00:00,2026-04-13T07:12:00+00:00,P4,resolved,Digital Operations,Patient Operations Portal,svc-patient-portal,availability,1.2,False,application_error,2026-04-13T07:12:00+00:00
INC-202601228,INC-202601228,2026-04-13T08:00:00+00:00,2026-04-13T12:48:00+00:00,P1,resolved,Service Desk,Order Management,svc-order-mgmt,availability,4.8,False,application_error,2026-04-13T12:48:00+00:00
INC-202601229,INC-202601229,2026-04-13T10:00:00+00:00,2026-04-13T12:24:00+00:00,P2,resolved,Service Desk,Identity Gateway,svc-identity-gateway,authentication,2.4,False,application_error,2026-04-13T12:24:00+00:00
INC-202601230,INC-202601230,2026-04-13T12:00:00+00:00,2026-04-13T13:30:00+00:00,P3,resolved,Digital Operations,Patient Operations Portal,svc-patient-portal,availability,1.5,False,application_error,2026-04-13T13:30:00+00:00
INC-202601231,INC-202601231,2026-04-13T14:00:00+00:00,2026-04-13T15:36:00+00:00,P4,resolved,Service Desk,Order Management,svc-order-mgmt,availability,1.6,False,application_error,2026-04-13T15:36:00+00:00
INC-202601232,INC-202601232,2026-04-13T16:00:00+00:00,2026-04-13T20:30:00+00:00,P1,resolved,Service Desk,Identity Gateway,svc-identity-gateway,authentication,4.5,False,application_error,2026-04-13T20:30:00+00:00
INC-202601233,INC-202601233,2026-04-13T18:00:00+00:00,2026-04-13T20:06:00+00:00,P2,resolved,Digital Operations,Patient Operations Portal,svc-patient-portal,availability,2.1,False,application_error,2026-04-13T20:06:00+00:00
INC-202601234,INC-202601234,2026-04-13T20:00:00+00:00,2026-04-13T21:12:00+00:00,P3,resolved,Service Desk,Order Management,svc-order-mgmt,availability,1.2,False,application_error,2026-04-13T21:12:00+00:00
INC-202601235,INC-202601235,2026-04-13T22:00:00+00:00,2026-04-13T23:18:00+00:00,P4,resolved,Service Desk,Identity Gateway,svc-identity-gateway,authentication,1.3,False,application_error,2026-04-13T23:18:00+00:00
INC-202601236,INC-202601236,2026-04-14T00:00:00+00:00,2026-04-14T04:54:00+00:00,P1,resolved,Digital Operations,Patient Operations Portal,svc-patient-portal,availability,4.9,False,application_error,2026-04-14T04:54:00+00:00
INC-202601237,INC-202601237,2026-04-14T02:00:00+00:00,2026-04-14T04:30:00+00:00,P2,resolved,Service Desk,Order Management,svc-order-mgmt,availability,2.5,False,application_error,2026-04-14T04:30:00+00:00
INC-202601238,INC-202601238,2026-04-14T04:00:00+00:00,2026-04-14T05:36:00+00:00,P3,resolved,Service Desk,Identity Gateway,svc-identity-gateway,authentication,1.6,False,application_error,2026-04-14T05:36:00+00:00
INC-202601239,INC-202601239,2026-04-14T06:00:00+00:00,2026-04-14T07:00:00+00:00,P4,resolved,Digital Operations,Patient Operations Portal,svc-patient-portal,availability,1.0,False,application_error,2026-04-14T07:00:00+00:00
INC-202601240,INC-202601240,2026-04-14T08:00:00+00:00,2026-04-14T12:36:00+00:00,P1,resolved,Service Desk,Order Management,svc-order-mgmt,availability,4.6,True,application_error,2026-04-14T12:36:00+00:00
INC-202601241,INC-202601241,2026-04-14T10:00:00+00:00,2026-04-14T12:12:00+00:00,P2,resolved,Service Desk,Identity Gateway,svc-identity-gateway,authentication,2.2,False,certificate_expiry,2026-04-14T12:12:00+00:00
INC-202601242,INC-202601242,2026-04-14T12:00:00+00:00,2026-04-14T13:18:00+00:00,P3,resolved,Digital Operations,Patient Operations Portal,svc-patient-portal,availability,1.3,False,application_error,2026-04-14T13:18:00+00:00
INC-202601243,INC-202601243,2026-04-14T14:00:00+00:00,2026-04-14T15:24:00+00:00,P4,resolved,Service Desk,Order Management,svc-order-mgmt,availability,1.4,False,application_error,2026-04-14T15:24:00+00:00
INC-202601244,INC-202601244,2026-04-14T16:00:00+00:00,2026-04-14T21:00:00+00:00,P1,resolved,Service Desk,Identity Gateway,svc-identity-gateway,authentication,5.0,False,application_error,2026-04-14T21:00:00+00:00
INC-202601245,INC-202601245,2026-04-14T18:00:00+00:00,2026-04-14T20:36:00+00:00,P2,resolved,Digital Operations,Patient Operations Portal,svc-patient-portal,availability,2.6,False,application_error,2026-04-14T20:36:00+00:00
INC-202601246,INC-202601246,2026-04-14T20:00:00+00:00,2026-04-14T21:00:00+00:00,P3,resolved,Service Desk,Order Management,svc-order-mgmt,availability,1.0,False,application_error,2026-04-14T21:00:00+00:00
INC-202601247,INC-202601247,2026-04-14T22:00:00+00:00,2026-04-14T23:06:00+00:00,P4,resolved,Service Desk,Identity Gateway,svc-identity-gateway,authentication,1.1,False,application_error,2026-04-14T23:06:00+00:00
INC-202601248,INC-202601248,2026-04-15T00:00:00+00:00,2026-04-15T04:42:00+00:00,P1,resolved,Digital Operations,Patient Operations Portal,svc-patient-portal,availability,4.7,False,application_error,2026-04-15T04:42:00+00:00
INC-202601249,INC-202601249,2026-04-15T02:00:00+00:00,2026-04-15T04:18:00+00:00,P2,resolved,Service Desk,Order Management,svc-order-mgmt,availability,2.3,False,application_error,2026-04-15T04:18:00+00:00
INC-202601250,INC-202601250,2026-04-15T04:00:00+00:00,2026-04-15T05:24:00+00:00,P3,resolved,Service Desk,Identity Gateway,svc-identity-gateway,authentication,1.4,False,application_error,2026-04-15T05:24:00+00:00
INC-202601251,INC-202601251,2026-04-15T06:00:00+00:00,2026-04-15T07:30:00+00:00,P4,resolved,Digital Operations,Patient Operations Portal,svc-patient-portal,availability,1.5,False,application_error,2026-04-15T07:30:00+00:00
INC-202601252,INC-202601252,2026-04-15T08:00:00+00:00,2026-04-15T13:06:00+00:00,P1,resolved,Service Desk,Order Management,svc-order-mgmt,availability,5.1,False,application_error,2026-04-15T13:06:00+00:00
INC-202601253,INC-202601253,2026-04-15T10:00:00+00:00,2026-04-15T12:00:00+00:00,P2,resolved,Service Desk,Identity Gateway,svc-identity-gateway,authentication,2.0,False,application_error,2026-04-15T12:00:00+00:00
INC-202601254,INC-202601254,2026-04-15T12:00:00+00:00,2026-04-15T13:06:00+00:00,P3,resolved,Digital Operations,Patient Operations Portal,svc-patient-portal,availability,1.1,False,application_error,2026-04-15T13:06:00+00:00
INC-202601255,INC-202601255,2026-04-15T14:00:00+00:00,2026-04-15T15:12:00+00:00,P4,resolved,Service Desk,Order Management,svc-order-mgmt,availability,1.2,False,application_error,2026-04-15T15:12:00+00:00
INC-202601256,INC-202601256,2026-04-15T16:00:00+00:00,2026-04-15T20:48:00+00:00,P1,resolved,Service Desk,Identity Gateway,svc-identity-gateway,authentication,4.8,False,application_error,2026-04-15T20:48:00+00:00
INC-202601257,INC-202601257,2026-04-15T18:00:00+00:00,2026-04-15T20:24:00+00:00,P2,resolved,Digital Operations,Patient Operations Portal,svc-patient-portal,availability,2.4,False,application_error,2026-04-15T20:24:00+00:00
INC-202601258,INC-202601258,2026-04-15T20:00:00+00:00,2026-04-15T21:30:00+00:00,P3,resolved,Service Desk,Order Management,svc-order-mgmt,availability,1.5,False,certificate_expiry,2026-04-15T21:30:00+00:00
INC-202601259,INC-202601259,2026-04-15T22:00:00+00:00,2026-04-15T23:36:00+00:00,P4,resolved,Service Desk,Identity Gateway,svc-identity-gateway,authentication,1.6,False,application_error,2026-04-15T23:36:00+00:00
INC-202601260,INC-202601260,2026-04-16T00:00:00+00:00,2026-04-16T04:30:00+00:00,P1,resolved,Digital Operations,Patient Operations Portal,svc-patient-portal,availability,4.5,True,application_error,2026-04-16T04:30:00+00:00
INC-202601261,INC-202601261,2026-04-16T02:00:00+00:00,2026-04-16T04:06:00+00:00,P2,resolved,Service Desk,Order Management,svc-order-mgmt,availability,2.1,False,application_error,2026-04-16T04:06:00+00:00
INC-202601262,INC-202601262,2026-04-16T04:00:00+00:00,2026-04-16T05:12:00+00:00,P3,resolved,Service Desk,Identity Gateway,svc-identity-gateway,authentication,1.2,False,application_error,2026-04-16T05:12:00+00:00
INC-202601263,INC-202601263,2026-04-16T06:00:00+00:00,2026-04-16T07:18:00+00:00,P4,resolved,Digital Operations,Patient Operations Portal,svc-patient-portal,availability,1.3,False,application_error,2026-04-16T07:18:00+00:00
INC-202601264,INC-202601264,2026-04-16T08:00:00+00:00,2026-04-16T12:54:00+00:00,P1,resolved,Service Desk,Order Management,svc-order-mgmt,availability,4.9,False,application_error,2026-04-16T12:54:00+00:00
INC-202601265,INC-202601265,2026-04-16T10:00:00+00:00,2026-04-16T12:30:00+00:00,P2,resolved,Service Desk,Identity Gateway,svc-identity-gateway,authentication,2.5,False,application_error,2026-04-16T12:30:00+00:00
INC-202601266,INC-202601266,2026-04-16T12:00:00+00:00,2026-04-16T13:36:00+00:00,P3,resolved,Digital Operations,Patient Operations Portal,svc-patient-portal,availability,1.6,False,application_error,2026-04-16T13:36:00+00:00
INC-202601267,INC-202601267,2026-04-16T14:00:00+00:00,2026-04-16T15:00:00+00:00,P4,resolved,Service Desk,Order Management,svc-order-mgmt,availability,1.0,False,application_error,2026-04-16T15:00:00+00:00
INC-202601268,INC-202601268,2026-04-16T16:00:00+00:00,2026-04-16T20:36:00+00:00,P1,resolved,Service Desk,Identity Gateway,svc-identity-gateway,authentication,4.6,False,application_error,2026-04-16T20:36:00+00:00
INC-202601269,INC-202601269,2026-04-16T18:00:00+00:00,2026-04-16T20:12:00+00:00,P2,resolved,Digital Operations,Patient Operations Portal,svc-patient-portal,availability,2.2,False,application_error,2026-04-16T20:12:00+00:00
INC-202601270,INC-202601270,2026-04-16T20:00:00+00:00,2026-04-16T21:18:00+00:00,P3,resolved,Service Desk,Order Management,svc-order-mgmt,availability,1.3,False,application_error,2026-04-16T21:18:00+00:00
INC-202601271,INC-202601271,2026-04-16T22:00:00+00:00,2026-04-16T23:24:00+00:00,P4,resolved,Service Desk,Identity Gateway,svc-identity-gateway,authentication,1.4,False,application_error,2026-04-16T23:24:00+00:00
INC-202601272,INC-202601272,2026-04-17T00:00:00+00:00,2026-04-17T05:00:00+00:00,P1,resolved,Digital Operations,Patient Operations Portal,svc-patient-portal,availability,5.0,False,application_error,2026-04-17T05:00:00+00:00
INC-202601273,INC-202601273,2026-04-17T02:00:00+00:00,2026-04-17T04:36:00+00:00,P2,resolved,Service Desk,Order Management,svc-order-mgmt,availability,2.6,False,application_error,2026-04-17T04:36:00+00:00
INC-202601274,INC-202601274,2026-04-17T04:00:00+00:00,2026-04-17T05:00:00+00:00,P3,resolved,Service Desk,Identity Gateway,svc-identity-gateway,authentication,1.0,False,application_error,2026-04-17T05:00:00+00:00
INC-202601275,INC-202601275,2026-04-17T06:00:00+00:00,2026-04-17T07:06:00+00:00,P4,resolved,Digital Operations,Patient Operations Portal,svc-patient-portal,availability,1.1,False,certificate_expiry,2026-04-17T07:06:00+00:00
INC-202601276,INC-202601276,2026-04-17T08:00:00+00:00,2026-04-17T12:42:00+00:00,P1,resolved,Service Desk,Order Management,svc-order-mgmt,availability,4.7,False,application_error,2026-04-17T12:42:00+00:00
INC-202601277,INC-202601277,2026-04-17T10:00:00+00:00,2026-04-17T12:18:00+00:00,P2,resolved,Service Desk,Identity Gateway,svc-identity-gateway,authentication,2.3,False,application_error,2026-04-17T12:18:00+00:00
INC-202601278,INC-202601278,2026-04-17T12:00:00+00:00,2026-04-17T13:24:00+00:00,P3,resolved,Digital Operations,Patient Operations Portal,svc-patient-portal,availability,1.4,False,application_error,2026-04-17T13:24:00+00:00
INC-202601279,INC-202601279,2026-04-17T14:00:00+00:00,2026-04-17T15:30:00+00:00,P4,resolved,Service Desk,Order Management,svc-order-mgmt,availability,1.5,False,application_error,2026-04-17T15:30:00+00:00
INC-202601280,INC-202601280,2026-04-17T16:00:00+00:00,2026-04-17T21:06:00+00:00,P1,resolved,Service Desk,Identity Gateway,svc-identity-gateway,authentication,5.1,True,application_error,2026-04-17T21:06:00+00:00
INC-202601281,INC-202601281,2026-04-17T18:00:00+00:00,2026-04-17T20:00:00+00:00,P2,resolved,Digital Operations,Patient Operations Portal,svc-patient-portal,availability,2.0,False,application_error,2026-04-17T20:00:00+00:00
INC-202601282,INC-202601282,2026-04-17T20:00:00+00:00,2026-04-17T21:06:00+00:00,P3,resolved,Service Desk,Order Management,svc-order-mgmt,availability,1.1,False,application_error,2026-04-17T21:06:00+00:00
INC-202601283,INC-202601283,2026-04-17T22:00:00+00:00,2026-04-17T23:12:00+00:00,P4,resolved,Service Desk,Identity Gateway,svc-identity-gateway,authentication,1.2,False,application_error,2026-04-17T23:12:00+00:00
INC-202601284,INC-202601284,2026-04-18T00:00:00+00:00,2026-04-18T04:48:00+00:00,P1,resolved,Digital Operations,Patient Operations Portal,svc-patient-portal,availability,4.8,False,application_error,2026-04-18T04:48:00+00:00
INC-202601285,INC-202601285,2026-04-18T02:00:00+00:00,2026-04-18T04:24:00+00:00,P2,resolved,Service Desk,Order Management,svc-order-mgmt,availability,2.4,False,application_error,2026-04-18T04:24:00+00:00
INC-202601286,INC-202601286,2026-04-18T04:00:00+00:00,2026-04-18T05:30:00+00:00,P3,resolved,Service Desk,Identity Gateway,svc-identity-gateway,authentication,1.5,False,application_error,2026-04-18T05:30:00+00:00
INC-202601287,INC-202601287,2026-04-18T06:00:00+00:00,2026-04-18T07:36:00+00:00,P4,resolved,Digital Operations,Patient Operations Portal,svc-patient-portal,availability,1.6,False,application_error,2026-04-18T07:36:00+00:00
INC-202601288,INC-202601288,2026-04-18T08:00:00+00:00,2026-04-18T12:30:00+00:00,P1,resolved,Service Desk,Order Management,svc-order-mgmt,availability,4.5,False,application_error,2026-04-18T12:30:00+00:00
INC-202601289,INC-202601289,2026-04-18T10:00:00+00:00,2026-04-18T12:06:00+00:00,P2,resolved,Service Desk,Identity Gateway,svc-identity-gateway,authentication,2.1,False,application_error,2026-04-18T12:06:00+00:00
INC-202601290,INC-202601290,2026-04-18T12:00:00+00:00,2026-04-18T13:12:00+00:00,P3,resolved,Digital Operations,Patient Operations Portal,svc-patient-portal,availability,1.2,False,application_error,2026-04-18T13:12:00+00:00
INC-202601291,INC-202601291,2026-04-18T14:00:00+00:00,2026-04-18T15:18:00+00:00,P4,resolved,Service Desk,Order Management,svc-order-mgmt,availability,1.3,False,application_error,2026-04-18T15:18:00+00:00
INC-202601292,INC-202601292,2026-04-18T16:00:00+00:00,2026-04-18T20:54:00+00:00,P1,resolved,Service Desk,Identity Gateway,svc-identity-gateway,authentication,4.9,False,certificate_expiry,2026-04-18T20:54:00+00:00
INC-202601293,INC-202601293,2026-04-18T18:00:00+00:00,2026-04-18T20:30:00+00:00,P2,resolved,Digital Operations,Patient Operations Portal,svc-patient-portal,availability,2.5,False,application_error,2026-04-18T20:30:00+00:00
INC-202601294,INC-202601294,2026-04-18T20:00:00+00:00,2026-04-18T21:36:00+00:00,P3,resolved,Service Desk,Order Management,svc-order-mgmt,availability,1.6,False,application_error,2026-04-18T21:36:00+00:00
INC-202601295,INC-202601295,2026-04-18T22:00:00+00:00,2026-04-18T23:00:00+00:00,P4,resolved,Service Desk,Identity Gateway,svc-identity-gateway,authentication,1.0,False,application_error,2026-04-18T23:00:00+00:00
INC-202601296,INC-202601296,2026-04-19T00:00:00+00:00,2026-04-19T04:36:00+00:00,P1,resolved,Digital Operations,Patient Operations Portal,svc-patient-portal,availability,4.6,False,application_error,2026-04-19T04:36:00+00:00
INC-202601297,INC-202601297,2026-04-19T02:00:00+00:00,2026-04-19T04:12:00+00:00,P2,resolved,Service Desk,Order Management,svc-order-mgmt,availability,2.2,False,application_error,2026-04-19T04:12:00+00:00
INC-202601298,INC-202601298,2026-04-19T04:00:00+00:00,2026-04-19T05:18:00+00:00,P3,resolved,Service Desk,Identity Gateway,svc-identity-gateway,authentication,1.3,False,application_error,2026-04-19T05:18:00+00:00
INC-202601299,INC-202601299,2026-04-19T06:00:00+00:00,2026-04-19T07:24:00+00:00,P4,resolved,Digital Operations,Patient Operations Portal,svc-patient-portal,availability,1.4,False,application_error,2026-04-19T07:24:00+00:00
INC-202601300,INC-202601300,2026-04-19T08:00:00+00:00,2026-04-19T13:00:00+00:00,P1,resolved,Service Desk,Order Management,svc-order-mgmt,availability,5.0,True,application_error,2026-04-19T13:00:00+00:00
INC-202601301,INC-202601301,2026-04-19T10:00:00+00:00,2026-04-19T12:36:00+00:00,P2,resolved,Service Desk,Identity Gateway,svc-identity-gateway,authentication,2.6,False,application_error,2026-04-19T12:36:00+00:00
INC-202601302,INC-202601302,2026-04-19T12:00:00+00:00,2026-04-19T13:00:00+00:00,P3,resolved,Digital Operations,Patient Operations Portal,svc-patient-portal,availability,1.0,False,application_error,2026-04-19T13:00:00+00:00
INC-202601303,INC-202601303,2026-04-19T14:00:00+00:00,2026-04-19T15:06:00+00:00,P4,resolved,Service Desk,Order Management,svc-order-mgmt,availability,1.1,False,application_error,2026-04-19T15:06:00+00:00
INC-202601304,INC-202601304,2026-04-19T16:00:00+00:00,2026-04-19T20:42:00+00:00,P1,resolved,Service Desk,Identity Gateway,svc-identity-gateway,authentication,4.7,False,application_error,2026-04-19T20:42:00+00:00
INC-202601305,INC-202601305,2026-04-19T18:00:00+00:00,2026-04-19T20:18:00+00:00,P2,resolved,Digital Operations,Patient Operations Portal,svc-patient-portal,availability,2.3,False,application_error,2026-04-19T20:18:00+00:00
INC-202601306,INC-202601306,2026-04-19T20:00:00+00:00,2026-04-19T21:24:00+00:00,P3,resolved,Service Desk,Order Management,svc-order-mgmt,availability,1.4,False,application_error,2026-04-19T21:24:00+00:00
INC-202601307,INC-202601307,2026-04-19T22:00:00+00:00,2026-04-19T23:30:00+00:00,P4,resolved,Service Desk,Identity Gateway,svc-identity-gateway,authentication,1.5,False,application_error,2026-04-19T23:30:00+00:00
INC-202601308,INC-202601308,2026-04-20T00:00:00+00:00,2026-04-20T05:06:00+00:00,P1,resolved,Digital Operations,Patient Operations Portal,svc-patient-portal,availability,5.1,False,application_error,2026-04-20T05:06:00+00:00
INC-202601309,INC-202601309,2026-04-20T02:00:00+00:00,2026-04-20T04:00:00+00:00,P2,resolved,Service Desk,Order Management,svc-order-mgmt,availability,2.0,False,certificate_expiry,2026-04-20T04:00:00+00:00
INC-202601310,INC-202601310,2026-04-20T04:00:00+00:00,2026-04-20T05:06:00+00:00,P3,resolved,Service Desk,Identity Gateway,svc-identity-gateway,authentication,1.1,False,application_error,2026-04-20T05:06:00+00:00
INC-202601311,INC-202601311,2026-04-20T06:00:00+00:00,2026-04-20T07:12:00+00:00,P4,resolved,Digital Operations,Patient Operations Portal,svc-patient-portal,availability,1.2,False,application_error,2026-04-20T07:12:00+00:00
INC-202601312,INC-202601312,2026-04-20T08:00:00+00:00,2026-04-20T12:48:00+00:00,P1,resolved,Service Desk,Order Management,svc-order-mgmt,availability,4.8,False,application_error,2026-04-20T12:48:00+00:00
INC-202601313,INC-202601313,2026-04-20T10:00:00+00:00,2026-04-20T12:24:00+00:00,P2,resolved,Service Desk,Identity Gateway,svc-identity-gateway,authentication,2.4,False,application_error,2026-04-20T12:24:00+00:00
INC-202601314,INC-202601314,2026-04-20T12:00:00+00:00,2026-04-20T13:30:00+00:00,P3,resolved,Digital Operations,Patient Operations Portal,svc-patient-portal,availability,1.5,False,application_error,2026-04-20T13:30:00+00:00
INC-202601315,INC-202601315,2026-04-20T14:00:00+00:00,2026-04-20T15:36:00+00:00,P4,resolved,Service Desk,Order Management,svc-order-mgmt,availability,1.6,False,application_error,2026-04-20T15:36:00+00:00
INC-202601316,INC-202601316,2026-04-20T16:00:00+00:00,2026-04-20T20:30:00+00:00,P1,resolved,Service Desk,Identity Gateway,svc-identity-gateway,authentication,4.5,False,application_error,2026-04-20T20:30:00+00:00
INC-202601317,INC-202601317,2026-04-20T18:00:00+00:00,2026-04-20T20:06:00+00:00,P2,resolved,Digital Operations,Patient Operations Portal,svc-patient-portal,availability,2.1,False,application_error,2026-04-20T20:06:00+00:00
INC-202601318,INC-202601318,2026-04-20T20:00:00+00:00,2026-04-20T21:12:00+00:00,P3,resolved,Service Desk,Order Management,svc-order-mgmt,availability,1.2,False,application_error,2026-04-20T21:12:00+00:00
INC-202601319,INC-202601319,2026-04-20T22:00:00+00:00,2026-04-20T23:18:00+00:00,P4,resolved,Service Desk,Identity Gateway,svc-identity-gateway,authentication,1.3,False,application_error,2026-04-20T23:18:00+00:00
INC-202601320,INC-202601320,2026-04-21T00:00:00+00:00,2026-04-21T04:54:00+00:00,P1,resolved,Digital Operations,Patient Operations Portal,svc-patient-portal,availability,4.9,True,application_error,2026-04-21T04:54:00+00:00
INC-202601321,INC-202601321,2026-04-21T02:00:00+00:00,2026-04-21T04:30:00+00:00,P2,resolved,Service Desk,Order Management,svc-order-mgmt,availability,2.5,False,application_error,2026-04-21T04:30:00+00:00
INC-202601322,INC-202601322,2026-04-21T04:00:00+00:00,2026-04-21T05:36:00+00:00,P3,resolved,Service Desk,Identity Gateway,svc-identity-gateway,authentication,1.6,False,application_error,2026-04-21T05:36:00+00:00
INC-202601323,INC-202601323,2026-04-21T06:00:00+00:00,2026-04-21T07:00:00+00:00,P4,resolved,Digital Operations,Patient Operations Portal,svc-patient-portal,availability,1.0,False,application_error,2026-04-21T07:00:00+00:00
INC-202601324,INC-202601324,2026-04-21T08:00:00+00:00,2026-04-21T12:36:00+00:00,P1,resolved,Service Desk,Order Management,svc-order-mgmt,availability,4.6,False,application_error,2026-04-21T12:36:00+00:00
INC-202601325,INC-202601325,2026-04-21T10:00:00+00:00,2026-04-21T12:12:00+00:00,P2,resolved,Service Desk,Identity Gateway,svc-identity-gateway,authentication,2.2,False,application_error,2026-04-21T12:12:00+00:00
INC-202601326,INC-202601326,2026-04-21T12:00:00+00:00,2026-04-21T13:18:00+00:00,P3,resolved,Digital Operations,Patient Operations Portal,svc-patient-portal,availability,1.3,False,certificate_expiry,2026-04-21T13:18:00+00:00
INC-202601327,INC-202601327,2026-04-21T14:00:00+00:00,2026-04-21T15:24:00+00:00,P4,resolved,Service Desk,Order Management,svc-order-mgmt,availability,1.4,False,application_error,2026-04-21T15:24:00+00:00
INC-202601328,INC-202601328,2026-04-21T16:00:00+00:00,2026-04-21T21:00:00+00:00,P1,resolved,Service Desk,Identity Gateway,svc-identity-gateway,authentication,5.0,False,application_error,2026-04-21T21:00:00+00:00
INC-202601329,INC-202601329,2026-04-21T18:00:00+00:00,2026-04-21T20:36:00+00:00,P2,resolved,Digital Operations,Patient Operations Portal,svc-patient-portal,availability,2.6,False,application_error,2026-04-21T20:36:00+00:00
INC-202601330,INC-202601330,2026-04-21T20:00:00+00:00,2026-04-21T21:00:00+00:00,P3,resolved,Service Desk,Order Management,svc-order-mgmt,availability,1.0,False,application_error,2026-04-21T21:00:00+00:00
INC-202601331,INC-202601331,2026-04-21T22:00:00+00:00,2026-04-21T23:06:00+00:00,P4,resolved,Service Desk,Identity Gateway,svc-identity-gateway,authentication,1.1,False,application_error,2026-04-21T23:06:00+00:00
INC-202601332,INC-202601332,2026-04-22T00:00:00+00:00,2026-04-22T04:42:00+00:00,P1,resolved,Digital Operations,Patient Operations Portal,svc-patient-portal,availability,4.7,False,application_error,2026-04-22T04:42:00+00:00
INC-202601333,INC-202601333,2026-04-22T02:00:00+00:00,2026-04-22T04:18:00+00:00,P2,resolved,Service Desk,Order Management,svc-order-mgmt,availability,2.3,False,application_error,2026-04-22T04:18:00+00:00
INC-202601334,INC-202601334,2026-04-22T04:00:00+00:00,2026-04-22T05:24:00+00:00,P3,resolved,Service Desk,Identity Gateway,svc-identity-gateway,authentication,1.4,False,application_error,2026-04-22T05:24:00+00:00
INC-202601335,INC-202601335,2026-04-22T06:00:00+00:00,2026-04-22T07:30:00+00:00,P4,resolved,Digital Operations,Patient Operations Portal,svc-patient-portal,availability,1.5,False,application_error,2026-04-22T07:30:00+00:00
INC-202601336,INC-202601336,2026-04-22T08:00:00+00:00,2026-04-22T13:06:00+00:00,P1,resolved,Service Desk,Order Management,svc-order-mgmt,availability,5.1,False,application_error,2026-04-22T13:06:00+00:00
INC-202601337,INC-202601337,2026-04-22T10:00:00+00:00,2026-04-22T12:00:00+00:00,P2,resolved,Service Desk,Identity Gateway,svc-identity-gateway,authentication,2.0,False,application_error,2026-04-22T12:00:00+00:00
INC-202601338,INC-202601338,2026-04-22T12:00:00+00:00,2026-04-22T13:06:00+00:00,P3,resolved,Digital Operations,Patient Operations Portal,svc-patient-portal,availability,1.1,False,application_error,2026-04-22T13:06:00+00:00
INC-202601339,INC-202601339,2026-04-22T14:00:00+00:00,2026-04-22T15:12:00+00:00,P4,resolved,Service Desk,Order Management,svc-order-mgmt,availability,1.2,False,application_error,2026-04-22T15:12:00+00:00
INC-202601340,INC-202601340,2026-04-22T16:00:00+00:00,2026-04-22T20:48:00+00:00,P1,resolved,Service Desk,Identity Gateway,svc-identity-gateway,authentication,4.8,True,application_error,2026-04-22T20:48:00+00:00
INC-202601341,INC-202601341,2026-04-22T18:00:00+00:00,2026-04-22T20:24:00+00:00,P2,resolved,Digital Operations,Patient Operations Portal,svc-patient-portal,availability,2.4,False,application_error,2026-04-22T20:24:00+00:00
INC-202601342,INC-202601342,2026-04-22T20:00:00+00:00,2026-04-22T21:30:00+00:00,P3,resolved,Service Desk,Order Management,svc-order-mgmt,availability,1.5,False,application_error,2026-04-22T21:30:00+00:00
INC-202601343,INC-202601343,2026-04-22T22:00:00+00:00,2026-04-22T23:36:00+00:00,P4,resolved,Service Desk,Identity Gateway,svc-identity-gateway,authentication,1.6,False,certificate_expiry,2026-04-22T23:36:00+00:00
INC-202601344,INC-202601344,2026-04-23T00:00:00+00:00,2026-04-23T04:30:00+00:00,P1,resolved,Digital Operations,Patient Operations Portal,svc-patient-portal,availability,4.5,False,application_error,2026-04-23T04:30:00+00:00
INC-202601345,INC-202601345,2026-04-23T02:00:00+00:00,2026-04-23T04:06:00+00:00,P2,resolved,Service Desk,Order Management,svc-order-mgmt,availability,2.1,False,application_error,2026-04-23T04:06:00+00:00
INC-202601346,INC-202601346,2026-04-23T04:00:00+00:00,2026-04-23T05:12:00+00:00,P3,resolved,Service Desk,Identity Gateway,svc-identity-gateway,authentication,1.2,False,application_error,2026-04-23T05:12:00+00:00
INC-202601347,INC-202601347,2026-04-23T06:00:00+00:00,2026-04-23T07:18:00+00:00,P4,resolved,Digital Operations,Patient Operations Portal,svc-patient-portal,availability,1.3,False,application_error,2026-04-23T07:18:00+00:00
INC-202601348,INC-202601348,2026-04-23T08:00:00+00:00,2026-04-23T12:54:00+00:00,P1,resolved,Service Desk,Order Management,svc-order-mgmt,availability,4.9,False,application_error,2026-04-23T12:54:00+00:00
INC-202601349,INC-202601349,2026-04-23T10:00:00+00:00,2026-04-23T12:30:00+00:00,P2,resolved,Service Desk,Identity Gateway,svc-identity-gateway,authentication,2.5,False,application_error,2026-04-23T12:30:00+00:00
INC-202601350,INC-202601350,2026-04-23T12:00:00+00:00,2026-04-23T13:36:00+00:00,P3,resolved,Digital Operations,Patient Operations Portal,svc-patient-portal,availability,1.6,False,application_error,2026-04-23T13:36:00+00:00
INC-202601351,INC-202601351,2026-04-23T14:00:00+00:00,2026-04-23T15:00:00+00:00,P4,resolved,Service Desk,Order Management,svc-order-mgmt,availability,1.0,False,application_error,2026-04-23T15:00:00+00:00
INC-202601352,INC-202601352,2026-04-23T16:00:00+00:00,2026-04-23T20:36:00+00:00,P1,resolved,Service Desk,Identity Gateway,svc-identity-gateway,authentication,4.6,False,application_error,2026-04-23T20:36:00+00:00
INC-202601353,INC-202601353,2026-04-23T18:00:00+00:00,2026-04-23T20:12:00+00:00,P2,resolved,Digital Operations,Patient Operations Portal,svc-patient-portal,availability,2.2,False,application_error,2026-04-23T20:12:00+00:00
INC-202601354,INC-202601354,2026-04-23T20:00:00+00:00,2026-04-23T21:18:00+00:00,P3,resolved,Service Desk,Order Management,svc-order-mgmt,availability,1.3,False,application_error,2026-04-23T21:18:00+00:00
INC-202601355,INC-202601355,2026-04-23T22:00:00+00:00,2026-04-23T23:24:00+00:00,P4,resolved,Service Desk,Identity Gateway,svc-identity-gateway,authentication,1.4,False,application_error,2026-04-23T23:24:00+00:00
INC-202601356,INC-202601356,2026-04-24T00:00:00+00:00,2026-04-24T05:00:00+00:00,P1,resolved,Digital Operations,Patient Operations Portal,svc-patient-portal,availability,5.0,False,application_error,2026-04-24T05:00:00+00:00
INC-202601357,INC-202601357,2026-04-24T02:00:00+00:00,2026-04-24T04:36:00+00:00,P2,resolved,Service Desk,Order Management,svc-order-mgmt,availability,2.6,False,application_error,2026-04-24T04:36:00+00:00
INC-202601358,INC-202601358,2026-04-24T04:00:00+00:00,2026-04-24T05:00:00+00:00,P3,resolved,Service Desk,Identity Gateway,svc-identity-gateway,authentication,1.0,False,application_error,2026-04-24T05:00:00+00:00
INC-202601359,INC-202601359,2026-04-24T06:00:00+00:00,2026-04-24T07:06:00+00:00,P4,resolved,Digital Operations,Patient Operations Portal,svc-patient-portal,availability,1.1,False,application_error,2026-04-24T07:06:00+00:00
INC-202601360,INC-202601360,2026-04-24T08:00:00+00:00,2026-04-24T12:42:00+00:00,P1,resolved,Service Desk,Order Management,svc-order-mgmt,availability,4.7,True,certificate_expiry,2026-04-24T12:42:00+00:00
INC-202601361,INC-202601361,2026-04-24T10:00:00+00:00,2026-04-24T12:18:00+00:00,P2,resolved,Service Desk,Identity Gateway,svc-identity-gateway,authentication,2.3,False,application_error,2026-04-24T12:18:00+00:00
INC-202601362,INC-202601362,2026-04-24T12:00:00+00:00,2026-04-24T13:24:00+00:00,P3,resolved,Digital Operations,Patient Operations Portal,svc-patient-portal,availability,1.4,False,application_error,2026-04-24T13:24:00+00:00
INC-202601363,INC-202601363,2026-04-24T14:00:00+00:00,2026-04-24T15:30:00+00:00,P4,resolved,Service Desk,Order Management,svc-order-mgmt,availability,1.5,False,application_error,2026-04-24T15:30:00+00:00
INC-202601364,INC-202601364,2026-04-24T16:00:00+00:00,2026-04-24T21:06:00+00:00,P1,resolved,Service Desk,Identity Gateway,svc-identity-gateway,authentication,5.1,False,application_error,2026-04-24T21:06:00+00:00
INC-202601365,INC-202601365,2026-04-24T18:00:00+00:00,2026-04-24T20:00:00+00:00,P2,resolved,Digital Operations,Patient Operations Portal,svc-patient-portal,availability,2.0,False,application_error,2026-04-24T20:00:00+00:00
INC-202601366,INC-202601366,2026-04-24T20:00:00+00:00,2026-04-24T21:06:00+00:00,P3,resolved,Service Desk,Order Management,svc-order-mgmt,availability,1.1,False,application_error,2026-04-24T21:06:00+00:00
INC-202601367,INC-202601367,2026-04-24T22:00:00+00:00,2026-04-24T23:12:00+00:00,P4,resolved,Service Desk,Identity Gateway,svc-identity-gateway,authentication,1.2,False,application_error,2026-04-24T23:12:00+00:00
INC-202601368,INC-202601368,2026-04-25T00:00:00+00:00,2026-04-25T04:48:00+00:00,P1,resolved,Digital Operations,Patient Operations Portal,svc-patient-portal,availability,4.8,False,application_error,2026-04-25T04:48:00+00:00
INC-202601369,INC-202601369,2026-04-25T02:00:00+00:00,2026-04-25T04:24:00+00:00,P2,resolved,Service Desk,Order Management,svc-order-mgmt,availability,2.4,False,application_error,2026-04-25T04:24:00+00:00
INC-202601370,INC-202601370,2026-04-25T04:00:00+00:00,2026-04-25T05:30:00+00:00,P3,resolved,Service Desk,Identity Gateway,svc-identity-gateway,authentication,1.5,False,application_error,2026-04-25T05:30:00+00:00
INC-202601371,INC-202601371,2026-04-25T06:00:00+00:00,2026-04-25T07:36:00+00:00,P4,resolved,Digital Operations,Patient Operations Portal,svc-patient-portal,availability,1.6,False,application_error,2026-04-25T07:36:00+00:00
INC-202601372,INC-202601372,2026-04-25T08:00:00+00:00,2026-04-25T12:30:00+00:00,P1,resolved,Service Desk,Order Management,svc-order-mgmt,availability,4.5,False,application_error,2026-04-25T12:30:00+00:00
INC-202601373,INC-202601373,2026-04-25T10:00:00+00:00,2026-04-25T12:06:00+00:00,P2,resolved,Service Desk,Identity Gateway,svc-identity-gateway,authentication,2.1,False,application_error,2026-04-25T12:06:00+00:00
INC-202601374,INC-202601374,2026-04-25T12:00:00+00:00,2026-04-25T13:12:00+00:00,P3,resolved,Digital Operations,Patient Operations Portal,svc-patient-portal,availability,1.2,False,application_error,2026-04-25T13:12:00+00:00
INC-202601375,INC-202601375,2026-04-25T14:00:00+00:00,2026-04-25T15:18:00+00:00,P4,resolved,Service Desk,Order Management,svc-order-mgmt,availability,1.3,False,application_error,2026-04-25T15:18:00+00:00
INC-202601376,INC-202601376,2026-04-25T16:00:00+00:00,2026-04-25T20:54:00+00:00,P1,resolved,Service Desk,Identity Gateway,svc-identity-gateway,authentication,4.9,False,application_error,2026-04-25T20:54:00+00:00
INC-202601377,INC-202601377,2026-04-25T18:00:00+00:00,2026-04-25T20:30:00+00:00,P2,resolved,Digital Operations,Patient Operations Portal,svc-patient-portal,availability,2.5,False,certificate_expiry,2026-04-25T20:30:00+00:00
INC-202601378,INC-202601378,2026-04-25T20:00:00+00:00,2026-04-25T21:36:00+00:00,P3,resolved,Service Desk,Order Management,svc-order-mgmt,availability,1.6,False,application_error,2026-04-25T21:36:00+00:00
INC-202601379,INC-202601379,2026-04-25T22:00:00+00:00,2026-04-25T23:00:00+00:00,P4,resolved,Service Desk,Identity Gateway,svc-identity-gateway,authentication,1.0,False,application_error,2026-04-25T23:00:00+00:00
INC-202601380,INC-202601380,2026-04-26T00:00:00+00:00,2026-04-26T04:36:00+00:00,P1,resolved,Digital Operations,Patient Operations Portal,svc-patient-portal,availability,4.6,True,application_error,2026-04-26T04:36:00+00:00
INC-202601381,INC-202601381,2026-04-26T02:00:00+00:00,2026-04-26T04:12:00+00:00,P2,resolved,Service Desk,Order Management,svc-order-mgmt,availability,2.2,False,application_error,2026-04-26T04:12:00+00:00
INC-202601382,INC-202601382,2026-04-26T04:00:00+00:00,2026-04-26T05:18:00+00:00,P3,resolved,Service Desk,Identity Gateway,svc-identity-gateway,authentication,1.3,False,application_error,2026-04-26T05:18:00+00:00
INC-202601383,INC-202601383,2026-04-26T06:00:00+00:00,2026-04-26T07:24:00+00:00,P4,resolved,Digital Operations,Patient Operations Portal,svc-patient-portal,availability,1.4,False,application_error,2026-04-26T07:24:00+00:00
INC-202601384,INC-202601384,2026-04-26T08:00:00+00:00,2026-04-26T13:00:00+00:00,P1,resolved,Service Desk,Order Management,svc-order-mgmt,availability,5.0,False,application_error,2026-04-26T13:00:00+00:00
INC-202601385,INC-202601385,2026-04-26T10:00:00+00:00,2026-04-26T12:36:00+00:00,P2,resolved,Service Desk,Identity Gateway,svc-identity-gateway,authentication,2.6,False,application_error,2026-04-26T12:36:00+00:00
INC-202601386,INC-202601386,2026-04-26T12:00:00+00:00,2026-04-26T13:00:00+00:00,P3,resolved,Digital Operations,Patient Operations Portal,svc-patient-portal,availability,1.0,False,application_error,2026-04-26T13:00:00+00:00
INC-202601387,INC-202601387,2026-04-26T14:00:00+00:00,2026-04-26T15:06:00+00:00,P4,resolved,Service Desk,Order Management,svc-order-mgmt,availability,1.1,False,application_error,2026-04-26T15:06:00+00:00
INC-202601388,INC-202601388,2026-04-26T16:00:00+00:00,2026-04-26T20:42:00+00:00,P1,resolved,Service Desk,Identity Gateway,svc-identity-gateway,authentication,4.7,False,application_error,2026-04-26T20:42:00+00:00
INC-202601389,INC-202601389,2026-04-26T18:00:00+00:00,2026-04-26T20:18:00+00:00,P2,resolved,Digital Operations,Patient Operations Portal,svc-patient-portal,availability,2.3,False,application_error,2026-04-26T20:18:00+00:00
INC-202601390,INC-202601390,2026-04-26T20:00:00+00:00,2026-04-26T21:24:00+00:00,P3,resolved,Service Desk,Order Management,svc-order-mgmt,availability,1.4,False,application_error,2026-04-26T21:24:00+00:00
INC-202601391,INC-202601391,2026-04-26T22:00:00+00:00,2026-04-26T23:30:00+00:00,P4,resolved,Service Desk,Identity Gateway,svc-identity-gateway,authentication,1.5,False,application_error,2026-04-26T23:30:00+00:00
INC-202601392,INC-202601392,2026-04-27T00:00:00+00:00,2026-04-27T05:06:00+00:00,P1,resolved,Digital Operations,Patient Operations Portal,svc-patient-portal,availability,5.1,False,application_error,2026-04-27T05:06:00+00:00
INC-202601393,INC-202601393,2026-04-27T02:00:00+00:00,2026-04-27T04:00:00+00:00,P2,resolved,Service Desk,Order Management,svc-order-mgmt,availability,2.0,False,application_error,2026-04-27T04:00:00+00:00
INC-202601394,INC-202601394,2026-04-27T04:00:00+00:00,2026-04-27T05:06:00+00:00,P3,resolved,Service Desk,Identity Gateway,svc-identity-gateway,authentication,1.1,False,certificate_expiry,2026-04-27T05:06:00+00:00
INC-202601395,INC-202601395,2026-04-27T06:00:00+00:00,2026-04-27T07:12:00+00:00,P4,resolved,Digital Operations,Patient Operations Portal,svc-patient-portal,availability,1.2,False,application_error,2026-04-27T07:12:00+00:00
INC-202601396,INC-202601396,2026-04-27T08:00:00+00:00,2026-04-27T12:48:00+00:00,P1,resolved,Service Desk,Order Management,svc-order-mgmt,availability,4.8,False,application_error,2026-04-27T12:48:00+00:00
INC-202601397,INC-202601397,2026-04-27T10:00:00+00:00,2026-04-27T12:24:00+00:00,P2,resolved,Service Desk,Identity Gateway,svc-identity-gateway,authentication,2.4,False,application_error,2026-04-27T12:24:00+00:00
INC-202601398,INC-202601398,2026-04-27T12:00:00+00:00,2026-04-27T13:30:00+00:00,P3,resolved,Digital Operations,Patient Operations Portal,svc-patient-portal,availability,1.5,False,application_error,2026-04-27T13:30:00+00:00
INC-202601399,INC-202601399,2026-04-27T14:00:00+00:00,2026-04-27T15:36:00+00:00,P4,resolved,Service Desk,Order Management,svc-order-mgmt,availability,1.6,False,application_error,2026-04-27T15:36:00+00:00
INC-202601400,INC-202601400,2026-04-27T16:00:00+00:00,2026-04-27T20:30:00+00:00,P1,resolved,Service Desk,Identity Gateway,svc-identity-gateway,authentication,4.5,True,application_error,2026-04-27T20:30:00+00:00
INC-202601401,INC-202601401,2026-04-27T18:00:00+00:00,2026-04-27T20:06:00+00:00,P2,resolved,Digital Operations,Patient Operations Portal,svc-patient-portal,availability,2.1,False,application_error,2026-04-27T20:06:00+00:00
INC-202601402,INC-202601402,2026-04-27T20:00:00+00:00,2026-04-27T21:12:00+00:00,P3,resolved,Service Desk,Order Management,svc-order-mgmt,availability,1.2,False,application_error,2026-04-27T21:12:00+00:00
INC-202601403,INC-202601403,2026-04-27T22:00:00+00:00,2026-04-27T23:18:00+00:00,P4,resolved,Service Desk,Identity Gateway,svc-identity-gateway,authentication,1.3,False,application_error,2026-04-27T23:18:00+00:00
INC-202601404,INC-202601404,2026-04-28T00:00:00+00:00,2026-04-28T04:54:00+00:00,P1,resolved,Digital Operations,Patient Operations Portal,svc-patient-portal,availability,4.9,False,application_error,2026-04-28T04:54:00+00:00
INC-202601405,INC-202601405,2026-04-28T02:00:00+00:00,2026-04-28T04:30:00+00:00,P2,resolved,Service Desk,Order Management,svc-order-mgmt,availability,2.5,False,application_error,2026-04-28T04:30:00+00:00
INC-202601406,INC-202601406,2026-04-28T04:00:00+00:00,2026-04-28T05:36:00+00:00,P3,resolved,Service Desk,Identity Gateway,svc-identity-gateway,authentication,1.6,False,application_error,2026-04-28T05:36:00+00:00
INC-202601407,INC-202601407,2026-04-28T06:00:00+00:00,2026-04-28T07:00:00+00:00,P4,resolved,Digital Operations,Patient Operations Portal,svc-patient-portal,availability,1.0,False,application_error,2026-04-28T07:00:00+00:00
INC-202601408,INC-202601408,2026-04-28T08:00:00+00:00,2026-04-28T12:36:00+00:00,P1,resolved,Service Desk,Order Management,svc-order-mgmt,availability,4.6,False,application_error,2026-04-28T12:36:00+00:00
INC-202601409,INC-202601409,2026-04-28T10:00:00+00:00,2026-04-28T12:12:00+00:00,P2,resolved,Service Desk,Identity Gateway,svc-identity-gateway,authentication,2.2,False,application_error,2026-04-28T12:12:00+00:00
INC-202601410,INC-202601410,2026-04-28T12:00:00+00:00,2026-04-28T13:18:00+00:00,P3,resolved,Digital Operations,Patient Operations Portal,svc-patient-portal,availability,1.3,False,application_error,2026-04-28T13:18:00+00:00
INC-202601411,INC-202601411,2026-04-28T14:00:00+00:00,2026-04-28T15:24:00+00:00,P4,resolved,Service Desk,Order Management,svc-order-mgmt,availability,1.4,False,certificate_expiry,2026-04-28T15:24:00+00:00
INC-202601412,INC-202601412,2026-04-28T16:00:00+00:00,2026-04-28T21:00:00+00:00,P1,resolved,Service Desk,Identity Gateway,svc-identity-gateway,authentication,5.0,False,application_error,2026-04-28T21:00:00+00:00
INC-202601413,INC-202601413,2026-04-28T18:00:00+00:00,2026-04-28T20:36:00+00:00,P2,resolved,Digital Operations,Patient Operations Portal,svc-patient-portal,availability,2.6,False,application_error,2026-04-28T20:36:00+00:00
INC-202601414,INC-202601414,2026-04-28T20:00:00+00:00,2026-04-28T21:00:00+00:00,P3,resolved,Service Desk,Order Management,svc-order-mgmt,availability,1.0,False,application_error,2026-04-28T21:00:00+00:00
INC-202601415,INC-202601415,2026-04-28T22:00:00+00:00,2026-04-28T23:06:00+00:00,P4,resolved,Service Desk,Identity Gateway,svc-identity-gateway,authentication,1.1,False,application_error,2026-04-28T23:06:00+00:00
INC-202601416,INC-202601416,2026-04-29T00:00:00+00:00,2026-04-29T04:42:00+00:00,P1,resolved,Digital Operations,Patient Operations Portal,svc-patient-portal,availability,4.7,False,application_error,2026-04-29T04:42:00+00:00
INC-202601417,INC-202601417,2026-04-29T02:00:00+00:00,2026-04-29T04:18:00+00:00,P2,resolved,Service Desk,Order Management,svc-order-mgmt,availability,2.3,False,application_error,2026-04-29T04:18:00+00:00
INC-202601418,INC-202601418,2026-04-29T04:00:00+00:00,2026-04-29T05:24:00+00:00,P3,resolved,Service Desk,Identity Gateway,svc-identity-gateway,authentication,1.4,False,application_error,2026-04-29T05:24:00+00:00
INC-202601419,INC-202601419,2026-04-29T06:00:00+00:00,2026-04-29T07:30:00+00:00,P4,resolved,Digital Operations,Patient Operations Portal,svc-patient-portal,availability,1.5,False,application_error,2026-04-29T07:30:00+00:00
INC-202601420,INC-202601420,2026-04-29T08:00:00+00:00,2026-04-29T13:06:00+00:00,P1,resolved,Service Desk,Order Management,svc-order-mgmt,availability,5.1,True,application_error,2026-04-29T13:06:00+00:00
INC-202601421,INC-202601421,2026-04-29T10:00:00+00:00,2026-04-29T12:00:00+00:00,P2,resolved,Service Desk,Identity Gateway,svc-identity-gateway,authentication,2.0,False,application_error,2026-04-29T12:00:00+00:00
INC-202601422,INC-202601422,2026-04-29T12:00:00+00:00,2026-04-29T13:06:00+00:00,P3,resolved,Digital Operations,Patient Operations Portal,svc-patient-portal,availability,1.1,False,application_error,2026-04-29T13:06:00+00:00
INC-202601423,INC-202601423,2026-04-29T14:00:00+00:00,2026-04-29T15:12:00+00:00,P4,resolved,Service Desk,Order Management,svc-order-mgmt,availability,1.2,False,application_error,2026-04-29T15:12:00+00:00
INC-202601424,INC-202601424,2026-04-29T16:00:00+00:00,2026-04-29T20:48:00+00:00,P1,resolved,Service Desk,Identity Gateway,svc-identity-gateway,authentication,4.8,False,application_error,2026-04-29T20:48:00+00:00
INC-202601425,INC-202601425,2026-04-29T18:00:00+00:00,2026-04-29T20:24:00+00:00,P2,resolved,Digital Operations,Patient Operations Portal,svc-patient-portal,availability,2.4,False,application_error,2026-04-29T20:24:00+00:00
INC-202601426,INC-202601426,2026-04-29T20:00:00+00:00,2026-04-29T21:30:00+00:00,P3,resolved,Service Desk,Order Management,svc-order-mgmt,availability,1.5,False,application_error,2026-04-29T21:30:00+00:00
INC-202601427,INC-202601427,2026-04-29T22:00:00+00:00,2026-04-29T23:36:00+00:00,P4,resolved,Service Desk,Identity Gateway,svc-identity-gateway,authentication,1.6,False,application_error,2026-04-29T23:36:00+00:00
INC-202601428,INC-202601428,2026-04-30T00:00:00+00:00,2026-04-30T04:30:00+00:00,P1,resolved,Digital Operations,Patient Operations Portal,svc-patient-portal,availability,4.5,False,certificate_expiry,2026-04-30T04:30:00+00:00
INC-202601429,INC-202601429,2026-04-30T02:00:00+00:00,2026-04-30T04:06:00+00:00,P2,resolved,Service Desk,Order Management,svc-order-mgmt,availability,2.1,False,application_error,2026-04-30T04:06:00+00:00
INC-202601430,INC-202601430,2026-04-30T04:00:00+00:00,2026-04-30T05:12:00+00:00,P3,resolved,Service Desk,Identity Gateway,svc-identity-gateway,authentication,1.2,False,application_error,2026-04-30T05:12:00+00:00
INC-202601431,INC-202601431,2026-04-30T06:00:00+00:00,2026-04-30T07:18:00+00:00,P4,resolved,Digital Operations,Patient Operations Portal,svc-patient-portal,availability,1.3,False,application_error,2026-04-30T07:18:00+00:00
INC-202601432,INC-202601432,2026-04-30T08:00:00+00:00,2026-04-30T12:54:00+00:00,P1,resolved,Service Desk,Order Management,svc-order-mgmt,availability,4.9,False,application_error,2026-04-30T12:54:00+00:00
INC-202601433,INC-202601433,2026-04-30T10:00:00+00:00,2026-04-30T12:30:00+00:00,P2,resolved,Service Desk,Identity Gateway,svc-identity-gateway,authentication,2.5,False,application_error,2026-04-30T12:30:00+00:00
INC-202601434,INC-202601434,2026-04-30T12:00:00+00:00,2026-04-30T13:36:00+00:00,P3,resolved,Digital Operations,Patient Operations Portal,svc-patient-portal,availability,1.6,False,application_error,2026-04-30T13:36:00+00:00
INC-202601435,INC-202601435,2026-04-30T14:00:00+00:00,2026-04-30T15:00:00+00:00,P4,resolved,Service Desk,Order Management,svc-order-mgmt,availability,1.0,False,application_error,2026-04-30T15:00:00+00:00
INC-202601436,INC-202601436,2026-04-30T16:00:00+00:00,2026-04-30T20:36:00+00:00,P1,resolved,Service Desk,Identity Gateway,svc-identity-gateway,authentication,4.6,False,application_error,2026-04-30T20:36:00+00:00
INC-202601437,INC-202601437,2026-04-30T18:00:00+00:00,2026-04-30T20:12:00+00:00,P2,resolved,Digital Operations,Patient Operations Portal,svc-patient-portal,availability,2.2,False,application_error,2026-04-30T20:12:00+00:00
INC-202601438,INC-202601438,2026-04-30T20:00:00+00:00,2026-04-30T21:18:00+00:00,P3,resolved,Service Desk,Order Management,svc-order-mgmt,availability,1.3,False,application_error,2026-04-30T21:18:00+00:00
INC-202601439,INC-202601439,2026-04-30T22:00:00+00:00,2026-04-30T23:24:00+00:00,P4,resolved,Service Desk,Identity Gateway,svc-identity-gateway,authentication,1.4,False,application_error,2026-04-30T23:24:00+00:00
INC-202601440,INC-202601440,2026-05-01T00:00:00+00:00,2026-05-01T05:00:00+00:00,P1,resolved,Digital Operations,Patient Operations Portal,svc-patient-portal,availability,5.0,True,application_error,2026-05-01T05:00:00+00:00
INC-202601441,INC-202601441,2026-05-01T02:00:00+00:00,2026-05-01T04:36:00+00:00,P2,resolved,Service Desk,Order Management,svc-order-mgmt,availability,2.6,False,application_error,2026-05-01T04:36:00+00:00
INC-202601442,INC-202601442,2026-05-01T04:00:00+00:00,2026-05-01T05:00:00+00:00,P3,resolved,Service Desk,Identity Gateway,svc-identity-gateway,authentication,1.0,False,application_error,2026-05-01T05:00:00+00:00
INC-202601443,INC-202601443,2026-05-01T06:00:00+00:00,2026-05-01T07:06:00+00:00,P4,resolved,Digital Operations,Patient Operations Portal,svc-patient-portal,availability,1.1,False,application_error,2026-05-01T07:06:00+00:00
INC-202601444,INC-202601444,2026-05-01T08:00:00+00:00,2026-05-01T12:42:00+00:00,P1,resolved,Service Desk,Order Management,svc-order-mgmt,availability,4.7,False,application_error,2026-05-01T12:42:00+00:00
INC-202601445,INC-202601445,2026-05-01T10:00:00+00:00,2026-05-01T12:18:00+00:00,P2,resolved,Service Desk,Identity Gateway,svc-identity-gateway,authentication,2.3,False,certificate_expiry,2026-05-01T12:18:00+00:00
INC-202601446,INC-202601446,2026-05-01T12:00:00+00:00,2026-05-01T13:24:00+00:00,P3,resolved,Digital Operations,Patient Operations Portal,svc-patient-portal,availability,1.4,False,application_error,2026-05-01T13:24:00+00:00
INC-202601447,INC-202601447,2026-05-01T14:00:00+00:00,2026-05-01T15:30:00+00:00,P4,resolved,Service Desk,Order Management,svc-order-mgmt,availability,1.5,False,application_error,2026-05-01T15:30:00+00:00
INC-202601448,INC-202601448,2026-05-01T16:00:00+00:00,2026-05-01T21:06:00+00:00,P1,resolved,Service Desk,Identity Gateway,svc-identity-gateway,authentication,5.1,False,application_error,2026-05-01T21:06:00+00:00
INC-202601449,INC-202601449,2026-05-01T18:00:00+00:00,2026-05-01T20:00:00+00:00,P2,resolved,Digital Operations,Patient Operations Portal,svc-patient-portal,availability,2.0,False,application_error,2026-05-01T20:00:00+00:00
INC-202601450,INC-202601450,2026-05-01T20:00:00+00:00,2026-05-01T21:06:00+00:00,P3,resolved,Service Desk,Order Management,svc-order-mgmt,availability,1.1,False,application_error,2026-05-01T21:06:00+00:00
INC-202601451,INC-202601451,2026-05-01T22:00:00+00:00,2026-05-01T23:12:00+00:00,P4,resolved,Service Desk,Identity Gateway,svc-identity-gateway,authentication,1.2,False,application_error,2026-05-01T23:12:00+00:00
INC-202601452,INC-202601452,2026-05-02T00:00:00+00:00,2026-05-02T04:48:00+00:00,P1,resolved,Digital Operations,Patient Operations Portal,svc-patient-portal,availability,4.8,False,application_error,2026-05-02T04:48:00+00:00
INC-202601453,INC-202601453,2026-05-02T02:00:00+00:00,2026-05-02T04:24:00+00:00,P2,resolved,Service Desk,Order Management,svc-order-mgmt,availability,2.4,False,application_error,2026-05-02T04:24:00+00:00
INC-202601454,INC-202601454,2026-05-02T04:00:00+00:00,2026-05-02T05:30:00+00:00,P3,resolved,Service Desk,Identity Gateway,svc-identity-gateway,authentication,1.5,False,application_error,2026-05-02T05:30:00+00:00
INC-202601455,INC-202601455,2026-05-02T06:00:00+00:00,2026-05-02T07:36:00+00:00,P4,resolved,Digital Operations,Patient Operations Portal,svc-patient-portal,availability,1.6,False,application_error,2026-05-02T07:36:00+00:00
INC-202601456,INC-202601456,2026-05-02T08:00:00+00:00,2026-05-02T12:30:00+00:00,P1,resolved,Service Desk,Order Management,svc-order-mgmt,availability,4.5,False,application_error,2026-05-02T12:30:00+00:00
INC-202601457,INC-202601457,2026-05-02T10:00:00+00:00,2026-05-02T12:06:00+00:00,P2,resolved,Service Desk,Identity Gateway,svc-identity-gateway,authentication,2.1,False,application_error,2026-05-02T12:06:00+00:00
INC-202601458,INC-202601458,2026-05-02T12:00:00+00:00,2026-05-02T13:12:00+00:00,P3,resolved,Digital Operations,Patient Operations Portal,svc-patient-portal,availability,1.2,False,application_error,2026-05-02T13:12:00+00:00
INC-202601459,INC-202601459,2026-05-02T14:00:00+00:00,2026-05-02T15:18:00+00:00,P4,resolved,Service Desk,Order Management,svc-order-mgmt,availability,1.3,False,application_error,2026-05-02T15:18:00+00:00
INC-202601460,INC-202601460,2026-05-02T16:00:00+00:00,2026-05-02T20:54:00+00:00,P1,resolved,Service Desk,Identity Gateway,svc-identity-gateway,authentication,4.9,True,application_error,2026-05-02T20:54:00+00:00
INC-202601461,INC-202601461,2026-05-02T18:00:00+00:00,2026-05-02T20:30:00+00:00,P2,resolved,Digital Operations,Patient Operations Portal,svc-patient-portal,availability,2.5,False,application_error,2026-05-02T20:30:00+00:00
INC-202601462,INC-202601462,2026-05-02T20:00:00+00:00,2026-05-02T21:36:00+00:00,P3,resolved,Service Desk,Order Management,svc-order-mgmt,availability,1.6,False,certificate_expiry,2026-05-02T21:36:00+00:00
INC-202601463,INC-202601463,2026-05-02T22:00:00+00:00,2026-05-02T23:00:00+00:00,P4,resolved,Service Desk,Identity Gateway,svc-identity-gateway,authentication,1.0,False,application_error,2026-05-02T23:00:00+00:00
INC-202601464,INC-202601464,2026-05-03T00:00:00+00:00,2026-05-03T04:36:00+00:00,P1,resolved,Digital Operations,Patient Operations Portal,svc-patient-portal,availability,4.6,False,application_error,2026-05-03T04:36:00+00:00
INC-202601465,INC-202601465,2026-05-03T02:00:00+00:00,2026-05-03T04:12:00+00:00,P2,resolved,Service Desk,Order Management,svc-order-mgmt,availability,2.2,False,application_error,2026-05-03T04:12:00+00:00
INC-202601466,INC-202601466,2026-05-03T04:00:00+00:00,2026-05-03T05:18:00+00:00,P3,resolved,Service Desk,Identity Gateway,svc-identity-gateway,authentication,1.3,False,application_error,2026-05-03T05:18:00+00:00
INC-202601467,INC-202601467,2026-05-03T06:00:00+00:00,2026-05-03T07:24:00+00:00,P4,resolved,Digital Operations,Patient Operations Portal,svc-patient-portal,availability,1.4,False,application_error,2026-05-03T07:24:00+00:00
INC-202601468,INC-202601468,2026-05-03T08:00:00+00:00,2026-05-03T13:00:00+00:00,P1,resolved,Service Desk,Order Management,svc-order-mgmt,availability,5.0,False,application_error,2026-05-03T13:00:00+00:00
INC-202601469,INC-202601469,2026-05-03T10:00:00+00:00,2026-05-03T12:36:00+00:00,P2,resolved,Service Desk,Identity Gateway,svc-identity-gateway,authentication,2.6,False,application_error,2026-05-03T12:36:00+00:00
INC-202601470,INC-202601470,2026-05-03T12:00:00+00:00,2026-05-03T13:00:00+00:00,P3,resolved,Digital Operations,Patient Operations Portal,svc-patient-portal,availability,1.0,False,application_error,2026-05-03T13:00:00+00:00
INC-202601471,INC-202601471,2026-05-03T14:00:00+00:00,2026-05-03T15:06:00+00:00,P4,resolved,Service Desk,Order Management,svc-order-mgmt,availability,1.1,False,application_error,2026-05-03T15:06:00+00:00
INC-202601472,INC-202601472,2026-05-03T16:00:00+00:00,2026-05-03T20:42:00+00:00,P1,resolved,Service Desk,Identity Gateway,svc-identity-gateway,authentication,4.7,False,application_error,2026-05-03T20:42:00+00:00
INC-202601473,INC-202601473,2026-05-03T18:00:00+00:00,2026-05-03T20:18:00+00:00,P2,resolved,Digital Operations,Patient Operations Portal,svc-patient-portal,availability,2.3,False,application_error,2026-05-03T20:18:00+00:00
INC-202601474,INC-202601474,2026-05-03T20:00:00+00:00,2026-05-03T21:24:00+00:00,P3,resolved,Service Desk,Order Management,svc-order-mgmt,availability,1.4,False,application_error,2026-05-03T21:24:00+00:00
INC-202601475,INC-202601475,2026-05-03T22:00:00+00:00,2026-05-03T23:30:00+00:00,P4,resolved,Service Desk,Identity Gateway,svc-identity-gateway,authentication,1.5,False,application_error,2026-05-03T23:30:00+00:00
INC-202601476,INC-202601476,2026-05-04T00:00:00+00:00,2026-05-04T05:06:00+00:00,P1,resolved,Digital Operations,Patient Operations Portal,svc-patient-portal,availability,5.1,False,application_error,2026-05-04T05:06:00+00:00
INC-202601477,INC-202601477,2026-05-04T02:00:00+00:00,2026-05-04T04:00:00+00:00,P2,resolved,Service Desk,Order Management,svc-order-mgmt,availability,2.0,False,application_error,2026-05-04T04:00:00+00:00
INC-202601478,INC-202601478,2026-05-04T04:00:00+00:00,2026-05-04T05:06:00+00:00,P3,resolved,Service Desk,Identity Gateway,svc-identity-gateway,authentication,1.1,False,application_error,2026-05-04T05:06:00+00:00
INC-202601479,INC-202601479,2026-05-04T06:00:00+00:00,2026-05-04T07:12:00+00:00,P4,resolved,Digital Operations,Patient Operations Portal,svc-patient-portal,availability,1.2,False,certificate_expiry,2026-05-04T07:12:00+00:00
INC-202601480,INC-202601480,2026-05-04T08:00:00+00:00,2026-05-04T12:48:00+00:00,P1,resolved,Service Desk,Order Management,svc-order-mgmt,availability,4.8,True,application_error,2026-05-04T12:48:00+00:00
INC-202601481,INC-202601481,2026-05-04T10:00:00+00:00,2026-05-04T12:24:00+00:00,P2,resolved,Service Desk,Identity Gateway,svc-identity-gateway,authentication,2.4,False,application_error,2026-05-04T12:24:00+00:00
INC-202601482,INC-202601482,2026-05-04T12:00:00+00:00,2026-05-04T13:30:00+00:00,P3,resolved,Digital Operations,Patient Operations Portal,svc-patient-portal,availability,1.5,False,application_error,2026-05-04T13:30:00+00:00
INC-202601483,INC-202601483,2026-05-04T14:00:00+00:00,2026-05-04T15:36:00+00:00,P4,resolved,Service Desk,Order Management,svc-order-mgmt,availability,1.6,False,application_error,2026-05-04T15:36:00+00:00
INC-202601484,INC-202601484,2026-05-04T16:00:00+00:00,2026-05-04T20:30:00+00:00,P1,resolved,Service Desk,Identity Gateway,svc-identity-gateway,authentication,4.5,False,application_error,2026-05-04T20:30:00+00:00
INC-202601485,INC-202601485,2026-05-04T18:00:00+00:00,2026-05-04T20:06:00+00:00,P2,resolved,Digital Operations,Patient Operations Portal,svc-patient-portal,availability,2.1,False,application_error,2026-05-04T20:06:00+00:00
INC-202601486,INC-202601486,2026-05-04T20:00:00+00:00,2026-05-04T21:12:00+00:00,P3,resolved,Service Desk,Order Management,svc-order-mgmt,availability,1.2,False,application_error,2026-05-04T21:12:00+00:00
INC-202601487,INC-202601487,2026-05-04T22:00:00+00:00,2026-05-04T23:18:00+00:00,P4,resolved,Service Desk,Identity Gateway,svc-identity-gateway,authentication,1.3,False,application_error,2026-05-04T23:18:00+00:00
INC-202601488,INC-202601488,2026-05-05T00:00:00+00:00,2026-05-05T04:54:00+00:00,P1,resolved,Digital Operations,Patient Operations Portal,svc-patient-portal,availability,4.9,False,application_error,2026-05-05T04:54:00+00:00
INC-202601489,INC-202601489,2026-05-05T02:00:00+00:00,2026-05-05T04:30:00+00:00,P2,resolved,Service Desk,Order Management,svc-order-mgmt,availability,2.5,False,application_error,2026-05-05T04:30:00+00:00
INC-202601490,INC-202601490,2026-05-05T04:00:00+00:00,2026-05-05T05:36:00+00:00,P3,resolved,Service Desk,Identity Gateway,svc-identity-gateway,authentication,1.6,False,application_error,2026-05-05T05:36:00+00:00
INC-202601491,INC-202601491,2026-05-05T06:00:00+00:00,2026-05-05T07:00:00+00:00,P4,resolved,Digital Operations,Patient Operations Portal,svc-patient-portal,availability,1.0,False,application_error,2026-05-05T07:00:00+00:00
INC-202601492,INC-202601492,2026-05-05T08:00:00+00:00,2026-05-05T12:36:00+00:00,P1,resolved,Service Desk,Order Management,svc-order-mgmt,availability,4.6,False,application_error,2026-05-05T12:36:00+00:00
INC-202601493,INC-202601493,2026-05-05T10:00:00+00:00,2026-05-05T12:12:00+00:00,P2,resolved,Service Desk,Identity Gateway,svc-identity-gateway,authentication,2.2,False,application_error,2026-05-05T12:12:00+00:00
INC-202601494,INC-202601494,2026-05-05T12:00:00+00:00,2026-05-05T13:18:00+00:00,P3,resolved,Digital Operations,Patient Operations Portal,svc-patient-portal,availability,1.3,False,application_error,2026-05-05T13:18:00+00:00
INC-202601495,INC-202601495,2026-05-05T14:00:00+00:00,2026-05-05T15:24:00+00:00,P4,resolved,Service Desk,Order Management,svc-order-mgmt,availability,1.4,False,application_error,2026-05-05T15:24:00+00:00
INC-202601496,INC-202601496,2026-05-05T16:00:00+00:00,2026-05-05T21:00:00+00:00,P1,resolved,Service Desk,Identity Gateway,svc-identity-gateway,authentication,5.0,False,certificate_expiry,2026-05-05T21:00:00+00:00
INC-202601497,INC-202601497,2026-05-05T18:00:00+00:00,2026-05-05T20:36:00+00:00,P2,resolved,Digital Operations,Patient Operations Portal,svc-patient-portal,availability,2.6,False,application_error,2026-05-05T20:36:00+00:00
INC-202601498,INC-202601498,2026-05-05T20:00:00+00:00,2026-05-05T21:00:00+00:00,P3,resolved,Service Desk,Order Management,svc-order-mgmt,availability,1.0,False,application_error,2026-05-05T21:00:00+00:00
INC-202601499,INC-202601499,2026-05-05T22:00:00+00:00,2026-05-05T23:06:00+00:00,P4,resolved,Service Desk,Identity Gateway,svc-identity-gateway,authentication,1.1,False,application_error,2026-05-05T23:06:00+00:00
INC-202601500,INC-202601500,2026-05-06T00:00:00+00:00,2026-05-06T04:42:00+00:00,P1,resolved,Digital Operations,Patient Operations Portal,svc-patient-portal,availability,4.7,True,application_error,2026-05-06T04:42:00+00:00
INC-202601501,INC-202601501,2026-05-06T02:00:00+00:00,2026-05-06T04:18:00+00:00,P2,resolved,Service Desk,Order Management,svc-order-mgmt,availability,2.3,False,application_error,2026-05-06T04:18:00+00:00
INC-202601502,INC-202601502,2026-05-06T04:00:00+00:00,2026-05-06T05:24:00+00:00,P3,resolved,Service Desk,Identity Gateway,svc-identity-gateway,authentication,1.4,False,application_error,2026-05-06T05:24:00+00:00
INC-202601503,INC-202601503,2026-05-06T06:00:00+00:00,2026-05-06T07:30:00+00:00,P4,resolved,Digital Operations,Patient Operations Portal,svc-patient-portal,availability,1.5,False,application_error,2026-05-06T07:30:00+00:00
INC-202601504,INC-202601504,2026-05-06T08:00:00+00:00,2026-05-06T13:06:00+00:00,P1,resolved,Service Desk,Order Management,svc-order-mgmt,availability,5.1,False,application_error,2026-05-06T13:06:00+00:00
INC-202601505,INC-202601505,2026-05-06T10:00:00+00:00,2026-05-06T12:00:00+00:00,P2,resolved,Service Desk,Identity Gateway,svc-identity-gateway,authentication,2.0,False,application_error,2026-05-06T12:00:00+00:00
INC-202601506,INC-202601506,2026-05-06T12:00:00+00:00,2026-05-06T13:06:00+00:00,P3,resolved,Digital Operations,Patient Operations Portal,svc-patient-portal,availability,1.1,False,application_error,2026-05-06T13:06:00+00:00
INC-202601507,INC-202601507,2026-05-06T14:00:00+00:00,2026-05-06T15:12:00+00:00,P4,resolved,Service Desk,Order Management,svc-order-mgmt,availability,1.2,False,application_error,2026-05-06T15:12:00+00:00
INC-202601508,INC-202601508,2026-05-06T16:00:00+00:00,2026-05-06T20:48:00+00:00,P1,resolved,Service Desk,Identity Gateway,svc-identity-gateway,authentication,4.8,False,application_error,2026-05-06T20:48:00+00:00
INC-202601509,INC-202601509,2026-05-06T18:00:00+00:00,2026-05-06T20:24:00+00:00,P2,resolved,Digital Operations,Patient Operations Portal,svc-patient-portal,availability,2.4,False,application_error,2026-05-06T20:24:00+00:00
INC-202601510,INC-202601510,2026-05-06T20:00:00+00:00,2026-05-06T21:30:00+00:00,P3,resolved,Service Desk,Order Management,svc-order-mgmt,availability,1.5,False,application_error,2026-05-06T21:30:00+00:00
INC-202601511,INC-202601511,2026-05-06T22:00:00+00:00,2026-05-06T23:36:00+00:00,P4,resolved,Service Desk,Identity Gateway,svc-identity-gateway,authentication,1.6,False,application_error,2026-05-06T23:36:00+00:00
INC-202601512,INC-202601512,2026-05-07T00:00:00+00:00,2026-05-07T04:30:00+00:00,P1,resolved,Digital Operations,Patient Operations Portal,svc-patient-portal,availability,4.5,False,application_error,2026-05-07T04:30:00+00:00
INC-202601513,INC-202601513,2026-05-07T02:00:00+00:00,2026-05-07T04:06:00+00:00,P2,resolved,Service Desk,Order Management,svc-order-mgmt,availability,2.1,False,certificate_expiry,2026-05-07T04:06:00+00:00
INC-202601514,INC-202601514,2026-05-07T04:00:00+00:00,2026-05-07T05:12:00+00:00,P3,resolved,Service Desk,Identity Gateway,svc-identity-gateway,authentication,1.2,False,application_error,2026-05-07T05:12:00+00:00
INC-202601515,INC-202601515,2026-05-07T06:00:00+00:00,2026-05-07T07:18:00+00:00,P4,resolved,Digital Operations,Patient Operations Portal,svc-patient-portal,availability,1.3,False,application_error,2026-05-07T07:18:00+00:00
INC-202601516,INC-202601516,2026-05-07T08:00:00+00:00,2026-05-07T12:54:00+00:00,P1,resolved,Service Desk,Order Management,svc-order-mgmt,availability,4.9,False,application_error,2026-05-07T12:54:00+00:00
INC-202601517,INC-202601517,2026-05-07T10:00:00+00:00,2026-05-07T12:30:00+00:00,P2,resolved,Service Desk,Identity Gateway,svc-identity-gateway,authentication,2.5,False,application_error,2026-05-07T12:30:00+00:00
INC-202601518,INC-202601518,2026-05-07T12:00:00+00:00,2026-05-07T13:36:00+00:00,P3,resolved,Digital Operations,Patient Operations Portal,svc-patient-portal,availability,1.6,False,application_error,2026-05-07T13:36:00+00:00
INC-202601519,INC-202601519,2026-05-07T14:00:00+00:00,2026-05-07T15:00:00+00:00,P4,resolved,Service Desk,Order Management,svc-order-mgmt,availability,1.0,False,application_error,2026-05-07T15:00:00+00:00
INC-202601520,INC-202601520,2026-05-07T16:00:00+00:00,2026-05-07T20:36:00+00:00,P1,resolved,Service Desk,Identity Gateway,svc-identity-gateway,authentication,4.6,True,application_error,2026-05-07T20:36:00+00:00
INC-202601521,INC-202601521,2026-05-07T18:00:00+00:00,2026-05-07T20:12:00+00:00,P2,resolved,Digital Operations,Patient Operations Portal,svc-patient-portal,availability,2.2,False,application_error,2026-05-07T20:12:00+00:00
INC-202601522,INC-202601522,2026-05-07T20:00:00+00:00,2026-05-07T21:18:00+00:00,P3,resolved,Service Desk,Order Management,svc-order-mgmt,availability,1.3,False,application_error,2026-05-07T21:18:00+00:00
INC-202601523,INC-202601523,2026-05-07T22:00:00+00:00,2026-05-07T23:24:00+00:00,P4,resolved,Service Desk,Identity Gateway,svc-identity-gateway,authentication,1.4,False,application_error,2026-05-07T23:24:00+00:00
INC-202601524,INC-202601524,2026-05-08T00:00:00+00:00,2026-05-08T05:00:00+00:00,P1,resolved,Digital Operations,Patient Operations Portal,svc-patient-portal,availability,5.0,False,application_error,2026-05-08T05:00:00+00:00
INC-202601525,INC-202601525,2026-05-08T02:00:00+00:00,2026-05-08T04:36:00+00:00,P2,resolved,Service Desk,Order Management,svc-order-mgmt,availability,2.6,False,application_error,2026-05-08T04:36:00+00:00
INC-202601526,INC-202601526,2026-05-08T04:00:00+00:00,2026-05-08T05:00:00+00:00,P3,resolved,Service Desk,Identity Gateway,svc-identity-gateway,authentication,1.0,False,application_error,2026-05-08T05:00:00+00:00
INC-202601527,INC-202601527,2026-05-08T06:00:00+00:00,2026-05-08T07:06:00+00:00,P4,resolved,Digital Operations,Patient Operations Portal,svc-patient-portal,availability,1.1,False,application_error,2026-05-08T07:06:00+00:00
INC-202601528,INC-202601528,2026-05-08T08:00:00+00:00,2026-05-08T12:42:00+00:00,P1,resolved,Service Desk,Order Management,svc-order-mgmt,availability,4.7,False,application_error,2026-05-08T12:42:00+00:00
INC-202601529,INC-202601529,2026-05-08T10:00:00+00:00,2026-05-08T12:18:00+00:00,P2,resolved,Service Desk,Identity Gateway,svc-identity-gateway,authentication,2.3,False,application_error,2026-05-08T12:18:00+00:00
INC-202601530,INC-202601530,2026-05-08T12:00:00+00:00,2026-05-08T13:24:00+00:00,P3,resolved,Digital Operations,Patient Operations Portal,svc-patient-portal,availability,1.4,False,certificate_expiry,2026-05-08T13:24:00+00:00
INC-202601531,INC-202601531,2026-05-08T14:00:00+00:00,2026-05-08T15:30:00+00:00,P4,resolved,Service Desk,Order Management,svc-order-mgmt,availability,1.5,False,application_error,2026-05-08T15:30:00+00:00
INC-202601532,INC-202601532,2026-05-08T16:00:00+00:00,2026-05-08T21:06:00+00:00,P1,resolved,Service Desk,Identity Gateway,svc-identity-gateway,authentication,5.1,False,application_error,2026-05-08T21:06:00+00:00
INC-202601533,INC-202601533,2026-05-08T18:00:00+00:00,2026-05-08T20:00:00+00:00,P2,resolved,Digital Operations,Patient Operations Portal,svc-patient-portal,availability,2.0,False,application_error,2026-05-08T20:00:00+00:00
INC-202601534,INC-202601534,2026-05-08T20:00:00+00:00,2026-05-08T21:06:00+00:00,P3,resolved,Service Desk,Order Management,svc-order-mgmt,availability,1.1,False,application_error,2026-05-08T21:06:00+00:00
INC-202601535,INC-202601535,2026-05-08T22:00:00+00:00,2026-05-08T23:12:00+00:00,P4,resolved,Service Desk,Identity Gateway,svc-identity-gateway,authentication,1.2,False,application_error,2026-05-08T23:12:00+00:00
INC-202601536,INC-202601536,2026-05-09T00:00:00+00:00,2026-05-09T04:48:00+00:00,P1,resolved,Digital Operations,Patient Operations Portal,svc-patient-portal,availability,4.8,False,application_error,2026-05-09T04:48:00+00:00
INC-202601537,INC-202601537,2026-05-09T02:00:00+00:00,2026-05-09T04:24:00+00:00,P2,resolved,Service Desk,Order Management,svc-order-mgmt,availability,2.4,False,application_error,2026-05-09T04:24:00+00:00
INC-202601538,INC-202601538,2026-05-09T04:00:00+00:00,2026-05-09T05:30:00+00:00,P3,resolved,Service Desk,Identity Gateway,svc-identity-gateway,authentication,1.5,False,application_error,2026-05-09T05:30:00+00:00
INC-202601539,INC-202601539,2026-05-09T06:00:00+00:00,2026-05-09T07:36:00+00:00,P4,resolved,Digital Operations,Patient Operations Portal,svc-patient-portal,availability,1.6,False,application_error,2026-05-09T07:36:00+00:00
INC-202601540,INC-202601540,2026-05-09T08:00:00+00:00,2026-05-09T12:30:00+00:00,P1,resolved,Service Desk,Order Management,svc-order-mgmt,availability,4.5,True,application_error,2026-05-09T12:30:00+00:00
INC-202601541,INC-202601541,2026-05-09T10:00:00+00:00,2026-05-09T12:06:00+00:00,P2,resolved,Service Desk,Identity Gateway,svc-identity-gateway,authentication,2.1,False,application_error,2026-05-09T12:06:00+00:00
INC-202601542,INC-202601542,2026-05-09T12:00:00+00:00,2026-05-09T13:12:00+00:00,P3,resolved,Digital Operations,Patient Operations Portal,svc-patient-portal,availability,1.2,False,application_error,2026-05-09T13:12:00+00:00
INC-202601543,INC-202601543,2026-05-09T14:00:00+00:00,2026-05-09T15:18:00+00:00,P4,resolved,Service Desk,Order Management,svc-order-mgmt,availability,1.3,False,application_error,2026-05-09T15:18:00+00:00
INC-202601544,INC-202601544,2026-05-09T16:00:00+00:00,2026-05-09T20:54:00+00:00,P1,resolved,Service Desk,Identity Gateway,svc-identity-gateway,authentication,4.9,False,application_error,2026-05-09T20:54:00+00:00
INC-202601545,INC-202601545,2026-05-09T18:00:00+00:00,2026-05-09T20:30:00+00:00,P2,resolved,Digital Operations,Patient Operations Portal,svc-patient-portal,availability,2.5,False,application_error,2026-05-09T20:30:00+00:00
INC-202601546,INC-202601546,2026-05-09T20:00:00+00:00,2026-05-09T21:36:00+00:00,P3,resolved,Service Desk,Order Management,svc-order-mgmt,availability,1.6,False,application_error,2026-05-09T21:36:00+00:00
INC-202601547,INC-202601547,2026-05-09T22:00:00+00:00,2026-05-09T23:00:00+00:00,P4,resolved,Service Desk,Identity Gateway,svc-identity-gateway,authentication,1.0,False,certificate_expiry,2026-05-09T23:00:00+00:00
INC-202601548,INC-202601548,2026-05-10T00:00:00+00:00,2026-05-10T04:36:00+00:00,P1,resolved,Digital Operations,Patient Operations Portal,svc-patient-portal,availability,4.6,False,application_error,2026-05-10T04:36:00+00:00
INC-202601549,INC-202601549,2026-05-10T02:00:00+00:00,2026-05-10T04:12:00+00:00,P2,resolved,Service Desk,Order Management,svc-order-mgmt,availability,2.2,False,application_error,2026-05-10T04:12:00+00:00
INC-202601550,INC-202601550,2026-05-10T04:00:00+00:00,2026-05-10T05:18:00+00:00,P3,resolved,Service Desk,Identity Gateway,svc-identity-gateway,authentication,1.3,False,application_error,2026-05-10T05:18:00+00:00
INC-202601551,INC-202601551,2026-05-10T06:00:00+00:00,2026-05-10T07:24:00+00:00,P4,resolved,Digital Operations,Patient Operations Portal,svc-patient-portal,availability,1.4,False,application_error,2026-05-10T07:24:00+00:00
INC-202601552,INC-202601552,2026-05-10T08:00:00+00:00,2026-05-10T13:00:00+00:00,P1,resolved,Service Desk,Order Management,svc-order-mgmt,availability,5.0,False,application_error,2026-05-10T13:00:00+00:00
INC-202601553,INC-202601553,2026-05-10T10:00:00+00:00,2026-05-10T12:36:00+00:00,P2,resolved,Service Desk,Identity Gateway,svc-identity-gateway,authentication,2.6,False,application_error,2026-05-10T12:36:00+00:00
INC-202601554,INC-202601554,2026-05-10T12:00:00+00:00,2026-05-10T13:00:00+00:00,P3,resolved,Digital Operations,Patient Operations Portal,svc-patient-portal,availability,1.0,False,application_error,2026-05-10T13:00:00+00:00
INC-202601555,INC-202601555,2026-05-10T14:00:00+00:00,2026-05-10T15:06:00+00:00,P4,resolved,Service Desk,Order Management,svc-order-mgmt,availability,1.1,False,application_error,2026-05-10T15:06:00+00:00
INC-202601556,INC-202601556,2026-05-10T16:00:00+00:00,2026-05-10T20:42:00+00:00,P1,resolved,Service Desk,Identity Gateway,svc-identity-gateway,authentication,4.7,False,application_error,2026-05-10T20:42:00+00:00
INC-202601557,INC-202601557,2026-05-10T18:00:00+00:00,2026-05-10T20:18:00+00:00,P2,resolved,Digital Operations,Patient Operations Portal,svc-patient-portal,availability,2.3,False,application_error,2026-05-10T20:18:00+00:00
INC-202601558,INC-202601558,2026-05-10T20:00:00+00:00,2026-05-10T21:24:00+00:00,P3,resolved,Service Desk,Order Management,svc-order-mgmt,availability,1.4,False,application_error,2026-05-10T21:24:00+00:00
INC-202601559,INC-202601559,2026-05-10T22:00:00+00:00,2026-05-10T23:30:00+00:00,P4,resolved,Service Desk,Identity Gateway,svc-identity-gateway,authentication,1.5,False,application_error,2026-05-10T23:30:00+00:00
INC-202601560,INC-202601560,2026-05-11T00:00:00+00:00,2026-05-11T05:06:00+00:00,P1,resolved,Digital Operations,Patient Operations Portal,svc-patient-portal,availability,5.1,True,application_error,2026-05-11T05:06:00+00:00
INC-202601561,INC-202601561,2026-05-11T02:00:00+00:00,2026-05-11T04:00:00+00:00,P2,resolved,Service Desk,Order Management,svc-order-mgmt,availability,2.0,False,application_error,2026-05-11T04:00:00+00:00
INC-202601562,INC-202601562,2026-05-11T04:00:00+00:00,2026-05-11T05:06:00+00:00,P3,resolved,Service Desk,Identity Gateway,svc-identity-gateway,authentication,1.1,False,application_error,2026-05-11T05:06:00+00:00
INC-202601563,INC-202601563,2026-05-11T06:00:00+00:00,2026-05-11T07:12:00+00:00,P4,resolved,Digital Operations,Patient Operations Portal,svc-patient-portal,availability,1.2,False,application_error,2026-05-11T07:12:00+00:00
INC-202601564,INC-202601564,2026-05-11T08:00:00+00:00,2026-05-11T12:48:00+00:00,P1,resolved,Service Desk,Order Management,svc-order-mgmt,availability,4.8,False,certificate_expiry,2026-05-11T12:48:00+00:00
INC-202601565,INC-202601565,2026-05-11T10:00:00+00:00,2026-05-11T12:24:00+00:00,P2,resolved,Service Desk,Identity Gateway,svc-identity-gateway,authentication,2.4,False,application_error,2026-05-11T12:24:00+00:00
INC-202601566,INC-202601566,2026-05-11T12:00:00+00:00,2026-05-11T13:30:00+00:00,P3,resolved,Digital Operations,Patient Operations Portal,svc-patient-portal,availability,1.5,False,application_error,2026-05-11T13:30:00+00:00
INC-202601567,INC-202601567,2026-05-11T14:00:00+00:00,2026-05-11T15:36:00+00:00,P4,resolved,Service Desk,Order Management,svc-order-mgmt,availability,1.6,False,application_error,2026-05-11T15:36:00+00:00
INC-202601568,INC-202601568,2026-05-11T16:00:00+00:00,2026-05-11T20:30:00+00:00,P1,resolved,Service Desk,Identity Gateway,svc-identity-gateway,authentication,4.5,False,application_error,2026-05-11T20:30:00+00:00
INC-202601569,INC-202601569,2026-05-11T18:00:00+00:00,2026-05-11T20:06:00+00:00,P2,resolved,Digital Operations,Patient Operations Portal,svc-patient-portal,availability,2.1,False,application_error,2026-05-11T20:06:00+00:00
INC-202601570,INC-202601570,2026-05-11T20:00:00+00:00,2026-05-11T21:12:00+00:00,P3,resolved,Service Desk,Order Management,svc-order-mgmt,availability,1.2,False,application_error,2026-05-11T21:12:00+00:00
INC-202601571,INC-202601571,2026-05-11T22:00:00+00:00,2026-05-11T23:18:00+00:00,P4,resolved,Service Desk,Identity Gateway,svc-identity-gateway,authentication,1.3,False,application_error,2026-05-11T23:18:00+00:00
INC-202601572,INC-202601572,2026-05-12T00:00:00+00:00,2026-05-12T04:54:00+00:00,P1,resolved,Digital Operations,Patient Operations Portal,svc-patient-portal,availability,4.9,False,application_error,2026-05-12T04:54:00+00:00
INC-202601573,INC-202601573,2026-05-12T02:00:00+00:00,2026-05-12T04:30:00+00:00,P2,resolved,Service Desk,Order Management,svc-order-mgmt,availability,2.5,False,application_error,2026-05-12T04:30:00+00:00
INC-202601574,INC-202601574,2026-05-12T04:00:00+00:00,2026-05-12T05:36:00+00:00,P3,resolved,Service Desk,Identity Gateway,svc-identity-gateway,authentication,1.6,False,application_error,2026-05-12T05:36:00+00:00
INC-202601575,INC-202601575,2026-05-12T06:00:00+00:00,2026-05-12T07:00:00+00:00,P4,resolved,Digital Operations,Patient Operations Portal,svc-patient-portal,availability,1.0,False,application_error,2026-05-12T07:00:00+00:00
INC-202601576,INC-202601576,2026-05-12T08:00:00+00:00,2026-05-12T12:36:00+00:00,P1,resolved,Service Desk,Order Management,svc-order-mgmt,availability,4.6,False,application_error,2026-05-12T12:36:00+00:00
INC-202601577,INC-202601577,2026-05-12T10:00:00+00:00,2026-05-12T12:12:00+00:00,P2,resolved,Service Desk,Identity Gateway,svc-identity-gateway,authentication,2.2,False,application_error,2026-05-12T12:12:00+00:00
INC-202601578,INC-202601578,2026-05-12T12:00:00+00:00,2026-05-12T13:18:00+00:00,P3,resolved,Digital Operations,Patient Operations Portal,svc-patient-portal,availability,1.3,False,application_error,2026-05-12T13:18:00+00:00
INC-202601579,INC-202601579,2026-05-12T14:00:00+00:00,2026-05-12T15:24:00+00:00,P4,resolved,Service Desk,Order Management,svc-order-mgmt,availability,1.4,False,application_error,2026-05-12T15:24:00+00:00
INC-202601580,INC-202601580,2026-05-12T16:00:00+00:00,2026-05-12T21:00:00+00:00,P1,resolved,Service Desk,Identity Gateway,svc-identity-gateway,authentication,5.0,True,application_error,2026-05-12T21:00:00+00:00
INC-202601581,INC-202601581,2026-05-12T18:00:00+00:00,2026-05-12T20:36:00+00:00,P2,resolved,Digital Operations,Patient Operations Portal,svc-patient-portal,availability,2.6,False,certificate_expiry,2026-05-12T20:36:00+00:00
INC-202601582,INC-202601582,2026-05-12T20:00:00+00:00,2026-05-12T21:00:00+00:00,P3,resolved,Service Desk,Order Management,svc-order-mgmt,availability,1.0,False,application_error,2026-05-12T21:00:00+00:00
INC-202601583,INC-202601583,2026-05-12T22:00:00+00:00,2026-05-12T23:06:00+00:00,P4,resolved,Service Desk,Identity Gateway,svc-identity-gateway,authentication,1.1,False,application_error,2026-05-12T23:06:00+00:00
INC-202601584,INC-202601584,2026-05-13T00:00:00+00:00,2026-05-13T04:42:00+00:00,P1,resolved,Digital Operations,Patient Operations Portal,svc-patient-portal,availability,4.7,False,application_error,2026-05-13T04:42:00+00:00
INC-202601585,INC-202601585,2026-05-13T02:00:00+00:00,2026-05-13T04:18:00+00:00,P2,resolved,Service Desk,Order Management,svc-order-mgmt,availability,2.3,False,application_error,2026-05-13T04:18:00+00:00
INC-202601586,INC-202601586,2026-05-13T04:00:00+00:00,2026-05-13T05:24:00+00:00,P3,resolved,Service Desk,Identity Gateway,svc-identity-gateway,authentication,1.4,False,application_error,2026-05-13T05:24:00+00:00
INC-202601587,INC-202601587,2026-05-13T06:00:00+00:00,2026-05-13T07:30:00+00:00,P4,resolved,Digital Operations,Patient Operations Portal,svc-patient-portal,availability,1.5,False,application_error,2026-05-13T07:30:00+00:00
INC-202601588,INC-202601588,2026-05-13T08:00:00+00:00,2026-05-13T13:06:00+00:00,P1,resolved,Service Desk,Order Management,svc-order-mgmt,availability,5.1,False,application_error,2026-05-13T13:06:00+00:00
INC-202601589,INC-202601589,2026-05-13T10:00:00+00:00,2026-05-13T12:00:00+00:00,P2,resolved,Service Desk,Identity Gateway,svc-identity-gateway,authentication,2.0,False,application_error,2026-05-13T12:00:00+00:00
INC-202601590,INC-202601590,2026-05-13T12:00:00+00:00,2026-05-13T13:06:00+00:00,P3,resolved,Digital Operations,Patient Operations Portal,svc-patient-portal,availability,1.1,False,application_error,2026-05-13T13:06:00+00:00
INC-202601591,INC-202601591,2026-05-13T14:00:00+00:00,2026-05-13T15:12:00+00:00,P4,resolved,Service Desk,Order Management,svc-order-mgmt,availability,1.2,False,application_error,2026-05-13T15:12:00+00:00
INC-202601592,INC-202601592,2026-05-13T16:00:00+00:00,2026-05-13T20:48:00+00:00,P1,resolved,Service Desk,Identity Gateway,svc-identity-gateway,authentication,4.8,False,application_error,2026-05-13T20:48:00+00:00
INC-202601593,INC-202601593,2026-05-13T18:00:00+00:00,2026-05-13T20:24:00+00:00,P2,resolved,Digital Operations,Patient Operations Portal,svc-patient-portal,availability,2.4,False,application_error,2026-05-13T20:24:00+00:00
INC-202601594,INC-202601594,2026-05-13T20:00:00+00:00,2026-05-13T21:30:00+00:00,P3,resolved,Service Desk,Order Management,svc-order-mgmt,availability,1.5,False,application_error,2026-05-13T21:30:00+00:00
INC-202601595,INC-202601595,2026-05-13T22:00:00+00:00,2026-05-13T23:36:00+00:00,P4,resolved,Service Desk,Identity Gateway,svc-identity-gateway,authentication,1.6,False,application_error,2026-05-13T23:36:00+00:00
INC-202601596,INC-202601596,2026-05-14T00:00:00+00:00,2026-05-14T04:30:00+00:00,P1,resolved,Digital Operations,Patient Operations Portal,svc-patient-portal,availability,4.5,False,application_error,2026-05-14T04:30:00+00:00
INC-202601597,INC-202601597,2026-05-14T02:00:00+00:00,2026-05-14T04:06:00+00:00,P2,resolved,Service Desk,Order Management,svc-order-mgmt,availability,2.1,False,application_error,2026-05-14T04:06:00+00:00
INC-202601598,INC-202601598,2026-05-14T04:00:00+00:00,2026-05-14T05:12:00+00:00,P3,resolved,Service Desk,Identity Gateway,svc-identity-gateway,authentication,1.2,False,certificate_expiry,2026-05-14T05:12:00+00:00
INC-202601599,INC-202601599,2026-05-14T06:00:00+00:00,2026-05-14T07:18:00+00:00,P4,resolved,Digital Operations,Patient Operations Portal,svc-patient-portal,availability,1.3,False,application_error,2026-05-14T07:18:00+00:00
INC-202601600,INC-202601600,2026-05-14T08:00:00+00:00,2026-05-14T12:54:00+00:00,P1,resolved,Service Desk,Order Management,svc-order-mgmt,availability,4.9,True,application_error,2026-05-14T12:54:00+00:00
INC-202601601,INC-202601601,2026-05-14T10:00:00+00:00,2026-05-14T12:30:00+00:00,P2,resolved,Service Desk,Identity Gateway,svc-identity-gateway,authentication,2.5,False,application_error,2026-05-14T12:30:00+00:00
INC-202601602,INC-202601602,2026-05-14T12:00:00+00:00,2026-05-14T13:36:00+00:00,P3,resolved,Digital Operations,Patient Operations Portal,svc-patient-portal,availability,1.6,False,application_error,2026-05-14T13:36:00+00:00
INC-202601603,INC-202601603,2026-05-14T14:00:00+00:00,2026-05-14T15:00:00+00:00,P4,resolved,Service Desk,Order Management,svc-order-mgmt,availability,1.0,False,application_error,2026-05-14T15:00:00+00:00
INC-202601604,INC-202601604,2026-05-14T16:00:00+00:00,2026-05-14T20:36:00+00:00,P1,resolved,Service Desk,Identity Gateway,svc-identity-gateway,authentication,4.6,False,application_error,2026-05-14T20:36:00+00:00
INC-202601605,INC-202601605,2026-05-14T18:00:00+00:00,2026-05-14T20:12:00+00:00,P2,resolved,Digital Operations,Patient Operations Portal,svc-patient-portal,availability,2.2,False,application_error,2026-05-14T20:12:00+00:00
INC-202601606,INC-202601606,2026-05-14T20:00:00+00:00,2026-05-14T21:18:00+00:00,P3,resolved,Service Desk,Order Management,svc-order-mgmt,availability,1.3,False,application_error,2026-05-14T21:18:00+00:00
INC-202601607,INC-202601607,2026-05-14T22:00:00+00:00,2026-05-14T23:24:00+00:00,P4,resolved,Service Desk,Identity Gateway,svc-identity-gateway,authentication,1.4,False,application_error,2026-05-14T23:24:00+00:00
INC-202601608,INC-202601608,2026-05-15T00:00:00+00:00,2026-05-15T05:00:00+00:00,P1,resolved,Digital Operations,Patient Operations Portal,svc-patient-portal,availability,5.0,False,application_error,2026-05-15T05:00:00+00:00
INC-202601609,INC-202601609,2026-05-15T02:00:00+00:00,2026-05-15T04:36:00+00:00,P2,resolved,Service Desk,Order Management,svc-order-mgmt,availability,2.6,False,application_error,2026-05-15T04:36:00+00:00
INC-202601610,INC-202601610,2026-05-15T04:00:00+00:00,2026-05-15T05:00:00+00:00,P3,resolved,Service Desk,Identity Gateway,svc-identity-gateway,authentication,1.0,False,application_error,2026-05-15T05:00:00+00:00
INC-202601611,INC-202601611,2026-05-15T06:00:00+00:00,2026-05-15T07:06:00+00:00,P4,resolved,Digital Operations,Patient Operations Portal,svc-patient-portal,availability,1.1,False,application_error,2026-05-15T07:06:00+00:00
INC-202601612,INC-202601612,2026-05-15T08:00:00+00:00,2026-05-15T12:42:00+00:00,P1,resolved,Service Desk,Order Management,svc-order-mgmt,availability,4.7,False,application_error,2026-05-15T12:42:00+00:00
INC-202601613,INC-202601613,2026-05-15T10:00:00+00:00,2026-05-15T12:18:00+00:00,P2,resolved,Service Desk,Identity Gateway,svc-identity-gateway,authentication,2.3,False,application_error,2026-05-15T12:18:00+00:00
INC-202601614,INC-202601614,2026-05-15T12:00:00+00:00,2026-05-15T13:24:00+00:00,P3,resolved,Digital Operations,Patient Operations Portal,svc-patient-portal,availability,1.4,False,application_error,2026-05-15T13:24:00+00:00
INC-202601615,INC-202601615,2026-05-15T14:00:00+00:00,2026-05-15T15:30:00+00:00,P4,resolved,Service Desk,Order Management,svc-order-mgmt,availability,1.5,False,certificate_expiry,2026-05-15T15:30:00+00:00
INC-202601616,INC-202601616,2026-05-15T16:00:00+00:00,2026-05-15T21:06:00+00:00,P1,resolved,Service Desk,Identity Gateway,svc-identity-gateway,authentication,5.1,False,application_error,2026-05-15T21:06:00+00:00
INC-202601617,INC-202601617,2026-05-15T18:00:00+00:00,2026-05-15T20:00:00+00:00,P2,resolved,Digital Operations,Patient Operations Portal,svc-patient-portal,availability,2.0,False,application_error,2026-05-15T20:00:00+00:00
INC-202601618,INC-202601618,2026-05-15T20:00:00+00:00,2026-05-15T21:06:00+00:00,P3,resolved,Service Desk,Order Management,svc-order-mgmt,availability,1.1,False,application_error,2026-05-15T21:06:00+00:00
INC-202601619,INC-202601619,2026-05-15T22:00:00+00:00,2026-05-15T23:12:00+00:00,P4,resolved,Service Desk,Identity Gateway,svc-identity-gateway,authentication,1.2,False,application_error,2026-05-15T23:12:00+00:00
INC-202601620,INC-202601620,2026-05-16T00:00:00+00:00,2026-05-16T04:48:00+00:00,P1,resolved,Digital Operations,Patient Operations Portal,svc-patient-portal,availability,4.8,True,application_error,2026-05-16T04:48:00+00:00
INC-202601621,INC-202601621,2026-05-16T02:00:00+00:00,2026-05-16T04:24:00+00:00,P2,resolved,Service Desk,Order Management,svc-order-mgmt,availability,2.4,False,application_error,2026-05-16T04:24:00+00:00
INC-202601622,INC-202601622,2026-05-16T04:00:00+00:00,2026-05-16T05:30:00+00:00,P3,resolved,Service Desk,Identity Gateway,svc-identity-gateway,authentication,1.5,False,application_error,2026-05-16T05:30:00+00:00
INC-202601623,INC-202601623,2026-05-16T06:00:00+00:00,2026-05-16T07:36:00+00:00,P4,resolved,Digital Operations,Patient Operations Portal,svc-patient-portal,availability,1.6,False,application_error,2026-05-16T07:36:00+00:00
INC-202601624,INC-202601624,2026-05-16T08:00:00+00:00,2026-05-16T12:30:00+00:00,P1,resolved,Service Desk,Order Management,svc-order-mgmt,availability,4.5,False,application_error,2026-05-16T12:30:00+00:00
INC-202601625,INC-202601625,2026-05-16T10:00:00+00:00,2026-05-16T12:06:00+00:00,P2,resolved,Service Desk,Identity Gateway,svc-identity-gateway,authentication,2.1,False,application_error,2026-05-16T12:06:00+00:00
INC-202601626,INC-202601626,2026-05-16T12:00:00+00:00,2026-05-16T13:12:00+00:00,P3,resolved,Digital Operations,Patient Operations Portal,svc-patient-portal,availability,1.2,False,application_error,2026-05-16T13:12:00+00:00
INC-202601627,INC-202601627,2026-05-16T14:00:00+00:00,2026-05-16T15:18:00+00:00,P4,resolved,Service Desk,Order Management,svc-order-mgmt,availability,1.3,False,application_error,2026-05-16T15:18:00+00:00
INC-202601628,INC-202601628,2026-05-16T16:00:00+00:00,2026-05-16T20:54:00+00:00,P1,resolved,Service Desk,Identity Gateway,svc-identity-gateway,authentication,4.9,False,application_error,2026-05-16T20:54:00+00:00
INC-202601629,INC-202601629,2026-05-16T18:00:00+00:00,2026-05-16T20:30:00+00:00,P2,resolved,Digital Operations,Patient Operations Portal,svc-patient-portal,availability,2.5,False,application_error,2026-05-16T20:30:00+00:00
INC-202601630,INC-202601630,2026-05-16T20:00:00+00:00,2026-05-16T21:36:00+00:00,P3,resolved,Service Desk,Order Management,svc-order-mgmt,availability,1.6,False,application_error,2026-05-16T21:36:00+00:00
INC-202601631,INC-202601631,2026-05-16T22:00:00+00:00,2026-05-16T23:00:00+00:00,P4,resolved,Service Desk,Identity Gateway,svc-identity-gateway,authentication,1.0,False,application_error,2026-05-16T23:00:00+00:00
INC-202601632,INC-202601632,2026-05-17T00:00:00+00:00,2026-05-17T04:36:00+00:00,P1,resolved,Digital Operations,Patient Operations Portal,svc-patient-portal,availability,4.6,False,certificate_expiry,2026-05-17T04:36:00+00:00
INC-202601633,INC-202601633,2026-05-17T02:00:00+00:00,2026-05-17T04:12:00+00:00,P2,resolved,Service Desk,Order Management,svc-order-mgmt,availability,2.2,False,application_error,2026-05-17T04:12:00+00:00
INC-202601634,INC-202601634,2026-05-17T04:00:00+00:00,2026-05-17T05:18:00+00:00,P3,resolved,Service Desk,Identity Gateway,svc-identity-gateway,authentication,1.3,False,application_error,2026-05-17T05:18:00+00:00
INC-202601635,INC-202601635,2026-05-17T06:00:00+00:00,2026-05-17T07:24:00+00:00,P4,resolved,Digital Operations,Patient Operations Portal,svc-patient-portal,availability,1.4,False,application_error,2026-05-17T07:24:00+00:00
INC-202601636,INC-202601636,2026-05-17T08:00:00+00:00,2026-05-17T13:00:00+00:00,P1,resolved,Service Desk,Order Management,svc-order-mgmt,availability,5.0,False,application_error,2026-05-17T13:00:00+00:00
INC-202601637,INC-202601637,2026-05-17T10:00:00+00:00,2026-05-17T12:36:00+00:00,P2,resolved,Service Desk,Identity Gateway,svc-identity-gateway,authentication,2.6,False,application_error,2026-05-17T12:36:00+00:00
INC-202601638,INC-202601638,2026-05-17T12:00:00+00:00,2026-05-17T13:00:00+00:00,P3,resolved,Digital Operations,Patient Operations Portal,svc-patient-portal,availability,1.0,False,application_error,2026-05-17T13:00:00+00:00
INC-202601639,INC-202601639,2026-05-17T14:00:00+00:00,2026-05-17T15:06:00+00:00,P4,resolved,Service Desk,Order Management,svc-order-mgmt,availability,1.1,False,application_error,2026-05-17T15:06:00+00:00
INC-202601640,INC-202601640,2026-05-17T16:00:00+00:00,2026-05-17T20:42:00+00:00,P1,resolved,Service Desk,Identity Gateway,svc-identity-gateway,authentication,4.7,True,application_error,2026-05-17T20:42:00+00:00
INC-202601641,INC-202601641,2026-05-17T18:00:00+00:00,2026-05-17T20:18:00+00:00,P2,resolved,Digital Operations,Patient Operations Portal,svc-patient-portal,availability,2.3,False,application_error,2026-05-17T20:18:00+00:00
INC-202601642,INC-202601642,2026-05-17T20:00:00+00:00,2026-05-17T21:24:00+00:00,P3,resolved,Service Desk,Order Management,svc-order-mgmt,availability,1.4,False,application_error,2026-05-17T21:24:00+00:00
INC-202601643,INC-202601643,2026-05-17T22:00:00+00:00,2026-05-17T23:30:00+00:00,P4,resolved,Service Desk,Identity Gateway,svc-identity-gateway,authentication,1.5,False,application_error,2026-05-17T23:30:00+00:00
INC-202601644,INC-202601644,2026-05-18T00:00:00+00:00,2026-05-18T05:06:00+00:00,P1,resolved,Digital Operations,Patient Operations Portal,svc-patient-portal,availability,5.1,False,application_error,2026-05-18T05:06:00+00:00
INC-202601645,INC-202601645,2026-05-18T02:00:00+00:00,2026-05-18T04:00:00+00:00,P2,resolved,Service Desk,Order Management,svc-order-mgmt,availability,2.0,False,application_error,2026-05-18T04:00:00+00:00
INC-202601646,INC-202601646,2026-05-18T04:00:00+00:00,2026-05-18T05:06:00+00:00,P3,resolved,Service Desk,Identity Gateway,svc-identity-gateway,authentication,1.1,False,application_error,2026-05-18T05:06:00+00:00
INC-202601647,INC-202601647,2026-05-18T06:00:00+00:00,2026-05-18T07:12:00+00:00,P4,resolved,Digital Operations,Patient Operations Portal,svc-patient-portal,availability,1.2,False,application_error,2026-05-18T07:12:00+00:00
INC-202601648,INC-202601648,2026-05-18T08:00:00+00:00,2026-05-18T12:48:00+00:00,P1,resolved,Service Desk,Order Management,svc-order-mgmt,availability,4.8,False,application_error,2026-05-18T12:48:00+00:00
INC-202601649,INC-202601649,2026-05-18T10:00:00+00:00,2026-05-18T12:24:00+00:00,P2,resolved,Service Desk,Identity Gateway,svc-identity-gateway,authentication,2.4,False,certificate_expiry,2026-05-18T12:24:00+00:00
INC-202601650,INC-202601650,2026-05-18T12:00:00+00:00,2026-05-18T13:30:00+00:00,P3,resolved,Digital Operations,Patient Operations Portal,svc-patient-portal,availability,1.5,False,application_error,2026-05-18T13:30:00+00:00
INC-202601651,INC-202601651,2026-05-18T14:00:00+00:00,2026-05-18T15:36:00+00:00,P4,resolved,Service Desk,Order Management,svc-order-mgmt,availability,1.6,False,application_error,2026-05-18T15:36:00+00:00
INC-202601652,INC-202601652,2026-05-18T16:00:00+00:00,2026-05-18T20:30:00+00:00,P1,resolved,Service Desk,Identity Gateway,svc-identity-gateway,authentication,4.5,False,application_error,2026-05-18T20:30:00+00:00
INC-202601653,INC-202601653,2026-05-18T18:00:00+00:00,2026-05-18T20:06:00+00:00,P2,resolved,Digital Operations,Patient Operations Portal,svc-patient-portal,availability,2.1,False,application_error,2026-05-18T20:06:00+00:00
INC-202601654,INC-202601654,2026-05-18T20:00:00+00:00,2026-05-18T21:12:00+00:00,P3,resolved,Service Desk,Order Management,svc-order-mgmt,availability,1.2,False,application_error,2026-05-18T21:12:00+00:00
INC-202601655,INC-202601655,2026-05-18T22:00:00+00:00,2026-05-18T23:18:00+00:00,P4,resolved,Service Desk,Identity Gateway,svc-identity-gateway,authentication,1.3,False,application_error,2026-05-18T23:18:00+00:00
INC-202601656,INC-202601656,2026-05-19T00:00:00+00:00,2026-05-19T04:54:00+00:00,P1,resolved,Digital Operations,Patient Operations Portal,svc-patient-portal,availability,4.9,False,application_error,2026-05-19T04:54:00+00:00
INC-202601657,INC-202601657,2026-05-19T02:00:00+00:00,2026-05-19T04:30:00+00:00,P2,resolved,Service Desk,Order Management,svc-order-mgmt,availability,2.5,False,application_error,2026-05-19T04:30:00+00:00
INC-202601658,INC-202601658,2026-05-19T04:00:00+00:00,2026-05-19T05:36:00+00:00,P3,resolved,Service Desk,Identity Gateway,svc-identity-gateway,authentication,1.6,False,application_error,2026-05-19T05:36:00+00:00
INC-202601659,INC-202601659,2026-05-19T06:00:00+00:00,2026-05-19T07:00:00+00:00,P4,resolved,Digital Operations,Patient Operations Portal,svc-patient-portal,availability,1.0,False,application_error,2026-05-19T07:00:00+00:00
INC-202601660,INC-202601660,2026-05-19T08:00:00+00:00,2026-05-19T12:36:00+00:00,P1,resolved,Service Desk,Order Management,svc-order-mgmt,availability,4.6,True,application_error,2026-05-19T12:36:00+00:00
INC-202601661,INC-202601661,2026-05-19T10:00:00+00:00,2026-05-19T12:12:00+00:00,P2,resolved,Service Desk,Identity Gateway,svc-identity-gateway,authentication,2.2,False,application_error,2026-05-19T12:12:00+00:00
INC-202601662,INC-202601662,2026-05-19T12:00:00+00:00,2026-05-19T13:18:00+00:00,P3,resolved,Digital Operations,Patient Operations Portal,svc-patient-portal,availability,1.3,False,application_error,2026-05-19T13:18:00+00:00
INC-202601663,INC-202601663,2026-05-19T14:00:00+00:00,2026-05-19T15:24:00+00:00,P4,resolved,Service Desk,Order Management,svc-order-mgmt,availability,1.4,False,application_error,2026-05-19T15:24:00+00:00
INC-202601664,INC-202601664,2026-05-19T16:00:00+00:00,2026-05-19T21:00:00+00:00,P1,resolved,Service Desk,Identity Gateway,svc-identity-gateway,authentication,5.0,False,application_error,2026-05-19T21:00:00+00:00
INC-202601665,INC-202601665,2026-05-19T18:00:00+00:00,2026-05-19T20:36:00+00:00,P2,resolved,Digital Operations,Patient Operations Portal,svc-patient-portal,availability,2.6,False,application_error,2026-05-19T20:36:00+00:00
INC-202601666,INC-202601666,2026-05-19T20:00:00+00:00,2026-05-19T21:00:00+00:00,P3,resolved,Service Desk,Order Management,svc-order-mgmt,availability,1.0,False,certificate_expiry,2026-05-19T21:00:00+00:00
INC-202601667,INC-202601667,2026-05-19T22:00:00+00:00,2026-05-19T23:06:00+00:00,P4,resolved,Service Desk,Identity Gateway,svc-identity-gateway,authentication,1.1,False,application_error,2026-05-19T23:06:00+00:00
INC-202601668,INC-202601668,2026-05-20T00:00:00+00:00,2026-05-20T04:42:00+00:00,P1,resolved,Digital Operations,Patient Operations Portal,svc-patient-portal,availability,4.7,False,application_error,2026-05-20T04:42:00+00:00
INC-202601669,INC-202601669,2026-05-20T02:00:00+00:00,2026-05-20T04:18:00+00:00,P2,resolved,Service Desk,Order Management,svc-order-mgmt,availability,2.3,False,application_error,2026-05-20T04:18:00+00:00
INC-202601670,INC-202601670,2026-05-20T04:00:00+00:00,2026-05-20T05:24:00+00:00,P3,resolved,Service Desk,Identity Gateway,svc-identity-gateway,authentication,1.4,False,application_error,2026-05-20T05:24:00+00:00
INC-202601671,INC-202601671,2026-05-20T06:00:00+00:00,2026-05-20T07:30:00+00:00,P4,resolved,Digital Operations,Patient Operations Portal,svc-patient-portal,availability,1.5,False,application_error,2026-05-20T07:30:00+00:00
INC-202601672,INC-202601672,2026-05-20T08:00:00+00:00,2026-05-20T13:06:00+00:00,P1,resolved,Service Desk,Order Management,svc-order-mgmt,availability,5.1,False,application_error,2026-05-20T13:06:00+00:00
INC-202601673,INC-202601673,2026-05-20T10:00:00+00:00,2026-05-20T12:00:00+00:00,P2,resolved,Service Desk,Identity Gateway,svc-identity-gateway,authentication,2.0,False,application_error,2026-05-20T12:00:00+00:00
INC-202601674,INC-202601674,2026-05-20T12:00:00+00:00,2026-05-20T13:06:00+00:00,P3,resolved,Digital Operations,Patient Operations Portal,svc-patient-portal,availability,1.1,False,application_error,2026-05-20T13:06:00+00:00
INC-202601675,INC-202601675,2026-05-20T14:00:00+00:00,2026-05-20T15:12:00+00:00,P4,resolved,Service Desk,Order Management,svc-order-mgmt,availability,1.2,False,application_error,2026-05-20T15:12:00+00:00
INC-202601676,INC-202601676,2026-05-20T16:00:00+00:00,2026-05-20T20:48:00+00:00,P1,resolved,Service Desk,Identity Gateway,svc-identity-gateway,authentication,4.8,False,application_error,2026-05-20T20:48:00+00:00
INC-202601677,INC-202601677,2026-05-20T18:00:00+00:00,2026-05-20T20:24:00+00:00,P2,resolved,Digital Operations,Patient Operations Portal,svc-patient-portal,availability,2.4,False,application_error,2026-05-20T20:24:00+00:00
INC-202601678,INC-202601678,2026-05-20T20:00:00+00:00,2026-05-20T21:30:00+00:00,P3,resolved,Service Desk,Order Management,svc-order-mgmt,availability,1.5,False,application_error,2026-05-20T21:30:00+00:00
INC-202601679,INC-202601679,2026-05-20T22:00:00+00:00,2026-05-20T23:36:00+00:00,P4,resolved,Service Desk,Identity Gateway,svc-identity-gateway,authentication,1.6,False,application_error,2026-05-20T23:36:00+00:00
INC-202601680,INC-202601680,2026-05-21T00:00:00+00:00,2026-05-21T04:30:00+00:00,P1,resolved,Digital Operations,Patient Operations Portal,svc-patient-portal,availability,4.5,True,application_error,2026-05-21T04:30:00+00:00
INC-202601681,INC-202601681,2026-05-21T02:00:00+00:00,2026-05-21T04:06:00+00:00,P2,resolved,Service Desk,Order Management,svc-order-mgmt,availability,2.1,False,application_error,2026-05-21T04:06:00+00:00
INC-202601682,INC-202601682,2026-05-21T04:00:00+00:00,2026-05-21T05:12:00+00:00,P3,resolved,Service Desk,Identity Gateway,svc-identity-gateway,authentication,1.2,False,application_error,2026-05-21T05:12:00+00:00
INC-202601683,INC-202601683,2026-05-21T06:00:00+00:00,2026-05-21T07:18:00+00:00,P4,resolved,Digital Operations,Patient Operations Portal,svc-patient-portal,availability,1.3,False,certificate_expiry,2026-05-21T07:18:00+00:00
INC-202601684,INC-202601684,2026-05-21T08:00:00+00:00,2026-05-21T12:54:00+00:00,P1,resolved,Service Desk,Order Management,svc-order-mgmt,availability,4.9,False,application_error,2026-05-21T12:54:00+00:00
INC-202601685,INC-202601685,2026-05-21T10:00:00+00:00,2026-05-21T12:30:00+00:00,P2,resolved,Service Desk,Identity Gateway,svc-identity-gateway,authentication,2.5,False,application_error,2026-05-21T12:30:00+00:00
INC-202601686,INC-202601686,2026-05-21T12:00:00+00:00,2026-05-21T13:36:00+00:00,P3,resolved,Digital Operations,Patient Operations Portal,svc-patient-portal,availability,1.6,False,application_error,2026-05-21T13:36:00+00:00
INC-202601687,INC-202601687,2026-05-21T14:00:00+00:00,2026-05-21T15:00:00+00:00,P4,resolved,Service Desk,Order Management,svc-order-mgmt,availability,1.0,False,application_error,2026-05-21T15:00:00+00:00
INC-202601688,INC-202601688,2026-05-21T16:00:00+00:00,2026-05-21T20:36:00+00:00,P1,resolved,Service Desk,Identity Gateway,svc-identity-gateway,authentication,4.6,False,application_error,2026-05-21T20:36:00+00:00
INC-202601689,INC-202601689,2026-05-21T18:00:00+00:00,2026-05-21T20:12:00+00:00,P2,resolved,Digital Operations,Patient Operations Portal,svc-patient-portal,availability,2.2,False,application_error,2026-05-21T20:12:00+00:00
INC-202601690,INC-202601690,2026-05-21T20:00:00+00:00,2026-05-21T21:18:00+00:00,P3,resolved,Service Desk,Order Management,svc-order-mgmt,availability,1.3,False,application_error,2026-05-21T21:18:00+00:00
INC-202601691,INC-202601691,2026-05-21T22:00:00+00:00,2026-05-21T23:24:00+00:00,P4,resolved,Service Desk,Identity Gateway,svc-identity-gateway,authentication,1.4,False,application_error,2026-05-21T23:24:00+00:00
INC-202601692,INC-202601692,2026-05-22T00:00:00+00:00,2026-05-22T05:00:00+00:00,P1,resolved,Digital Operations,Patient Operations Portal,svc-patient-portal,availability,5.0,False,application_error,2026-05-22T05:00:00+00:00
INC-202601693,INC-202601693,2026-05-22T02:00:00+00:00,2026-05-22T04:36:00+00:00,P2,resolved,Service Desk,Order Management,svc-order-mgmt,availability,2.6,False,application_error,2026-05-22T04:36:00+00:00
INC-202601694,INC-202601694,2026-05-22T04:00:00+00:00,2026-05-22T05:00:00+00:00,P3,resolved,Service Desk,Identity Gateway,svc-identity-gateway,authentication,1.0,False,application_error,2026-05-22T05:00:00+00:00
INC-202601695,INC-202601695,2026-05-22T06:00:00+00:00,2026-05-22T07:06:00+00:00,P4,resolved,Digital Operations,Patient Operations Portal,svc-patient-portal,availability,1.1,False,application_error,2026-05-22T07:06:00+00:00
INC-202601696,INC-202601696,2026-05-22T08:00:00+00:00,2026-05-22T12:42:00+00:00,P1,resolved,Service Desk,Order Management,svc-order-mgmt,availability,4.7,False,application_error,2026-05-22T12:42:00+00:00
INC-202601697,INC-202601697,2026-05-22T10:00:00+00:00,2026-05-22T12:18:00+00:00,P2,resolved,Service Desk,Identity Gateway,svc-identity-gateway,authentication,2.3,False,application_error,2026-05-22T12:18:00+00:00
INC-202601698,INC-202601698,2026-05-22T12:00:00+00:00,2026-05-22T13:24:00+00:00,P3,resolved,Digital Operations,Patient Operations Portal,svc-patient-portal,availability,1.4,False,application_error,2026-05-22T13:24:00+00:00
INC-202601699,INC-202601699,2026-05-22T14:00:00+00:00,2026-05-22T15:30:00+00:00,P4,resolved,Service Desk,Order Management,svc-order-mgmt,availability,1.5,False,application_error,2026-05-22T15:30:00+00:00
INC-202601700,INC-202601700,2026-05-22T16:00:00+00:00,2026-05-22T21:06:00+00:00,P1,resolved,Service Desk,Identity Gateway,svc-identity-gateway,authentication,5.1,True,certificate_expiry,2026-05-22T21:06:00+00:00
INC-202601701,INC-202601701,2026-05-22T18:00:00+00:00,2026-05-22T20:00:00+00:00,P2,resolved,Digital Operations,Patient Operations Portal,svc-patient-portal,availability,2.0,False,application_error,2026-05-22T20:00:00+00:00
INC-202601702,INC-202601702,2026-05-22T20:00:00+00:00,2026-05-22T21:06:00+00:00,P3,resolved,Service Desk,Order Management,svc-order-mgmt,availability,1.1,False,application_error,2026-05-22T21:06:00+00:00
INC-202601703,INC-202601703,2026-05-22T22:00:00+00:00,2026-05-22T23:12:00+00:00,P4,resolved,Service Desk,Identity Gateway,svc-identity-gateway,authentication,1.2,False,application_error,2026-05-22T23:12:00+00:00
INC-202601704,INC-202601704,2026-05-23T00:00:00+00:00,2026-05-23T04:48:00+00:00,P1,resolved,Digital Operations,Patient Operations Portal,svc-patient-portal,availability,4.8,False,application_error,2026-05-23T04:48:00+00:00
INC-202601705,INC-202601705,2026-05-23T02:00:00+00:00,2026-05-23T04:24:00+00:00,P2,resolved,Service Desk,Order Management,svc-order-mgmt,availability,2.4,False,application_error,2026-05-23T04:24:00+00:00
INC-202601706,INC-202601706,2026-05-23T04:00:00+00:00,2026-05-23T05:30:00+00:00,P3,resolved,Service Desk,Identity Gateway,svc-identity-gateway,authentication,1.5,False,application_error,2026-05-23T05:30:00+00:00
INC-202601707,INC-202601707,2026-05-23T06:00:00+00:00,2026-05-23T07:36:00+00:00,P4,resolved,Digital Operations,Patient Operations Portal,svc-patient-portal,availability,1.6,False,application_error,2026-05-23T07:36:00+00:00
INC-202601708,INC-202601708,2026-05-23T08:00:00+00:00,2026-05-23T12:30:00+00:00,P1,resolved,Service Desk,Order Management,svc-order-mgmt,availability,4.5,False,application_error,2026-05-23T12:30:00+00:00
INC-202601709,INC-202601709,2026-05-23T10:00:00+00:00,2026-05-23T12:06:00+00:00,P2,resolved,Service Desk,Identity Gateway,svc-identity-gateway,authentication,2.1,False,application_error,2026-05-23T12:06:00+00:00
INC-202601710,INC-202601710,2026-05-23T12:00:00+00:00,2026-05-23T13:12:00+00:00,P3,resolved,Digital Operations,Patient Operations Portal,svc-patient-portal,availability,1.2,False,application_error,2026-05-23T13:12:00+00:00
INC-202601711,INC-202601711,2026-05-23T14:00:00+00:00,2026-05-23T15:18:00+00:00,P4,resolved,Service Desk,Order Management,svc-order-mgmt,availability,1.3,False,application_error,2026-05-23T15:18:00+00:00
INC-202601712,INC-202601712,2026-05-23T16:00:00+00:00,2026-05-23T20:54:00+00:00,P1,resolved,Service Desk,Identity Gateway,svc-identity-gateway,authentication,4.9,False,application_error,2026-05-23T20:54:00+00:00
INC-202601713,INC-202601713,2026-05-23T18:00:00+00:00,2026-05-23T20:30:00+00:00,P2,resolved,Digital Operations,Patient Operations Portal,svc-patient-portal,availability,2.5,False,application_error,2026-05-23T20:30:00+00:00
INC-202601714,INC-202601714,2026-05-23T20:00:00+00:00,2026-05-23T21:36:00+00:00,P3,resolved,Service Desk,Order Management,svc-order-mgmt,availability,1.6,False,application_error,2026-05-23T21:36:00+00:00
INC-202601715,INC-202601715,2026-05-23T22:00:00+00:00,2026-05-23T23:00:00+00:00,P4,resolved,Service Desk,Identity Gateway,svc-identity-gateway,authentication,1.0,False,application_error,2026-05-23T23:00:00+00:00
INC-202601716,INC-202601716,2026-05-24T00:00:00+00:00,2026-05-24T04:36:00+00:00,P1,resolved,Digital Operations,Patient Operations Portal,svc-patient-portal,availability,4.6,False,application_error,2026-05-24T04:36:00+00:00
INC-202601717,INC-202601717,2026-05-24T02:00:00+00:00,2026-05-24T04:12:00+00:00,P2,resolved,Service Desk,Order Management,svc-order-mgmt,availability,2.2,False,certificate_expiry,2026-05-24T04:12:00+00:00
INC-202601718,INC-202601718,2026-05-24T04:00:00+00:00,2026-05-24T05:18:00+00:00,P3,resolved,Service Desk,Identity Gateway,svc-identity-gateway,authentication,1.3,False,application_error,2026-05-24T05:18:00+00:00
INC-202601719,INC-202601719,2026-05-24T06:00:00+00:00,2026-05-24T07:24:00+00:00,P4,resolved,Digital Operations,Patient Operations Portal,svc-patient-portal,availability,1.4,False,application_error,2026-05-24T07:24:00+00:00
INC-202601720,INC-202601720,2026-05-24T08:00:00+00:00,2026-05-24T13:00:00+00:00,P1,resolved,Service Desk,Order Management,svc-order-mgmt,availability,5.0,True,application_error,2026-05-24T13:00:00+00:00
INC-202601721,INC-202601721,2026-05-24T10:00:00+00:00,2026-05-24T12:36:00+00:00,P2,resolved,Service Desk,Identity Gateway,svc-identity-gateway,authentication,2.6,False,application_error,2026-05-24T12:36:00+00:00
INC-202601722,INC-202601722,2026-05-24T12:00:00+00:00,2026-05-24T13:00:00+00:00,P3,resolved,Digital Operations,Patient Operations Portal,svc-patient-portal,availability,1.0,False,application_error,2026-05-24T13:00:00+00:00
INC-202601723,INC-202601723,2026-05-24T14:00:00+00:00,2026-05-24T15:06:00+00:00,P4,resolved,Service Desk,Order Management,svc-order-mgmt,availability,1.1,False,application_error,2026-05-24T15:06:00+00:00
INC-202601724,INC-202601724,2026-05-24T16:00:00+00:00,2026-05-24T20:42:00+00:00,P1,resolved,Service Desk,Identity Gateway,svc-identity-gateway,authentication,4.7,False,application_error,2026-05-24T20:42:00+00:00
INC-202601725,INC-202601725,2026-05-24T18:00:00+00:00,2026-05-24T20:18:00+00:00,P2,resolved,Digital Operations,Patient Operations Portal,svc-patient-portal,availability,2.3,False,application_error,2026-05-24T20:18:00+00:00
INC-202601726,INC-202601726,2026-05-24T20:00:00+00:00,2026-05-24T21:24:00+00:00,P3,resolved,Service Desk,Order Management,svc-order-mgmt,availability,1.4,False,application_error,2026-05-24T21:24:00+00:00
INC-202601727,INC-202601727,2026-05-24T22:00:00+00:00,2026-05-24T23:30:00+00:00,P4,resolved,Service Desk,Identity Gateway,svc-identity-gateway,authentication,1.5,False,application_error,2026-05-24T23:30:00+00:00
INC-202601728,INC-202601728,2026-05-25T00:00:00+00:00,2026-05-25T05:06:00+00:00,P1,resolved,Digital Operations,Patient Operations Portal,svc-patient-portal,availability,5.1,False,application_error,2026-05-25T05:06:00+00:00
INC-202601729,INC-202601729,2026-05-25T02:00:00+00:00,2026-05-25T04:00:00+00:00,P2,resolved,Service Desk,Order Management,svc-order-mgmt,availability,2.0,False,application_error,2026-05-25T04:00:00+00:00
INC-202601730,INC-202601730,2026-05-25T04:00:00+00:00,2026-05-25T05:06:00+00:00,P3,resolved,Service Desk,Identity Gateway,svc-identity-gateway,authentication,1.1,False,application_error,2026-05-25T05:06:00+00:00
INC-202601731,INC-202601731,2026-05-25T06:00:00+00:00,2026-05-25T07:12:00+00:00,P4,resolved,Digital Operations,Patient Operations Portal,svc-patient-portal,availability,1.2,False,application_error,2026-05-25T07:12:00+00:00
INC-202601732,INC-202601732,2026-05-25T08:00:00+00:00,2026-05-25T12:48:00+00:00,P1,resolved,Service Desk,Order Management,svc-order-mgmt,availability,4.8,False,application_error,2026-05-25T12:48:00+00:00
INC-202601733,INC-202601733,2026-05-25T10:00:00+00:00,2026-05-25T12:24:00+00:00,P2,resolved,Service Desk,Identity Gateway,svc-identity-gateway,authentication,2.4,False,application_error,2026-05-25T12:24:00+00:00
INC-202601734,INC-202601734,2026-05-25T12:00:00+00:00,2026-05-25T13:30:00+00:00,P3,resolved,Digital Operations,Patient Operations Portal,svc-patient-portal,availability,1.5,False,certificate_expiry,2026-05-25T13:30:00+00:00
INC-202601735,INC-202601735,2026-05-25T14:00:00+00:00,2026-05-25T15:36:00+00:00,P4,resolved,Service Desk,Order Management,svc-order-mgmt,availability,1.6,False,application_error,2026-05-25T15:36:00+00:00
INC-202601736,INC-202601736,2026-05-25T16:00:00+00:00,2026-05-25T20:30:00+00:00,P1,resolved,Service Desk,Identity Gateway,svc-identity-gateway,authentication,4.5,False,application_error,2026-05-25T20:30:00+00:00
INC-202601737,INC-202601737,2026-05-25T18:00:00+00:00,2026-05-25T20:06:00+00:00,P2,resolved,Digital Operations,Patient Operations Portal,svc-patient-portal,availability,2.1,False,application_error,2026-05-25T20:06:00+00:00
INC-202601738,INC-202601738,2026-05-25T20:00:00+00:00,2026-05-25T21:12:00+00:00,P3,resolved,Service Desk,Order Management,svc-order-mgmt,availability,1.2,False,application_error,2026-05-25T21:12:00+00:00
INC-202601739,INC-202601739,2026-05-25T22:00:00+00:00,2026-05-25T23:18:00+00:00,P4,resolved,Service Desk,Identity Gateway,svc-identity-gateway,authentication,1.3,False,application_error,2026-05-25T23:18:00+00:00
INC-202601740,INC-202601740,2026-05-26T00:00:00+00:00,2026-05-26T04:54:00+00:00,P1,resolved,Digital Operations,Patient Operations Portal,svc-patient-portal,availability,4.9,True,application_error,2026-05-26T04:54:00+00:00
INC-202601741,INC-202601741,2026-05-26T02:00:00+00:00,2026-05-26T04:30:00+00:00,P2,resolved,Service Desk,Order Management,svc-order-mgmt,availability,2.5,False,application_error,2026-05-26T04:30:00+00:00
INC-202601742,INC-202601742,2026-05-26T04:00:00+00:00,2026-05-26T05:36:00+00:00,P3,resolved,Service Desk,Identity Gateway,svc-identity-gateway,authentication,1.6,False,application_error,2026-05-26T05:36:00+00:00
INC-202601743,INC-202601743,2026-05-26T06:00:00+00:00,2026-05-26T07:00:00+00:00,P4,resolved,Digital Operations,Patient Operations Portal,svc-patient-portal,availability,1.0,False,application_error,2026-05-26T07:00:00+00:00
INC-202601744,INC-202601744,2026-05-26T08:00:00+00:00,2026-05-26T12:36:00+00:00,P1,resolved,Service Desk,Order Management,svc-order-mgmt,availability,4.6,False,application_error,2026-05-26T12:36:00+00:00
INC-202601745,INC-202601745,2026-05-26T10:00:00+00:00,2026-05-26T12:12:00+00:00,P2,resolved,Service Desk,Identity Gateway,svc-identity-gateway,authentication,2.2,False,application_error,2026-05-26T12:12:00+00:00
INC-202601746,INC-202601746,2026-05-26T12:00:00+00:00,2026-05-26T13:18:00+00:00,P3,resolved,Digital Operations,Patient Operations Portal,svc-patient-portal,availability,1.3,False,application_error,2026-05-26T13:18:00+00:00
INC-202601747,INC-202601747,2026-05-26T14:00:00+00:00,2026-05-26T15:24:00+00:00,P4,resolved,Service Desk,Order Management,svc-order-mgmt,availability,1.4,False,application_error,2026-05-26T15:24:00+00:00
INC-202601748,INC-202601748,2026-05-26T16:00:00+00:00,2026-05-26T21:00:00+00:00,P1,resolved,Service Desk,Identity Gateway,svc-identity-gateway,authentication,5.0,False,application_error,2026-05-26T21:00:00+00:00
INC-202601749,INC-202601749,2026-05-26T18:00:00+00:00,2026-05-26T20:36:00+00:00,P2,resolved,Digital Operations,Patient Operations Portal,svc-patient-portal,availability,2.6,False,application_error,2026-05-26T20:36:00+00:00
INC-202601750,INC-202601750,2026-05-26T20:00:00+00:00,2026-05-26T21:00:00+00:00,P3,resolved,Service Desk,Order Management,svc-order-mgmt,availability,1.0,False,application_error,2026-05-26T21:00:00+00:00
INC-202601751,INC-202601751,2026-05-26T22:00:00+00:00,2026-05-26T23:06:00+00:00,P4,resolved,Service Desk,Identity Gateway,svc-identity-gateway,authentication,1.1,False,certificate_expiry,2026-05-26T23:06:00+00:00
INC-202601752,INC-202601752,2026-05-27T00:00:00+00:00,2026-05-27T04:42:00+00:00,P1,resolved,Digital Operations,Patient Operations Portal,svc-patient-portal,availability,4.7,False,application_error,2026-05-27T04:42:00+00:00
INC-202601753,INC-202601753,2026-05-27T02:00:00+00:00,2026-05-27T04:18:00+00:00,P2,resolved,Service Desk,Order Management,svc-order-mgmt,availability,2.3,False,application_error,2026-05-27T04:18:00+00:00
INC-202601754,INC-202601754,2026-05-27T04:00:00+00:00,2026-05-27T05:24:00+00:00,P3,resolved,Service Desk,Identity Gateway,svc-identity-gateway,authentication,1.4,False,application_error,2026-05-27T05:24:00+00:00
INC-202601755,INC-202601755,2026-05-27T06:00:00+00:00,2026-05-27T07:30:00+00:00,P4,resolved,Digital Operations,Patient Operations Portal,svc-patient-portal,availability,1.5,False,application_error,2026-05-27T07:30:00+00:00
INC-202601756,INC-202601756,2026-05-27T08:00:00+00:00,2026-05-27T13:06:00+00:00,P1,resolved,Service Desk,Order Management,svc-order-mgmt,availability,5.1,False,application_error,2026-05-27T13:06:00+00:00
INC-202601757,INC-202601757,2026-05-27T10:00:00+00:00,2026-05-27T12:00:00+00:00,P2,resolved,Service Desk,Identity Gateway,svc-identity-gateway,authentication,2.0,False,application_error,2026-05-27T12:00:00+00:00
INC-202601758,INC-202601758,2026-05-27T12:00:00+00:00,2026-05-27T13:06:00+00:00,P3,resolved,Digital Operations,Patient Operations Portal,svc-patient-portal,availability,1.1,False,application_error,2026-05-27T13:06:00+00:00
INC-202601759,INC-202601759,2026-05-27T14:00:00+00:00,2026-05-27T15:12:00+00:00,P4,resolved,Service Desk,Order Management,svc-order-mgmt,availability,1.2,False,application_error,2026-05-27T15:12:00+00:00
INC-202601760,INC-202601760,2026-05-27T16:00:00+00:00,2026-05-27T20:48:00+00:00,P1,resolved,Service Desk,Identity Gateway,svc-identity-gateway,authentication,4.8,True,application_error,2026-05-27T20:48:00+00:00
INC-202601761,INC-202601761,2026-05-27T18:00:00+00:00,2026-05-27T20:24:00+00:00,P2,resolved,Digital Operations,Patient Operations Portal,svc-patient-portal,availability,2.4,False,application_error,2026-05-27T20:24:00+00:00
INC-202601762,INC-202601762,2026-05-27T20:00:00+00:00,2026-05-27T21:30:00+00:00,P3,resolved,Service Desk,Order Management,svc-order-mgmt,availability,1.5,False,application_error,2026-05-27T21:30:00+00:00
INC-202601763,INC-202601763,2026-05-27T22:00:00+00:00,2026-05-27T23:36:00+00:00,P4,resolved,Service Desk,Identity Gateway,svc-identity-gateway,authentication,1.6,False,application_error,2026-05-27T23:36:00+00:00
INC-202601764,INC-202601764,2026-05-28T00:00:00+00:00,2026-05-28T04:30:00+00:00,P1,resolved,Digital Operations,Patient Operations Portal,svc-patient-portal,availability,4.5,False,application_error,2026-05-28T04:30:00+00:00
INC-202601765,INC-202601765,2026-05-28T02:00:00+00:00,2026-05-28T04:06:00+00:00,P2,resolved,Service Desk,Order Management,svc-order-mgmt,availability,2.1,False,application_error,2026-05-28T04:06:00+00:00
INC-202601766,INC-202601766,2026-05-28T04:00:00+00:00,2026-05-28T05:12:00+00:00,P3,resolved,Service Desk,Identity Gateway,svc-identity-gateway,authentication,1.2,False,application_error,2026-05-28T05:12:00+00:00
INC-202601767,INC-202601767,2026-05-28T06:00:00+00:00,2026-05-28T07:18:00+00:00,P4,resolved,Digital Operations,Patient Operations Portal,svc-patient-portal,availability,1.3,False,application_error,2026-05-28T07:18:00+00:00
INC-202601768,INC-202601768,2026-05-28T08:00:00+00:00,2026-05-28T12:54:00+00:00,P1,resolved,Service Desk,Order Management,svc-order-mgmt,availability,4.9,False,certificate_expiry,2026-05-28T12:54:00+00:00
INC-202601769,INC-202601769,2026-05-28T10:00:00+00:00,2026-05-28T12:30:00+00:00,P2,resolved,Service Desk,Identity Gateway,svc-identity-gateway,authentication,2.5,False,application_error,2026-05-28T12:30:00+00:00
INC-202601770,INC-202601770,2026-05-28T12:00:00+00:00,2026-05-28T13:36:00+00:00,P3,resolved,Digital Operations,Patient Operations Portal,svc-patient-portal,availability,1.6,False,application_error,2026-05-28T13:36:00+00:00
INC-202601771,INC-202601771,2026-05-28T14:00:00+00:00,2026-05-28T15:00:00+00:00,P4,resolved,Service Desk,Order Management,svc-order-mgmt,availability,1.0,False,application_error,2026-05-28T15:00:00+00:00
INC-202601772,INC-202601772,2026-05-28T16:00:00+00:00,2026-05-28T20:36:00+00:00,P1,resolved,Service Desk,Identity Gateway,svc-identity-gateway,authentication,4.6,False,application_error,2026-05-28T20:36:00+00:00
INC-202601773,INC-202601773,2026-05-28T18:00:00+00:00,2026-05-28T20:12:00+00:00,P2,resolved,Digital Operations,Patient Operations Portal,svc-patient-portal,availability,2.2,False,application_error,2026-05-28T20:12:00+00:00
INC-202601774,INC-202601774,2026-05-28T20:00:00+00:00,2026-05-28T21:18:00+00:00,P3,resolved,Service Desk,Order Management,svc-order-mgmt,availability,1.3,False,application_error,2026-05-28T21:18:00+00:00
INC-202601775,INC-202601775,2026-05-28T22:00:00+00:00,2026-05-28T23:24:00+00:00,P4,resolved,Service Desk,Identity Gateway,svc-identity-gateway,authentication,1.4,False,application_error,2026-05-28T23:24:00+00:00
INC-202601776,INC-202601776,2026-05-29T00:00:00+00:00,2026-05-29T05:00:00+00:00,P1,resolved,Digital Operations,Patient Operations Portal,svc-patient-portal,availability,5.0,False,application_error,2026-05-29T05:00:00+00:00
INC-202601777,INC-202601777,2026-05-29T02:00:00+00:00,2026-05-29T04:36:00+00:00,P2,resolved,Service Desk,Order Management,svc-order-mgmt,availability,2.6,False,application_error,2026-05-29T04:36:00+00:00
INC-202601778,INC-202601778,2026-05-29T04:00:00+00:00,2026-05-29T05:00:00+00:00,P3,resolved,Service Desk,Identity Gateway,svc-identity-gateway,authentication,1.0,False,application_error,2026-05-29T05:00:00+00:00
INC-202601779,INC-202601779,2026-05-29T06:00:00+00:00,2026-05-29T07:06:00+00:00,P4,resolved,Digital Operations,Patient Operations Portal,svc-patient-portal,availability,1.1,False,application_error,2026-05-29T07:06:00+00:00
INC-202601780,INC-202601780,2026-05-29T08:00:00+00:00,2026-05-29T12:42:00+00:00,P1,resolved,Service Desk,Order Management,svc-order-mgmt,availability,4.7,True,application_error,2026-05-29T12:42:00+00:00
INC-202601781,INC-202601781,2026-05-29T10:00:00+00:00,2026-05-29T12:18:00+00:00,P2,resolved,Service Desk,Identity Gateway,svc-identity-gateway,authentication,2.3,False,application_error,2026-05-29T12:18:00+00:00
INC-202601782,INC-202601782,2026-05-29T12:00:00+00:00,2026-05-29T13:24:00+00:00,P3,resolved,Digital Operations,Patient Operations Portal,svc-patient-portal,availability,1.4,False,application_error,2026-05-29T13:24:00+00:00
INC-202601783,INC-202601783,2026-05-29T14:00:00+00:00,2026-05-29T15:30:00+00:00,P4,resolved,Service Desk,Order Management,svc-order-mgmt,availability,1.5,False,application_error,2026-05-29T15:30:00+00:00
INC-202601784,INC-202601784,2026-05-29T16:00:00+00:00,2026-05-29T21:06:00+00:00,P1,resolved,Service Desk,Identity Gateway,svc-identity-gateway,authentication,5.1,False,application_error,2026-05-29T21:06:00+00:00
INC-202601785,INC-202601785,2026-05-29T18:00:00+00:00,2026-05-29T20:00:00+00:00,P2,resolved,Digital Operations,Patient Operations Portal,svc-patient-portal,availability,2.0,False,certificate_expiry,2026-05-29T20:00:00+00:00
INC-202601786,INC-202601786,2026-05-29T20:00:00+00:00,2026-05-29T21:06:00+00:00,P3,resolved,Service Desk,Order Management,svc-order-mgmt,availability,1.1,False,application_error,2026-05-29T21:06:00+00:00
INC-202601787,INC-202601787,2026-05-29T22:00:00+00:00,2026-05-29T23:12:00+00:00,P4,resolved,Service Desk,Identity Gateway,svc-identity-gateway,authentication,1.2,False,application_error,2026-05-29T23:12:00+00:00
INC-202601788,INC-202601788,2026-05-30T00:00:00+00:00,2026-05-30T04:48:00+00:00,P1,resolved,Digital Operations,Patient Operations Portal,svc-patient-portal,availability,4.8,False,application_error,2026-05-30T04:48:00+00:00
INC-202601789,INC-202601789,2026-05-30T02:00:00+00:00,2026-05-30T04:24:00+00:00,P2,resolved,Service Desk,Order Management,svc-order-mgmt,availability,2.4,False,application_error,2026-05-30T04:24:00+00:00
INC-202601790,INC-202601790,2026-05-30T04:00:00+00:00,2026-05-30T05:30:00+00:00,P3,resolved,Service Desk,Identity Gateway,svc-identity-gateway,authentication,1.5,False,application_error,2026-05-30T05:30:00+00:00
INC-202601791,INC-202601791,2026-05-30T06:00:00+00:00,2026-05-30T07:36:00+00:00,P4,resolved,Digital Operations,Patient Operations Portal,svc-patient-portal,availability,1.6,False,application_error,2026-05-30T07:36:00+00:00
INC-202601792,INC-202601792,2026-05-30T08:00:00+00:00,2026-05-30T12:30:00+00:00,P1,resolved,Service Desk,Order Management,svc-order-mgmt,availability,4.5,False,application_error,2026-05-30T12:30:00+00:00
INC-202601793,INC-202601793,2026-05-30T10:00:00+00:00,2026-05-30T12:06:00+00:00,P2,resolved,Service Desk,Identity Gateway,svc-identity-gateway,authentication,2.1,False,application_error,2026-05-30T12:06:00+00:00
INC-202601794,INC-202601794,2026-05-30T12:00:00+00:00,2026-05-30T13:12:00+00:00,P3,resolved,Digital Operations,Patient Operations Portal,svc-patient-portal,availability,1.2,False,application_error,2026-05-30T13:12:00+00:00
INC-202601795,INC-202601795,2026-05-30T14:00:00+00:00,2026-05-30T15:18:00+00:00,P4,resolved,Service Desk,Order Management,svc-order-mgmt,availability,1.3,False,application_error,2026-05-30T15:18:00+00:00
INC-202601796,INC-202601796,2026-05-30T16:00:00+00:00,2026-05-30T20:54:00+00:00,P1,resolved,Service Desk,Identity Gateway,svc-identity-gateway,authentication,4.9,False,application_error,2026-05-30T20:54:00+00:00
INC-202601797,INC-202601797,2026-05-30T18:00:00+00:00,2026-05-30T20:30:00+00:00,P2,resolved,Digital Operations,Patient Operations Portal,svc-patient-portal,availability,2.5,False,application_error,2026-05-30T20:30:00+00:00
INC-202601798,INC-202601798,2026-05-30T20:00:00+00:00,2026-05-30T21:36:00+00:00,P3,resolved,Service Desk,Order Management,svc-order-mgmt,availability,1.6,False,application_error,2026-05-30T21:36:00+00:00
INC-202601799,INC-202601799,2026-05-30T22:00:00+00:00,2026-05-30T23:00:00+00:00,P4,resolved,Service Desk,Identity Gateway,svc-identity-gateway,authentication,1.0,False,application_error,2026-05-30T23:00:00+00:00
INC-202601800,INC-202601800,2026-05-31T00:00:00+00:00,2026-05-31T04:36:00+00:00,P1,resolved,Digital Operations,Patient Operations Portal,svc-patient-portal,availability,4.6,True,application_error,2026-05-31T04:36:00+00:00
INC-202601801,INC-202601801,2026-05-31T02:00:00+00:00,2026-05-31T04:12:00+00:00,P2,resolved,Service Desk,Order Management,svc-order-mgmt,availability,2.2,False,application_error,2026-05-31T04:12:00+00:00
INC-202601802,INC-202601802,2026-05-31T04:00:00+00:00,2026-05-31T05:18:00+00:00,P3,resolved,Service Desk,Identity Gateway,svc-identity-gateway,authentication,1.3,False,certificate_expiry,2026-05-31T05:18:00+00:00
INC-202601803,INC-202601803,2026-05-31T06:00:00+00:00,2026-05-31T07:24:00+00:00,P4,resolved,Digital Operations,Patient Operations Portal,svc-patient-portal,availability,1.4,False,application_error,2026-05-31T07:24:00+00:00
INC-202601804,INC-202601804,2026-05-31T08:00:00+00:00,2026-05-31T13:00:00+00:00,P1,resolved,Service Desk,Order Management,svc-order-mgmt,availability,5.0,False,application_error,2026-05-31T13:00:00+00:00
INC-202601805,INC-202601805,2026-05-31T10:00:00+00:00,2026-05-31T12:36:00+00:00,P2,resolved,Service Desk,Identity Gateway,svc-identity-gateway,authentication,2.6,False,application_error,2026-05-31T12:36:00+00:00
INC-202601806,INC-202601806,2026-05-31T12:00:00+00:00,2026-05-31T13:00:00+00:00,P3,resolved,Digital Operations,Patient Operations Portal,svc-patient-portal,availability,1.0,False,application_error,2026-05-31T13:00:00+00:00
INC-202601807,INC-202601807,2026-05-31T14:00:00+00:00,2026-05-31T15:06:00+00:00,P4,resolved,Service Desk,Order Management,svc-order-mgmt,availability,1.1,False,application_error,2026-05-31T15:06:00+00:00
INC-202601808,INC-202601808,2026-05-31T16:00:00+00:00,2026-05-31T20:42:00+00:00,P1,resolved,Service Desk,Identity Gateway,svc-identity-gateway,authentication,4.7,False,application_error,2026-05-31T20:42:00+00:00
INC-202601809,INC-202601809,2026-05-31T18:00:00+00:00,2026-05-31T20:18:00+00:00,P2,resolved,Digital Operations,Patient Operations Portal,svc-patient-portal,availability,2.3,False,application_error,2026-05-31T20:18:00+00:00
INC-202601810,INC-202601810,2026-05-31T20:00:00+00:00,2026-05-31T21:24:00+00:00,P3,resolved,Service Desk,Order Management,svc-order-mgmt,availability,1.4,False,application_error,2026-05-31T21:24:00+00:00
INC-202601811,INC-202601811,2026-05-31T22:00:00+00:00,2026-05-31T23:30:00+00:00,P4,resolved,Service Desk,Identity Gateway,svc-identity-gateway,authentication,1.5,False,application_error,2026-05-31T23:30:00+00:00
INC-202601812,INC-202601812,2026-06-01T00:00:00+00:00,2026-06-01T05:06:00+00:00,P1,resolved,Digital Operations,Patient Operations Portal,svc-patient-portal,availability,5.1,False,application_error,2026-06-01T05:06:00+00:00
INC-202601813,INC-202601813,2026-06-01T02:00:00+00:00,2026-06-01T04:00:00+00:00,P2,resolved,Service Desk,Order Management,svc-order-mgmt,availability,2.0,False,application_error,2026-06-01T04:00:00+00:00
INC-202601814,INC-202601814,2026-06-01T04:00:00+00:00,2026-06-01T05:06:00+00:00,P3,resolved,Service Desk,Identity Gateway,svc-identity-gateway,authentication,1.1,False,application_error,2026-06-01T05:06:00+00:00
INC-202601815,INC-202601815,2026-06-01T06:00:00+00:00,2026-06-01T07:12:00+00:00,P4,resolved,Digital Operations,Patient Operations Portal,svc-patient-portal,availability,1.2,False,application_error,2026-06-01T07:12:00+00:00
INC-202601816,INC-202601816,2026-06-01T08:00:00+00:00,2026-06-01T12:48:00+00:00,P1,resolved,Service Desk,Order Management,svc-order-mgmt,availability,4.8,False,application_error,2026-06-01T12:48:00+00:00
INC-202601817,INC-202601817,2026-06-01T10:00:00+00:00,2026-06-01T12:24:00+00:00,P2,resolved,Service Desk,Identity Gateway,svc-identity-gateway,authentication,2.4,False,application_error,2026-06-01T12:24:00+00:00
INC-202601818,INC-202601818,2026-06-01T12:00:00+00:00,2026-06-01T13:30:00+00:00,P3,resolved,Digital Operations,Patient Operations Portal,svc-patient-portal,availability,1.5,False,application_error,2026-06-01T13:30:00+00:00
INC-202601819,INC-202601819,2026-06-01T14:00:00+00:00,2026-06-01T15:36:00+00:00,P4,resolved,Service Desk,Order Management,svc-order-mgmt,availability,1.6,False,certificate_expiry,2026-06-01T15:36:00+00:00
INC-202601820,INC-202601820,2026-06-01T16:00:00+00:00,2026-06-01T20:30:00+00:00,P1,resolved,Service Desk,Identity Gateway,svc-identity-gateway,authentication,4.5,True,application_error,2026-06-01T20:30:00+00:00
INC-202601821,INC-202601821,2026-06-01T18:00:00+00:00,2026-06-01T20:06:00+00:00,P2,resolved,Digital Operations,Patient Operations Portal,svc-patient-portal,availability,2.1,False,application_error,2026-06-01T20:06:00+00:00
INC-202601822,INC-202601822,2026-06-01T20:00:00+00:00,2026-06-01T21:12:00+00:00,P3,resolved,Service Desk,Order Management,svc-order-mgmt,availability,1.2,False,application_error,2026-06-01T21:12:00+00:00
INC-202601823,INC-202601823,2026-06-01T22:00:00+00:00,2026-06-01T23:18:00+00:00,P4,resolved,Service Desk,Identity Gateway,svc-identity-gateway,authentication,1.3,False,application_error,2026-06-01T23:18:00+00:00
INC-202601824,INC-202601824,2026-06-02T00:00:00+00:00,2026-06-02T04:54:00+00:00,P1,resolved,Digital Operations,Patient Operations Portal,svc-patient-portal,availability,4.9,False,application_error,2026-06-02T04:54:00+00:00
INC-202601825,INC-202601825,2026-06-02T02:00:00+00:00,2026-06-02T04:30:00+00:00,P2,resolved,Service Desk,Order Management,svc-order-mgmt,availability,2.5,False,application_error,2026-06-02T04:30:00+00:00
INC-202601826,INC-202601826,2026-06-02T04:00:00+00:00,2026-06-02T05:36:00+00:00,P3,resolved,Service Desk,Identity Gateway,svc-identity-gateway,authentication,1.6,False,application_error,2026-06-02T05:36:00+00:00
INC-202601827,INC-202601827,2026-06-02T06:00:00+00:00,2026-06-02T07:00:00+00:00,P4,resolved,Digital Operations,Patient Operations Portal,svc-patient-portal,availability,1.0,False,application_error,2026-06-02T07:00:00+00:00
INC-202601828,INC-202601828,2026-06-02T08:00:00+00:00,2026-06-02T12:36:00+00:00,P1,resolved,Service Desk,Order Management,svc-order-mgmt,availability,4.6,False,application_error,2026-06-02T12:36:00+00:00
INC-202601829,INC-202601829,2026-06-02T10:00:00+00:00,2026-06-02T12:12:00+00:00,P2,resolved,Service Desk,Identity Gateway,svc-identity-gateway,authentication,2.2,False,application_error,2026-06-02T12:12:00+00:00
INC-202601830,INC-202601830,2026-06-02T12:00:00+00:00,2026-06-02T13:18:00+00:00,P3,resolved,Digital Operations,Patient Operations Portal,svc-patient-portal,availability,1.3,False,application_error,2026-06-02T13:18:00+00:00
INC-202601831,INC-202601831,2026-06-02T14:00:00+00:00,2026-06-02T15:24:00+00:00,P4,resolved,Service Desk,Order Management,svc-order-mgmt,availability,1.4,False,application_error,2026-06-02T15:24:00+00:00
INC-202601832,INC-202601832,2026-06-02T16:00:00+00:00,2026-06-02T21:00:00+00:00,P1,resolved,Service Desk,Identity Gateway,svc-identity-gateway,authentication,5.0,False,application_error,2026-06-02T21:00:00+00:00
INC-202601833,INC-202601833,2026-06-02T18:00:00+00:00,2026-06-02T20:36:00+00:00,P2,resolved,Digital Operations,Patient Operations Portal,svc-patient-portal,availability,2.6,False,application_error,2026-06-02T20:36:00+00:00
INC-202601834,INC-202601834,2026-06-02T20:00:00+00:00,2026-06-02T21:00:00+00:00,P3,resolved,Service Desk,Order Management,svc-order-mgmt,availability,1.0,False,application_error,2026-06-02T21:00:00+00:00
INC-202601835,INC-202601835,2026-06-02T22:00:00+00:00,2026-06-02T23:06:00+00:00,P4,resolved,Service Desk,Identity Gateway,svc-identity-gateway,authentication,1.1,False,application_error,2026-06-02T23:06:00+00:00
INC-202601836,INC-202601836,2026-06-03T00:00:00+00:00,2026-06-03T04:42:00+00:00,P1,resolved,Digital Operations,Patient Operations Portal,svc-patient-portal,availability,4.7,False,certificate_expiry,2026-06-03T04:42:00+00:00
INC-202601837,INC-202601837,2026-06-03T02:00:00+00:00,2026-06-03T04:18:00+00:00,P2,resolved,Service Desk,Order Management,svc-order-mgmt,availability,2.3,False,application_error,2026-06-03T04:18:00+00:00
INC-202601838,INC-202601838,2026-06-03T04:00:00+00:00,2026-06-03T05:24:00+00:00,P3,resolved,Service Desk,Identity Gateway,svc-identity-gateway,authentication,1.4,False,application_error,2026-06-03T05:24:00+00:00
INC-202601839,INC-202601839,2026-06-03T06:00:00+00:00,2026-06-03T07:30:00+00:00,P4,resolved,Digital Operations,Patient Operations Portal,svc-patient-portal,availability,1.5,False,application_error,2026-06-03T07:30:00+00:00
INC-202601840,INC-202601840,2026-06-03T08:00:00+00:00,2026-06-03T13:06:00+00:00,P1,resolved,Service Desk,Order Management,svc-order-mgmt,availability,5.1,True,application_error,2026-06-03T13:06:00+00:00
INC-202601841,INC-202601841,2026-06-03T10:00:00+00:00,2026-06-03T12:00:00+00:00,P2,resolved,Service Desk,Identity Gateway,svc-identity-gateway,authentication,2.0,False,application_error,2026-06-03T12:00:00+00:00
INC-202601842,INC-202601842,2026-06-03T12:00:00+00:00,2026-06-03T13:06:00+00:00,P3,resolved,Digital Operations,Patient Operations Portal,svc-patient-portal,availability,1.1,False,application_error,2026-06-03T13:06:00+00:00
INC-202601843,INC-202601843,2026-06-03T14:00:00+00:00,2026-06-03T15:12:00+00:00,P4,resolved,Service Desk,Order Management,svc-order-mgmt,availability,1.2,False,application_error,2026-06-03T15:12:00+00:00
INC-202601844,INC-202601844,2026-06-03T16:00:00+00:00,2026-06-03T20:48:00+00:00,P1,resolved,Service Desk,Identity Gateway,svc-identity-gateway,authentication,4.8,False,application_error,2026-06-03T20:48:00+00:00
INC-202601845,INC-202601845,2026-06-03T18:00:00+00:00,2026-06-03T20:24:00+00:00,P2,resolved,Digital Operations,Patient Operations Portal,svc-patient-portal,availability,2.4,False,application_error,2026-06-03T20:24:00+00:00
INC-202601846,INC-202601846,2026-06-03T20:00:00+00:00,2026-06-03T21:30:00+00:00,P3,resolved,Service Desk,Order Management,svc-order-mgmt,availability,1.5,False,application_error,2026-06-03T21:30:00+00:00
INC-202601847,INC-202601847,2026-06-03T22:00:00+00:00,2026-06-03T23:36:00+00:00,P4,resolved,Service Desk,Identity Gateway,svc-identity-gateway,authentication,1.6,False,application_error,2026-06-03T23:36:00+00:00
INC-202601848,INC-202601848,2026-06-04T00:00:00+00:00,2026-06-04T04:30:00+00:00,P1,resolved,Digital Operations,Patient Operations Portal,svc-patient-portal,availability,4.5,False,application_error,2026-06-04T04:30:00+00:00
INC-202601849,INC-202601849,2026-06-04T02:00:00+00:00,2026-06-04T04:06:00+00:00,P2,resolved,Service Desk,Order Management,svc-order-mgmt,availability,2.1,False,application_error,2026-06-04T04:06:00+00:00
INC-202601850,INC-202601850,2026-06-04T04:00:00+00:00,2026-06-04T05:12:00+00:00,P3,resolved,Service Desk,Identity Gateway,svc-identity-gateway,authentication,1.2,False,application_error,2026-06-04T05:12:00+00:00
INC-202601851,INC-202601851,2026-06-04T06:00:00+00:00,2026-06-04T07:18:00+00:00,P4,resolved,Digital Operations,Patient Operations Portal,svc-patient-portal,availability,1.3,False,application_error,2026-06-04T07:18:00+00:00
INC-202601852,INC-202601852,2026-06-04T08:00:00+00:00,2026-06-04T12:54:00+00:00,P1,resolved,Service Desk,Order Management,svc-order-mgmt,availability,4.9,False,application_error,2026-06-04T12:54:00+00:00
INC-202601853,INC-202601853,2026-06-04T10:00:00+00:00,2026-06-04T12:30:00+00:00,P2,resolved,Service Desk,Identity Gateway,svc-identity-gateway,authentication,2.5,False,certificate_expiry,2026-06-04T12:30:00+00:00
INC-202601854,INC-202601854,2026-06-04T12:00:00+00:00,2026-06-04T13:36:00+00:00,P3,resolved,Digital Operations,Patient Operations Portal,svc-patient-portal,availability,1.6,False,application_error,2026-06-04T13:36:00+00:00
INC-202601855,INC-202601855,2026-06-04T14:00:00+00:00,2026-06-04T15:00:00+00:00,P4,resolved,Service Desk,Order Management,svc-order-mgmt,availability,1.0,False,application_error,2026-06-04T15:00:00+00:00
INC-202601856,INC-202601856,2026-06-04T16:00:00+00:00,2026-06-04T20:36:00+00:00,P1,resolved,Service Desk,Identity Gateway,svc-identity-gateway,authentication,4.6,False,application_error,2026-06-04T20:36:00+00:00
INC-202601857,INC-202601857,2026-06-04T18:00:00+00:00,2026-06-04T20:12:00+00:00,P2,resolved,Digital Operations,Patient Operations Portal,svc-patient-portal,availability,2.2,False,application_error,2026-06-04T20:12:00+00:00
INC-202601858,INC-202601858,2026-06-04T20:00:00+00:00,2026-06-04T21:18:00+00:00,P3,resolved,Service Desk,Order Management,svc-order-mgmt,availability,1.3,False,application_error,2026-06-04T21:18:00+00:00
INC-202601859,INC-202601859,2026-06-04T22:00:00+00:00,2026-06-04T23:24:00+00:00,P4,resolved,Service Desk,Identity Gateway,svc-identity-gateway,authentication,1.4,False,application_error,2026-06-04T23:24:00+00:00
INC-202601860,INC-202601860,2026-06-05T00:00:00+00:00,2026-06-05T05:00:00+00:00,P1,resolved,Digital Operations,Patient Operations Portal,svc-patient-portal,availability,5.0,True,application_error,2026-06-05T05:00:00+00:00
INC-202601861,INC-202601861,2026-06-05T02:00:00+00:00,2026-06-05T04:36:00+00:00,P2,resolved,Service Desk,Order Management,svc-order-mgmt,availability,2.6,False,application_error,2026-06-05T04:36:00+00:00
INC-202601862,INC-202601862,2026-06-05T04:00:00+00:00,2026-06-05T05:00:00+00:00,P3,resolved,Service Desk,Identity Gateway,svc-identity-gateway,authentication,1.0,False,application_error,2026-06-05T05:00:00+00:00
INC-202601863,INC-202601863,2026-06-05T06:00:00+00:00,2026-06-05T07:06:00+00:00,P4,resolved,Digital Operations,Patient Operations Portal,svc-patient-portal,availability,1.1,False,application_error,2026-06-05T07:06:00+00:00
INC-202601864,INC-202601864,2026-06-05T08:00:00+00:00,2026-06-05T12:42:00+00:00,P1,resolved,Service Desk,Order Management,svc-order-mgmt,availability,4.7,False,application_error,2026-06-05T12:42:00+00:00
INC-202601865,INC-202601865,2026-06-05T10:00:00+00:00,2026-06-05T12:18:00+00:00,P2,resolved,Service Desk,Identity Gateway,svc-identity-gateway,authentication,2.3,False,application_error,2026-06-05T12:18:00+00:00
INC-202601866,INC-202601866,2026-06-05T12:00:00+00:00,2026-06-05T13:24:00+00:00,P3,resolved,Digital Operations,Patient Operations Portal,svc-patient-portal,availability,1.4,False,application_error,2026-06-05T13:24:00+00:00
INC-202601867,INC-202601867,2026-06-05T14:00:00+00:00,2026-06-05T15:30:00+00:00,P4,resolved,Service Desk,Order Management,svc-order-mgmt,availability,1.5,False,application_error,2026-06-05T15:30:00+00:00
INC-202601868,INC-202601868,2026-06-05T16:00:00+00:00,2026-06-05T21:06:00+00:00,P1,resolved,Service Desk,Identity Gateway,svc-identity-gateway,authentication,5.1,False,application_error,2026-06-05T21:06:00+00:00
INC-202601869,INC-202601869,2026-06-05T18:00:00+00:00,2026-06-05T20:00:00+00:00,P2,resolved,Digital Operations,Patient Operations Portal,svc-patient-portal,availability,2.0,False,application_error,2026-06-05T20:00:00+00:00
INC-202601870,INC-202601870,2026-06-05T20:00:00+00:00,2026-06-05T21:06:00+00:00,P3,resolved,Service Desk,Order Management,svc-order-mgmt,availability,1.1,False,certificate_expiry,2026-06-05T21:06:00+00:00
INC-202601871,INC-202601871,2026-06-05T22:00:00+00:00,2026-06-05T23:12:00+00:00,P4,resolved,Service Desk,Identity Gateway,svc-identity-gateway,authentication,1.2,False,application_error,2026-06-05T23:12:00+00:00
INC-202601872,INC-202601872,2026-06-06T00:00:00+00:00,2026-06-06T04:48:00+00:00,P1,resolved,Digital Operations,Patient Operations Portal,svc-patient-portal,availability,4.8,False,application_error,2026-06-06T04:48:00+00:00
INC-202601873,INC-202601873,2026-06-06T02:00:00+00:00,2026-06-06T04:24:00+00:00,P2,resolved,Service Desk,Order Management,svc-order-mgmt,availability,2.4,False,application_error,2026-06-06T04:24:00+00:00
INC-202601874,INC-202601874,2026-06-06T04:00:00+00:00,2026-06-06T05:30:00+00:00,P3,resolved,Service Desk,Identity Gateway,svc-identity-gateway,authentication,1.5,False,application_error,2026-06-06T05:30:00+00:00
INC-202601875,INC-202601875,2026-06-06T06:00:00+00:00,2026-06-06T07:36:00+00:00,P4,resolved,Digital Operations,Patient Operations Portal,svc-patient-portal,availability,1.6,False,application_error,2026-06-06T07:36:00+00:00
INC-202601876,INC-202601876,2026-06-06T08:00:00+00:00,2026-06-06T12:30:00+00:00,P1,resolved,Service Desk,Order Management,svc-order-mgmt,availability,4.5,False,application_error,2026-06-06T12:30:00+00:00
INC-202601877,INC-202601877,2026-06-06T10:00:00+00:00,2026-06-06T12:06:00+00:00,P2,resolved,Service Desk,Identity Gateway,svc-identity-gateway,authentication,2.1,False,application_error,2026-06-06T12:06:00+00:00
INC-202601878,INC-202601878,2026-06-06T12:00:00+00:00,2026-06-06T13:12:00+00:00,P3,resolved,Digital Operations,Patient Operations Portal,svc-patient-portal,availability,1.2,False,application_error,2026-06-06T13:12:00+00:00
INC-202601879,INC-202601879,2026-06-06T14:00:00+00:00,2026-06-06T15:18:00+00:00,P4,resolved,Service Desk,Order Management,svc-order-mgmt,availability,1.3,False,application_error,2026-06-06T15:18:00+00:00
INC-202601880,INC-202601880,2026-06-06T16:00:00+00:00,2026-06-06T20:54:00+00:00,P1,resolved,Service Desk,Identity Gateway,svc-identity-gateway,authentication,4.9,True,application_error,2026-06-06T20:54:00+00:00
INC-202601881,INC-202601881,2026-06-06T18:00:00+00:00,2026-06-06T20:30:00+00:00,P2,resolved,Digital Operations,Patient Operations Portal,svc-patient-portal,availability,2.5,False,application_error,2026-06-06T20:30:00+00:00
INC-202601882,INC-202601882,2026-06-06T20:00:00+00:00,2026-06-06T21:36:00+00:00,P3,resolved,Service Desk,Order Management,svc-order-mgmt,availability,1.6,False,application_error,2026-06-06T21:36:00+00:00
INC-202601883,INC-202601883,2026-06-06T22:00:00+00:00,2026-06-06T23:00:00+00:00,P4,resolved,Service Desk,Identity Gateway,svc-identity-gateway,authentication,1.0,False,application_error,2026-06-06T23:00:00+00:00
INC-202601884,INC-202601884,2026-06-07T00:00:00+00:00,2026-06-07T04:36:00+00:00,P1,resolved,Digital Operations,Patient Operations Portal,svc-patient-portal,availability,4.6,False,application_error,2026-06-07T04:36:00+00:00
INC-202601885,INC-202601885,2026-06-07T02:00:00+00:00,2026-06-07T04:12:00+00:00,P2,resolved,Service Desk,Order Management,svc-order-mgmt,availability,2.2,False,application_error,2026-06-07T04:12:00+00:00
INC-202601886,INC-202601886,2026-06-07T04:00:00+00:00,2026-06-07T05:18:00+00:00,P3,resolved,Service Desk,Identity Gateway,svc-identity-gateway,authentication,1.3,False,application_error,2026-06-07T05:18:00+00:00
INC-202601887,INC-202601887,2026-06-07T06:00:00+00:00,2026-06-07T07:24:00+00:00,P4,resolved,Digital Operations,Patient Operations Portal,svc-patient-portal,availability,1.4,False,certificate_expiry,2026-06-07T07:24:00+00:00
INC-202601888,INC-202601888,2026-06-07T08:00:00+00:00,2026-06-07T13:00:00+00:00,P1,resolved,Service Desk,Order Management,svc-order-mgmt,availability,5.0,False,application_error,2026-06-07T13:00:00+00:00
INC-202601889,INC-202601889,2026-06-07T10:00:00+00:00,2026-06-07T12:36:00+00:00,P2,resolved,Service Desk,Identity Gateway,svc-identity-gateway,authentication,2.6,False,application_error,2026-06-07T12:36:00+00:00
INC-202601890,INC-202601890,2026-06-07T12:00:00+00:00,2026-06-07T13:00:00+00:00,P3,resolved,Digital Operations,Patient Operations Portal,svc-patient-portal,availability,1.0,False,application_error,2026-06-07T13:00:00+00:00
INC-202601891,INC-202601891,2026-06-07T14:00:00+00:00,2026-06-07T15:06:00+00:00,P4,resolved,Service Desk,Order Management,svc-order-mgmt,availability,1.1,False,application_error,2026-06-07T15:06:00+00:00
INC-202601892,INC-202601892,2026-06-07T16:00:00+00:00,2026-06-07T20:42:00+00:00,P1,resolved,Service Desk,Identity Gateway,svc-identity-gateway,authentication,4.7,False,application_error,2026-06-07T20:42:00+00:00
INC-202601893,INC-202601893,2026-06-07T18:00:00+00:00,2026-06-07T20:18:00+00:00,P2,resolved,Digital Operations,Patient Operations Portal,svc-patient-portal,availability,2.3,False,application_error,2026-06-07T20:18:00+00:00
INC-202601894,INC-202601894,2026-06-07T20:00:00+00:00,2026-06-07T21:24:00+00:00,P3,resolved,Service Desk,Order Management,svc-order-mgmt,availability,1.4,False,application_error,2026-06-07T21:24:00+00:00
INC-202601895,INC-202601895,2026-06-07T22:00:00+00:00,2026-06-07T23:30:00+00:00,P4,resolved,Service Desk,Identity Gateway,svc-identity-gateway,authentication,1.5,False,application_error,2026-06-07T23:30:00+00:00
INC-202601896,INC-202601896,2026-06-08T00:00:00+00:00,2026-06-08T05:06:00+00:00,P1,resolved,Digital Operations,Patient Operations Portal,svc-patient-portal,availability,5.1,False,application_error,2026-06-08T05:06:00+00:00
INC-202601897,INC-202601897,2026-06-08T02:00:00+00:00,2026-06-08T04:00:00+00:00,P2,resolved,Service Desk,Order Management,svc-order-mgmt,availability,2.0,False,application_error,2026-06-08T04:00:00+00:00
INC-202601898,INC-202601898,2026-06-08T04:00:00+00:00,2026-06-08T05:06:00+00:00,P3,resolved,Service Desk,Identity Gateway,svc-identity-gateway,authentication,1.1,False,application_error,2026-06-08T05:06:00+00:00
INC-202601899,INC-202601899,2026-06-08T06:00:00+00:00,2026-06-08T07:12:00+00:00,P4,resolved,Digital Operations,Patient Operations Portal,svc-patient-portal,availability,1.2,False,application_error,2026-06-08T07:12:00+00:00
INC-202601900,INC-202601900,2026-06-08T08:00:00+00:00,2026-06-08T12:48:00+00:00,P1,resolved,Service Desk,Order Management,svc-order-mgmt,availability,4.8,True,application_error,2026-06-08T12:48:00+00:00
INC-202601901,INC-202601901,2026-06-08T10:00:00+00:00,2026-06-08T12:24:00+00:00,P2,resolved,Service Desk,Identity Gateway,svc-identity-gateway,authentication,2.4,False,application_error,2026-06-08T12:24:00+00:00
INC-202601902,INC-202601902,2026-06-08T12:00:00+00:00,2026-06-08T13:30:00+00:00,P3,resolved,Digital Operations,Patient Operations Portal,svc-patient-portal,availability,1.5,False,application_error,2026-06-08T13:30:00+00:00
INC-202601903,INC-202601903,2026-06-08T14:00:00+00:00,2026-06-08T15:36:00+00:00,P4,resolved,Service Desk,Order Management,svc-order-mgmt,availability,1.6,False,application_error,2026-06-08T15:36:00+00:00
INC-202601904,INC-202601904,2026-06-08T16:00:00+00:00,2026-06-08T20:30:00+00:00,P1,resolved,Service Desk,Identity Gateway,svc-identity-gateway,authentication,4.5,False,certificate_expiry,2026-06-08T20:30:00+00:00
INC-202601905,INC-202601905,2026-06-08T18:00:00+00:00,2026-06-08T20:06:00+00:00,P2,resolved,Digital Operations,Patient Operations Portal,svc-patient-portal,availability,2.1,False,application_error,2026-06-08T20:06:00+00:00
INC-202601906,INC-202601906,2026-06-08T20:00:00+00:00,2026-06-08T21:12:00+00:00,P3,resolved,Service Desk,Order Management,svc-order-mgmt,availability,1.2,False,application_error,2026-06-08T21:12:00+00:00
INC-202601907,INC-202601907,2026-06-08T22:00:00+00:00,2026-06-08T23:18:00+00:00,P4,resolved,Service Desk,Identity Gateway,svc-identity-gateway,authentication,1.3,False,application_error,2026-06-08T23:18:00+00:00
INC-202601908,INC-202601908,2026-06-09T00:00:00+00:00,2026-06-09T04:54:00+00:00,P1,resolved,Digital Operations,Patient Operations Portal,svc-patient-portal,availability,4.9,False,application_error,2026-06-09T04:54:00+00:00
INC-202601909,INC-202601909,2026-06-09T02:00:00+00:00,2026-06-09T04:30:00+00:00,P2,resolved,Service Desk,Order Management,svc-order-mgmt,availability,2.5,False,application_error,2026-06-09T04:30:00+00:00
INC-202601910,INC-202601910,2026-06-09T04:00:00+00:00,2026-06-09T05:36:00+00:00,P3,resolved,Service Desk,Identity Gateway,svc-identity-gateway,authentication,1.6,False,application_error,2026-06-09T05:36:00+00:00
INC-202601911,INC-202601911,2026-06-09T06:00:00+00:00,2026-06-09T07:00:00+00:00,P4,resolved,Digital Operations,Patient Operations Portal,svc-patient-portal,availability,1.0,False,application_error,2026-06-09T07:00:00+00:00
INC-202601912,INC-202601912,2026-06-09T08:00:00+00:00,2026-06-09T12:36:00+00:00,P1,resolved,Service Desk,Order Management,svc-order-mgmt,availability,4.6,False,application_error,2026-06-09T12:36:00+00:00
INC-202601913,INC-202601913,2026-06-09T10:00:00+00:00,2026-06-09T12:12:00+00:00,P2,resolved,Service Desk,Identity Gateway,svc-identity-gateway,authentication,2.2,False,application_error,2026-06-09T12:12:00+00:00
INC-202601914,INC-202601914,2026-06-09T12:00:00+00:00,2026-06-09T13:18:00+00:00,P3,resolved,Digital Operations,Patient Operations Portal,svc-patient-portal,availability,1.3,False,application_error,2026-06-09T13:18:00+00:00
INC-202601915,INC-202601915,2026-06-09T14:00:00+00:00,2026-06-09T15:24:00+00:00,P4,resolved,Service Desk,Order Management,svc-order-mgmt,availability,1.4,False,application_error,2026-06-09T15:24:00+00:00
INC-202601916,INC-202601916,2026-06-09T16:00:00+00:00,2026-06-09T21:00:00+00:00,P1,resolved,Service Desk,Identity Gateway,svc-identity-gateway,authentication,5.0,False,application_error,2026-06-09T21:00:00+00:00
INC-202601917,INC-202601917,2026-06-09T18:00:00+00:00,2026-06-09T20:36:00+00:00,P2,resolved,Digital Operations,Patient Operations Portal,svc-patient-portal,availability,2.6,False,application_error,2026-06-09T20:36:00+00:00
INC-202601918,INC-202601918,2026-06-09T20:00:00+00:00,2026-06-09T21:00:00+00:00,P3,resolved,Service Desk,Order Management,svc-order-mgmt,availability,1.0,False,application_error,2026-06-09T21:00:00+00:00
INC-202601919,INC-202601919,2026-06-09T22:00:00+00:00,2026-06-09T23:06:00+00:00,P4,resolved,Service Desk,Identity Gateway,svc-identity-gateway,authentication,1.1,False,application_error,2026-06-09T23:06:00+00:00
INC-202601920,INC-202601920,2026-06-10T00:00:00+00:00,2026-06-10T04:42:00+00:00,P1,resolved,Digital Operations,Patient Operations Portal,svc-patient-portal,availability,4.7,True,application_error,2026-06-10T04:42:00+00:00
INC-202601921,INC-202601921,2026-06-10T02:00:00+00:00,2026-06-10T04:18:00+00:00,P2,resolved,Service Desk,Order Management,svc-order-mgmt,availability,2.3,False,certificate_expiry,2026-06-10T04:18:00+00:00
INC-202601922,INC-202601922,2026-06-10T04:00:00+00:00,2026-06-10T05:24:00+00:00,P3,resolved,Service Desk,Identity Gateway,svc-identity-gateway,authentication,1.4,False,application_error,2026-06-10T05:24:00+00:00
INC-202601923,INC-202601923,2026-06-10T06:00:00+00:00,2026-06-10T07:30:00+00:00,P4,resolved,Digital Operations,Patient Operations Portal,svc-patient-portal,availability,1.5,False,application_error,2026-06-10T07:30:00+00:00
INC-202601924,INC-202601924,2026-06-10T08:00:00+00:00,2026-06-10T13:06:00+00:00,P1,resolved,Service Desk,Order Management,svc-order-mgmt,availability,5.1,False,application_error,2026-06-10T13:06:00+00:00
INC-202601925,INC-202601925,2026-06-10T10:00:00+00:00,2026-06-10T12:00:00+00:00,P2,resolved,Service Desk,Identity Gateway,svc-identity-gateway,authentication,2.0,False,application_error,2026-06-10T12:00:00+00:00
INC-202601926,INC-202601926,2026-06-10T12:00:00+00:00,2026-06-10T13:06:00+00:00,P3,resolved,Digital Operations,Patient Operations Portal,svc-patient-portal,availability,1.1,False,application_error,2026-06-10T13:06:00+00:00
INC-202601927,INC-202601927,2026-06-10T14:00:00+00:00,2026-06-10T15:12:00+00:00,P4,resolved,Service Desk,Order Management,svc-order-mgmt,availability,1.2,False,application_error,2026-06-10T15:12:00+00:00
INC-202601928,INC-202601928,2026-06-10T16:00:00+00:00,2026-06-10T20:48:00+00:00,P1,resolved,Service Desk,Identity Gateway,svc-identity-gateway,authentication,4.8,False,application_error,2026-06-10T20:48:00+00:00
INC-202601929,INC-202601929,2026-06-10T18:00:00+00:00,2026-06-10T20:24:00+00:00,P2,resolved,Digital Operations,Patient Operations Portal,svc-patient-portal,availability,2.4,False,application_error,2026-06-10T20:24:00+00:00
INC-202601930,INC-202601930,2026-06-10T20:00:00+00:00,2026-06-10T21:30:00+00:00,P3,resolved,Service Desk,Order Management,svc-order-mgmt,availability,1.5,False,application_error,2026-06-10T21:30:00+00:00
INC-202601931,INC-202601931,2026-06-10T22:00:00+00:00,2026-06-10T23:36:00+00:00,P4,resolved,Service Desk,Identity Gateway,svc-identity-gateway,authentication,1.6,False,application_error,2026-06-10T23:36:00+00:00
INC-202601932,INC-202601932,2026-06-11T00:00:00+00:00,2026-06-11T04:30:00+00:00,P1,resolved,Digital Operations,Patient Operations Portal,svc-patient-portal,availability,4.5,False,application_error,2026-06-11T04:30:00+00:00
INC-202601933,INC-202601933,2026-06-11T02:00:00+00:00,2026-06-11T04:06:00+00:00,P2,resolved,Service Desk,Order Management,svc-order-mgmt,availability,2.1,False,application_error,2026-06-11T04:06:00+00:00
INC-202601934,INC-202601934,2026-06-11T04:00:00+00:00,2026-06-11T05:12:00+00:00,P3,resolved,Service Desk,Identity Gateway,svc-identity-gateway,authentication,1.2,False,application_error,2026-06-11T05:12:00+00:00
INC-202601935,INC-202601935,2026-06-11T06:00:00+00:00,2026-06-11T07:18:00+00:00,P4,resolved,Digital Operations,Patient Operations Portal,svc-patient-portal,availability,1.3,False,application_error,2026-06-11T07:18:00+00:00
INC-202601936,INC-202601936,2026-06-11T08:00:00+00:00,2026-06-11T12:54:00+00:00,P1,resolved,Service Desk,Order Management,svc-order-mgmt,availability,4.9,False,application_error,2026-06-11T12:54:00+00:00
INC-202601937,INC-202601937,2026-06-11T10:00:00+00:00,2026-06-11T12:30:00+00:00,P2,resolved,Service Desk,Identity Gateway,svc-identity-gateway,authentication,2.5,False,application_error,2026-06-11T12:30:00+00:00
INC-202601938,INC-202601938,2026-06-11T12:00:00+00:00,2026-06-11T13:36:00+00:00,P3,resolved,Digital Operations,Patient Operations Portal,svc-patient-portal,availability,1.6,False,certificate_expiry,2026-06-11T13:36:00+00:00
INC-202601939,INC-202601939,2026-06-11T14:00:00+00:00,2026-06-11T15:00:00+00:00,P4,resolved,Service Desk,Order Management,svc-order-mgmt,availability,1.0,False,application_error,2026-06-11T15:00:00+00:00
INC-202601940,INC-202601940,2026-06-11T16:00:00+00:00,2026-06-11T20:36:00+00:00,P1,resolved,Service Desk,Identity Gateway,svc-identity-gateway,authentication,4.6,True,application_error,2026-06-11T20:36:00+00:00
INC-202601941,INC-202601941,2026-06-11T18:00:00+00:00,2026-06-11T20:12:00+00:00,P2,resolved,Digital Operations,Patient Operations Portal,svc-patient-portal,availability,2.2,False,application_error,2026-06-11T20:12:00+00:00
INC-202601942,INC-202601942,2026-06-11T20:00:00+00:00,2026-06-11T21:18:00+00:00,P3,resolved,Service Desk,Order Management,svc-order-mgmt,availability,1.3,False,application_error,2026-06-11T21:18:00+00:00
INC-202601943,INC-202601943,2026-06-11T22:00:00+00:00,2026-06-11T23:24:00+00:00,P4,resolved,Service Desk,Identity Gateway,svc-identity-gateway,authentication,1.4,False,application_error,2026-06-11T23:24:00+00:00
INC-202601944,INC-202601944,2026-06-12T00:00:00+00:00,2026-06-12T05:00:00+00:00,P1,resolved,Digital Operations,Patient Operations Portal,svc-patient-portal,availability,5.0,False,application_error,2026-06-12T05:00:00+00:00
INC-202601945,INC-202601945,2026-06-12T02:00:00+00:00,2026-06-12T04:36:00+00:00,P2,resolved,Service Desk,Order Management,svc-order-mgmt,availability,2.6,False,application_error,2026-06-12T04:36:00+00:00
INC-202601946,INC-202601946,2026-06-12T04:00:00+00:00,2026-06-12T05:00:00+00:00,P3,resolved,Service Desk,Identity Gateway,svc-identity-gateway,authentication,1.0,False,application_error,2026-06-12T05:00:00+00:00
INC-202601947,INC-202601947,2026-06-12T06:00:00+00:00,2026-06-12T07:06:00+00:00,P4,resolved,Digital Operations,Patient Operations Portal,svc-patient-portal,availability,1.1,False,application_error,2026-06-12T07:06:00+00:00
INC-202601948,INC-202601948,2026-06-12T08:00:00+00:00,2026-06-12T12:42:00+00:00,P1,resolved,Service Desk,Order Management,svc-order-mgmt,availability,4.7,False,application_error,2026-06-12T12:42:00+00:00
INC-202601949,INC-202601949,2026-06-12T10:00:00+00:00,2026-06-12T12:18:00+00:00,P2,resolved,Service Desk,Identity Gateway,svc-identity-gateway,authentication,2.3,False,application_error,2026-06-12T12:18:00+00:00
INC-202601950,INC-202601950,2026-06-12T12:00:00+00:00,2026-06-12T13:24:00+00:00,P3,resolved,Digital Operations,Patient Operations Portal,svc-patient-portal,availability,1.4,False,application_error,2026-06-12T13:24:00+00:00
INC-202601951,INC-202601951,2026-06-12T14:00:00+00:00,2026-06-12T15:30:00+00:00,P4,resolved,Service Desk,Order Management,svc-order-mgmt,availability,1.5,False,application_error,2026-06-12T15:30:00+00:00
INC-202601952,INC-202601952,2026-06-12T16:00:00+00:00,2026-06-12T21:06:00+00:00,P1,resolved,Service Desk,Identity Gateway,svc-identity-gateway,authentication,5.1,False,application_error,2026-06-12T21:06:00+00:00
INC-202601953,INC-202601953,2026-06-12T18:00:00+00:00,2026-06-12T20:00:00+00:00,P2,resolved,Digital Operations,Patient Operations Portal,svc-patient-portal,availability,2.0,False,application_error,2026-06-12T20:00:00+00:00
INC-202601954,INC-202601954,2026-06-12T20:00:00+00:00,2026-06-12T21:06:00+00:00,P3,resolved,Service Desk,Order Management,svc-order-mgmt,availability,1.1,False,application_error,2026-06-12T21:06:00+00:00
INC-202601955,INC-202601955,2026-06-12T22:00:00+00:00,2026-06-12T23:12:00+00:00,P4,resolved,Service Desk,Identity Gateway,svc-identity-gateway,authentication,1.2,False,certificate_expiry,2026-06-12T23:12:00+00:00
INC-202601956,INC-202601956,2026-06-13T00:00:00+00:00,2026-06-13T04:48:00+00:00,P1,resolved,Digital Operations,Patient Operations Portal,svc-patient-portal,availability,4.8,False,application_error,2026-06-13T04:48:00+00:00
INC-202601957,INC-202601957,2026-06-13T02:00:00+00:00,2026-06-13T04:24:00+00:00,P2,resolved,Service Desk,Order Management,svc-order-mgmt,availability,2.4,False,application_error,2026-06-13T04:24:00+00:00
INC-202601958,INC-202601958,2026-06-13T04:00:00+00:00,2026-06-13T05:30:00+00:00,P3,resolved,Service Desk,Identity Gateway,svc-identity-gateway,authentication,1.5,False,application_error,2026-06-13T05:30:00+00:00
INC-202601959,INC-202601959,2026-06-13T06:00:00+00:00,2026-06-13T07:36:00+00:00,P4,resolved,Digital Operations,Patient Operations Portal,svc-patient-portal,availability,1.6,False,application_error,2026-06-13T07:36:00+00:00
INC-202601960,INC-202601960,2026-06-13T08:00:00+00:00,2026-06-13T12:30:00+00:00,P1,resolved,Service Desk,Order Management,svc-order-mgmt,availability,4.5,True,application_error,2026-06-13T12:30:00+00:00
INC-202601961,INC-202601961,2026-06-13T10:00:00+00:00,2026-06-13T12:06:00+00:00,P2,resolved,Service Desk,Identity Gateway,svc-identity-gateway,authentication,2.1,False,application_error,2026-06-13T12:06:00+00:00
INC-202601962,INC-202601962,2026-06-13T12:00:00+00:00,2026-06-13T13:12:00+00:00,P3,resolved,Digital Operations,Patient Operations Portal,svc-patient-portal,availability,1.2,False,application_error,2026-06-13T13:12:00+00:00
INC-202601963,INC-202601963,2026-06-13T14:00:00+00:00,2026-06-13T15:18:00+00:00,P4,resolved,Service Desk,Order Management,svc-order-mgmt,availability,1.3,False,application_error,2026-06-13T15:18:00+00:00
INC-202601964,INC-202601964,2026-06-13T16:00:00+00:00,2026-06-13T20:54:00+00:00,P1,resolved,Service Desk,Identity Gateway,svc-identity-gateway,authentication,4.9,False,application_error,2026-06-13T20:54:00+00:00
INC-202601965,INC-202601965,2026-06-13T18:00:00+00:00,2026-06-13T20:30:00+00:00,P2,resolved,Digital Operations,Patient Operations Portal,svc-patient-portal,availability,2.5,False,application_error,2026-06-13T20:30:00+00:00
INC-202601966,INC-202601966,2026-06-13T20:00:00+00:00,2026-06-13T21:36:00+00:00,P3,resolved,Service Desk,Order Management,svc-order-mgmt,availability,1.6,False,application_error,2026-06-13T21:36:00+00:00
INC-202601967,INC-202601967,2026-06-13T22:00:00+00:00,2026-06-13T23:00:00+00:00,P4,resolved,Service Desk,Identity Gateway,svc-identity-gateway,authentication,1.0,False,application_error,2026-06-13T23:00:00+00:00
INC-202601968,INC-202601968,2026-06-14T00:00:00+00:00,2026-06-14T04:36:00+00:00,P1,resolved,Digital Operations,Patient Operations Portal,svc-patient-portal,availability,4.6,False,application_error,2026-06-14T04:36:00+00:00
INC-202601969,INC-202601969,2026-06-14T02:00:00+00:00,2026-06-14T04:12:00+00:00,P2,resolved,Service Desk,Order Management,svc-order-mgmt,availability,2.2,False,application_error,2026-06-14T04:12:00+00:00
INC-202601970,INC-202601970,2026-06-14T04:00:00+00:00,2026-06-14T05:18:00+00:00,P3,resolved,Service Desk,Identity Gateway,svc-identity-gateway,authentication,1.3,False,application_error,2026-06-14T05:18:00+00:00
INC-202601971,INC-202601971,2026-06-14T06:00:00+00:00,2026-06-14T07:24:00+00:00,P4,resolved,Digital Operations,Patient Operations Portal,svc-patient-portal,availability,1.4,False,application_error,2026-06-14T07:24:00+00:00
INC-202601972,INC-202601972,2026-06-14T08:00:00+00:00,2026-06-14T13:00:00+00:00,P1,resolved,Service Desk,Order Management,svc-order-mgmt,availability,5.0,False,certificate_expiry,2026-06-14T13:00:00+00:00
INC-202601973,INC-202601973,2026-06-14T10:00:00+00:00,2026-06-14T12:36:00+00:00,P2,resolved,Service Desk,Identity Gateway,svc-identity-gateway,authentication,2.6,False,application_error,2026-06-14T12:36:00+00:00
INC-202601974,INC-202601974,2026-06-14T12:00:00+00:00,2026-06-14T13:00:00+00:00,P3,resolved,Digital Operations,Patient Operations Portal,svc-patient-portal,availability,1.0,False,application_error,2026-06-14T13:00:00+00:00
INC-202601975,INC-202601975,2026-06-14T14:00:00+00:00,2026-06-14T15:06:00+00:00,P4,resolved,Service Desk,Order Management,svc-order-mgmt,availability,1.1,False,application_error,2026-06-14T15:06:00+00:00
INC-202601976,INC-202601976,2026-06-14T16:00:00+00:00,2026-06-14T20:42:00+00:00,P1,resolved,Service Desk,Identity Gateway,svc-identity-gateway,authentication,4.7,False,application_error,2026-06-14T20:42:00+00:00
INC-202601977,INC-202601977,2026-06-14T18:00:00+00:00,2026-06-14T20:18:00+00:00,P2,resolved,Digital Operations,Patient Operations Portal,svc-patient-portal,availability,2.3,False,application_error,2026-06-14T20:18:00+00:00
INC-202601978,INC-202601978,2026-06-14T20:00:00+00:00,2026-06-14T21:24:00+00:00,P3,resolved,Service Desk,Order Management,svc-order-mgmt,availability,1.4,False,application_error,2026-06-14T21:24:00+00:00
INC-202601979,INC-202601979,2026-06-14T22:00:00+00:00,2026-06-14T23:30:00+00:00,P4,resolved,Service Desk,Identity Gateway,svc-identity-gateway,authentication,1.5,False,application_error,2026-06-14T23:30:00+00:00
INC-202601980,INC-202601980,2026-06-15T00:00:00+00:00,2026-06-15T05:06:00+00:00,P1,resolved,Digital Operations,Patient Operations Portal,svc-patient-portal,availability,5.1,True,application_error,2026-06-15T05:06:00+00:00
INC-202601981,INC-202601981,2026-06-15T02:00:00+00:00,2026-06-15T04:00:00+00:00,P2,resolved,Service Desk,Order Management,svc-order-mgmt,availability,2.0,False,application_error,2026-06-15T04:00:00+00:00
INC-202601982,INC-202601982,2026-06-15T04:00:00+00:00,2026-06-15T05:06:00+00:00,P3,resolved,Service Desk,Identity Gateway,svc-identity-gateway,authentication,1.1,False,application_error,2026-06-15T05:06:00+00:00
INC-202601983,INC-202601983,2026-06-15T06:00:00+00:00,2026-06-15T07:12:00+00:00,P4,resolved,Digital Operations,Patient Operations Portal,svc-patient-portal,availability,1.2,False,application_error,2026-06-15T07:12:00+00:00
INC-202601984,INC-202601984,2026-06-15T08:00:00+00:00,2026-06-15T12:48:00+00:00,P1,resolved,Service Desk,Order Management,svc-order-mgmt,availability,4.8,False,application_error,2026-06-15T12:48:00+00:00
INC-202601985,INC-202601985,2026-06-15T10:00:00+00:00,2026-06-15T12:24:00+00:00,P2,resolved,Service Desk,Identity Gateway,svc-identity-gateway,authentication,2.4,False,application_error,2026-06-15T12:24:00+00:00
INC-202601986,INC-202601986,2026-06-15T12:00:00+00:00,2026-06-15T13:30:00+00:00,P3,resolved,Digital Operations,Patient Operations Portal,svc-patient-portal,availability,1.5,False,application_error,2026-06-15T13:30:00+00:00
INC-202601987,INC-202601987,2026-06-15T14:00:00+00:00,2026-06-15T15:36:00+00:00,P4,resolved,Service Desk,Order Management,svc-order-mgmt,availability,1.6,False,application_error,2026-06-15T15:36:00+00:00
INC-202601988,INC-202601988,2026-06-15T16:00:00+00:00,2026-06-15T20:30:00+00:00,P1,resolved,Service Desk,Identity Gateway,svc-identity-gateway,authentication,4.5,False,application_error,2026-06-15T20:30:00+00:00
INC-202601989,INC-202601989,2026-06-15T18:00:00+00:00,2026-06-15T20:06:00+00:00,P2,resolved,Digital Operations,Patient Operations Portal,svc-patient-portal,availability,2.1,False,certificate_expiry,2026-06-15T20:06:00+00:00
INC-202601990,INC-202601990,2026-06-15T20:00:00+00:00,2026-06-15T21:12:00+00:00,P3,resolved,Service Desk,Order Management,svc-order-mgmt,availability,1.2,False,application_error,2026-06-15T21:12:00+00:00
INC-202601991,INC-202601991,2026-06-15T22:00:00+00:00,2026-06-15T23:18:00+00:00,P4,resolved,Service Desk,Identity Gateway,svc-identity-gateway,authentication,1.3,False,application_error,2026-06-15T23:18:00+00:00
INC-202601992,INC-202601992,2026-06-16T00:00:00+00:00,2026-06-16T04:54:00+00:00,P1,resolved,Digital Operations,Patient Operations Portal,svc-patient-portal,availability,4.9,False,application_error,2026-06-16T04:54:00+00:00
INC-202601993,INC-202601993,2026-06-16T02:00:00+00:00,2026-06-16T04:30:00+00:00,P2,resolved,Service Desk,Order Management,svc-order-mgmt,availability,2.5,False,application_error,2026-06-16T04:30:00+00:00
INC-202601994,INC-202601994,2026-06-16T04:00:00+00:00,2026-06-16T05:36:00+00:00,P3,resolved,Service Desk,Identity Gateway,svc-identity-gateway,authentication,1.6,False,application_error,2026-06-16T05:36:00+00:00
INC-202601995,INC-202601995,2026-06-16T06:00:00+00:00,2026-06-16T07:00:00+00:00,P4,resolved,Digital Operations,Patient Operations Portal,svc-patient-portal,availability,1.0,False,application_error,2026-06-16T07:00:00+00:00
INC-202601996,INC-202601996,2026-06-16T08:00:00+00:00,2026-06-16T12:36:00+00:00,P1,resolved,Service Desk,Order Management,svc-order-mgmt,availability,4.6,False,application_error,2026-06-16T12:36:00+00:00
INC-202601997,INC-202601997,2026-06-16T10:00:00+00:00,2026-06-16T12:12:00+00:00,P2,resolved,Service Desk,Identity Gateway,svc-identity-gateway,authentication,2.2,False,application_error,2026-06-16T12:12:00+00:00
INC-202601998,INC-202601998,2026-06-16T12:00:00+00:00,2026-06-16T13:18:00+00:00,P3,resolved,Digital Operations,Patient Operations Portal,svc-patient-portal,availability,1.3,False,application_error,2026-06-16T13:18:00+00:00
INC-202601999,INC-202601999,2026-06-16T14:00:00+00:00,2026-06-16T15:24:00+00:00,P4,resolved,Service Desk,Order Management,svc-order-mgmt,availability,1.4,False,application_error,2026-06-16T15:24:00+00:00
INC-202602000,INC-202602000,2026-06-16T16:00:00+00:00,2026-06-16T21:00:00+00:00,P1,resolved,Service Desk,Identity Gateway,svc-identity-gateway,authentication,5.0,True,application_error,2026-06-16T21:00:00+00:00
INC-202602001,INC-202602001,2026-06-16T18:00:00+00:00,2026-06-16T20:36:00+00:00,P2,resolved,Digital Operations,Patient Operations Portal,svc-patient-portal,availability,2.6,False,application_error,2026-06-16T20:36:00+00:00
INC-202602002,INC-202602002,2026-06-16T20:00:00+00:00,2026-06-16T21:00:00+00:00,P3,resolved,Service Desk,Order Management,svc-order-mgmt,availability,1.0,False,application_error,2026-06-16T21:00:00+00:00
INC-202602003,INC-202602003,2026-06-16T22:00:00+00:00,2026-06-16T23:06:00+00:00,P4,resolved,Service Desk,Identity Gateway,svc-identity-gateway,authentication,1.1,False,application_error,2026-06-16T23:06:00+00:00
INC-202602004,INC-202602004,2026-06-17T00:00:00+00:00,2026-06-17T04:42:00+00:00,P1,resolved,Digital Operations,Patient Operations Portal,svc-patient-portal,availability,4.7,False,application_error,2026-06-17T04:42:00+00:00
INC-202602005,INC-202602005,2026-06-17T02:00:00+00:00,2026-06-17T04:18:00+00:00,P2,resolved,Service Desk,Order Management,svc-order-mgmt,availability,2.3,False,application_error,2026-06-17T04:18:00+00:00
INC-202602006,INC-202602006,2026-06-17T04:00:00+00:00,2026-06-17T05:24:00+00:00,P3,resolved,Service Desk,Identity Gateway,svc-identity-gateway,authentication,1.4,False,certificate_expiry,2026-06-17T05:24:00+00:00
INC-202602007,INC-202602007,2026-06-17T06:00:00+00:00,2026-06-17T07:30:00+00:00,P4,resolved,Digital Operations,Patient Operations Portal,svc-patient-portal,availability,1.5,False,application_error,2026-06-17T07:30:00+00:00
INC-202602008,INC-202602008,2026-06-17T08:00:00+00:00,2026-06-17T13:06:00+00:00,P1,resolved,Service Desk,Order Management,svc-order-mgmt,availability,5.1,False,application_error,2026-06-17T13:06:00+00:00
INC-202602009,INC-202602009,2026-06-17T10:00:00+00:00,2026-06-17T12:00:00+00:00,P2,resolved,Service Desk,Identity Gateway,svc-identity-gateway,authentication,2.0,False,application_error,2026-06-17T12:00:00+00:00
INC-202602010,INC-202602010,2026-06-17T12:00:00+00:00,2026-06-17T13:06:00+00:00,P3,resolved,Digital Operations,Patient Operations Portal,svc-patient-portal,availability,1.1,False,application_error,2026-06-17T13:06:00+00:00
INC-202602011,INC-202602011,2026-06-17T14:00:00+00:00,2026-06-17T15:12:00+00:00,P4,resolved,Service Desk,Order Management,svc-order-mgmt,availability,1.2,False,application_error,2026-06-17T15:12:00+00:00
INC-202602012,INC-202602012,2026-06-17T16:00:00+00:00,2026-06-17T20:48:00+00:00,P1,resolved,Service Desk,Identity Gateway,svc-identity-gateway,authentication,4.8,False,application_error,2026-06-17T20:48:00+00:00
INC-202602013,INC-202602013,2026-06-17T18:00:00+00:00,2026-06-17T20:24:00+00:00,P2,resolved,Digital Operations,Patient Operations Portal,svc-patient-portal,availability,2.4,False,application_error,2026-06-17T20:24:00+00:00
INC-202602014,INC-202602014,2026-06-17T20:00:00+00:00,2026-06-17T21:30:00+00:00,P3,resolved,Service Desk,Order Management,svc-order-mgmt,availability,1.5,False,application_error,2026-06-17T21:30:00+00:00
INC-202602015,INC-202602015,2026-06-17T22:00:00+00:00,2026-06-17T23:36:00+00:00,P4,resolved,Service Desk,Identity Gateway,svc-identity-gateway,authentication,1.6,False,application_error,2026-06-17T23:36:00+00:00
INC-202602016,INC-202602016,2026-06-18T00:00:00+00:00,2026-06-18T04:30:00+00:00,P1,resolved,Digital Operations,Patient Operations Portal,svc-patient-portal,availability,4.5,False,application_error,2026-06-18T04:30:00+00:00
INC-202602017,INC-202602017,2026-06-18T02:00:00+00:00,2026-06-18T04:06:00+00:00,P2,resolved,Service Desk,Order Management,svc-order-mgmt,availability,2.1,False,application_error,2026-06-18T04:06:00+00:00
INC-202602018,INC-202602018,2026-06-18T04:00:00+00:00,2026-06-18T05:12:00+00:00,P3,resolved,Service Desk,Identity Gateway,svc-identity-gateway,authentication,1.2,False,application_error,2026-06-18T05:12:00+00:00
INC-202602019,INC-202602019,2026-06-18T06:00:00+00:00,2026-06-18T07:18:00+00:00,P4,resolved,Digital Operations,Patient Operations Portal,svc-patient-portal,availability,1.3,False,application_error,2026-06-18T07:18:00+00:00
INC-202602020,INC-202602020,2026-06-18T08:00:00+00:00,2026-06-18T12:54:00+00:00,P1,resolved,Service Desk,Order Management,svc-order-mgmt,availability,4.9,True,application_error,2026-06-18T12:54:00+00:00
INC-202602021,INC-202602021,2026-06-18T10:00:00+00:00,2026-06-18T12:30:00+00:00,P2,resolved,Service Desk,Identity Gateway,svc-identity-gateway,authentication,2.5,False,application_error,2026-06-18T12:30:00+00:00
INC-202602022,INC-202602022,2026-06-18T12:00:00+00:00,2026-06-18T13:36:00+00:00,P3,resolved,Digital Operations,Patient Operations Portal,svc-patient-portal,availability,1.6,False,application_error,2026-06-18T13:36:00+00:00
INC-202602023,INC-202602023,2026-06-18T14:00:00+00:00,2026-06-18T15:00:00+00:00,P4,resolved,Service Desk,Order Management,svc-order-mgmt,availability,1.0,False,certificate_expiry,2026-06-18T15:00:00+00:00
INC-202602024,INC-202602024,2026-06-18T16:00:00+00:00,2026-06-18T20:36:00+00:00,P1,resolved,Service Desk,Identity Gateway,svc-identity-gateway,authentication,4.6,False,application_error,2026-06-18T20:36:00+00:00
INC-202602025,INC-202602025,2026-06-18T18:00:00+00:00,2026-06-18T20:12:00+00:00,P2,resolved,Digital Operations,Patient Operations Portal,svc-patient-portal,availability,2.2,False,application_error,2026-06-18T20:12:00+00:00
INC-202602026,INC-202602026,2026-06-18T20:00:00+00:00,2026-06-18T21:18:00+00:00,P3,resolved,Service Desk,Order Management,svc-order-mgmt,availability,1.3,False,application_error,2026-06-18T21:18:00+00:00
INC-202602027,INC-202602027,2026-06-18T22:00:00+00:00,2026-06-18T23:24:00+00:00,P4,resolved,Service Desk,Identity Gateway,svc-identity-gateway,authentication,1.4,False,application_error,2026-06-18T23:24:00+00:00
INC-202602028,INC-202602028,2026-06-19T00:00:00+00:00,2026-06-19T05:00:00+00:00,P1,resolved,Digital Operations,Patient Operations Portal,svc-patient-portal,availability,5.0,False,application_error,2026-06-19T05:00:00+00:00
INC-202602029,INC-202602029,2026-06-19T02:00:00+00:00,2026-06-19T04:36:00+00:00,P2,resolved,Service Desk,Order Management,svc-order-mgmt,availability,2.6,False,application_error,2026-06-19T04:36:00+00:00
INC-202602030,INC-202602030,2026-06-19T04:00:00+00:00,2026-06-19T05:00:00+00:00,P3,resolved,Service Desk,Identity Gateway,svc-identity-gateway,authentication,1.0,False,application_error,2026-06-19T05:00:00+00:00
INC-202602031,INC-202602031,2026-06-19T06:00:00+00:00,2026-06-19T07:06:00+00:00,P4,resolved,Digital Operations,Patient Operations Portal,svc-patient-portal,availability,1.1,False,application_error,2026-06-19T07:06:00+00:00
INC-202602032,INC-202602032,2026-06-19T08:00:00+00:00,2026-06-19T12:42:00+00:00,P1,resolved,Service Desk,Order Management,svc-order-mgmt,availability,4.7,False,application_error,2026-06-19T12:42:00+00:00
INC-202602033,INC-202602033,2026-06-19T10:00:00+00:00,2026-06-19T12:18:00+00:00,P2,resolved,Service Desk,Identity Gateway,svc-identity-gateway,authentication,2.3,False,application_error,2026-06-19T12:18:00+00:00
INC-202602034,INC-202602034,2026-06-19T12:00:00+00:00,2026-06-19T13:24:00+00:00,P3,resolved,Digital Operations,Patient Operations Portal,svc-patient-portal,availability,1.4,False,application_error,2026-06-19T13:24:00+00:00
INC-202602035,INC-202602035,2026-06-19T14:00:00+00:00,2026-06-19T15:30:00+00:00,P4,resolved,Service Desk,Order Management,svc-order-mgmt,availability,1.5,False,application_error,2026-06-19T15:30:00+00:00
INC-202602036,INC-202602036,2026-06-19T16:00:00+00:00,2026-06-19T21:06:00+00:00,P1,resolved,Service Desk,Identity Gateway,svc-identity-gateway,authentication,5.1,False,application_error,2026-06-19T21:06:00+00:00
INC-202602037,INC-202602037,2026-06-19T18:00:00+00:00,2026-06-19T20:00:00+00:00,P2,resolved,Digital Operations,Patient Operations Portal,svc-patient-portal,availability,2.0,False,application_error,2026-06-19T20:00:00+00:00
INC-202602038,INC-202602038,2026-06-19T20:00:00+00:00,2026-06-19T21:06:00+00:00,P3,resolved,Service Desk,Order Management,svc-order-mgmt,availability,1.1,False,application_error,2026-06-19T21:06:00+00:00
INC-202602039,INC-202602039,2026-06-19T22:00:00+00:00,2026-06-19T23:12:00+00:00,P4,resolved,Service Desk,Identity Gateway,svc-identity-gateway,authentication,1.2,False,application_error,2026-06-19T23:12:00+00:00
INC-202602040,INC-202602040,2026-06-20T00:00:00+00:00,2026-06-20T04:48:00+00:00,P1,resolved,Digital Operations,Patient Operations Portal,svc-patient-portal,availability,4.8,True,certificate_expiry,2026-06-20T04:48:00+00:00
INC-202602041,INC-202602041,2026-06-20T02:00:00+00:00,2026-06-20T04:24:00+00:00,P2,resolved,Service Desk,Order Management,svc-order-mgmt,availability,2.4,False,application_error,2026-06-20T04:24:00+00:00
INC-202602042,INC-202602042,2026-06-20T04:00:00+00:00,2026-06-20T05:30:00+00:00,P3,resolved,Service Desk,Identity Gateway,svc-identity-gateway,authentication,1.5,False,application_error,2026-06-20T05:30:00+00:00
INC-202602043,INC-202602043,2026-06-20T06:00:00+00:00,2026-06-20T07:36:00+00:00,P4,resolved,Digital Operations,Patient Operations Portal,svc-patient-portal,availability,1.6,False,application_error,2026-06-20T07:36:00+00:00
INC-202602044,INC-202602044,2026-06-20T08:00:00+00:00,2026-06-20T12:30:00+00:00,P1,resolved,Service Desk,Order Management,svc-order-mgmt,availability,4.5,False,application_error,2026-06-20T12:30:00+00:00
INC-202602045,INC-202602045,2026-06-20T10:00:00+00:00,2026-06-20T12:06:00+00:00,P2,resolved,Service Desk,Identity Gateway,svc-identity-gateway,authentication,2.1,False,application_error,2026-06-20T12:06:00+00:00
INC-202602046,INC-202602046,2026-06-20T12:00:00+00:00,2026-06-20T13:12:00+00:00,P3,resolved,Digital Operations,Patient Operations Portal,svc-patient-portal,availability,1.2,False,application_error,2026-06-20T13:12:00+00:00
INC-202602047,INC-202602047,2026-06-20T14:00:00+00:00,2026-06-20T15:18:00+00:00,P4,resolved,Service Desk,Order Management,svc-order-mgmt,availability,1.3,False,application_error,2026-06-20T15:18:00+00:00
INC-202602048,INC-202602048,2026-06-20T16:00:00+00:00,2026-06-20T20:54:00+00:00,P1,resolved,Service Desk,Identity Gateway,svc-identity-gateway,authentication,4.9,False,application_error,2026-06-20T20:54:00+00:00
INC-202602049,INC-202602049,2026-06-20T18:00:00+00:00,2026-06-20T20:30:00+00:00,P2,resolved,Digital Operations,Patient Operations Portal,svc-patient-portal,availability,2.5,False,application_error,2026-06-20T20:30:00+00:00
INC-202602050,INC-202602050,2026-06-20T20:00:00+00:00,2026-06-20T21:36:00+00:00,P3,resolved,Service Desk,Order Management,svc-order-mgmt,availability,1.6,False,application_error,2026-06-20T21:36:00+00:00
INC-202602051,INC-202602051,2026-06-20T22:00:00+00:00,2026-06-20T23:00:00+00:00,P4,resolved,Service Desk,Identity Gateway,svc-identity-gateway,authentication,1.0,False,application_error,2026-06-20T23:00:00+00:00
INC-202602052,INC-202602052,2026-06-21T00:00:00+00:00,2026-06-21T04:36:00+00:00,P1,resolved,Digital Operations,Patient Operations Portal,svc-patient-portal,availability,4.6,False,application_error,2026-06-21T04:36:00+00:00
INC-202602053,INC-202602053,2026-06-21T02:00:00+00:00,2026-06-21T04:12:00+00:00,P2,resolved,Service Desk,Order Management,svc-order-mgmt,availability,2.2,False,application_error,2026-06-21T04:12:00+00:00
INC-202602054,INC-202602054,2026-06-21T04:00:00+00:00,2026-06-21T05:18:00+00:00,P3,resolved,Service Desk,Identity Gateway,svc-identity-gateway,authentication,1.3,False,application_error,2026-06-21T05:18:00+00:00
INC-202602055,INC-202602055,2026-06-21T06:00:00+00:00,2026-06-21T07:24:00+00:00,P4,resolved,Digital Operations,Patient Operations Portal,svc-patient-portal,availability,1.4,False,application_error,2026-06-21T07:24:00+00:00
INC-202602056,INC-202602056,2026-06-21T08:00:00+00:00,2026-06-21T13:00:00+00:00,P1,resolved,Service Desk,Order Management,svc-order-mgmt,availability,5.0,False,application_error,2026-06-21T13:00:00+00:00
INC-202602057,INC-202602057,2026-06-21T10:00:00+00:00,2026-06-21T12:36:00+00:00,P2,resolved,Service Desk,Identity Gateway,svc-identity-gateway,authentication,2.6,False,certificate_expiry,2026-06-21T12:36:00+00:00
INC-202602058,INC-202602058,2026-06-21T12:00:00+00:00,2026-06-21T13:00:00+00:00,P3,resolved,Digital Operations,Patient Operations Portal,svc-patient-portal,availability,1.0,False,application_error,2026-06-21T13:00:00+00:00
INC-202602059,INC-202602059,2026-06-21T14:00:00+00:00,2026-06-21T15:06:00+00:00,P4,resolved,Service Desk,Order Management,svc-order-mgmt,availability,1.1,False,application_error,2026-06-21T15:06:00+00:00
INC-202602060,INC-202602060,2026-06-21T16:00:00+00:00,2026-06-21T20:42:00+00:00,P1,resolved,Service Desk,Identity Gateway,svc-identity-gateway,authentication,4.7,True,application_error,2026-06-21T20:42:00+00:00
INC-202602061,INC-202602061,2026-06-21T18:00:00+00:00,2026-06-21T20:18:00+00:00,P2,resolved,Digital Operations,Patient Operations Portal,svc-patient-portal,availability,2.3,False,application_error,2026-06-21T20:18:00+00:00
INC-202602062,INC-202602062,2026-06-21T20:00:00+00:00,2026-06-21T21:24:00+00:00,P3,resolved,Service Desk,Order Management,svc-order-mgmt,availability,1.4,False,application_error,2026-06-21T21:24:00+00:00
INC-202602063,INC-202602063,2026-06-21T22:00:00+00:00,2026-06-21T23:30:00+00:00,P4,resolved,Service Desk,Identity Gateway,svc-identity-gateway,authentication,1.5,False,application_error,2026-06-21T23:30:00+00:00
INC-202602064,INC-202602064,2026-06-22T00:00:00+00:00,2026-06-22T05:06:00+00:00,P1,resolved,Digital Operations,Patient Operations Portal,svc-patient-portal,availability,5.1,False,application_error,2026-06-22T05:06:00+00:00
INC-202602065,INC-202602065,2026-06-22T02:00:00+00:00,2026-06-22T04:00:00+00:00,P2,resolved,Service Desk,Order Management,svc-order-mgmt,availability,2.0,False,application_error,2026-06-22T04:00:00+00:00
INC-202602066,INC-202602066,2026-06-22T04:00:00+00:00,2026-06-22T05:06:00+00:00,P3,resolved,Service Desk,Identity Gateway,svc-identity-gateway,authentication,1.1,False,application_error,2026-06-22T05:06:00+00:00
INC-202602067,INC-202602067,2026-06-22T06:00:00+00:00,2026-06-22T07:12:00+00:00,P4,resolved,Digital Operations,Patient Operations Portal,svc-patient-portal,availability,1.2,False,application_error,2026-06-22T07:12:00+00:00
INC-202602068,INC-202602068,2026-06-22T08:00:00+00:00,2026-06-22T12:48:00+00:00,P1,resolved,Service Desk,Order Management,svc-order-mgmt,availability,4.8,False,application_error,2026-06-22T12:48:00+00:00
INC-202602069,INC-202602069,2026-06-22T10:00:00+00:00,2026-06-22T12:24:00+00:00,P2,resolved,Service Desk,Identity Gateway,svc-identity-gateway,authentication,2.4,False,application_error,2026-06-22T12:24:00+00:00
INC-202602070,INC-202602070,2026-06-22T12:00:00+00:00,2026-06-22T13:30:00+00:00,P3,resolved,Digital Operations,Patient Operations Portal,svc-patient-portal,availability,1.5,False,application_error,2026-06-22T13:30:00+00:00
INC-202602071,INC-202602071,2026-06-22T14:00:00+00:00,2026-06-22T15:36:00+00:00,P4,resolved,Service Desk,Order Management,svc-order-mgmt,availability,1.6,False,application_error,2026-06-22T15:36:00+00:00
INC-202602072,INC-202602072,2026-06-22T16:00:00+00:00,2026-06-22T20:30:00+00:00,P1,resolved,Service Desk,Identity Gateway,svc-identity-gateway,authentication,4.5,False,application_error,2026-06-22T20:30:00+00:00
INC-202602073,INC-202602073,2026-06-22T18:00:00+00:00,2026-06-22T20:06:00+00:00,P2,resolved,Digital Operations,Patient Operations Portal,svc-patient-portal,availability,2.1,False,application_error,2026-06-22T20:06:00+00:00
INC-202602074,INC-202602074,2026-06-22T20:00:00+00:00,2026-06-22T21:12:00+00:00,P3,resolved,Service Desk,Order Management,svc-order-mgmt,availability,1.2,False,certificate_expiry,2026-06-22T21:12:00+00:00
INC-202602075,INC-202602075,2026-06-22T22:00:00+00:00,2026-06-22T23:18:00+00:00,P4,resolved,Service Desk,Identity Gateway,svc-identity-gateway,authentication,1.3,False,application_error,2026-06-22T23:18:00+00:00
INC-202602076,INC-202602076,2026-06-23T00:00:00+00:00,2026-06-23T04:54:00+00:00,P1,resolved,Digital Operations,Patient Operations Portal,svc-patient-portal,availability,4.9,False,application_error,2026-06-23T04:54:00+00:00
INC-202602077,INC-202602077,2026-06-23T02:00:00+00:00,2026-06-23T04:30:00+00:00,P2,resolved,Service Desk,Order Management,svc-order-mgmt,availability,2.5,False,application_error,2026-06-23T04:30:00+00:00
INC-202602078,INC-202602078,2026-06-23T04:00:00+00:00,2026-06-23T05:36:00+00:00,P3,resolved,Service Desk,Identity Gateway,svc-identity-gateway,authentication,1.6,False,application_error,2026-06-23T05:36:00+00:00
INC-202602079,INC-202602079,2026-06-23T06:00:00+00:00,2026-06-23T07:00:00+00:00,P4,resolved,Digital Operations,Patient Operations Portal,svc-patient-portal,availability,1.0,False,application_error,2026-06-23T07:00:00+00:00
INC-202602080,INC-202602080,2026-06-23T08:00:00+00:00,2026-06-23T12:36:00+00:00,P1,resolved,Service Desk,Order Management,svc-order-mgmt,availability,4.6,True,application_error,2026-06-23T12:36:00+00:00
INC-202602081,INC-202602081,2026-06-23T10:00:00+00:00,2026-06-23T12:12:00+00:00,P2,resolved,Service Desk,Identity Gateway,svc-identity-gateway,authentication,2.2,False,application_error,2026-06-23T12:12:00+00:00
INC-202602082,INC-202602082,2026-06-23T12:00:00+00:00,2026-06-23T13:18:00+00:00,P3,resolved,Digital Operations,Patient Operations Portal,svc-patient-portal,availability,1.3,False,application_error,2026-06-23T13:18:00+00:00
INC-202602083,INC-202602083,2026-06-23T14:00:00+00:00,2026-06-23T15:24:00+00:00,P4,resolved,Service Desk,Order Management,svc-order-mgmt,availability,1.4,False,application_error,2026-06-23T15:24:00+00:00
INC-202602084,INC-202602084,2026-06-23T16:00:00+00:00,2026-06-23T21:00:00+00:00,P1,resolved,Service Desk,Identity Gateway,svc-identity-gateway,authentication,5.0,False,application_error,2026-06-23T21:00:00+00:00
INC-202602085,INC-202602085,2026-06-23T18:00:00+00:00,2026-06-23T20:36:00+00:00,P2,resolved,Digital Operations,Patient Operations Portal,svc-patient-portal,availability,2.6,False,application_error,2026-06-23T20:36:00+00:00
INC-202602086,INC-202602086,2026-06-23T20:00:00+00:00,2026-06-23T21:00:00+00:00,P3,resolved,Service Desk,Order Management,svc-order-mgmt,availability,1.0,False,application_error,2026-06-23T21:00:00+00:00
INC-202602087,INC-202602087,2026-06-23T22:00:00+00:00,2026-06-23T23:06:00+00:00,P4,resolved,Service Desk,Identity Gateway,svc-identity-gateway,authentication,1.1,False,application_error,2026-06-23T23:06:00+00:00
INC-202602088,INC-202602088,2026-06-24T00:00:00+00:00,2026-06-24T04:42:00+00:00,P1,resolved,Digital Operations,Patient Operations Portal,svc-patient-portal,availability,4.7,False,application_error,2026-06-24T04:42:00+00:00
INC-202602089,INC-202602089,2026-06-24T02:00:00+00:00,2026-06-24T04:18:00+00:00,P2,resolved,Service Desk,Order Management,svc-order-mgmt,availability,2.3,False,application_error,2026-06-24T04:18:00+00:00
INC-202602090,INC-202602090,2026-06-24T04:00:00+00:00,2026-06-24T05:24:00+00:00,P3,resolved,Service Desk,Identity Gateway,svc-identity-gateway,authentication,1.4,False,application_error,2026-06-24T05:24:00+00:00
INC-202602091,INC-202602091,2026-06-24T06:00:00+00:00,2026-06-24T07:30:00+00:00,P4,resolved,Digital Operations,Patient Operations Portal,svc-patient-portal,availability,1.5,False,certificate_expiry,2026-06-24T07:30:00+00:00
INC-202602092,INC-202602092,2026-06-24T08:00:00+00:00,2026-06-24T13:06:00+00:00,P1,resolved,Service Desk,Order Management,svc-order-mgmt,availability,5.1,False,application_error,2026-06-24T13:06:00+00:00
INC-202602093,INC-202602093,2026-06-24T10:00:00+00:00,2026-06-24T12:00:00+00:00,P2,resolved,Service Desk,Identity Gateway,svc-identity-gateway,authentication,2.0,False,application_error,2026-06-24T12:00:00+00:00
INC-202602094,INC-202602094,2026-06-24T12:00:00+00:00,2026-06-24T13:06:00+00:00,P3,resolved,Digital Operations,Patient Operations Portal,svc-patient-portal,availability,1.1,False,application_error,2026-06-24T13:06:00+00:00
INC-202602095,INC-202602095,2026-06-24T14:00:00+00:00,2026-06-24T15:12:00+00:00,P4,resolved,Service Desk,Order Management,svc-order-mgmt,availability,1.2,False,application_error,2026-06-24T15:12:00+00:00
INC-202602096,INC-202602096,2026-06-24T16:00:00+00:00,2026-06-24T20:48:00+00:00,P1,resolved,Service Desk,Identity Gateway,svc-identity-gateway,authentication,4.8,False,application_error,2026-06-24T20:48:00+00:00
INC-202602097,INC-202602097,2026-06-24T18:00:00+00:00,2026-06-24T20:24:00+00:00,P2,resolved,Digital Operations,Patient Operations Portal,svc-patient-portal,availability,2.4,False,application_error,2026-06-24T20:24:00+00:00
INC-202602098,INC-202602098,2026-06-24T20:00:00+00:00,2026-06-24T21:30:00+00:00,P3,resolved,Service Desk,Order Management,svc-order-mgmt,availability,1.5,False,application_error,2026-06-24T21:30:00+00:00
INC-202602099,INC-202602099,2026-06-24T22:00:00+00:00,2026-06-24T23:36:00+00:00,P4,resolved,Service Desk,Identity Gateway,svc-identity-gateway,authentication,1.6,False,application_error,2026-06-24T23:36:00+00:00
INC-202602100,INC-202602100,2026-06-25T00:00:00+00:00,2026-06-25T04:30:00+00:00,P1,resolved,Digital Operations,Patient Operations Portal,svc-patient-portal,availability,4.5,True,application_error,2026-06-25T04:30:00+00:00
INC-202602101,INC-202602101,2026-06-25T02:00:00+00:00,2026-06-25T04:06:00+00:00,P2,resolved,Service Desk,Order Management,svc-order-mgmt,availability,2.1,False,application_error,2026-06-25T04:06:00+00:00
INC-202602102,INC-202602102,2026-06-25T04:00:00+00:00,2026-06-25T05:12:00+00:00,P3,resolved,Service Desk,Identity Gateway,svc-identity-gateway,authentication,1.2,False,application_error,2026-06-25T05:12:00+00:00
INC-202602103,INC-202602103,2026-06-25T06:00:00+00:00,2026-06-25T07:18:00+00:00,P4,resolved,Digital Operations,Patient Operations Portal,svc-patient-portal,availability,1.3,False,application_error,2026-06-25T07:18:00+00:00
INC-202602104,INC-202602104,2026-06-25T08:00:00+00:00,2026-06-25T12:54:00+00:00,P1,resolved,Service Desk,Order Management,svc-order-mgmt,availability,4.9,False,application_error,2026-06-25T12:54:00+00:00
INC-202602105,INC-202602105,2026-06-25T10:00:00+00:00,2026-06-25T12:30:00+00:00,P2,resolved,Service Desk,Identity Gateway,svc-identity-gateway,authentication,2.5,False,application_error,2026-06-25T12:30:00+00:00
INC-202602106,INC-202602106,2026-06-25T12:00:00+00:00,2026-06-25T13:36:00+00:00,P3,resolved,Digital Operations,Patient Operations Portal,svc-patient-portal,availability,1.6,False,application_error,2026-06-25T13:36:00+00:00
INC-202602107,INC-202602107,2026-06-25T14:00:00+00:00,2026-06-25T15:00:00+00:00,P4,resolved,Service Desk,Order Management,svc-order-mgmt,availability,1.0,False,application_error,2026-06-25T15:00:00+00:00
INC-202602108,INC-202602108,2026-06-25T16:00:00+00:00,2026-06-25T20:36:00+00:00,P1,resolved,Service Desk,Identity Gateway,svc-identity-gateway,authentication,4.6,False,certificate_expiry,2026-06-25T20:36:00+00:00
INC-202602109,INC-202602109,2026-06-25T18:00:00+00:00,2026-06-25T20:12:00+00:00,P2,resolved,Digital Operations,Patient Operations Portal,svc-patient-portal,availability,2.2,False,application_error,2026-06-25T20:12:00+00:00
INC-202602110,INC-202602110,2026-06-25T20:00:00+00:00,2026-06-25T21:18:00+00:00,P3,resolved,Service Desk,Order Management,svc-order-mgmt,availability,1.3,False,application_error,2026-06-25T21:18:00+00:00
INC-202602111,INC-202602111,2026-06-25T22:00:00+00:00,2026-06-25T23:24:00+00:00,P4,resolved,Service Desk,Identity Gateway,svc-identity-gateway,authentication,1.4,False,application_error,2026-06-25T23:24:00+00:00
INC-202602112,INC-202602112,2026-06-26T00:00:00+00:00,2026-06-26T05:00:00+00:00,P1,resolved,Digital Operations,Patient Operations Portal,svc-patient-portal,availability,5.0,False,application_error,2026-06-26T05:00:00+00:00
INC-202602113,INC-202602113,2026-06-26T02:00:00+00:00,2026-06-26T04:36:00+00:00,P2,resolved,Service Desk,Order Management,svc-order-mgmt,availability,2.6,False,application_error,2026-06-26T04:36:00+00:00
INC-202602114,INC-202602114,2026-06-26T04:00:00+00:00,2026-06-26T05:00:00+00:00,P3,resolved,Service Desk,Identity Gateway,svc-identity-gateway,authentication,1.0,False,application_error,2026-06-26T05:00:00+00:00
INC-202602115,INC-202602115,2026-06-26T06:00:00+00:00,2026-06-26T07:06:00+00:00,P4,resolved,Digital Operations,Patient Operations Portal,svc-patient-portal,availability,1.1,False,application_error,2026-06-26T07:06:00+00:00
INC-202602116,INC-202602116,2026-06-26T08:00:00+00:00,2026-06-26T12:42:00+00:00,P1,resolved,Service Desk,Order Management,svc-order-mgmt,availability,4.7,False,application_error,2026-06-26T12:42:00+00:00
INC-202602117,INC-202602117,2026-06-26T10:00:00+00:00,2026-06-26T12:18:00+00:00,P2,resolved,Service Desk,Identity Gateway,svc-identity-gateway,authentication,2.3,False,application_error,2026-06-26T12:18:00+00:00
INC-202602118,INC-202602118,2026-06-26T12:00:00+00:00,2026-06-26T13:24:00+00:00,P3,resolved,Digital Operations,Patient Operations Portal,svc-patient-portal,availability,1.4,False,application_error,2026-06-26T13:24:00+00:00
INC-202602119,INC-202602119,2026-06-26T14:00:00+00:00,2026-06-26T15:30:00+00:00,P4,resolved,Service Desk,Order Management,svc-order-mgmt,availability,1.5,False,application_error,2026-06-26T15:30:00+00:00
INC-202602120,INC-202602120,2026-06-26T16:00:00+00:00,2026-06-26T21:06:00+00:00,P1,resolved,Service Desk,Identity Gateway,svc-identity-gateway,authentication,5.1,True,application_error,2026-06-26T21:06:00+00:00
INC-202602121,INC-202602121,2026-06-26T18:00:00+00:00,2026-06-26T20:00:00+00:00,P2,resolved,Digital Operations,Patient Operations Portal,svc-patient-portal,availability,2.0,False,application_error,2026-06-26T20:00:00+00:00
INC-202602122,INC-202602122,2026-06-26T20:00:00+00:00,2026-06-26T21:06:00+00:00,P3,resolved,Service Desk,Order Management,svc-order-mgmt,availability,1.1,False,application_error,2026-06-26T21:06:00+00:00
INC-202602123,INC-202602123,2026-06-26T22:00:00+00:00,2026-06-26T23:12:00+00:00,P4,resolved,Service Desk,Identity Gateway,svc-identity-gateway,authentication,1.2,False,application_error,2026-06-26T23:12:00+00:00
INC-202602124,INC-202602124,2026-06-27T00:00:00+00:00,2026-06-27T04:48:00+00:00,P1,resolved,Digital Operations,Patient Operations Portal,svc-patient-portal,availability,4.8,False,application_error,2026-06-27T04:48:00+00:00
INC-202602125,INC-202602125,2026-06-27T02:00:00+00:00,2026-06-27T04:24:00+00:00,P2,resolved,Service Desk,Order Management,svc-order-mgmt,availability,2.4,False,certificate_expiry,2026-06-27T04:24:00+00:00
INC-202602126,INC-202602126,2026-06-27T04:00:00+00:00,2026-06-27T05:30:00+00:00,P3,resolved,Service Desk,Identity Gateway,svc-identity-gateway,authentication,1.5,False,application_error,2026-06-27T05:30:00+00:00
INC-202602127,INC-202602127,2026-06-27T06:00:00+00:00,2026-06-27T07:36:00+00:00,P4,resolved,Digital Operations,Patient Operations Portal,svc-patient-portal,availability,1.6,False,application_error,2026-06-27T07:36:00+00:00
INC-202602128,INC-202602128,2026-06-27T08:00:00+00:00,2026-06-27T12:30:00+00:00,P1,resolved,Service Desk,Order Management,svc-order-mgmt,availability,4.5,False,application_error,2026-06-27T12:30:00+00:00
INC-202602129,INC-202602129,2026-06-27T10:00:00+00:00,2026-06-27T12:06:00+00:00,P2,resolved,Service Desk,Identity Gateway,svc-identity-gateway,authentication,2.1,False,application_error,2026-06-27T12:06:00+00:00
INC-202602130,INC-202602130,2026-06-27T12:00:00+00:00,2026-06-27T13:12:00+00:00,P3,resolved,Digital Operations,Patient Operations Portal,svc-patient-portal,availability,1.2,False,application_error,2026-06-27T13:12:00+00:00
INC-202602131,INC-202602131,2026-06-27T14:00:00+00:00,2026-06-27T15:18:00+00:00,P4,resolved,Service Desk,Order Management,svc-order-mgmt,availability,1.3,False,application_error,2026-06-27T15:18:00+00:00
INC-202602132,INC-202602132,2026-06-27T16:00:00+00:00,2026-06-27T20:54:00+00:00,P1,resolved,Service Desk,Identity Gateway,svc-identity-gateway,authentication,4.9,False,application_error,2026-06-27T20:54:00+00:00
INC-202602133,INC-202602133,2026-06-27T18:00:00+00:00,2026-06-27T20:30:00+00:00,P2,resolved,Digital Operations,Patient Operations Portal,svc-patient-portal,availability,2.5,False,application_error,2026-06-27T20:30:00+00:00
INC-202602134,INC-202602134,2026-06-27T20:00:00+00:00,2026-06-27T21:36:00+00:00,P3,resolved,Service Desk,Order Management,svc-order-mgmt,availability,1.6,False,application_error,2026-06-27T21:36:00+00:00
INC-202602135,INC-202602135,2026-06-27T22:00:00+00:00,2026-06-27T23:00:00+00:00,P4,resolved,Service Desk,Identity Gateway,svc-identity-gateway,authentication,1.0,False,application_error,2026-06-27T23:00:00+00:00
INC-202602136,INC-202602136,2026-06-28T00:00:00+00:00,2026-06-28T04:36:00+00:00,P1,resolved,Digital Operations,Patient Operations Portal,svc-patient-portal,availability,4.6,False,application_error,2026-06-28T04:36:00+00:00
INC-202602137,INC-202602137,2026-06-28T02:00:00+00:00,2026-06-28T04:12:00+00:00,P2,resolved,Service Desk,Order Management,svc-order-mgmt,availability,2.2,False,application_error,2026-06-28T04:12:00+00:00
INC-202602138,INC-202602138,2026-06-28T04:00:00+00:00,2026-06-28T05:18:00+00:00,P3,resolved,Service Desk,Identity Gateway,svc-identity-gateway,authentication,1.3,False,application_error,2026-06-28T05:18:00+00:00
INC-202602139,INC-202602139,2026-06-28T06:00:00+00:00,2026-06-28T07:24:00+00:00,P4,resolved,Digital Operations,Patient Operations Portal,svc-patient-portal,availability,1.4,False,application_error,2026-06-28T07:24:00+00:00
INC-202602140,INC-202602140,2026-06-28T08:00:00+00:00,2026-06-28T13:00:00+00:00,P1,resolved,Service Desk,Order Management,svc-order-mgmt,availability,5.0,True,application_error,2026-06-28T13:00:00+00:00
INC-202602141,INC-202602141,2026-06-28T10:00:00+00:00,2026-06-28T12:36:00+00:00,P2,resolved,Service Desk,Identity Gateway,svc-identity-gateway,authentication,2.6,False,application_error,2026-06-28T12:36:00+00:00
INC-202602142,INC-202602142,2026-06-28T12:00:00+00:00,2026-06-28T13:00:00+00:00,P3,resolved,Digital Operations,Patient Operations Portal,svc-patient-portal,availability,1.0,False,certificate_expiry,2026-06-28T13:00:00+00:00
INC-202602143,INC-202602143,2026-06-28T14:00:00+00:00,2026-06-28T15:06:00+00:00,P4,resolved,Service Desk,Order Management,svc-order-mgmt,availability,1.1,False,application_error,2026-06-28T15:06:00+00:00
INC-202602144,INC-202602144,2026-06-28T16:00:00+00:00,2026-06-28T20:42:00+00:00,P1,resolved,Service Desk,Identity Gateway,svc-identity-gateway,authentication,4.7,False,application_error,2026-06-28T20:42:00+00:00
INC-202602145,INC-202602145,2026-06-28T18:00:00+00:00,2026-06-28T20:18:00+00:00,P2,resolved,Digital Operations,Patient Operations Portal,svc-patient-portal,availability,2.3,False,application_error,2026-06-28T20:18:00+00:00
INC-202602146,INC-202602146,2026-06-28T20:00:00+00:00,2026-06-28T21:24:00+00:00,P3,resolved,Service Desk,Order Management,svc-order-mgmt,availability,1.4,False,application_error,2026-06-28T21:24:00+00:00
INC-202602147,INC-202602147,2026-06-28T22:00:00+00:00,2026-06-28T23:30:00+00:00,P4,resolved,Service Desk,Identity Gateway,svc-identity-gateway,authentication,1.5,False,application_error,2026-06-28T23:30:00+00:00
INC-202602148,INC-202602148,2026-06-29T00:00:00+00:00,2026-06-29T05:06:00+00:00,P1,resolved,Digital Operations,Patient Operations Portal,svc-patient-portal,availability,5.1,False,application_error,2026-06-29T05:06:00+00:00
INC-202602149,INC-202602149,2026-06-29T02:00:00+00:00,2026-06-29T04:00:00+00:00,P2,resolved,Service Desk,Order Management,svc-order-mgmt,availability,2.0,False,application_error,2026-06-29T04:00:00+00:00
INC-202602150,INC-202602150,2026-06-29T04:00:00+00:00,2026-06-29T05:06:00+00:00,P3,resolved,Service Desk,Identity Gateway,svc-identity-gateway,authentication,1.1,False,application_error,2026-06-29T05:06:00+00:00
INC-202602151,INC-202602151,2026-06-29T06:00:00+00:00,2026-06-29T07:12:00+00:00,P4,resolved,Digital Operations,Patient Operations Portal,svc-patient-portal,availability,1.2,False,application_error,2026-06-29T07:12:00+00:00
INC-202602152,INC-202602152,2026-06-29T08:00:00+00:00,2026-06-29T12:48:00+00:00,P1,resolved,Service Desk,Order Management,svc-order-mgmt,availability,4.8,False,application_error,2026-06-29T12:48:00+00:00
INC-202602153,INC-202602153,2026-06-29T10:00:00+00:00,2026-06-29T12:24:00+00:00,P2,resolved,Service Desk,Identity Gateway,svc-identity-gateway,authentication,2.4,False,application_error,2026-06-29T12:24:00+00:00
INC-202602154,INC-202602154,2026-06-29T12:00:00+00:00,2026-06-29T13:30:00+00:00,P3,resolved,Digital Operations,Patient Operations Portal,svc-patient-portal,availability,1.5,False,application_error,2026-06-29T13:30:00+00:00
INC-202602155,INC-202602155,2026-06-29T14:00:00+00:00,2026-06-29T15:36:00+00:00,P4,resolved,Service Desk,Order Management,svc-order-mgmt,availability,1.6,False,application_error,2026-06-29T15:36:00+00:00
INC-202602156,INC-202602156,2026-06-29T16:00:00+00:00,2026-06-29T20:30:00+00:00,P1,resolved,Service Desk,Identity Gateway,svc-identity-gateway,authentication,4.5,False,application_error,2026-06-29T20:30:00+00:00
INC-202602157,INC-202602157,2026-06-29T18:00:00+00:00,2026-06-29T20:06:00+00:00,P2,resolved,Digital Operations,Patient Operations Portal,svc-patient-portal,availability,2.1,False,application_error,2026-06-29T20:06:00+00:00
INC-202602158,INC-202602158,2026-06-29T20:00:00+00:00,2026-06-29T21:12:00+00:00,P3,resolved,Service Desk,Order Management,svc-order-mgmt,availability,1.2,False,application_error,2026-06-29T21:12:00+00:00
INC-202602159,INC-202602159,2026-06-29T22:00:00+00:00,2026-06-29T23:18:00+00:00,P4,resolved,Service Desk,Identity Gateway,svc-identity-gateway,authentication,1.3,False,certificate_expiry,2026-06-29T23:18:00+00:00
INC-202602160,INC-202602160,2026-06-30T00:00:00+00:00,2026-06-30T04:54:00+00:00,P1,resolved,Digital Operations,Patient Operations Portal,svc-patient-portal,availability,4.9,True,application_error,2026-06-30T04:54:00+00:00
INC-202602161,INC-202602161,2026-06-30T02:00:00+00:00,2026-06-30T04:30:00+00:00,P2,resolved,Service Desk,Order Management,svc-order-mgmt,availability,2.5,False,application_error,2026-06-30T04:30:00+00:00
INC-202602162,INC-202602162,2026-06-30T04:00:00+00:00,2026-06-30T05:36:00+00:00,P3,resolved,Service Desk,Identity Gateway,svc-identity-gateway,authentication,1.6,False,application_error,2026-06-30T05:36:00+00:00
INC-202602163,INC-202602163,2026-06-30T06:00:00+00:00,2026-06-30T07:00:00+00:00,P4,resolved,Digital Operations,Patient Operations Portal,svc-patient-portal,availability,1.0,False,application_error,2026-06-30T07:00:00+00:00
INC-202602164,INC-202602164,2026-06-30T08:00:00+00:00,2026-06-30T12:36:00+00:00,P1,resolved,Service Desk,Order Management,svc-order-mgmt,availability,4.6,False,application_error,2026-06-30T12:36:00+00:00
INC-202602165,INC-202602165,2026-06-30T10:00:00+00:00,2026-06-30T12:12:00+00:00,P2,resolved,Service Desk,Identity Gateway,svc-identity-gateway,authentication,2.2,False,application_error,2026-06-30T12:12:00+00:00
INC-202602166,INC-202602166,2026-06-30T12:00:00+00:00,2026-06-30T13:18:00+00:00,P3,resolved,Digital Operations,Patient Operations Portal,svc-patient-portal,availability,1.3,False,application_error,2026-06-30T13:18:00+00:00
INC-202602167,INC-202602167,2026-06-30T14:00:00+00:00,2026-06-30T15:24:00+00:00,P4,resolved,Service Desk,Order Management,svc-order-mgmt,availability,1.4,False,application_error,2026-06-30T15:24:00+00:00
INC-202602168,INC-202602168,2026-06-30T16:00:00+00:00,2026-06-30T21:00:00+00:00,P1,resolved,Service Desk,Identity Gateway,svc-identity-gateway,authentication,5.0,False,application_error,2026-06-30T21:00:00+00:00
INC-202602169,INC-202602169,2026-06-30T18:00:00+00:00,2026-06-30T20:36:00+00:00,P2,resolved,Digital Operations,Patient Operations Portal,svc-patient-portal,availability,2.6,False,application_error,2026-06-30T20:36:00+00:00
INC-202602170,INC-202602170,2026-06-30T20:00:00+00:00,2026-06-30T21:00:00+00:00,P3,resolved,Service Desk,Order Management,svc-order-mgmt,availability,1.0,False,application_error,2026-06-30T21:00:00+00:00
INC-202602171,INC-202602171,2026-06-30T22:00:00+00:00,2026-06-30T23:06:00+00:00,P4,resolved,Service Desk,Identity Gateway,svc-identity-gateway,authentication,1.1,False,application_error,2026-06-30T23:06:00+00:00
INC-202602172,INC-202602172,2026-07-01T00:00:00+00:00,2026-07-01T04:42:00+00:00,P1,resolved,Digital Operations,Patient Operations Portal,svc-patient-portal,availability,4.7,False,application_error,2026-07-01T04:42:00+00:00
INC-202602173,INC-202602173,2026-07-01T02:00:00+00:00,2026-07-01T04:18:00+00:00,P2,resolved,Service Desk,Order Management,svc-order-mgmt,availability,2.3,False,application_error,2026-07-01T04:18:00+00:00
INC-202602174,INC-202602174,2026-07-01T04:00:00+00:00,2026-07-01T05:24:00+00:00,P3,resolved,Service Desk,Identity Gateway,svc-identity-gateway,authentication,1.4,False,application_error,2026-07-01T05:24:00+00:00
INC-202602175,INC-202602175,2026-07-01T06:00:00+00:00,2026-07-01T07:30:00+00:00,P4,resolved,Digital Operations,Patient Operations Portal,svc-patient-portal,availability,1.5,False,application_error,2026-07-01T07:30:00+00:00
INC-202602176,INC-202602176,2026-07-01T08:00:00+00:00,2026-07-01T13:06:00+00:00,P1,resolved,Service Desk,Order Management,svc-order-mgmt,availability,5.1,False,certificate_expiry,2026-07-01T13:06:00+00:00
INC-202602177,INC-202602177,2026-07-01T10:00:00+00:00,2026-07-01T12:00:00+00:00,P2,resolved,Service Desk,Identity Gateway,svc-identity-gateway,authentication,2.0,False,application_error,2026-07-01T12:00:00+00:00
INC-202602178,INC-202602178,2026-07-01T12:00:00+00:00,2026-07-01T13:06:00+00:00,P3,resolved,Digital Operations,Patient Operations Portal,svc-patient-portal,availability,1.1,False,application_error,2026-07-01T13:06:00+00:00
INC-202602179,INC-202602179,2026-07-01T14:00:00+00:00,2026-07-01T15:12:00+00:00,P4,resolved,Service Desk,Order Management,svc-order-mgmt,availability,1.2,False,application_error,2026-07-01T15:12:00+00:00
INC-202602180,INC-202602180,2026-07-01T16:00:00+00:00,2026-07-01T20:48:00+00:00,P1,resolved,Service Desk,Identity Gateway,svc-identity-gateway,authentication,4.8,True,application_error,2026-07-01T20:48:00+00:00
INC-202602181,INC-202602181,2026-07-01T18:00:00+00:00,2026-07-01T20:24:00+00:00,P2,resolved,Digital Operations,Patient Operations Portal,svc-patient-portal,availability,2.4,False,application_error,2026-07-01T20:24:00+00:00
INC-202602182,INC-202602182,2026-07-01T20:00:00+00:00,2026-07-01T21:30:00+00:00,P3,resolved,Service Desk,Order Management,svc-order-mgmt,availability,1.5,False,application_error,2026-07-01T21:30:00+00:00
INC-202602183,INC-202602183,2026-07-01T22:00:00+00:00,2026-07-01T23:36:00+00:00,P4,resolved,Service Desk,Identity Gateway,svc-identity-gateway,authentication,1.6,False,application_error,2026-07-01T23:36:00+00:00
INC-202602184,INC-202602184,2026-07-02T00:00:00+00:00,2026-07-02T04:30:00+00:00,P1,resolved,Digital Operations,Patient Operations Portal,svc-patient-portal,availability,4.5,False,application_error,2026-07-02T04:30:00+00:00
INC-202602185,INC-202602185,2026-07-02T02:00:00+00:00,2026-07-02T04:06:00+00:00,P2,resolved,Service Desk,Order Management,svc-order-mgmt,availability,2.1,False,application_error,2026-07-02T04:06:00+00:00
INC-202602186,INC-202602186,2026-07-02T04:00:00+00:00,2026-07-02T05:12:00+00:00,P3,resolved,Service Desk,Identity Gateway,svc-identity-gateway,authentication,1.2,False,application_error,2026-07-02T05:12:00+00:00
INC-202602187,INC-202602187,2026-07-02T06:00:00+00:00,2026-07-02T07:18:00+00:00,P4,resolved,Digital Operations,Patient Operations Portal,svc-patient-portal,availability,1.3,False,application_error,2026-07-02T07:18:00+00:00
INC-202602188,INC-202602188,2026-07-02T08:00:00+00:00,2026-07-02T12:54:00+00:00,P1,resolved,Service Desk,Order Management,svc-order-mgmt,availability,4.9,False,application_error,2026-07-02T12:54:00+00:00
INC-202602189,INC-202602189,2026-07-02T10:00:00+00:00,2026-07-02T12:30:00+00:00,P2,resolved,Service Desk,Identity Gateway,svc-identity-gateway,authentication,2.5,False,application_error,2026-07-02T12:30:00+00:00
INC-202602190,INC-202602190,2026-07-02T12:00:00+00:00,2026-07-02T13:36:00+00:00,P3,resolved,Digital Operations,Patient Operations Portal,svc-patient-portal,availability,1.6,False,application_error,2026-07-02T13:36:00+00:00
INC-202602191,INC-202602191,2026-07-02T14:00:00+00:00,2026-07-02T15:00:00+00:00,P4,resolved,Service Desk,Order Management,svc-order-mgmt,availability,1.0,False,application_error,2026-07-02T15:00:00+00:00
INC-202602192,INC-202602192,2026-07-02T16:00:00+00:00,2026-07-02T20:36:00+00:00,P1,resolved,Service Desk,Identity Gateway,svc-identity-gateway,authentication,4.6,False,application_error,2026-07-02T20:36:00+00:00
INC-202602193,INC-202602193,2026-07-02T18:00:00+00:00,2026-07-02T20:12:00+00:00,P2,resolved,Digital Operations,Patient Operations Portal,svc-patient-portal,availability,2.2,False,certificate_expiry,2026-07-02T20:12:00+00:00
INC-202602194,INC-202602194,2026-07-02T20:00:00+00:00,2026-07-02T21:18:00+00:00,P3,resolved,Service Desk,Order Management,svc-order-mgmt,availability,1.3,False,application_error,2026-07-02T21:18:00+00:00
INC-202602195,INC-202602195,2026-07-02T22:00:00+00:00,2026-07-02T23:24:00+00:00,P4,resolved,Service Desk,Identity Gateway,svc-identity-gateway,authentication,1.4,False,application_error,2026-07-02T23:24:00+00:00
INC-202602196,INC-202602196,2026-07-03T00:00:00+00:00,2026-07-03T05:00:00+00:00,P1,resolved,Digital Operations,Patient Operations Portal,svc-patient-portal,availability,5.0,False,application_error,2026-07-03T05:00:00+00:00
INC-202602197,INC-202602197,2026-07-03T02:00:00+00:00,2026-07-03T04:36:00+00:00,P2,resolved,Service Desk,Order Management,svc-order-mgmt,availability,2.6,False,application_error,2026-07-03T04:36:00+00:00
INC-202602198,INC-202602198,2026-07-03T04:00:00+00:00,2026-07-03T05:00:00+00:00,P3,resolved,Service Desk,Identity Gateway,svc-identity-gateway,authentication,1.0,False,application_error,2026-07-03T05:00:00+00:00
INC-202602199,INC-202602199,2026-07-03T06:00:00+00:00,2026-07-03T07:06:00+00:00,P4,resolved,Digital Operations,Patient Operations Portal,svc-patient-portal,availability,1.1,False,application_error,2026-07-03T07:06:00+00:00
INC-202602200,INC-202602200,2026-07-03T08:00:00+00:00,2026-07-03T12:42:00+00:00,P1,resolved,Service Desk,Order Management,svc-order-mgmt,availability,4.7,True,application_error,2026-07-03T12:42:00+00:00
INC-202602201,INC-202602201,2026-07-03T10:00:00+00:00,2026-07-03T12:18:00+00:00,P2,resolved,Service Desk,Identity Gateway,svc-identity-gateway,authentication,2.3,False,application_error,2026-07-03T12:18:00+00:00
INC-202602202,INC-202602202,2026-07-03T12:00:00+00:00,2026-07-03T13:24:00+00:00,P3,resolved,Digital Operations,Patient Operations Portal,svc-patient-portal,availability,1.4,False,application_error,2026-07-03T13:24:00+00:00
INC-202602203,INC-202602203,2026-07-03T14:00:00+00:00,2026-07-03T15:30:00+00:00,P4,resolved,Service Desk,Order Management,svc-order-mgmt,availability,1.5,False,application_error,2026-07-03T15:30:00+00:00
INC-202602204,INC-202602204,2026-07-03T16:00:00+00:00,2026-07-03T21:06:00+00:00,P1,resolved,Service Desk,Identity Gateway,svc-identity-gateway,authentication,5.1,False,application_error,2026-07-03T21:06:00+00:00
INC-202602205,INC-202602205,2026-07-03T18:00:00+00:00,2026-07-03T20:00:00+00:00,P2,resolved,Digital Operations,Patient Operations Portal,svc-patient-portal,availability,2.0,False,application_error,2026-07-03T20:00:00+00:00
INC-202602206,INC-202602206,2026-07-03T20:00:00+00:00,2026-07-03T21:06:00+00:00,P3,resolved,Service Desk,Order Management,svc-order-mgmt,availability,1.1,False,application_error,2026-07-03T21:06:00+00:00
INC-202602207,INC-202602207,2026-07-03T22:00:00+00:00,2026-07-03T23:12:00+00:00,P4,resolved,Service Desk,Identity Gateway,svc-identity-gateway,authentication,1.2,False,application_error,2026-07-03T23:12:00+00:00
INC-202602208,INC-202602208,2026-07-04T00:00:00+00:00,2026-07-04T04:48:00+00:00,P1,resolved,Digital Operations,Patient Operations Portal,svc-patient-portal,availability,4.8,False,application_error,2026-07-04T04:48:00+00:00
INC-202602209,INC-202602209,2026-07-04T02:00:00+00:00,2026-07-04T04:24:00+00:00,P2,resolved,Service Desk,Order Management,svc-order-mgmt,availability,2.4,False,application_error,2026-07-04T04:24:00+00:00
INC-202602210,INC-202602210,2026-07-04T04:00:00+00:00,2026-07-04T05:30:00+00:00,P3,resolved,Service Desk,Identity Gateway,svc-identity-gateway,authentication,1.5,False,certificate_expiry,2026-07-04T05:30:00+00:00
INC-202602211,INC-202602211,2026-07-04T06:00:00+00:00,2026-07-04T07:36:00+00:00,P4,resolved,Digital Operations,Patient Operations Portal,svc-patient-portal,availability,1.6,False,application_error,2026-07-04T07:36:00+00:00
INC-202602212,INC-202602212,2026-07-04T08:00:00+00:00,2026-07-04T12:30:00+00:00,P1,resolved,Service Desk,Order Management,svc-order-mgmt,availability,4.5,False,application_error,2026-07-04T12:30:00+00:00
INC-202602213,INC-202602213,2026-07-04T10:00:00+00:00,2026-07-04T12:06:00+00:00,P2,resolved,Service Desk,Identity Gateway,svc-identity-gateway,authentication,2.1,False,application_error,2026-07-04T12:06:00+00:00
INC-202602214,INC-202602214,2026-07-04T12:00:00+00:00,2026-07-04T13:12:00+00:00,P3,resolved,Digital Operations,Patient Operations Portal,svc-patient-portal,availability,1.2,False,application_error,2026-07-04T13:12:00+00:00
INC-202602215,INC-202602215,2026-07-04T14:00:00+00:00,2026-07-04T15:18:00+00:00,P4,resolved,Service Desk,Order Management,svc-order-mgmt,availability,1.3,False,application_error,2026-07-04T15:18:00+00:00
INC-202602216,INC-202602216,2026-07-04T16:00:00+00:00,2026-07-04T20:54:00+00:00,P1,resolved,Service Desk,Identity Gateway,svc-identity-gateway,authentication,4.9,False,application_error,2026-07-04T20:54:00+00:00
INC-202602217,INC-202602217,2026-07-04T18:00:00+00:00,2026-07-04T20:30:00+00:00,P2,resolved,Digital Operations,Patient Operations Portal,svc-patient-portal,availability,2.5,False,application_error,2026-07-04T20:30:00+00:00
INC-202602218,INC-202602218,2026-07-04T20:00:00+00:00,2026-07-04T21:36:00+00:00,P3,resolved,Service Desk,Order Management,svc-order-mgmt,availability,1.6,False,application_error,2026-07-04T21:36:00+00:00
INC-202602219,INC-202602219,2026-07-04T22:00:00+00:00,2026-07-04T23:00:00+00:00,P4,resolved,Service Desk,Identity Gateway,svc-identity-gateway,authentication,1.0,False,application_error,2026-07-04T23:00:00+00:00
INC-202602220,INC-202602220,2026-07-05T00:00:00+00:00,2026-07-05T04:36:00+00:00,P1,resolved,Digital Operations,Patient Operations Portal,svc-patient-portal,availability,4.6,True,application_error,2026-07-05T04:36:00+00:00
INC-202602221,INC-202602221,2026-07-05T02:00:00+00:00,2026-07-05T04:12:00+00:00,P2,resolved,Service Desk,Order Management,svc-order-mgmt,availability,2.2,False,application_error,2026-07-05T04:12:00+00:00
INC-202602222,INC-202602222,2026-07-05T04:00:00+00:00,2026-07-05T05:18:00+00:00,P3,resolved,Service Desk,Identity Gateway,svc-identity-gateway,authentication,1.3,False,application_error,2026-07-05T05:18:00+00:00
INC-202602223,INC-202602223,2026-07-05T06:00:00+00:00,2026-07-05T07:24:00+00:00,P4,resolved,Digital Operations,Patient Operations Portal,svc-patient-portal,availability,1.4,False,application_error,2026-07-05T07:24:00+00:00
INC-202602224,INC-202602224,2026-07-05T08:00:00+00:00,2026-07-05T13:00:00+00:00,P1,resolved,Service Desk,Order Management,svc-order-mgmt,availability,5.0,False,application_error,2026-07-05T13:00:00+00:00
INC-202602225,INC-202602225,2026-07-05T10:00:00+00:00,2026-07-05T12:36:00+00:00,P2,resolved,Service Desk,Identity Gateway,svc-identity-gateway,authentication,2.6,False,application_error,2026-07-05T12:36:00+00:00
INC-202602226,INC-202602226,2026-07-05T12:00:00+00:00,2026-07-05T13:00:00+00:00,P3,resolved,Digital Operations,Patient Operations Portal,svc-patient-portal,availability,1.0,False,application_error,2026-07-05T13:00:00+00:00
INC-202602227,INC-202602227,2026-07-05T14:00:00+00:00,2026-07-05T15:06:00+00:00,P4,resolved,Service Desk,Order Management,svc-order-mgmt,availability,1.1,False,certificate_expiry,2026-07-05T15:06:00+00:00
INC-202602228,INC-202602228,2026-07-05T16:00:00+00:00,2026-07-05T20:42:00+00:00,P1,resolved,Service Desk,Identity Gateway,svc-identity-gateway,authentication,4.7,False,application_error,2026-07-05T20:42:00+00:00
INC-202602229,INC-202602229,2026-07-05T18:00:00+00:00,2026-07-05T20:18:00+00:00,P2,resolved,Digital Operations,Patient Operations Portal,svc-patient-portal,availability,2.3,False,application_error,2026-07-05T20:18:00+00:00
INC-202602230,INC-202602230,2026-07-05T20:00:00+00:00,2026-07-05T21:24:00+00:00,P3,resolved,Service Desk,Order Management,svc-order-mgmt,availability,1.4,False,application_error,2026-07-05T21:24:00+00:00
INC-202602231,INC-202602231,2026-07-05T22:00:00+00:00,2026-07-05T23:30:00+00:00,P4,resolved,Service Desk,Identity Gateway,svc-identity-gateway,authentication,1.5,False,application_error,2026-07-05T23:30:00+00:00
INC-202602232,INC-202602232,2026-07-06T00:00:00+00:00,2026-07-06T05:06:00+00:00,P1,resolved,Digital Operations,Patient Operations Portal,svc-patient-portal,availability,5.1,False,application_error,2026-07-06T05:06:00+00:00
INC-202602233,INC-202602233,2026-07-06T02:00:00+00:00,2026-07-06T04:00:00+00:00,P2,resolved,Service Desk,Order Management,svc-order-mgmt,availability,2.0,False,application_error,2026-07-06T04:00:00+00:00
INC-202602234,INC-202602234,2026-07-06T04:00:00+00:00,2026-07-06T05:06:00+00:00,P3,resolved,Service Desk,Identity Gateway,svc-identity-gateway,authentication,1.1,False,application_error,2026-07-06T05:06:00+00:00
INC-202602235,INC-202602235,2026-07-06T06:00:00+00:00,2026-07-06T07:12:00+00:00,P4,resolved,Digital Operations,Patient Operations Portal,svc-patient-portal,availability,1.2,False,application_error,2026-07-06T07:12:00+00:00
INC-202602236,INC-202602236,2026-07-06T08:00:00+00:00,2026-07-06T12:48:00+00:00,P1,resolved,Service Desk,Order Management,svc-order-mgmt,availability,4.8,False,application_error,2026-07-06T12:48:00+00:00
INC-202602237,INC-202602237,2026-07-06T10:00:00+00:00,2026-07-06T12:24:00+00:00,P2,resolved,Service Desk,Identity Gateway,svc-identity-gateway,authentication,2.4,False,application_error,2026-07-06T12:24:00+00:00
INC-202602238,INC-202602238,2026-07-06T12:00:00+00:00,2026-07-06T13:30:00+00:00,P3,resolved,Digital Operations,Patient Operations Portal,svc-patient-portal,availability,1.5,False,application_error,2026-07-06T13:30:00+00:00
INC-202602239,INC-202602239,2026-07-06T14:00:00+00:00,2026-07-06T15:36:00+00:00,P4,resolved,Service Desk,Order Management,svc-order-mgmt,availability,1.6,False,application_error,2026-07-06T15:36:00+00:00
INC-202602240,INC-202602240,2026-07-06T16:00:00+00:00,2026-07-06T20:30:00+00:00,P1,resolved,Service Desk,Identity Gateway,svc-identity-gateway,authentication,4.5,True,application_error,2026-07-06T20:30:00+00:00
INC-202602241,INC-202602241,2026-07-06T18:00:00+00:00,2026-07-06T20:06:00+00:00,P2,resolved,Digital Operations,Patient Operations Portal,svc-patient-portal,availability,2.1,False,application_error,2026-07-06T20:06:00+00:00
INC-202602242,INC-202602242,2026-07-06T20:00:00+00:00,2026-07-06T21:12:00+00:00,P3,resolved,Service Desk,Order Management,svc-order-mgmt,availability,1.2,False,application_error,2026-07-06T21:12:00+00:00
INC-202602243,INC-202602243,2026-07-06T22:00:00+00:00,2026-07-06T23:18:00+00:00,P4,resolved,Service Desk,Identity Gateway,svc-identity-gateway,authentication,1.3,False,application_error,2026-07-06T23:18:00+00:00
INC-202602244,INC-202602244,2026-07-07T00:00:00+00:00,2026-07-07T04:54:00+00:00,P1,resolved,Digital Operations,Patient Operations Portal,svc-patient-portal,availability,4.9,False,certificate_expiry,2026-07-07T04:54:00+00:00
INC-202602245,INC-202602245,2026-07-07T02:00:00+00:00,2026-07-07T04:30:00+00:00,P2,resolved,Service Desk,Order Management,svc-order-mgmt,availability,2.5,False,application_error,2026-07-07T04:30:00+00:00
INC-202602246,INC-202602246,2026-07-07T04:00:00+00:00,2026-07-07T05:36:00+00:00,P3,resolved,Service Desk,Identity Gateway,svc-identity-gateway,authentication,1.6,False,application_error,2026-07-07T05:36:00+00:00
INC-202602247,INC-202602247,2026-07-07T06:00:00+00:00,2026-07-07T07:00:00+00:00,P4,resolved,Digital Operations,Patient Operations Portal,svc-patient-portal,availability,1.0,False,application_error,2026-07-07T07:00:00+00:00
INC-202602248,INC-202602248,2026-07-07T08:00:00+00:00,2026-07-07T12:36:00+00:00,P1,resolved,Service Desk,Order Management,svc-order-mgmt,availability,4.6,False,application_error,2026-07-07T12:36:00+00:00
INC-202602249,INC-202602249,2026-07-07T10:00:00+00:00,2026-07-07T12:12:00+00:00,P2,resolved,Service Desk,Identity Gateway,svc-identity-gateway,authentication,2.2,False,application_error,2026-07-07T12:12:00+00:00
INC-202602250,INC-202602250,2026-07-07T12:00:00+00:00,2026-07-07T13:18:00+00:00,P3,resolved,Digital Operations,Patient Operations Portal,svc-patient-portal,availability,1.3,False,application_error,2026-07-07T13:18:00+00:00
INC-202602251,INC-202602251,2026-07-07T14:00:00+00:00,2026-07-07T15:24:00+00:00,P4,resolved,Service Desk,Order Management,svc-order-mgmt,availability,1.4,False,application_error,2026-07-07T15:24:00+00:00
INC-202602252,INC-202602252,2026-07-07T16:00:00+00:00,2026-07-07T21:00:00+00:00,P1,resolved,Service Desk,Identity Gateway,svc-identity-gateway,authentication,5.0,False,application_error,2026-07-07T21:00:00+00:00
INC-202602253,INC-202602253,2026-07-07T18:00:00+00:00,2026-07-07T20:36:00+00:00,P2,resolved,Digital Operations,Patient Operations Portal,svc-patient-portal,availability,2.6,False,application_error,2026-07-07T20:36:00+00:00
INC-202602254,INC-202602254,2026-07-07T20:00:00+00:00,2026-07-07T21:00:00+00:00,P3,resolved,Service Desk,Order Management,svc-order-mgmt,availability,1.0,False,application_error,2026-07-07T21:00:00+00:00
INC-202602255,INC-202602255,2026-07-07T22:00:00+00:00,2026-07-07T23:06:00+00:00,P4,resolved,Service Desk,Identity Gateway,svc-identity-gateway,authentication,1.1,False,application_error,2026-07-07T23:06:00+00:00
INC-202602256,INC-202602256,2026-07-08T00:00:00+00:00,2026-07-08T04:42:00+00:00,P1,resolved,Digital Operations,Patient Operations Portal,svc-patient-portal,availability,4.7,False,application_error,2026-07-08T04:42:00+00:00
INC-202602257,INC-202602257,2026-07-08T02:00:00+00:00,2026-07-08T04:18:00+00:00,P2,resolved,Service Desk,Order Management,svc-order-mgmt,availability,2.3,False,application_error,2026-07-08T04:18:00+00:00
INC-202602258,INC-202602258,2026-07-08T04:00:00+00:00,2026-07-08T05:24:00+00:00,P3,resolved,Service Desk,Identity Gateway,svc-identity-gateway,authentication,1.4,False,application_error,2026-07-08T05:24:00+00:00
INC-202602259,INC-202602259,2026-07-08T06:00:00+00:00,2026-07-08T07:30:00+00:00,P4,resolved,Digital Operations,Patient Operations Portal,svc-patient-portal,availability,1.5,False,application_error,2026-07-08T07:30:00+00:00
INC-202602260,INC-202602260,2026-07-08T08:00:00+00:00,2026-07-08T13:06:00+00:00,P1,resolved,Service Desk,Order Management,svc-order-mgmt,availability,5.1,True,application_error,2026-07-08T13:06:00+00:00
INC-202602261,INC-202602261,2026-07-08T10:00:00+00:00,2026-07-08T12:00:00+00:00,P2,resolved,Service Desk,Identity Gateway,svc-identity-gateway,authentication,2.0,False,certificate_expiry,2026-07-08T12:00:00+00:00
INC-202602262,INC-202602262,2026-07-08T12:00:00+00:00,2026-07-08T13:06:00+00:00,P3,resolved,Digital Operations,Patient Operations Portal,svc-patient-portal,availability,1.1,False,application_error,2026-07-08T13:06:00+00:00
INC-202602263,INC-202602263,2026-07-08T14:00:00+00:00,2026-07-08T15:12:00+00:00,P4,resolved,Service Desk,Order Management,svc-order-mgmt,availability,1.2,False,application_error,2026-07-08T15:12:00+00:00
INC-202602264,INC-202602264,2026-07-08T16:00:00+00:00,2026-07-08T20:48:00+00:00,P1,resolved,Service Desk,Identity Gateway,svc-identity-gateway,authentication,4.8,False,application_error,2026-07-08T20:48:00+00:00
INC-202602265,INC-202602265,2026-07-08T18:00:00+00:00,2026-07-08T20:24:00+00:00,P2,resolved,Digital Operations,Patient Operations Portal,svc-patient-portal,availability,2.4,False,application_error,2026-07-08T20:24:00+00:00
INC-202602266,INC-202602266,2026-07-08T20:00:00+00:00,2026-07-08T21:30:00+00:00,P3,resolved,Service Desk,Order Management,svc-order-mgmt,availability,1.5,False,application_error,2026-07-08T21:30:00+00:00
INC-202602267,INC-202602267,2026-07-08T22:00:00+00:00,2026-07-08T23:36:00+00:00,P4,resolved,Service Desk,Identity Gateway,svc-identity-gateway,authentication,1.6,False,application_error,2026-07-08T23:36:00+00:00
INC-202602268,INC-202602268,2026-07-09T00:00:00+00:00,2026-07-09T04:30:00+00:00,P1,resolved,Digital Operations,Patient Operations Portal,svc-patient-portal,availability,4.5,False,application_error,2026-07-09T04:30:00+00:00
INC-202602269,INC-202602269,2026-07-09T02:00:00+00:00,2026-07-09T04:06:00+00:00,P2,resolved,Service Desk,Order Management,svc-order-mgmt,availability,2.1,False,application_error,2026-07-09T04:06:00+00:00
INC-202602270,INC-202602270,2026-07-09T04:00:00+00:00,2026-07-09T05:12:00+00:00,P3,resolved,Service Desk,Identity Gateway,svc-identity-gateway,authentication,1.2,False,application_error,2026-07-09T05:12:00+00:00
INC-202602271,INC-202602271,2026-07-09T06:00:00+00:00,2026-07-09T07:18:00+00:00,P4,resolved,Digital Operations,Patient Operations Portal,svc-patient-portal,availability,1.3,False,application_error,2026-07-09T07:18:00+00:00
INC-202602272,INC-202602272,2026-07-09T08:00:00+00:00,2026-07-09T12:54:00+00:00,P1,resolved,Service Desk,Order Management,svc-order-mgmt,availability,4.9,False,application_error,2026-07-09T12:54:00+00:00
INC-202602273,INC-202602273,2026-07-09T10:00:00+00:00,2026-07-09T12:30:00+00:00,P2,resolved,Service Desk,Identity Gateway,svc-identity-gateway,authentication,2.5,False,application_error,2026-07-09T12:30:00+00:00
INC-202602274,INC-202602274,2026-07-09T12:00:00+00:00,2026-07-09T13:36:00+00:00,P3,resolved,Digital Operations,Patient Operations Portal,svc-patient-portal,availability,1.6,False,application_error,2026-07-09T13:36:00+00:00
INC-202602275,INC-202602275,2026-07-09T14:00:00+00:00,2026-07-09T15:00:00+00:00,P4,resolved,Service Desk,Order Management,svc-order-mgmt,availability,1.0,False,application_error,2026-07-09T15:00:00+00:00
INC-202602276,INC-202602276,2026-07-09T16:00:00+00:00,2026-07-09T20:36:00+00:00,P1,resolved,Service Desk,Identity Gateway,svc-identity-gateway,authentication,4.6,False,application_error,2026-07-09T20:36:00+00:00
INC-202602277,INC-202602277,2026-07-09T18:00:00+00:00,2026-07-09T20:12:00+00:00,P2,resolved,Digital Operations,Patient Operations Portal,svc-patient-portal,availability,2.2,False,application_error,2026-07-09T20:12:00+00:00
INC-202602278,INC-202602278,2026-07-09T20:00:00+00:00,2026-07-09T21:18:00+00:00,P3,resolved,Service Desk,Order Management,svc-order-mgmt,availability,1.3,False,certificate_expiry,2026-07-09T21:18:00+00:00
INC-202602279,INC-202602279,2026-07-09T22:00:00+00:00,2026-07-09T23:24:00+00:00,P4,resolved,Service Desk,Identity Gateway,svc-identity-gateway,authentication,1.4,False,application_error,2026-07-09T23:24:00+00:00
INC-202602280,INC-202602280,2026-07-10T00:00:00+00:00,2026-07-10T05:00:00+00:00,P1,resolved,Digital Operations,Patient Operations Portal,svc-patient-portal,availability,5.0,True,application_error,2026-07-10T05:00:00+00:00
INC-202602281,INC-202602281,2026-07-10T02:00:00+00:00,2026-07-10T04:36:00+00:00,P2,resolved,Service Desk,Order Management,svc-order-mgmt,availability,2.6,False,application_error,2026-07-10T04:36:00+00:00
INC-202602282,INC-202602282,2026-07-10T04:00:00+00:00,2026-07-10T05:00:00+00:00,P3,resolved,Service Desk,Identity Gateway,svc-identity-gateway,authentication,1.0,False,application_error,2026-07-10T05:00:00+00:00
INC-202602283,INC-202602283,2026-07-10T06:00:00+00:00,2026-07-10T07:06:00+00:00,P4,resolved,Digital Operations,Patient Operations Portal,svc-patient-portal,availability,1.1,False,application_error,2026-07-10T07:06:00+00:00
INC-202602284,INC-202602284,2026-07-10T08:00:00+00:00,2026-07-10T12:42:00+00:00,P1,resolved,Service Desk,Order Management,svc-order-mgmt,availability,4.7,False,application_error,2026-07-10T12:42:00+00:00
INC-202602285,INC-202602285,2026-07-10T10:00:00+00:00,2026-07-10T12:18:00+00:00,P2,resolved,Service Desk,Identity Gateway,svc-identity-gateway,authentication,2.3,False,application_error,2026-07-10T12:18:00+00:00
INC-202602286,INC-202602286,2026-07-10T12:00:00+00:00,2026-07-10T13:24:00+00:00,P3,resolved,Digital Operations,Patient Operations Portal,svc-patient-portal,availability,1.4,False,application_error,2026-07-10T13:24:00+00:00
INC-202602287,INC-202602287,2026-07-10T14:00:00+00:00,2026-07-10T15:30:00+00:00,P4,resolved,Service Desk,Order Management,svc-order-mgmt,availability,1.5,False,application_error,2026-07-10T15:30:00+00:00
INC-202602288,INC-202602288,2026-07-10T16:00:00+00:00,2026-07-10T21:06:00+00:00,P1,resolved,Service Desk,Identity Gateway,svc-identity-gateway,authentication,5.1,False,application_error,2026-07-10T21:06:00+00:00
INC-202602289,INC-202602289,2026-07-10T18:00:00+00:00,2026-07-10T20:00:00+00:00,P2,resolved,Digital Operations,Patient Operations Portal,svc-patient-portal,availability,2.0,False,application_error,2026-07-10T20:00:00+00:00
INC-202602290,INC-202602290,2026-07-10T20:00:00+00:00,2026-07-10T21:06:00+00:00,P3,resolved,Service Desk,Order Management,svc-order-mgmt,availability,1.1,False,application_error,2026-07-10T21:06:00+00:00
INC-202602291,INC-202602291,2026-07-10T22:00:00+00:00,2026-07-10T23:12:00+00:00,P4,resolved,Service Desk,Identity Gateway,svc-identity-gateway,authentication,1.2,False,application_error,2026-07-10T23:12:00+00:00
INC-202602292,INC-202602292,2026-07-11T00:00:00+00:00,2026-07-11T04:48:00+00:00,P1,resolved,Digital Operations,Patient Operations Portal,svc-patient-portal,availability,4.8,False,application_error,2026-07-11T04:48:00+00:00
INC-202602293,INC-202602293,2026-07-11T02:00:00+00:00,2026-07-11T04:24:00+00:00,P2,resolved,Service Desk,Order Management,svc-order-mgmt,availability,2.4,False,application_error,2026-07-11T04:24:00+00:00
INC-202602294,INC-202602294,2026-07-11T04:00:00+00:00,2026-07-11T05:30:00+00:00,P3,resolved,Service Desk,Identity Gateway,svc-identity-gateway,authentication,1.5,False,application_error,2026-07-11T05:30:00+00:00
INC-202602295,INC-202602295,2026-07-11T06:00:00+00:00,2026-07-11T07:36:00+00:00,P4,resolved,Digital Operations,Patient Operations Portal,svc-patient-portal,availability,1.6,False,certificate_expiry,2026-07-11T07:36:00+00:00
INC-202602296,INC-202602296,2026-07-11T08:00:00+00:00,2026-07-11T12:30:00+00:00,P1,resolved,Service Desk,Order Management,svc-order-mgmt,availability,4.5,False,application_error,2026-07-11T12:30:00+00:00
INC-202602297,INC-202602297,2026-07-11T10:00:00+00:00,2026-07-11T12:06:00+00:00,P2,resolved,Service Desk,Identity Gateway,svc-identity-gateway,authentication,2.1,False,application_error,2026-07-11T12:06:00+00:00
INC-202602298,INC-202602298,2026-07-11T12:00:00+00:00,2026-07-11T13:12:00+00:00,P3,resolved,Digital Operations,Patient Operations Portal,svc-patient-portal,availability,1.2,False,application_error,2026-07-11T13:12:00+00:00
INC-202602299,INC-202602299,2026-07-11T14:00:00+00:00,2026-07-11T15:18:00+00:00,P4,resolved,Service Desk,Order Management,svc-order-mgmt,availability,1.3,False,application_error,2026-07-11T15:18:00+00:00
INC-202602300,INC-202602300,2026-07-11T16:00:00+00:00,2026-07-11T20:54:00+00:00,P1,resolved,Service Desk,Identity Gateway,svc-identity-gateway,authentication,4.9,True,application_error,2026-07-11T20:54:00+00:00
INC-202602301,INC-202602301,2026-07-11T18:00:00+00:00,2026-07-11T20:30:00+00:00,P2,resolved,Digital Operations,Patient Operations Portal,svc-patient-portal,availability,2.5,False,application_error,2026-07-11T20:30:00+00:00
INC-202602302,INC-202602302,2026-07-11T20:00:00+00:00,2026-07-11T21:36:00+00:00,P3,resolved,Service Desk,Order Management,svc-order-mgmt,availability,1.6,False,application_error,2026-07-11T21:36:00+00:00
INC-202602303,INC-202602303,2026-07-11T22:00:00+00:00,2026-07-11T23:00:00+00:00,P4,resolved,Service Desk,Identity Gateway,svc-identity-gateway,authentication,1.0,False,application_error,2026-07-11T23:00:00+00:00
INC-202602304,INC-202602304,2026-07-12T00:00:00+00:00,2026-07-12T04:36:00+00:00,P1,resolved,Digital Operations,Patient Operations Portal,svc-patient-portal,availability,4.6,False,application_error,2026-07-12T04:36:00+00:00
INC-202602305,INC-202602305,2026-07-12T02:00:00+00:00,2026-07-12T04:12:00+00:00,P2,resolved,Service Desk,Order Management,svc-order-mgmt,availability,2.2,False,application_error,2026-07-12T04:12:00+00:00
INC-202602306,INC-202602306,2026-07-12T04:00:00+00:00,2026-07-12T05:18:00+00:00,P3,resolved,Service Desk,Identity Gateway,svc-identity-gateway,authentication,1.3,False,application_error,2026-07-12T05:18:00+00:00
INC-202602307,INC-202602307,2026-07-12T06:00:00+00:00,2026-07-12T07:24:00+00:00,P4,resolved,Digital Operations,Patient Operations Portal,svc-patient-portal,availability,1.4,False,application_error,2026-07-12T07:24:00+00:00
INC-202602308,INC-202602308,2026-07-12T08:00:00+00:00,2026-07-12T13:00:00+00:00,P1,resolved,Service Desk,Order Management,svc-order-mgmt,availability,5.0,False,application_error,2026-07-12T13:00:00+00:00
INC-202602309,INC-202602309,2026-07-12T10:00:00+00:00,2026-07-12T12:36:00+00:00,P2,resolved,Service Desk,Identity Gateway,svc-identity-gateway,authentication,2.6,False,application_error,2026-07-12T12:36:00+00:00
INC-202602310,INC-202602310,2026-07-12T12:00:00+00:00,2026-07-12T13:00:00+00:00,P3,resolved,Digital Operations,Patient Operations Portal,svc-patient-portal,availability,1.0,False,application_error,2026-07-12T13:00:00+00:00
INC-202602311,INC-202602311,2026-07-12T14:00:00+00:00,2026-07-12T15:06:00+00:00,P4,resolved,Service Desk,Order Management,svc-order-mgmt,availability,1.1,False,application_error,2026-07-12T15:06:00+00:00
INC-202602312,INC-202602312,2026-07-12T16:00:00+00:00,2026-07-12T20:42:00+00:00,P1,resolved,Service Desk,Identity Gateway,svc-identity-gateway,authentication,4.7,False,certificate_expiry,2026-07-12T20:42:00+00:00
INC-202602313,INC-202602313,2026-07-12T18:00:00+00:00,2026-07-12T20:18:00+00:00,P2,resolved,Digital Operations,Patient Operations Portal,svc-patient-portal,availability,2.3,False,application_error,2026-07-12T20:18:00+00:00
INC-202602314,INC-202602314,2026-07-12T20:00:00+00:00,2026-07-12T21:24:00+00:00,P3,resolved,Service Desk,Order Management,svc-order-mgmt,availability,1.4,False,application_error,2026-07-12T21:24:00+00:00
INC-202602315,INC-202602315,2026-07-12T22:00:00+00:00,2026-07-12T23:30:00+00:00,P4,resolved,Service Desk,Identity Gateway,svc-identity-gateway,authentication,1.5,False,application_error,2026-07-12T23:30:00+00:00
INC-202602316,INC-202602316,2026-07-13T00:00:00+00:00,2026-07-13T05:06:00+00:00,P1,resolved,Digital Operations,Patient Operations Portal,svc-patient-portal,availability,5.1,False,application_error,2026-07-13T05:06:00+00:00
INC-202602317,INC-202602317,2026-07-13T02:00:00+00:00,2026-07-13T04:00:00+00:00,P2,resolved,Service Desk,Order Management,svc-order-mgmt,availability,2.0,False,application_error,2026-07-13T04:00:00+00:00
INC-202602318,INC-202602318,2026-07-13T04:00:00+00:00,2026-07-13T05:06:00+00:00,P3,resolved,Service Desk,Identity Gateway,svc-identity-gateway,authentication,1.1,False,application_error,2026-07-13T05:06:00+00:00
INC-202602319,INC-202602319,2026-07-13T06:00:00+00:00,2026-07-13T07:12:00+00:00,P4,resolved,Digital Operations,Patient Operations Portal,svc-patient-portal,availability,1.2,False,application_error,2026-07-13T07:12:00+00:00
INC-202602320,INC-202602320,2026-07-13T08:00:00+00:00,2026-07-13T12:48:00+00:00,P1,resolved,Service Desk,Order Management,svc-order-mgmt,availability,4.8,True,application_error,2026-07-13T12:48:00+00:00
INC-202602321,INC-202602321,2026-07-13T10:00:00+00:00,2026-07-13T12:24:00+00:00,P2,resolved,Service Desk,Identity Gateway,svc-identity-gateway,authentication,2.4,False,application_error,2026-07-13T12:24:00+00:00
INC-202602322,INC-202602322,2026-07-13T12:00:00+00:00,2026-07-13T13:30:00+00:00,P3,resolved,Digital Operations,Patient Operations Portal,svc-patient-portal,availability,1.5,False,application_error,2026-07-13T13:30:00+00:00
INC-202602323,INC-202602323,2026-07-13T14:00:00+00:00,2026-07-13T15:36:00+00:00,P4,resolved,Service Desk,Order Management,svc-order-mgmt,availability,1.6,False,application_error,2026-07-13T15:36:00+00:00
INC-202602324,INC-202602324,2026-07-13T16:00:00+00:00,2026-07-13T20:30:00+00:00,P1,resolved,Service Desk,Identity Gateway,svc-identity-gateway,authentication,4.5,False,application_error,2026-07-13T20:30:00+00:00
INC-202602325,INC-202602325,2026-07-13T18:00:00+00:00,2026-07-13T20:06:00+00:00,P2,resolved,Digital Operations,Patient Operations Portal,svc-patient-portal,availability,2.1,False,application_error,2026-07-13T20:06:00+00:00
INC-202602326,INC-202602326,2026-07-13T20:00:00+00:00,2026-07-13T21:12:00+00:00,P3,resolved,Service Desk,Order Management,svc-order-mgmt,availability,1.2,False,application_error,2026-07-13T21:12:00+00:00
INC-202602327,INC-202602327,2026-07-13T22:00:00+00:00,2026-07-13T23:18:00+00:00,P4,resolved,Service Desk,Identity Gateway,svc-identity-gateway,authentication,1.3,False,application_error,2026-07-13T23:18:00+00:00
INC-202602328,INC-202602328,2026-07-14T00:00:00+00:00,2026-07-14T04:54:00+00:00,P1,resolved,Digital Operations,Patient Operations Portal,svc-patient-portal,availability,4.9,False,application_error,2026-07-14T04:54:00+00:00
INC-202602329,INC-202602329,2026-07-14T02:00:00+00:00,2026-07-14T04:30:00+00:00,P2,resolved,Service Desk,Order Management,svc-order-mgmt,availability,2.5,False,certificate_expiry,2026-07-14T04:30:00+00:00
INC-202602330,INC-202602330,2026-07-14T04:00:00+00:00,2026-07-14T05:36:00+00:00,P3,resolved,Service Desk,Identity Gateway,svc-identity-gateway,authentication,1.6,False,application_error,2026-07-14T05:36:00+00:00
INC-202602331,INC-202602331,2026-07-14T06:00:00+00:00,2026-07-14T07:00:00+00:00,P4,resolved,Digital Operations,Patient Operations Portal,svc-patient-portal,availability,1.0,False,application_error,2026-07-14T07:00:00+00:00
INC-202602332,INC-202602332,2026-07-14T08:00:00+00:00,2026-07-14T12:36:00+00:00,P1,resolved,Service Desk,Order Management,svc-order-mgmt,availability,4.6,False,application_error,2026-07-14T12:36:00+00:00
INC-202602333,INC-202602333,2026-07-14T10:00:00+00:00,2026-07-14T12:12:00+00:00,P2,resolved,Service Desk,Identity Gateway,svc-identity-gateway,authentication,2.2,False,application_error,2026-07-14T12:12:00+00:00
INC-202602334,INC-202602334,2026-07-14T12:00:00+00:00,2026-07-14T13:18:00+00:00,P3,resolved,Digital Operations,Patient Operations Portal,svc-patient-portal,availability,1.3,False,application_error,2026-07-14T13:18:00+00:00
INC-202602335,INC-202602335,2026-07-14T14:00:00+00:00,2026-07-14T15:24:00+00:00,P4,resolved,Service Desk,Order Management,svc-order-mgmt,availability,1.4,False,application_error,2026-07-14T15:24:00+00:00
INC-202602336,INC-202602336,2026-07-14T16:00:00+00:00,2026-07-14T21:00:00+00:00,P1,resolved,Service Desk,Identity Gateway,svc-identity-gateway,authentication,5.0,False,application_error,2026-07-14T21:00:00+00:00
INC-202602337,INC-202602337,2026-07-14T18:00:00+00:00,2026-07-14T20:36:00+00:00,P2,resolved,Digital Operations,Patient Operations Portal,svc-patient-portal,availability,2.6,False,application_error,2026-07-14T20:36:00+00:00
INC-202602338,INC-202602338,2026-07-14T20:00:00+00:00,2026-07-14T21:00:00+00:00,P3,resolved,Service Desk,Order Management,svc-order-mgmt,availability,1.0,False,application_error,2026-07-14T21:00:00+00:00
INC-202602339,INC-202602339,2026-07-14T22:00:00+00:00,2026-07-14T23:06:00+00:00,P4,resolved,Service Desk,Identity Gateway,svc-identity-gateway,authentication,1.1,False,application_error,2026-07-14T23:06:00+00:00
INC-202602340,INC-202602340,2026-07-15T00:00:00+00:00,2026-07-15T04:42:00+00:00,P1,resolved,Digital Operations,Patient Operations Portal,svc-patient-portal,availability,4.7,True,application_error,2026-07-15T04:42:00+00:00
INC-202602341,INC-202602341,2026-07-15T02:00:00+00:00,2026-07-15T04:18:00+00:00,P2,resolved,Service Desk,Order Management,svc-order-mgmt,availability,2.3,False,application_error,2026-07-15T04:18:00+00:00
INC-202602342,INC-202602342,2026-07-15T04:00:00+00:00,2026-07-15T05:24:00+00:00,P3,resolved,Service Desk,Identity Gateway,svc-identity-gateway,authentication,1.4,False,application_error,2026-07-15T05:24:00+00:00
INC-202602343,INC-202602343,2026-07-15T06:00:00+00:00,2026-07-15T07:30:00+00:00,P4,resolved,Digital Operations,Patient Operations Portal,svc-patient-portal,availability,1.5,False,application_error,2026-07-15T07:30:00+00:00
INC-202602344,INC-202602344,2026-07-15T08:00:00+00:00,2026-07-15T13:06:00+00:00,P1,resolved,Service Desk,Order Management,svc-order-mgmt,availability,5.1,False,application_error,2026-07-15T13:06:00+00:00
INC-202602345,INC-202602345,2026-07-15T10:00:00+00:00,2026-07-15T12:00:00+00:00,P2,resolved,Service Desk,Identity Gateway,svc-identity-gateway,authentication,2.0,False,application_error,2026-07-15T12:00:00+00:00
INC-202602346,INC-202602346,2026-07-15T12:00:00+00:00,2026-07-15T13:06:00+00:00,P3,resolved,Digital Operations,Patient Operations Portal,svc-patient-portal,availability,1.1,False,certificate_expiry,2026-07-15T13:06:00+00:00
INC-202602347,INC-202602347,2026-07-15T14:00:00+00:00,2026-07-15T15:12:00+00:00,P4,resolved,Service Desk,Order Management,svc-order-mgmt,availability,1.2,False,application_error,2026-07-15T15:12:00+00:00
INC-202602348,INC-202602348,2026-07-15T16:00:00+00:00,2026-07-15T20:48:00+00:00,P1,resolved,Service Desk,Identity Gateway,svc-identity-gateway,authentication,4.8,False,application_error,2026-07-15T20:48:00+00:00
INC-202602349,INC-202602349,2026-07-15T18:00:00+00:00,2026-07-15T20:24:00+00:00,P2,resolved,Digital Operations,Patient Operations Portal,svc-patient-portal,availability,2.4,False,application_error,2026-07-15T20:24:00+00:00
INC-202602350,INC-202602350,2026-07-15T20:00:00+00:00,2026-07-15T21:30:00+00:00,P3,resolved,Service Desk,Order Management,svc-order-mgmt,availability,1.5,False,application_error,2026-07-15T21:30:00+00:00
INC-202602351,INC-202602351,2026-07-15T22:00:00+00:00,2026-07-15T23:36:00+00:00,P4,resolved,Service Desk,Identity Gateway,svc-identity-gateway,authentication,1.6,False,application_error,2026-07-15T23:36:00+00:00
INC-202602352,INC-202602352,2026-07-16T00:00:00+00:00,2026-07-16T04:30:00+00:00,P1,resolved,Digital Operations,Patient Operations Portal,svc-patient-portal,availability,4.5,False,application_error,2026-07-16T04:30:00+00:00
INC-202602353,INC-202602353,2026-07-16T02:00:00+00:00,2026-07-16T04:06:00+00:00,P2,resolved,Service Desk,Order Management,svc-order-mgmt,availability,2.1,False,application_error,2026-07-16T04:06:00+00:00
INC-202602354,INC-202602354,2026-07-16T04:00:00+00:00,2026-07-16T05:12:00+00:00,P3,resolved,Service Desk,Identity Gateway,svc-identity-gateway,authentication,1.2,False,application_error,2026-07-16T05:12:00+00:00
INC-202602355,INC-202602355,2026-07-16T06:00:00+00:00,2026-07-16T07:18:00+00:00,P4,resolved,Digital Operations,Patient Operations Portal,svc-patient-portal,availability,1.3,False,application_error,2026-07-16T07:18:00+00:00
INC-202602356,INC-202602356,2026-07-16T08:00:00+00:00,2026-07-16T12:54:00+00:00,P1,resolved,Service Desk,Order Management,svc-order-mgmt,availability,4.9,False,application_error,2026-07-16T12:54:00+00:00
INC-202602357,INC-202602357,2026-07-16T10:00:00+00:00,2026-07-16T12:30:00+00:00,P2,resolved,Service Desk,Identity Gateway,svc-identity-gateway,authentication,2.5,False,application_error,2026-07-16T12:30:00+00:00
INC-202602358,INC-202602358,2026-07-16T12:00:00+00:00,2026-07-16T13:36:00+00:00,P3,resolved,Digital Operations,Patient Operations Portal,svc-patient-portal,availability,1.6,False,application_error,2026-07-16T13:36:00+00:00
INC-202602359,INC-202602359,2026-07-16T14:00:00+00:00,2026-07-16T15:00:00+00:00,P4,resolved,Service Desk,Order Management,svc-order-mgmt,availability,1.0,False,application_error,2026-07-16T15:00:00+00:00
INC-202602360,INC-202602360,2026-07-16T16:00:00+00:00,2026-07-16T20:36:00+00:00,P1,resolved,Service Desk,Identity Gateway,svc-identity-gateway,authentication,4.6,True,application_error,2026-07-16T20:36:00+00:00
INC-202602361,INC-202602361,2026-07-16T18:00:00+00:00,2026-07-16T20:12:00+00:00,P2,resolved,Digital Operations,Patient Operations Portal,svc-patient-portal,availability,2.2,False,application_error,2026-07-16T20:12:00+00:00
INC-202602362,INC-202602362,2026-07-16T20:00:00+00:00,2026-07-16T21:18:00+00:00,P3,resolved,Service Desk,Order Management,svc-order-mgmt,availability,1.3,False,application_error,2026-07-16T21:18:00+00:00
INC-202602363,INC-202602363,2026-07-16T22:00:00+00:00,2026-07-16T23:24:00+00:00,P4,resolved,Service Desk,Identity Gateway,svc-identity-gateway,authentication,1.4,False,certificate_expiry,2026-07-16T23:24:00+00:00
INC-202602364,INC-202602364,2026-07-17T00:00:00+00:00,2026-07-17T05:00:00+00:00,P1,resolved,Digital Operations,Patient Operations Portal,svc-patient-portal,availability,5.0,False,application_error,2026-07-17T05:00:00+00:00
INC-202602365,INC-202602365,2026-07-17T02:00:00+00:00,2026-07-17T04:36:00+00:00,P2,resolved,Service Desk,Order Management,svc-order-mgmt,availability,2.6,False,application_error,2026-07-17T04:36:00+00:00
INC-202602366,INC-202602366,2026-07-17T04:00:00+00:00,2026-07-17T05:00:00+00:00,P3,resolved,Service Desk,Identity Gateway,svc-identity-gateway,authentication,1.0,False,application_error,2026-07-17T05:00:00+00:00
INC-202602367,INC-202602367,2026-07-17T06:00:00+00:00,2026-07-17T07:06:00+00:00,P4,resolved,Digital Operations,Patient Operations Portal,svc-patient-portal,availability,1.1,False,application_error,2026-07-17T07:06:00+00:00
INC-202602368,INC-202602368,2026-07-17T08:00:00+00:00,2026-07-17T12:42:00+00:00,P1,resolved,Service Desk,Order Management,svc-order-mgmt,availability,4.7,False,application_error,2026-07-17T12:42:00+00:00
INC-202602369,INC-202602369,2026-07-17T10:00:00+00:00,2026-07-17T12:18:00+00:00,P2,resolved,Service Desk,Identity Gateway,svc-identity-gateway,authentication,2.3,False,application_error,2026-07-17T12:18:00+00:00
INC-202602370,INC-202602370,2026-07-17T12:00:00+00:00,2026-07-17T13:24:00+00:00,P3,resolved,Digital Operations,Patient Operations Portal,svc-patient-portal,availability,1.4,False,application_error,2026-07-17T13:24:00+00:00
INC-202602371,INC-202602371,2026-07-17T14:00:00+00:00,2026-07-17T15:30:00+00:00,P4,resolved,Service Desk,Order Management,svc-order-mgmt,availability,1.5,False,application_error,2026-07-17T15:30:00+00:00
INC-202602372,INC-202602372,2026-07-17T16:00:00+00:00,2026-07-17T21:06:00+00:00,P1,resolved,Service Desk,Identity Gateway,svc-identity-gateway,authentication,5.1,False,application_error,2026-07-17T21:06:00+00:00
INC-202602373,INC-202602373,2026-07-17T18:00:00+00:00,2026-07-17T20:00:00+00:00,P2,resolved,Digital Operations,Patient Operations Portal,svc-patient-portal,availability,2.0,False,application_error,2026-07-17T20:00:00+00:00
INC-202602374,INC-202602374,2026-07-17T20:00:00+00:00,2026-07-17T21:06:00+00:00,P3,resolved,Service Desk,Order Management,svc-order-mgmt,availability,1.1,False,application_error,2026-07-17T21:06:00+00:00
INC-202602375,INC-202602375,2026-07-17T22:00:00+00:00,2026-07-17T23:12:00+00:00,P4,resolved,Service Desk,Identity Gateway,svc-identity-gateway,authentication,1.2,False,application_error,2026-07-17T23:12:00+00:00
INC-202602376,INC-202602376,2026-07-18T00:00:00+00:00,2026-07-18T04:48:00+00:00,P1,resolved,Digital Operations,Patient Operations Portal,svc-patient-portal,availability,4.8,False,application_error,2026-07-18T04:48:00+00:00
INC-202602377,INC-202602377,2026-07-18T02:00:00+00:00,2026-07-18T04:24:00+00:00,P2,resolved,Service Desk,Order Management,svc-order-mgmt,availability,2.4,False,application_error,2026-07-18T04:24:00+00:00
INC-202602378,INC-202602378,2026-07-18T04:00:00+00:00,2026-07-18T05:30:00+00:00,P3,resolved,Service Desk,Identity Gateway,svc-identity-gateway,authentication,1.5,False,application_error,2026-07-18T05:30:00+00:00
INC-202602379,INC-202602379,2026-07-18T06:00:00+00:00,2026-07-18T07:36:00+00:00,P4,resolved,Digital Operations,Patient Operations Portal,svc-patient-portal,availability,1.6,False,application_error,2026-07-18T07:36:00+00:00
INC-202602380,INC-202602380,2026-07-18T08:00:00+00:00,2026-07-18T12:30:00+00:00,P1,resolved,Service Desk,Order Management,svc-order-mgmt,availability,4.5,True,certificate_expiry,2026-07-18T12:30:00+00:00
INC-202602381,INC-202602381,2026-07-18T10:00:00+00:00,2026-07-18T12:06:00+00:00,P2,resolved,Service Desk,Identity Gateway,svc-identity-gateway,authentication,2.1,False,application_error,2026-07-18T12:06:00+00:00
INC-202602382,INC-202602382,2026-07-18T12:00:00+00:00,2026-07-18T13:12:00+00:00,P3,resolved,Digital Operations,Patient Operations Portal,svc-patient-portal,availability,1.2,False,application_error,2026-07-18T13:12:00+00:00
INC-202602383,INC-202602383,2026-07-18T14:00:00+00:00,2026-07-18T15:18:00+00:00,P4,resolved,Service Desk,Order Management,svc-order-mgmt,availability,1.3,False,application_error,2026-07-18T15:18:00+00:00
INC-202602384,INC-202602384,2026-07-18T16:00:00+00:00,2026-07-18T20:54:00+00:00,P1,resolved,Service Desk,Identity Gateway,svc-identity-gateway,authentication,4.9,False,application_error,2026-07-18T20:54:00+00:00
INC-202602385,INC-202602385,2026-07-18T18:00:00+00:00,2026-07-18T20:30:00+00:00,P2,resolved,Digital Operations,Patient Operations Portal,svc-patient-portal,availability,2.5,False,application_error,2026-07-18T20:30:00+00:00
INC-202602386,INC-202602386,2026-07-18T20:00:00+00:00,2026-07-18T21:36:00+00:00,P3,resolved,Service Desk,Order Management,svc-order-mgmt,availability,1.6,False,application_error,2026-07-18T21:36:00+00:00
INC-202602387,INC-202602387,2026-07-18T22:00:00+00:00,2026-07-18T23:00:00+00:00,P4,resolved,Service Desk,Identity Gateway,svc-identity-gateway,authentication,1.0,False,application_error,2026-07-18T23:00:00+00:00
INC-202602388,INC-202602388,2026-07-19T00:00:00+00:00,2026-07-19T04:36:00+00:00,P1,resolved,Digital Operations,Patient Operations Portal,svc-patient-portal,availability,4.6,False,application_error,2026-07-19T04:36:00+00:00
INC-202602389,INC-202602389,2026-07-19T02:00:00+00:00,2026-07-19T04:12:00+00:00,P2,resolved,Service Desk,Order Management,svc-order-mgmt,availability,2.2,False,application_error,2026-07-19T04:12:00+00:00
INC-202602390,INC-202602390,2026-07-19T04:00:00+00:00,2026-07-19T05:18:00+00:00,P3,resolved,Service Desk,Identity Gateway,svc-identity-gateway,authentication,1.3,False,application_error,2026-07-19T05:18:00+00:00
INC-202602391,INC-202602391,2026-07-19T06:00:00+00:00,2026-07-19T07:24:00+00:00,P4,resolved,Digital Operations,Patient Operations Portal,svc-patient-portal,availability,1.4,False,application_error,2026-07-19T07:24:00+00:00
INC-202602392,INC-202602392,2026-07-19T08:00:00+00:00,2026-07-19T13:00:00+00:00,P1,resolved,Service Desk,Order Management,svc-order-mgmt,availability,5.0,False,application_error,2026-07-19T13:00:00+00:00
INC-202602393,INC-202602393,2026-07-19T10:00:00+00:00,2026-07-19T12:36:00+00:00,P2,resolved,Service Desk,Identity Gateway,svc-identity-gateway,authentication,2.6,False,application_error,2026-07-19T12:36:00+00:00
INC-202602394,INC-202602394,2026-07-19T12:00:00+00:00,2026-07-19T13:00:00+00:00,P3,resolved,Digital Operations,Patient Operations Portal,svc-patient-portal,availability,1.0,False,application_error,2026-07-19T13:00:00+00:00
INC-202602395,INC-202602395,2026-07-19T14:00:00+00:00,2026-07-19T15:06:00+00:00,P4,resolved,Service Desk,Order Management,svc-order-mgmt,availability,1.1,False,application_error,2026-07-19T15:06:00+00:00
INC-202602396,INC-202602396,2026-07-19T16:00:00+00:00,2026-07-19T20:42:00+00:00,P1,resolved,Service Desk,Identity Gateway,svc-identity-gateway,authentication,4.7,False,application_error,2026-07-19T20:42:00+00:00
INC-202602397,INC-202602397,2026-07-19T18:00:00+00:00,2026-07-19T20:18:00+00:00,P2,resolved,Digital Operations,Patient Operations Portal,svc-patient-portal,availability,2.3,False,certificate_expiry,2026-07-19T20:18:00+00:00
INC-202602398,INC-202602398,2026-07-19T20:00:00+00:00,2026-07-19T21:24:00+00:00,P3,resolved,Service Desk,Order Management,svc-order-mgmt,availability,1.4,False,application_error,2026-07-19T21:24:00+00:00
INC-202602399,INC-202602399,2026-07-19T22:00:00+00:00,2026-07-19T23:30:00+00:00,P4,resolved,Service Desk,Identity Gateway,svc-identity-gateway,authentication,1.5,False,application_error,2026-07-19T23:30:00+00:00
INC-202602400,INC-202602400,2026-07-20T00:00:00+00:00,2026-07-20T05:06:00+00:00,P1,resolved,Digital Operations,Patient Operations Portal,svc-patient-portal,availability,5.1,True,application_error,2026-07-20T05:06:00+00:00
INC-202602401,INC-202602401,2026-07-20T02:00:00+00:00,2026-07-20T04:00:00+00:00,P2,resolved,Service Desk,Order Management,svc-order-mgmt,availability,2.0,False,application_error,2026-07-20T04:00:00+00:00
INC-202602402,INC-202602402,2026-07-20T04:00:00+00:00,2026-07-20T05:06:00+00:00,P3,resolved,Service Desk,Identity Gateway,svc-identity-gateway,authentication,1.1,False,application_error,2026-07-20T05:06:00+00:00
INC-202602403,INC-202602403,2026-07-20T06:00:00+00:00,2026-07-20T07:12:00+00:00,P4,resolved,Digital Operations,Patient Operations Portal,svc-patient-portal,availability,1.2,False,application_error,2026-07-20T07:12:00+00:00
INC-202602404,INC-202602404,2026-07-20T08:00:00+00:00,2026-07-20T12:48:00+00:00,P1,resolved,Service Desk,Order Management,svc-order-mgmt,availability,4.8,False,application_error,2026-07-20T12:48:00+00:00
INC-202602405,INC-202602405,2026-07-20T10:00:00+00:00,2026-07-20T12:24:00+00:00,P2,resolved,Service Desk,Identity Gateway,svc-identity-gateway,authentication,2.4,False,application_error,2026-07-20T12:24:00+00:00
INC-202602406,INC-202602406,2026-07-20T12:00:00+00:00,2026-07-20T13:30:00+00:00,P3,resolved,Digital Operations,Patient Operations Portal,svc-patient-portal,availability,1.5,False,application_error,2026-07-20T13:30:00+00:00
INC-202602407,INC-202602407,2026-07-20T14:00:00+00:00,2026-07-20T15:36:00+00:00,P4,resolved,Service Desk,Order Management,svc-order-mgmt,availability,1.6,False,application_error,2026-07-20T15:36:00+00:00
INC-202602408,INC-202602408,2026-07-20T16:00:00+00:00,2026-07-20T20:30:00+00:00,P1,resolved,Service Desk,Identity Gateway,svc-identity-gateway,authentication,4.5,False,application_error,2026-07-20T20:30:00+00:00
INC-202602409,INC-202602409,2026-07-20T18:00:00+00:00,2026-07-20T20:06:00+00:00,P2,resolved,Digital Operations,Patient Operations Portal,svc-patient-portal,availability,2.1,False,application_error,2026-07-20T20:06:00+00:00
INC-202602410,INC-202602410,2026-07-20T20:00:00+00:00,2026-07-20T21:12:00+00:00,P3,resolved,Service Desk,Order Management,svc-order-mgmt,availability,1.2,False,application_error,2026-07-20T21:12:00+00:00
INC-202602411,INC-202602411,2026-07-20T22:00:00+00:00,2026-07-20T23:18:00+00:00,P4,resolved,Service Desk,Identity Gateway,svc-identity-gateway,authentication,1.3,False,application_error,2026-07-20T23:18:00+00:00
INC-202602412,INC-202602412,2026-07-21T00:00:00+00:00,2026-07-21T04:54:00+00:00,P1,resolved,Digital Operations,Patient Operations Portal,svc-patient-portal,availability,4.9,False,application_error,2026-07-21T04:54:00+00:00
INC-202602413,INC-202602413,2026-07-21T02:00:00+00:00,2026-07-21T04:30:00+00:00,P2,resolved,Service Desk,Order Management,svc-order-mgmt,availability,2.5,False,application_error,2026-07-21T04:30:00+00:00
INC-202602414,INC-202602414,2026-07-21T04:00:00+00:00,2026-07-21T05:36:00+00:00,P3,resolved,Service Desk,Identity Gateway,svc-identity-gateway,authentication,1.6,False,certificate_expiry,2026-07-21T05:36:00+00:00
INC-202602415,INC-202602415,2026-07-21T06:00:00+00:00,2026-07-21T07:00:00+00:00,P4,resolved,Digital Operations,Patient Operations Portal,svc-patient-portal,availability,1.0,False,application_error,2026-07-21T07:00:00+00:00
INC-202602416,INC-202602416,2026-07-21T08:00:00+00:00,2026-07-21T12:36:00+00:00,P1,resolved,Service Desk,Order Management,svc-order-mgmt,availability,4.6,False,application_error,2026-07-21T12:36:00+00:00
INC-202602417,INC-202602417,2026-07-21T10:00:00+00:00,2026-07-21T12:12:00+00:00,P2,resolved,Service Desk,Identity Gateway,svc-identity-gateway,authentication,2.2,False,application_error,2026-07-21T12:12:00+00:00
INC-202602418,INC-202602418,2026-07-21T12:00:00+00:00,2026-07-21T13:18:00+00:00,P3,resolved,Digital Operations,Patient Operations Portal,svc-patient-portal,availability,1.3,False,application_error,2026-07-21T13:18:00+00:00
INC-202602419,INC-202602419,2026-07-21T14:00:00+00:00,2026-07-21T15:24:00+00:00,P4,resolved,Service Desk,Order Management,svc-order-mgmt,availability,1.4,False,application_error,2026-07-21T15:24:00+00:00
INC-202602420,INC-202602420,2026-07-21T16:00:00+00:00,2026-07-21T21:00:00+00:00,P1,resolved,Service Desk,Identity Gateway,svc-identity-gateway,authentication,5.0,True,application_error,2026-07-21T21:00:00+00:00
INC-202602421,INC-202602421,2026-07-21T18:00:00+00:00,2026-07-21T20:36:00+00:00,P2,resolved,Digital Operations,Patient Operations Portal,svc-patient-portal,availability,2.6,False,application_error,2026-07-21T20:36:00+00:00
INC-202602422,INC-202602422,2026-07-21T20:00:00+00:00,2026-07-21T21:00:00+00:00,P3,resolved,Service Desk,Order Management,svc-order-mgmt,availability,1.0,False,application_error,2026-07-21T21:00:00+00:00
INC-202602423,INC-202602423,2026-07-21T22:00:00+00:00,2026-07-21T23:06:00+00:00,P4,resolved,Service Desk,Identity Gateway,svc-identity-gateway,authentication,1.1,False,application_error,2026-07-21T23:06:00+00:00
INC-202602424,INC-202602424,2026-07-22T00:00:00+00:00,2026-07-22T04:42:00+00:00,P1,resolved,Digital Operations,Patient Operations Portal,svc-patient-portal,availability,4.7,False,application_error,2026-07-22T04:42:00+00:00
INC-202602425,INC-202602425,2026-07-22T02:00:00+00:00,2026-07-22T04:18:00+00:00,P2,resolved,Service Desk,Order Management,svc-order-mgmt,availability,2.3,False,application_error,2026-07-22T04:18:00+00:00
INC-202602426,INC-202602426,2026-07-22T04:00:00+00:00,2026-07-22T05:24:00+00:00,P3,resolved,Service Desk,Identity Gateway,svc-identity-gateway,authentication,1.4,False,application_error,2026-07-22T05:24:00+00:00
INC-202602427,INC-202602427,2026-07-22T06:00:00+00:00,2026-07-22T07:30:00+00:00,P4,resolved,Digital Operations,Patient Operations Portal,svc-patient-portal,availability,1.5,False,application_error,2026-07-22T07:30:00+00:00
INC-202602428,INC-202602428,2026-07-22T08:00:00+00:00,2026-07-22T13:06:00+00:00,P1,resolved,Service Desk,Order Management,svc-order-mgmt,availability,5.1,False,application_error,2026-07-22T13:06:00+00:00
INC-202602429,INC-202602429,2026-07-22T10:00:00+00:00,2026-07-22T12:00:00+00:00,P2,resolved,Service Desk,Identity Gateway,svc-identity-gateway,authentication,2.0,False,application_error,2026-07-22T12:00:00+00:00
INC-202602430,INC-202602430,2026-07-22T12:00:00+00:00,2026-07-22T13:06:00+00:00,P3,resolved,Digital Operations,Patient Operations Portal,svc-patient-portal,availability,1.1,False,application_error,2026-07-22T13:06:00+00:00
INC-202602431,INC-202602431,2026-07-22T14:00:00+00:00,2026-07-22T15:12:00+00:00,P4,resolved,Service Desk,Order Management,svc-order-mgmt,availability,1.2,False,certificate_expiry,2026-07-22T15:12:00+00:00
INC-202602432,INC-202602432,2026-07-22T16:00:00+00:00,2026-07-22T20:48:00+00:00,P1,resolved,Service Desk,Identity Gateway,svc-identity-gateway,authentication,4.8,False,application_error,2026-07-22T20:48:00+00:00
INC-202602433,INC-202602433,2026-07-22T18:00:00+00:00,2026-07-22T20:24:00+00:00,P2,resolved,Digital Operations,Patient Operations Portal,svc-patient-portal,availability,2.4,False,application_error,2026-07-22T20:24:00+00:00
INC-202602434,INC-202602434,2026-07-22T20:00:00+00:00,2026-07-22T21:30:00+00:00,P3,resolved,Service Desk,Order Management,svc-order-mgmt,availability,1.5,False,application_error,2026-07-22T21:30:00+00:00
INC-202602435,INC-202602435,2026-07-22T22:00:00+00:00,2026-07-22T23:36:00+00:00,P4,resolved,Service Desk,Identity Gateway,svc-identity-gateway,authentication,1.6,False,application_error,2026-07-22T23:36:00+00:00
INC-202602436,INC-202602436,2026-07-23T00:00:00+00:00,2026-07-23T04:30:00+00:00,P1,resolved,Digital Operations,Patient Operations Portal,svc-patient-portal,availability,4.5,False,application_error,2026-07-23T04:30:00+00:00
INC-202602437,INC-202602437,2026-07-23T02:00:00+00:00,2026-07-23T04:06:00+00:00,P2,resolved,Service Desk,Order Management,svc-order-mgmt,availability,2.1,False,application_error,2026-07-23T04:06:00+00:00
INC-202602438,INC-202602438,2026-07-23T04:00:00+00:00,2026-07-23T05:12:00+00:00,P3,resolved,Service Desk,Identity Gateway,svc-identity-gateway,authentication,1.2,False,application_error,2026-07-23T05:12:00+00:00
INC-202602439,INC-202602439,2026-07-23T06:00:00+00:00,2026-07-23T07:18:00+00:00,P4,resolved,Digital Operations,Patient Operations Portal,svc-patient-portal,availability,1.3,False,application_error,2026-07-23T07:18:00+00:00
INC-202602440,INC-202602440,2026-07-23T08:00:00+00:00,2026-07-23T12:54:00+00:00,P1,resolved,Service Desk,Order Management,svc-order-mgmt,availability,4.9,True,application_error,2026-07-23T12:54:00+00:00
INC-202602441,INC-202602441,2026-07-23T10:00:00+00:00,2026-07-23T12:30:00+00:00,P2,resolved,Service Desk,Identity Gateway,svc-identity-gateway,authentication,2.5,False,application_error,2026-07-23T12:30:00+00:00
INC-202602442,INC-202602442,2026-07-23T12:00:00+00:00,2026-07-23T13:36:00+00:00,P3,resolved,Digital Operations,Patient Operations Portal,svc-patient-portal,availability,1.6,False,application_error,2026-07-23T13:36:00+00:00
INC-202602443,INC-202602443,2026-07-23T14:00:00+00:00,2026-07-23T15:00:00+00:00,P4,resolved,Service Desk,Order Management,svc-order-mgmt,availability,1.0,False,application_error,2026-07-23T15:00:00+00:00
INC-202602444,INC-202602444,2026-07-23T16:00:00+00:00,2026-07-23T20:36:00+00:00,P1,resolved,Service Desk,Identity Gateway,svc-identity-gateway,authentication,4.6,False,application_error,2026-07-23T20:36:00+00:00
INC-202602445,INC-202602445,2026-07-23T18:00:00+00:00,2026-07-23T20:12:00+00:00,P2,resolved,Digital Operations,Patient Operations Portal,svc-patient-portal,availability,2.2,False,application_error,2026-07-23T20:12:00+00:00
INC-202602446,INC-202602446,2026-07-23T20:00:00+00:00,2026-07-23T21:18:00+00:00,P3,resolved,Service Desk,Order Management,svc-order-mgmt,availability,1.3,False,application_error,2026-07-23T21:18:00+00:00
INC-202602447,INC-202602447,2026-07-23T22:00:00+00:00,2026-07-23T23:24:00+00:00,P4,resolved,Service Desk,Identity Gateway,svc-identity-gateway,authentication,1.4,False,application_error,2026-07-23T23:24:00+00:00
INC-202602448,INC-202602448,2026-07-24T00:00:00+00:00,2026-07-24T05:00:00+00:00,P1,resolved,Digital Operations,Patient Operations Portal,svc-patient-portal,availability,5.0,False,certificate_expiry,2026-07-24T05:00:00+00:00
INC-202602449,INC-202602449,2026-07-24T02:00:00+00:00,2026-07-24T04:36:00+00:00,P2,resolved,Service Desk,Order Management,svc-order-mgmt,availability,2.6,False,application_error,2026-07-24T04:36:00+00:00
INC-202602450,INC-202602450,2026-07-24T04:00:00+00:00,2026-07-24T05:00:00+00:00,P3,resolved,Service Desk,Identity Gateway,svc-identity-gateway,authentication,1.0,False,application_error,2026-07-24T05:00:00+00:00
INC-202602451,INC-202602451,2026-07-24T06:00:00+00:00,2026-07-24T07:06:00+00:00,P4,resolved,Digital Operations,Patient Operations Portal,svc-patient-portal,availability,1.1,False,application_error,2026-07-24T07:06:00+00:00
INC-202602452,INC-202602452,2026-07-24T08:00:00+00:00,2026-07-24T12:42:00+00:00,P1,resolved,Service Desk,Order Management,svc-order-mgmt,availability,4.7,False,application_error,2026-07-24T12:42:00+00:00
INC-202602453,INC-202602453,2026-07-24T10:00:00+00:00,2026-07-24T12:18:00+00:00,P2,resolved,Service Desk,Identity Gateway,svc-identity-gateway,authentication,2.3,False,application_error,2026-07-24T12:18:00+00:00
INC-202602454,INC-202602454,2026-07-24T12:00:00+00:00,2026-07-24T13:24:00+00:00,P3,resolved,Digital Operations,Patient Operations Portal,svc-patient-portal,availability,1.4,False,application_error,2026-07-24T13:24:00+00:00
INC-202602455,INC-202602455,2026-07-24T14:00:00+00:00,2026-07-24T15:30:00+00:00,P4,resolved,Service Desk,Order Management,svc-order-mgmt,availability,1.5,False,application_error,2026-07-24T15:30:00+00:00
INC-202602456,INC-202602456,2026-07-24T16:00:00+00:00,2026-07-24T21:06:00+00:00,P1,resolved,Service Desk,Identity Gateway,svc-identity-gateway,authentication,5.1,False,application_error,2026-07-24T21:06:00+00:00
INC-202602457,INC-202602457,2026-07-24T18:00:00+00:00,2026-07-24T20:00:00+00:00,P2,resolved,Digital Operations,Patient Operations Portal,svc-patient-portal,availability,2.0,False,application_error,2026-07-24T20:00:00+00:00
INC-202602458,INC-202602458,2026-07-24T20:00:00+00:00,2026-07-24T21:06:00+00:00,P3,resolved,Service Desk,Order Management,svc-order-mgmt,availability,1.1,False,application_error,2026-07-24T21:06:00+00:00
INC-202602459,INC-202602459,2026-07-24T22:00:00+00:00,2026-07-24T23:12:00+00:00,P4,resolved,Service Desk,Identity Gateway,svc-identity-gateway,authentication,1.2,False,application_error,2026-07-24T23:12:00+00:00
INC-202602460,INC-202602460,2026-07-25T00:00:00+00:00,2026-07-25T04:48:00+00:00,P1,resolved,Digital Operations,Patient Operations Portal,svc-patient-portal,availability,4.8,True,application_error,2026-07-25T04:48:00+00:00
INC-202602461,INC-202602461,2026-07-25T02:00:00+00:00,2026-07-25T04:24:00+00:00,P2,resolved,Service Desk,Order Management,svc-order-mgmt,availability,2.4,False,application_error,2026-07-25T04:24:00+00:00
INC-202602462,INC-202602462,2026-07-25T04:00:00+00:00,2026-07-25T05:30:00+00:00,P3,resolved,Service Desk,Identity Gateway,svc-identity-gateway,authentication,1.5,False,application_error,2026-07-25T05:30:00+00:00
INC-202602463,INC-202602463,2026-07-25T06:00:00+00:00,2026-07-25T07:36:00+00:00,P4,resolved,Digital Operations,Patient Operations Portal,svc-patient-portal,availability,1.6,False,application_error,2026-07-25T07:36:00+00:00
INC-202602464,INC-202602464,2026-07-25T08:00:00+00:00,2026-07-25T12:30:00+00:00,P1,resolved,Service Desk,Order Management,svc-order-mgmt,availability,4.5,False,application_error,2026-07-25T12:30:00+00:00
INC-202602465,INC-202602465,2026-07-25T10:00:00+00:00,2026-07-25T12:06:00+00:00,P2,resolved,Service Desk,Identity Gateway,svc-identity-gateway,authentication,2.1,False,certificate_expiry,2026-07-25T12:06:00+00:00
INC-202602466,INC-202602466,2026-07-25T12:00:00+00:00,2026-07-25T13:12:00+00:00,P3,resolved,Digital Operations,Patient Operations Portal,svc-patient-portal,availability,1.2,False,application_error,2026-07-25T13:12:00+00:00
INC-202602467,INC-202602467,2026-07-25T14:00:00+00:00,2026-07-25T15:18:00+00:00,P4,resolved,Service Desk,Order Management,svc-order-mgmt,availability,1.3,False,application_error,2026-07-25T15:18:00+00:00
INC-202602468,INC-202602468,2026-07-25T16:00:00+00:00,2026-07-25T20:54:00+00:00,P1,resolved,Service Desk,Identity Gateway,svc-identity-gateway,authentication,4.9,False,application_error,2026-07-25T20:54:00+00:00
INC-202602469,INC-202602469,2026-07-25T18:00:00+00:00,2026-07-25T20:30:00+00:00,P2,resolved,Digital Operations,Patient Operations Portal,svc-patient-portal,availability,2.5,False,application_error,2026-07-25T20:30:00+00:00
INC-202602470,INC-202602470,2026-07-25T20:00:00+00:00,2026-07-25T21:36:00+00:00,P3,resolved,Service Desk,Order Management,svc-order-mgmt,availability,1.6,False,application_error,2026-07-25T21:36:00+00:00
INC-202602471,INC-202602471,2026-07-25T22:00:00+00:00,2026-07-25T23:00:00+00:00,P4,resolved,Service Desk,Identity Gateway,svc-identity-gateway,authentication,1.0,False,application_error,2026-07-25T23:00:00+00:00
INC-202602472,INC-202602472,2026-07-26T00:00:00+00:00,2026-07-26T04:36:00+00:00,P1,resolved,Digital Operations,Patient Operations Portal,svc-patient-portal,availability,4.6,False,application_error,2026-07-26T04:36:00+00:00
INC-202602473,INC-202602473,2026-07-26T02:00:00+00:00,2026-07-26T04:12:00+00:00,P2,resolved,Service Desk,Order Management,svc-order-mgmt,availability,2.2,False,application_error,2026-07-26T04:12:00+00:00
INC-202602474,INC-202602474,2026-07-26T04:00:00+00:00,2026-07-26T05:18:00+00:00,P3,resolved,Service Desk,Identity Gateway,svc-identity-gateway,authentication,1.3,False,application_error,2026-07-26T05:18:00+00:00
INC-202602475,INC-202602475,2026-07-26T06:00:00+00:00,2026-07-26T07:24:00+00:00,P4,resolved,Digital Operations,Patient Operations Portal,svc-patient-portal,availability,1.4,False,application_error,2026-07-26T07:24:00+00:00
INC-202602476,INC-202602476,2026-07-26T08:00:00+00:00,2026-07-26T13:00:00+00:00,P1,resolved,Service Desk,Order Management,svc-order-mgmt,availability,5.0,False,application_error,2026-07-26T13:00:00+00:00
INC-202602477,INC-202602477,2026-07-26T10:00:00+00:00,2026-07-26T12:36:00+00:00,P2,resolved,Service Desk,Identity Gateway,svc-identity-gateway,authentication,2.6,False,application_error,2026-07-26T12:36:00+00:00
INC-202602478,INC-202602478,2026-07-26T12:00:00+00:00,2026-07-26T13:00:00+00:00,P3,resolved,Digital Operations,Patient Operations Portal,svc-patient-portal,availability,1.0,False,application_error,2026-07-26T13:00:00+00:00
INC-202602479,INC-202602479,2026-07-26T14:00:00+00:00,2026-07-26T15:06:00+00:00,P4,resolved,Service Desk,Order Management,svc-order-mgmt,availability,1.1,False,application_error,2026-07-26T15:06:00+00:00
INC-202602480,INC-202602480,2026-07-26T16:00:00+00:00,2026-07-26T20:42:00+00:00,P1,resolved,Service Desk,Identity Gateway,svc-identity-gateway,authentication,4.7,True,application_error,2026-07-26T20:42:00+00:00
INC-202602481,INC-202602481,2026-07-26T18:00:00+00:00,2026-07-26T20:18:00+00:00,P2,resolved,Digital Operations,Patient Operations Portal,svc-patient-portal,availability,2.3,False,application_error,2026-07-26T20:18:00+00:00
INC-202602482,INC-202602482,2026-07-26T20:00:00+00:00,2026-07-26T21:24:00+00:00,P3,resolved,Service Desk,Order Management,svc-order-mgmt,availability,1.4,False,certificate_expiry,2026-07-26T21:24:00+00:00
INC-202602483,INC-202602483,2026-07-26T22:00:00+00:00,2026-07-26T23:30:00+00:00,P4,resolved,Service Desk,Identity Gateway,svc-identity-gateway,authentication,1.5,False,application_error,2026-07-26T23:30:00+00:00
INC-202602484,INC-202602484,2026-07-27T00:00:00+00:00,2026-07-27T05:06:00+00:00,P1,resolved,Digital Operations,Patient Operations Portal,svc-patient-portal,availability,5.1,False,application_error,2026-07-27T05:06:00+00:00
INC-202602485,INC-202602485,2026-07-27T02:00:00+00:00,2026-07-27T04:00:00+00:00,P2,resolved,Service Desk,Order Management,svc-order-mgmt,availability,2.0,False,application_error,2026-07-27T04:00:00+00:00
INC-202602486,INC-202602486,2026-07-27T04:00:00+00:00,2026-07-27T05:06:00+00:00,P3,resolved,Service Desk,Identity Gateway,svc-identity-gateway,authentication,1.1,False,application_error,2026-07-27T05:06:00+00:00
INC-202602487,INC-202602487,2026-07-27T06:00:00+00:00,2026-07-27T07:12:00+00:00,P4,resolved,Digital Operations,Patient Operations Portal,svc-patient-portal,availability,1.2,False,application_error,2026-07-27T07:12:00+00:00
INC-202602488,INC-202602488,2026-07-27T08:00:00+00:00,2026-07-27T12:48:00+00:00,P1,resolved,Service Desk,Order Management,svc-order-mgmt,availability,4.8,False,application_error,2026-07-27T12:48:00+00:00
INC-202602489,INC-202602489,2026-07-27T10:00:00+00:00,2026-07-27T12:24:00+00:00,P2,resolved,Service Desk,Identity Gateway,svc-identity-gateway,authentication,2.4,False,application_error,2026-07-27T12:24:00+00:00
INC-202602490,INC-202602490,2026-07-27T12:00:00+00:00,2026-07-27T13:30:00+00:00,P3,resolved,Digital Operations,Patient Operations Portal,svc-patient-portal,availability,1.5,False,application_error,2026-07-27T13:30:00+00:00
INC-202602491,INC-202602491,2026-07-27T14:00:00+00:00,2026-07-27T15:36:00+00:00,P4,resolved,Service Desk,Order Management,svc-order-mgmt,availability,1.6,False,application_error,2026-07-27T15:36:00+00:00
INC-202602492,INC-202602492,2026-07-27T16:00:00+00:00,2026-07-27T20:30:00+00:00,P1,resolved,Service Desk,Identity Gateway,svc-identity-gateway,authentication,4.5,False,application_error,2026-07-27T20:30:00+00:00
INC-202602493,INC-202602493,2026-07-27T18:00:00+00:00,2026-07-27T20:06:00+00:00,P2,resolved,Digital Operations,Patient Operations Portal,svc-patient-portal,availability,2.1,False,application_error,2026-07-27T20:06:00+00:00
INC-202602494,INC-202602494,2026-07-27T20:00:00+00:00,2026-07-27T21:12:00+00:00,P3,resolved,Service Desk,Order Management,svc-order-mgmt,availability,1.2,False,application_error,2026-07-27T21:12:00+00:00
INC-202602495,INC-202602495,2026-07-27T22:00:00+00:00,2026-07-27T23:18:00+00:00,P4,resolved,Service Desk,Identity Gateway,svc-identity-gateway,authentication,1.3,False,application_error,2026-07-27T23:18:00+00:00
INC-202602496,INC-202602496,2026-07-28T00:00:00+00:00,2026-07-28T04:54:00+00:00,P1,resolved,Digital Operations,Patient Operations Portal,svc-patient-portal,availability,4.9,False,application_error,2026-07-28T04:54:00+00:00
INC-202602497,INC-202602497,2026-07-28T02:00:00+00:00,2026-07-28T04:30:00+00:00,P2,resolved,Service Desk,Order Management,svc-order-mgmt,availability,2.5,False,application_error,2026-07-28T04:30:00+00:00
INC-202602498,INC-202602498,2026-07-28T04:00:00+00:00,2026-07-28T05:36:00+00:00,P3,resolved,Service Desk,Identity Gateway,svc-identity-gateway,authentication,1.6,False,application_error,2026-07-28T05:36:00+00:00
INC-202602499,INC-202602499,2026-07-28T06:00:00+00:00,2026-07-28T07:00:00+00:00,P4,resolved,Digital Operations,Patient Operations Portal,svc-patient-portal,availability,1.0,False,certificate_expiry,2026-07-28T07:00:00+00:00
INC-202602500,INC-202602500,2026-07-28T08:00:00+00:00,2026-07-28T12:36:00+00:00,P1,resolved,Service Desk,Order Management,svc-order-mgmt,availability,4.6,True,application_error,2026-07-28T12:36:00+00:00
INC-202602501,INC-202602501,2026-07-28T10:00:00+00:00,2026-07-28T12:12:00+00:00,P2,resolved,Service Desk,Identity Gateway,svc-identity-gateway,authentication,2.2,False,application_error,2026-07-28T12:12:00+00:00
INC-202602502,INC-202602502,2026-07-28T12:00:00+00:00,2026-07-28T13:18:00+00:00,P3,resolved,Digital Operations,Patient Operations Portal,svc-patient-portal,availability,1.3,False,application_error,2026-07-28T13:18:00+00:00
INC-202602503,INC-202602503,2026-07-28T14:00:00+00:00,2026-07-28T15:24:00+00:00,P4,resolved,Service Desk,Order Management,svc-order-mgmt,availability,1.4,False,application_error,2026-07-28T15:24:00+00:00
INC-202602504,INC-202602504,2026-07-28T16:00:00+00:00,2026-07-28T21:00:00+00:00,P1,resolved,Service Desk,Identity Gateway,svc-identity-gateway,authentication,5.0,False,application_error,2026-07-28T21:00:00+00:00
INC-202602505,INC-202602505,2026-07-28T18:00:00+00:00,2026-07-28T20:36:00+00:00,P2,resolved,Digital Operations,Patient Operations Portal,svc-patient-portal,availability,2.6,False,application_error,2026-07-28T20:36:00+00:00
INC-202602506,INC-202602506,2026-07-28T20:00:00+00:00,2026-07-28T21:00:00+00:00,P3,resolved,Service Desk,Order Management,svc-order-mgmt,availability,1.0,False,application_error,2026-07-28T21:00:00+00:00
INC-202602507,INC-202602507,2026-07-28T22:00:00+00:00,2026-07-28T23:06:00+00:00,P4,resolved,Service Desk,Identity Gateway,svc-identity-gateway,authentication,1.1,False,application_error,2026-07-28T23:06:00+00:00
INC-202602508,INC-202602508,2026-07-29T00:00:00+00:00,2026-07-29T04:42:00+00:00,P1,resolved,Digital Operations,Patient Operations Portal,svc-patient-portal,availability,4.7,False,application_error,2026-07-29T04:42:00+00:00
INC-202602509,INC-202602509,2026-07-29T02:00:00+00:00,2026-07-29T04:18:00+00:00,P2,resolved,Service Desk,Order Management,svc-order-mgmt,availability,2.3,False,application_error,2026-07-29T04:18:00+00:00
INC-202602510,INC-202602510,2026-07-29T04:00:00+00:00,2026-07-29T05:24:00+00:00,P3,resolved,Service Desk,Identity Gateway,svc-identity-gateway,authentication,1.4,False,application_error,2026-07-29T05:24:00+00:00
INC-202602511,INC-202602511,2026-07-29T06:00:00+00:00,2026-07-29T07:30:00+00:00,P4,resolved,Digital Operations,Patient Operations Portal,svc-patient-portal,availability,1.5,False,application_error,2026-07-29T07:30:00+00:00
INC-202602512,INC-202602512,2026-07-29T08:00:00+00:00,2026-07-29T13:06:00+00:00,P1,resolved,Service Desk,Order Management,svc-order-mgmt,availability,5.1,False,application_error,2026-07-29T13:06:00+00:00
INC-202602513,INC-202602513,2026-07-29T10:00:00+00:00,2026-07-29T12:00:00+00:00,P2,resolved,Service Desk,Identity Gateway,svc-identity-gateway,authentication,2.0,False,application_error,2026-07-29T12:00:00+00:00
INC-202602514,INC-202602514,2026-07-29T12:00:00+00:00,2026-07-29T13:06:00+00:00,P3,resolved,Digital Operations,Patient Operations Portal,svc-patient-portal,availability,1.1,False,application_error,2026-07-29T13:06:00+00:00
INC-202602515,INC-202602515,2026-07-29T14:00:00+00:00,2026-07-29T15:12:00+00:00,P4,resolved,Service Desk,Order Management,svc-order-mgmt,availability,1.2,False,application_error,2026-07-29T15:12:00+00:00
INC-202602516,INC-202602516,2026-07-29T16:00:00+00:00,2026-07-29T20:48:00+00:00,P1,resolved,Service Desk,Identity Gateway,svc-identity-gateway,authentication,4.8,False,certificate_expiry,2026-07-29T20:48:00+00:00
INC-202602517,INC-202602517,2026-07-29T18:00:00+00:00,2026-07-29T20:24:00+00:00,P2,resolved,Digital Operations,Patient Operations Portal,svc-patient-portal,availability,2.4,False,application_error,2026-07-29T20:24:00+00:00
INC-202602518,INC-202602518,2026-07-29T20:00:00+00:00,2026-07-29T21:30:00+00:00,P3,resolved,Service Desk,Order Management,svc-order-mgmt,availability,1.5,False,application_error,2026-07-29T21:30:00+00:00
INC-202602519,INC-202602519,2026-07-29T22:00:00+00:00,2026-07-29T23:36:00+00:00,P4,resolved,Service Desk,Identity Gateway,svc-identity-gateway,authentication,1.6,False,application_error,2026-07-29T23:36:00+00:00
INC-202602520,INC-202602520,2026-07-30T00:00:00+00:00,2026-07-30T04:30:00+00:00,P1,resolved,Digital Operations,Patient Operations Portal,svc-patient-portal,availability,4.5,True,application_error,2026-07-30T04:30:00+00:00
INC-202602521,INC-202602521,2026-07-30T02:00:00+00:00,2026-07-30T04:06:00+00:00,P2,resolved,Service Desk,Order Management,svc-order-mgmt,availability,2.1,False,application_error,2026-07-30T04:06:00+00:00
INC-202602522,INC-202602522,2026-07-30T04:00:00+00:00,2026-07-30T05:12:00+00:00,P3,resolved,Service Desk,Identity Gateway,svc-identity-gateway,authentication,1.2,False,application_error,2026-07-30T05:12:00+00:00
INC-202602523,INC-202602523,2026-07-30T06:00:00+00:00,2026-07-30T07:18:00+00:00,P4,resolved,Digital Operations,Patient Operations Portal,svc-patient-portal,availability,1.3,False,application_error,2026-07-30T07:18:00+00:00
INC-202602524,INC-202602524,2026-07-30T08:00:00+00:00,2026-07-30T12:54:00+00:00,P1,resolved,Service Desk,Order Management,svc-order-mgmt,availability,4.9,False,application_error,2026-07-30T12:54:00+00:00
INC-202602525,INC-202602525,2026-07-30T10:00:00+00:00,2026-07-30T12:30:00+00:00,P2,resolved,Service Desk,Identity Gateway,svc-identity-gateway,authentication,2.5,False,application_error,2026-07-30T12:30:00+00:00
INC-202602526,INC-202602526,2026-07-30T12:00:00+00:00,2026-07-30T13:36:00+00:00,P3,resolved,Digital Operations,Patient Operations Portal,svc-patient-portal,availability,1.6,False,application_error,2026-07-30T13:36:00+00:00
INC-202602527,INC-202602527,2026-07-30T14:00:00+00:00,2026-07-30T15:00:00+00:00,P4,resolved,Service Desk,Order Management,svc-order-mgmt,availability,1.0,False,application_error,2026-07-30T15:00:00+00:00
INC-202602528,INC-202602528,2026-07-30T16:00:00+00:00,2026-07-30T20:36:00+00:00,P1,resolved,Service Desk,Identity Gateway,svc-identity-gateway,authentication,4.6,False,application_error,2026-07-30T20:36:00+00:00
INC-202602529,INC-202602529,2026-07-30T18:00:00+00:00,2026-07-30T20:12:00+00:00,P2,resolved,Digital Operations,Patient Operations Portal,svc-patient-portal,availability,2.2,False,application_error,2026-07-30T20:12:00+00:00
INC-202602530,INC-202602530,2026-07-30T20:00:00+00:00,2026-07-30T21:18:00+00:00,P3,resolved,Service Desk,Order Management,svc-order-mgmt,availability,1.3,False,application_error,2026-07-30T21:18:00+00:00
INC-202602531,INC-202602531,2026-07-30T22:00:00+00:00,2026-07-30T23:24:00+00:00,P4,resolved,Service Desk,Identity Gateway,svc-identity-gateway,authentication,1.4,False,application_error,2026-07-30T23:24:00+00:00
INC-202602532,INC-202602532,2026-07-31T00:00:00+00:00,2026-07-31T05:00:00+00:00,P1,resolved,Digital Operations,Patient Operations Portal,svc-patient-portal,availability,5.0,False,application_error,2026-07-31T05:00:00+00:00
INC-202602533,INC-202602533,2026-07-31T02:00:00+00:00,2026-07-31T04:36:00+00:00,P2,resolved,Service Desk,Order Management,svc-order-mgmt,availability,2.6,False,certificate_expiry,2026-07-31T04:36:00+00:00
INC-202602534,INC-202602534,2026-07-31T04:00:00+00:00,2026-07-31T05:00:00+00:00,P3,resolved,Service Desk,Identity Gateway,svc-identity-gateway,authentication,1.0,False,application_error,2026-07-31T05:00:00+00:00
INC-202602535,INC-202602535,2026-07-31T06:00:00+00:00,2026-07-31T07:06:00+00:00,P4,resolved,Digital Operations,Patient Operations Portal,svc-patient-portal,availability,1.1,False,application_error,2026-07-31T07:06:00+00:00
INC-202602536,INC-202602536,2026-07-31T08:00:00+00:00,2026-07-31T12:42:00+00:00,P1,resolved,Service Desk,Order Management,svc-order-mgmt,availability,4.7,False,application_error,2026-07-31T12:42:00+00:00
INC-202602537,INC-202602537,2026-07-31T10:00:00+00:00,2026-07-31T12:18:00+00:00,P2,resolved,Service Desk,Identity Gateway,svc-identity-gateway,authentication,2.3,False,application_error,2026-07-31T12:18:00+00:00
INC-202602538,INC-202602538,2026-07-31T12:00:00+00:00,2026-07-31T13:24:00+00:00,P3,resolved,Digital Operations,Patient Operations Portal,svc-patient-portal,availability,1.4,False,application_error,2026-07-31T13:24:00+00:00
INC-202602539,INC-202602539,2026-07-31T14:00:00+00:00,2026-07-31T15:30:00+00:00,P4,resolved,Service Desk,Order Management,svc-order-mgmt,availability,1.5,False,application_error,2026-07-31T15:30:00+00:00
INC-202602540,INC-202602540,2026-07-31T16:00:00+00:00,2026-07-31T21:06:00+00:00,P1,resolved,Service Desk,Identity Gateway,svc-identity-gateway,authentication,5.1,True,application_error,2026-07-31T21:06:00+00:00
INC-202602541,INC-202602541,2026-07-31T18:00:00+00:00,2026-07-31T20:00:00+00:00,P2,resolved,Digital Operations,Patient Operations Portal,svc-patient-portal,availability,2.0,False,application_error,2026-07-31T20:00:00+00:00
INC-202602542,INC-202602542,2026-07-31T20:00:00+00:00,2026-07-31T21:06:00+00:00,P3,resolved,Service Desk,Order Management,svc-order-mgmt,availability,1.1,False,application_error,2026-07-31T21:06:00+00:00
INC-202602543,INC-202602543,2026-07-31T22:00:00+00:00,2026-07-31T23:12:00+00:00,P4,resolved,Service Desk,Identity Gateway,svc-identity-gateway,authentication,1.2,False,application_error,2026-07-31T23:12:00+00:00
INC-202602544,INC-202602544,2026-08-01T00:00:00+00:00,2026-08-01T04:48:00+00:00,P1,resolved,Digital Operations,Patient Operations Portal,svc-patient-portal,availability,4.8,False,application_error,2026-08-01T04:48:00+00:00
INC-202602545,INC-202602545,2026-08-01T02:00:00+00:00,2026-08-01T04:24:00+00:00,P2,resolved,Service Desk,Order Management,svc-order-mgmt,availability,2.4,False,application_error,2026-08-01T04:24:00+00:00
INC-202602546,INC-202602546,2026-08-01T04:00:00+00:00,2026-08-01T05:30:00+00:00,P3,resolved,Service Desk,Identity Gateway,svc-identity-gateway,authentication,1.5,False,application_error,2026-08-01T05:30:00+00:00
INC-202602547,INC-202602547,2026-08-01T06:00:00+00:00,2026-08-01T07:36:00+00:00,P4,resolved,Digital Operations,Patient Operations Portal,svc-patient-portal,availability,1.6,False,application_error,2026-08-01T07:36:00+00:00
INC-202602548,INC-202602548,2026-08-01T08:00:00+00:00,2026-08-01T12:30:00+00:00,P1,resolved,Service Desk,Order Management,svc-order-mgmt,availability,4.5,False,application_error,2026-08-01T12:30:00+00:00
INC-202602549,INC-202602549,2026-08-01T10:00:00+00:00,2026-08-01T12:06:00+00:00,P2,resolved,Service Desk,Identity Gateway,svc-identity-gateway,authentication,2.1,False,application_error,2026-08-01T12:06:00+00:00
INC-202602550,INC-202602550,2026-08-01T12:00:00+00:00,2026-08-01T13:12:00+00:00,P3,resolved,Digital Operations,Patient Operations Portal,svc-patient-portal,availability,1.2,False,certificate_expiry,2026-08-01T13:12:00+00:00
INC-202602551,INC-202602551,2026-08-01T14:00:00+00:00,2026-08-01T15:18:00+00:00,P4,resolved,Service Desk,Order Management,svc-order-mgmt,availability,1.3,False,application_error,2026-08-01T15:18:00+00:00
INC-202602552,INC-202602552,2026-08-01T16:00:00+00:00,2026-08-01T20:54:00+00:00,P1,resolved,Service Desk,Identity Gateway,svc-identity-gateway,authentication,4.9,False,application_error,2026-08-01T20:54:00+00:00
INC-202602553,INC-202602553,2026-08-01T18:00:00+00:00,2026-08-01T20:30:00+00:00,P2,resolved,Digital Operations,Patient Operations Portal,svc-patient-portal,availability,2.5,False,application_error,2026-08-01T20:30:00+00:00
INC-202602554,INC-202602554,2026-08-01T20:00:00+00:00,2026-08-01T21:36:00+00:00,P3,resolved,Service Desk,Order Management,svc-order-mgmt,availability,1.6,False,application_error,2026-08-01T21:36:00+00:00
INC-202602555,INC-202602555,2026-08-01T22:00:00+00:00,2026-08-01T23:00:00+00:00,P4,resolved,Service Desk,Identity Gateway,svc-identity-gateway,authentication,1.0,False,application_error,2026-08-01T23:00:00+00:00
INC-202602556,INC-202602556,2026-08-02T00:00:00+00:00,2026-08-02T04:36:00+00:00,P1,resolved,Digital Operations,Patient Operations Portal,svc-patient-portal,availability,4.6,False,application_error,2026-08-02T04:36:00+00:00
INC-202602557,INC-202602557,2026-08-02T02:00:00+00:00,2026-08-02T04:12:00+00:00,P2,resolved,Service Desk,Order Management,svc-order-mgmt,availability,2.2,False,application_error,2026-08-02T04:12:00+00:00
INC-202602558,INC-202602558,2026-08-02T04:00:00+00:00,2026-08-02T05:18:00+00:00,P3,resolved,Service Desk,Identity Gateway,svc-identity-gateway,authentication,1.3,False,application_error,2026-08-02T05:18:00+00:00
INC-202602559,INC-202602559,2026-08-02T06:00:00+00:00,2026-08-02T07:24:00+00:00,P4,resolved,Digital Operations,Patient Operations Portal,svc-patient-portal,availability,1.4,False,application_error,2026-08-02T07:24:00+00:00
INC-202602560,INC-202602560,2026-08-02T08:00:00+00:00,2026-08-02T13:00:00+00:00,P1,resolved,Service Desk,Order Management,svc-order-mgmt,availability,5.0,True,application_error,2026-08-02T13:00:00+00:00
INC-202602561,INC-202602561,2026-08-02T10:00:00+00:00,2026-08-02T12:36:00+00:00,P2,resolved,Service Desk,Identity Gateway,svc-identity-gateway,authentication,2.6,False,application_error,2026-08-02T12:36:00+00:00
INC-202602562,INC-202602562,2026-08-02T12:00:00+00:00,2026-08-02T13:00:00+00:00,P3,resolved,Digital Operations,Patient Operations Portal,svc-patient-portal,availability,1.0,False,application_error,2026-08-02T13:00:00+00:00
INC-202602563,INC-202602563,2026-08-02T14:00:00+00:00,2026-08-02T15:06:00+00:00,P4,resolved,Service Desk,Order Management,svc-order-mgmt,availability,1.1,False,application_error,2026-08-02T15:06:00+00:00
INC-202602564,INC-202602564,2026-08-02T16:00:00+00:00,2026-08-02T20:42:00+00:00,P1,resolved,Service Desk,Identity Gateway,svc-identity-gateway,authentication,4.7,False,application_error,2026-08-02T20:42:00+00:00
INC-202602565,INC-202602565,2026-08-02T18:00:00+00:00,2026-08-02T20:18:00+00:00,P2,resolved,Digital Operations,Patient Operations Portal,svc-patient-portal,availability,2.3,False,application_error,2026-08-02T20:18:00+00:00
INC-202602566,INC-202602566,2026-08-02T20:00:00+00:00,2026-08-02T21:24:00+00:00,P3,resolved,Service Desk,Order Management,svc-order-mgmt,availability,1.4,False,application_error,2026-08-02T21:24:00+00:00
INC-202602567,INC-202602567,2026-08-02T22:00:00+00:00,2026-08-02T23:30:00+00:00,P4,resolved,Service Desk,Identity Gateway,svc-identity-gateway,authentication,1.5,False,certificate_expiry,2026-08-02T23:30:00+00:00
INC-202602568,INC-202602568,2026-08-03T00:00:00+00:00,2026-08-03T05:06:00+00:00,P1,resolved,Digital Operations,Patient Operations Portal,svc-patient-portal,availability,5.1,False,application_error,2026-08-03T05:06:00+00:00
INC-202602569,INC-202602569,2026-08-03T02:00:00+00:00,2026-08-03T04:00:00+00:00,P2,resolved,Service Desk,Order Management,svc-order-mgmt,availability,2.0,False,application_error,2026-08-03T04:00:00+00:00
INC-202602570,INC-202602570,2026-08-03T04:00:00+00:00,2026-08-03T05:06:00+00:00,P3,resolved,Service Desk,Identity Gateway,svc-identity-gateway,authentication,1.1,False,application_error,2026-08-03T05:06:00+00:00
INC-202602571,INC-202602571,2026-08-03T06:00:00+00:00,2026-08-03T07:12:00+00:00,P4,resolved,Digital Operations,Patient Operations Portal,svc-patient-portal,availability,1.2,False,application_error,2026-08-03T07:12:00+00:00
INC-202602572,INC-202602572,2026-08-03T08:00:00+00:00,2026-08-03T12:48:00+00:00,P1,resolved,Service Desk,Order Management,svc-order-mgmt,availability,4.8,False,application_error,2026-08-03T12:48:00+00:00
INC-202602573,INC-202602573,2026-08-03T10:00:00+00:00,2026-08-03T12:24:00+00:00,P2,resolved,Service Desk,Identity Gateway,svc-identity-gateway,authentication,2.4,False,application_error,2026-08-03T12:24:00+00:00
INC-202602574,INC-202602574,2026-08-03T12:00:00+00:00,2026-08-03T13:30:00+00:00,P3,resolved,Digital Operations,Patient Operations Portal,svc-patient-portal,availability,1.5,False,application_error,2026-08-03T13:30:00+00:00
INC-202602575,INC-202602575,2026-08-03T14:00:00+00:00,2026-08-03T15:36:00+00:00,P4,resolved,Service Desk,Order Management,svc-order-mgmt,availability,1.6,False,application_error,2026-08-03T15:36:00+00:00
INC-202602576,INC-202602576,2026-08-03T16:00:00+00:00,2026-08-03T20:30:00+00:00,P1,resolved,Service Desk,Identity Gateway,svc-identity-gateway,authentication,4.5,False,application_error,2026-08-03T20:30:00+00:00
INC-202602577,INC-202602577,2026-08-03T18:00:00+00:00,2026-08-03T20:06:00+00:00,P2,resolved,Digital Operations,Patient Operations Portal,svc-patient-portal,availability,2.1,False,application_error,2026-08-03T20:06:00+00:00
INC-202602578,INC-202602578,2026-08-03T20:00:00+00:00,2026-08-03T21:12:00+00:00,P3,resolved,Service Desk,Order Management,svc-order-mgmt,availability,1.2,False,application_error,2026-08-03T21:12:00+00:00
INC-202602579,INC-202602579,2026-08-03T22:00:00+00:00,2026-08-03T23:18:00+00:00,P4,resolved,Service Desk,Identity Gateway,svc-identity-gateway,authentication,1.3,False,application_error,2026-08-03T23:18:00+00:00
INC-202602580,INC-202602580,2026-08-04T00:00:00+00:00,2026-08-04T04:54:00+00:00,P1,resolved,Digital Operations,Patient Operations Portal,svc-patient-portal,availability,4.9,True,application_error,2026-08-04T04:54:00+00:00
INC-202602581,INC-202602581,2026-08-04T02:00:00+00:00,2026-08-04T04:30:00+00:00,P2,resolved,Service Desk,Order Management,svc-order-mgmt,availability,2.5,False,application_error,2026-08-04T04:30:00+00:00
INC-202602582,INC-202602582,2026-08-04T04:00:00+00:00,2026-08-04T05:36:00+00:00,P3,resolved,Service Desk,Identity Gateway,svc-identity-gateway,authentication,1.6,False,application_error,2026-08-04T05:36:00+00:00
INC-202602583,INC-202602583,2026-08-04T06:00:00+00:00,2026-08-04T07:00:00+00:00,P4,resolved,Digital Operations,Patient Operations Portal,svc-patient-portal,availability,1.0,False,application_error,2026-08-04T07:00:00+00:00
INC-202602584,INC-202602584,2026-08-04T08:00:00+00:00,2026-08-04T12:36:00+00:00,P1,resolved,Service Desk,Order Management,svc-order-mgmt,availability,4.6,False,certificate_expiry,2026-08-04T12:36:00+00:00
INC-202602585,INC-202602585,2026-08-04T10:00:00+00:00,2026-08-04T12:12:00+00:00,P2,resolved,Service Desk,Identity Gateway,svc-identity-gateway,authentication,2.2,False,application_error,2026-08-04T12:12:00+00:00
INC-202602586,INC-202602586,2026-08-04T12:00:00+00:00,2026-08-04T13:18:00+00:00,P3,resolved,Digital Operations,Patient Operations Portal,svc-patient-portal,availability,1.3,False,application_error,2026-08-04T13:18:00+00:00
INC-202602587,INC-202602587,2026-08-04T14:00:00+00:00,2026-08-04T15:24:00+00:00,P4,resolved,Service Desk,Order Management,svc-order-mgmt,availability,1.4,False,application_error,2026-08-04T15:24:00+00:00
INC-202602588,INC-202602588,2026-08-04T16:00:00+00:00,2026-08-04T21:00:00+00:00,P1,resolved,Service Desk,Identity Gateway,svc-identity-gateway,authentication,5.0,False,application_error,2026-08-04T21:00:00+00:00
INC-202602589,INC-202602589,2026-08-04T18:00:00+00:00,2026-08-04T20:36:00+00:00,P2,resolved,Digital Operations,Patient Operations Portal,svc-patient-portal,availability,2.6,False,application_error,2026-08-04T20:36:00+00:00
INC-202602590,INC-202602590,2026-08-04T20:00:00+00:00,2026-08-04T21:00:00+00:00,P3,resolved,Service Desk,Order Management,svc-order-mgmt,availability,1.0,False,application_error,2026-08-04T21:00:00+00:00
INC-202602591,INC-202602591,2026-08-04T22:00:00+00:00,2026-08-04T23:06:00+00:00,P4,resolved,Service Desk,Identity Gateway,svc-identity-gateway,authentication,1.1,False,application_error,2026-08-04T23:06:00+00:00
INC-202602592,INC-202602592,2026-08-05T00:00:00+00:00,2026-08-05T04:42:00+00:00,P1,resolved,Digital Operations,Patient Operations Portal,svc-patient-portal,availability,4.7,False,application_error,2026-08-05T04:42:00+00:00
INC-202602593,INC-202602593,2026-08-05T02:00:00+00:00,2026-08-05T04:18:00+00:00,P2,resolved,Service Desk,Order Management,svc-order-mgmt,availability,2.3,False,application_error,2026-08-05T04:18:00+00:00
INC-202602594,INC-202602594,2026-08-05T04:00:00+00:00,2026-08-05T05:24:00+00:00,P3,resolved,Service Desk,Identity Gateway,svc-identity-gateway,authentication,1.4,False,application_error,2026-08-05T05:24:00+00:00
INC-202602595,INC-202602595,2026-08-05T06:00:00+00:00,2026-08-05T07:30:00+00:00,P4,resolved,Digital Operations,Patient Operations Portal,svc-patient-portal,availability,1.5,False,application_error,2026-08-05T07:30:00+00:00
INC-202602596,INC-202602596,2026-08-05T08:00:00+00:00,2026-08-05T13:06:00+00:00,P1,resolved,Service Desk,Order Management,svc-order-mgmt,availability,5.1,False,application_error,2026-08-05T13:06:00+00:00
INC-202602597,INC-202602597,2026-08-05T10:00:00+00:00,2026-08-05T12:00:00+00:00,P2,resolved,Service Desk,Identity Gateway,svc-identity-gateway,authentication,2.0,False,application_error,2026-08-05T12:00:00+00:00
INC-202602598,INC-202602598,2026-08-05T12:00:00+00:00,2026-08-05T13:06:00+00:00,P3,resolved,Digital Operations,Patient Operations Portal,svc-patient-portal,availability,1.1,False,application_error,2026-08-05T13:06:00+00:00
INC-202602599,INC-202602599,2026-08-05T14:00:00+00:00,2026-08-05T15:12:00+00:00,P4,resolved,Service Desk,Order Management,svc-order-mgmt,availability,1.2,False,application_error,2026-08-05T15:12:00+00:00
INC-202602600,INC-202602600,2026-08-05T16:00:00+00:00,2026-08-05T20:48:00+00:00,P1,resolved,Service Desk,Identity Gateway,svc-identity-gateway,authentication,4.8,True,application_error,2026-08-05T20:48:00+00:00
INC-202602601,INC-202602601,2026-08-05T18:00:00+00:00,2026-08-05T20:24:00+00:00,P2,resolved,Digital Operations,Patient Operations Portal,svc-patient-portal,availability,2.4,False,certificate_expiry,2026-08-05T20:24:00+00:00
INC-202602602,INC-202602602,2026-08-05T20:00:00+00:00,2026-08-05T21:30:00+00:00,P3,resolved,Service Desk,Order Management,svc-order-mgmt,availability,1.5,False,application_error,2026-08-05T21:30:00+00:00
INC-202602603,INC-202602603,2026-08-05T22:00:00+00:00,2026-08-05T23:36:00+00:00,P4,resolved,Service Desk,Identity Gateway,svc-identity-gateway,authentication,1.6,False,application_error,2026-08-05T23:36:00+00:00
INC-202602604,INC-202602604,2026-08-06T00:00:00+00:00,2026-08-06T04:30:00+00:00,P1,resolved,Digital Operations,Patient Operations Portal,svc-patient-portal,availability,4.5,False,application_error,2026-08-06T04:30:00+00:00
INC-202602605,INC-202602605,2026-08-06T02:00:00+00:00,2026-08-06T04:06:00+00:00,P2,resolved,Service Desk,Order Management,svc-order-mgmt,availability,2.1,False,application_error,2026-08-06T04:06:00+00:00
INC-202602606,INC-202602606,2026-08-06T04:00:00+00:00,2026-08-06T05:12:00+00:00,P3,resolved,Service Desk,Identity Gateway,svc-identity-gateway,authentication,1.2,False,application_error,2026-08-06T05:12:00+00:00
INC-202602607,INC-202602607,2026-08-06T06:00:00+00:00,2026-08-06T07:18:00+00:00,P4,resolved,Digital Operations,Patient Operations Portal,svc-patient-portal,availability,1.3,False,application_error,2026-08-06T07:18:00+00:00
INC-202602608,INC-202602608,2026-08-06T08:00:00+00:00,2026-08-06T12:54:00+00:00,P1,resolved,Service Desk,Order Management,svc-order-mgmt,availability,4.9,False,application_error,2026-08-06T12:54:00+00:00
INC-202602609,INC-202602609,2026-08-06T10:00:00+00:00,2026-08-06T12:30:00+00:00,P2,resolved,Service Desk,Identity Gateway,svc-identity-gateway,authentication,2.5,False,application_error,2026-08-06T12:30:00+00:00
INC-202602610,INC-202602610,2026-08-06T12:00:00+00:00,2026-08-06T13:36:00+00:00,P3,resolved,Digital Operations,Patient Operations Portal,svc-patient-portal,availability,1.6,False,application_error,2026-08-06T13:36:00+00:00
INC-202602611,INC-202602611,2026-08-06T14:00:00+00:00,2026-08-06T15:00:00+00:00,P4,resolved,Service Desk,Order Management,svc-order-mgmt,availability,1.0,False,application_error,2026-08-06T15:00:00+00:00
INC-202602612,INC-202602612,2026-08-06T16:00:00+00:00,2026-08-06T20:36:00+00:00,P1,resolved,Service Desk,Identity Gateway,svc-identity-gateway,authentication,4.6,False,application_error,2026-08-06T20:36:00+00:00
INC-202602613,INC-202602613,2026-08-06T18:00:00+00:00,2026-08-06T20:12:00+00:00,P2,resolved,Digital Operations,Patient Operations Portal,svc-patient-portal,availability,2.2,False,application_error,2026-08-06T20:12:00+00:00
INC-202602614,INC-202602614,2026-08-06T20:00:00+00:00,2026-08-06T21:18:00+00:00,P3,resolved,Service Desk,Order Management,svc-order-mgmt,availability,1.3,False,application_error,2026-08-06T21:18:00+00:00
INC-202602615,INC-202602615,2026-08-06T22:00:00+00:00,2026-08-06T23:24:00+00:00,P4,resolved,Service Desk,Identity Gateway,svc-identity-gateway,authentication,1.4,False,application_error,2026-08-06T23:24:00+00:00
INC-202602616,INC-202602616,2026-08-07T00:00:00+00:00,2026-08-07T05:00:00+00:00,P1,resolved,Digital Operations,Patient Operations Portal,svc-patient-portal,availability,5.0,False,application_error,2026-08-07T05:00:00+00:00
INC-202602617,INC-202602617,2026-08-07T02:00:00+00:00,2026-08-07T04:36:00+00:00,P2,resolved,Service Desk,Order Management,svc-order-mgmt,availability,2.6,False,application_error,2026-08-07T04:36:00+00:00
INC-202602618,INC-202602618,2026-08-07T04:00:00+00:00,2026-08-07T05:00:00+00:00,P3,resolved,Service Desk,Identity Gateway,svc-identity-gateway,authentication,1.0,False,certificate_expiry,2026-08-07T05:00:00+00:00
INC-202602619,INC-202602619,2026-08-07T06:00:00+00:00,2026-08-07T07:06:00+00:00,P4,resolved,Digital Operations,Patient Operations Portal,svc-patient-portal,availability,1.1,False,application_error,2026-08-07T07:06:00+00:00
INC-202602620,INC-202602620,2026-08-07T08:00:00+00:00,2026-08-07T12:42:00+00:00,P1,resolved,Service Desk,Order Management,svc-order-mgmt,availability,4.7,True,application_error,2026-08-07T12:42:00+00:00
INC-202602621,INC-202602621,2026-08-07T10:00:00+00:00,2026-08-07T12:18:00+00:00,P2,resolved,Service Desk,Identity Gateway,svc-identity-gateway,authentication,2.3,False,application_error,2026-08-07T12:18:00+00:00
INC-202602622,INC-202602622,2026-08-07T12:00:00+00:00,2026-08-07T13:24:00+00:00,P3,resolved,Digital Operations,Patient Operations Portal,svc-patient-portal,availability,1.4,False,application_error,2026-08-07T13:24:00+00:00
INC-202602623,INC-202602623,2026-08-07T14:00:00+00:00,2026-08-07T15:30:00+00:00,P4,resolved,Service Desk,Order Management,svc-order-mgmt,availability,1.5,False,application_error,2026-08-07T15:30:00+00:00
INC-202602624,INC-202602624,2026-08-07T16:00:00+00:00,2026-08-07T21:06:00+00:00,P1,resolved,Service Desk,Identity Gateway,svc-identity-gateway,authentication,5.1,False,application_error,2026-08-07T21:06:00+00:00
INC-202602625,INC-202602625,2026-08-07T18:00:00+00:00,2026-08-07T20:00:00+00:00,P2,resolved,Digital Operations,Patient Operations Portal,svc-patient-portal,availability,2.0,False,application_error,2026-08-07T20:00:00+00:00
INC-202602626,INC-202602626,2026-08-07T20:00:00+00:00,2026-08-07T21:06:00+00:00,P3,resolved,Service Desk,Order Management,svc-order-mgmt,availability,1.1,False,application_error,2026-08-07T21:06:00+00:00
INC-202602627,INC-202602627,2026-08-07T22:00:00+00:00,2026-08-07T23:12:00+00:00,P4,resolved,Service Desk,Identity Gateway,svc-identity-gateway,authentication,1.2,False,application_error,2026-08-07T23:12:00+00:00
INC-202602628,INC-202602628,2026-08-08T00:00:00+00:00,2026-08-08T04:48:00+00:00,P1,resolved,Digital Operations,Patient Operations Portal,svc-patient-portal,availability,4.8,False,application_error,2026-08-08T04:48:00+00:00
INC-202602629,INC-202602629,2026-08-08T02:00:00+00:00,2026-08-08T04:24:00+00:00,P2,resolved,Service Desk,Order Management,svc-order-mgmt,availability,2.4,False,application_error,2026-08-08T04:24:00+00:00
INC-202602630,INC-202602630,2026-08-08T04:00:00+00:00,2026-08-08T05:30:00+00:00,P3,resolved,Service Desk,Identity Gateway,svc-identity-gateway,authentication,1.5,False,application_error,2026-08-08T05:30:00+00:00
INC-202602631,INC-202602631,2026-08-08T06:00:00+00:00,2026-08-08T07:36:00+00:00,P4,resolved,Digital Operations,Patient Operations Portal,svc-patient-portal,availability,1.6,False,application_error,2026-08-08T07:36:00+00:00
INC-202602632,INC-202602632,2026-08-08T08:00:00+00:00,2026-08-08T12:30:00+00:00,P1,resolved,Service Desk,Order Management,svc-order-mgmt,availability,4.5,False,application_error,2026-08-08T12:30:00+00:00
INC-202602633,INC-202602633,2026-08-08T10:00:00+00:00,2026-08-08T12:06:00+00:00,P2,resolved,Service Desk,Identity Gateway,svc-identity-gateway,authentication,2.1,False,application_error,2026-08-08T12:06:00+00:00
INC-202602634,INC-202602634,2026-08-08T12:00:00+00:00,2026-08-08T13:12:00+00:00,P3,resolved,Digital Operations,Patient Operations Portal,svc-patient-portal,availability,1.2,False,application_error,2026-08-08T13:12:00+00:00
INC-202602635,INC-202602635,2026-08-08T14:00:00+00:00,2026-08-08T15:18:00+00:00,P4,resolved,Service Desk,Order Management,svc-order-mgmt,availability,1.3,False,certificate_expiry,2026-08-08T15:18:00+00:00
INC-202602636,INC-202602636,2026-08-08T16:00:00+00:00,2026-08-08T20:54:00+00:00,P1,resolved,Service Desk,Identity Gateway,svc-identity-gateway,authentication,4.9,False,application_error,2026-08-08T20:54:00+00:00
INC-202602637,INC-202602637,2026-08-08T18:00:00+00:00,2026-08-08T20:30:00+00:00,P2,resolved,Digital Operations,Patient Operations Portal,svc-patient-portal,availability,2.5,False,application_error,2026-08-08T20:30:00+00:00
INC-202602638,INC-202602638,2026-08-08T20:00:00+00:00,2026-08-08T21:36:00+00:00,P3,resolved,Service Desk,Order Management,svc-order-mgmt,availability,1.6,False,application_error,2026-08-08T21:36:00+00:00
INC-202602639,INC-202602639,2026-08-08T22:00:00+00:00,2026-08-08T23:00:00+00:00,P4,resolved,Service Desk,Identity Gateway,svc-identity-gateway,authentication,1.0,False,application_error,2026-08-08T23:00:00+00:00
INC-202602640,INC-202602640,2026-08-09T00:00:00+00:00,2026-08-09T04:36:00+00:00,P1,resolved,Digital Operations,Patient Operations Portal,svc-patient-portal,availability,4.6,True,application_error,2026-08-09T04:36:00+00:00
INC-202602641,INC-202602641,2026-08-09T02:00:00+00:00,2026-08-09T04:12:00+00:00,P2,resolved,Service Desk,Order Management,svc-order-mgmt,availability,2.2,False,application_error,2026-08-09T04:12:00+00:00
INC-202602642,INC-202602642,2026-08-09T04:00:00+00:00,2026-08-09T05:18:00+00:00,P3,resolved,Service Desk,Identity Gateway,svc-identity-gateway,authentication,1.3,False,application_error,2026-08-09T05:18:00+00:00
INC-202602643,INC-202602643,2026-08-09T06:00:00+00:00,2026-08-09T07:24:00+00:00,P4,resolved,Digital Operations,Patient Operations Portal,svc-patient-portal,availability,1.4,False,application_error,2026-08-09T07:24:00+00:00
INC-202602644,INC-202602644,2026-08-09T08:00:00+00:00,2026-08-09T13:00:00+00:00,P1,resolved,Service Desk,Order Management,svc-order-mgmt,availability,5.0,False,application_error,2026-08-09T13:00:00+00:00
INC-202602645,INC-202602645,2026-08-09T10:00:00+00:00,2026-08-09T12:36:00+00:00,P2,resolved,Service Desk,Identity Gateway,svc-identity-gateway,authentication,2.6,False,application_error,2026-08-09T12:36:00+00:00
INC-202602646,INC-202602646,2026-08-09T12:00:00+00:00,2026-08-09T13:00:00+00:00,P3,resolved,Digital Operations,Patient Operations Portal,svc-patient-portal,availability,1.0,False,application_error,2026-08-09T13:00:00+00:00
INC-202602647,INC-202602647,2026-08-09T14:00:00+00:00,2026-08-09T15:06:00+00:00,P4,resolved,Service Desk,Order Management,svc-order-mgmt,availability,1.1,False,application_error,2026-08-09T15:06:00+00:00
INC-202602648,INC-202602648,2026-08-09T16:00:00+00:00,2026-08-09T20:42:00+00:00,P1,resolved,Service Desk,Identity Gateway,svc-identity-gateway,authentication,4.7,False,application_error,2026-08-09T20:42:00+00:00
INC-202602649,INC-202602649,2026-08-09T18:00:00+00:00,2026-08-09T20:18:00+00:00,P2,resolved,Digital Operations,Patient Operations Portal,svc-patient-portal,availability,2.3,False,application_error,2026-08-09T20:18:00+00:00
INC-202602650,INC-202602650,2026-08-09T20:00:00+00:00,2026-08-09T21:24:00+00:00,P3,resolved,Service Desk,Order Management,svc-order-mgmt,availability,1.4,False,application_error,2026-08-09T21:24:00+00:00
INC-202602651,INC-202602651,2026-08-09T22:00:00+00:00,2026-08-09T23:30:00+00:00,P4,resolved,Service Desk,Identity Gateway,svc-identity-gateway,authentication,1.5,False,application_error,2026-08-09T23:30:00+00:00
INC-202602652,INC-202602652,2026-08-10T00:00:00+00:00,2026-08-10T05:06:00+00:00,P1,resolved,Digital Operations,Patient Operations Portal,svc-patient-portal,availability,5.1,False,certificate_expiry,2026-08-10T05:06:00+00:00
INC-202602653,INC-202602653,2026-08-10T02:00:00+00:00,2026-08-10T04:00:00+00:00,P2,resolved,Service Desk,Order Management,svc-order-mgmt,availability,2.0,False,application_error,2026-08-10T04:00:00+00:00
INC-202602654,INC-202602654,2026-08-10T04:00:00+00:00,2026-08-10T05:06:00+00:00,P3,resolved,Service Desk,Identity Gateway,svc-identity-gateway,authentication,1.1,False,application_error,2026-08-10T05:06:00+00:00
INC-202602655,INC-202602655,2026-08-10T06:00:00+00:00,2026-08-10T07:12:00+00:00,P4,resolved,Digital Operations,Patient Operations Portal,svc-patient-portal,availability,1.2,False,application_error,2026-08-10T07:12:00+00:00
INC-202602656,INC-202602656,2026-08-10T08:00:00+00:00,2026-08-10T12:48:00+00:00,P1,resolved,Service Desk,Order Management,svc-order-mgmt,availability,4.8,False,application_error,2026-08-10T12:48:00+00:00
INC-202602657,INC-202602657,2026-08-10T10:00:00+00:00,2026-08-10T12:24:00+00:00,P2,resolved,Service Desk,Identity Gateway,svc-identity-gateway,authentication,2.4,False,application_error,2026-08-10T12:24:00+00:00
INC-202602658,INC-202602658,2026-08-10T12:00:00+00:00,2026-08-10T13:30:00+00:00,P3,resolved,Digital Operations,Patient Operations Portal,svc-patient-portal,availability,1.5,False,application_error,2026-08-10T13:30:00+00:00
INC-202602659,INC-202602659,2026-08-10T14:00:00+00:00,2026-08-10T15:36:00+00:00,P4,resolved,Service Desk,Order Management,svc-order-mgmt,availability,1.6,False,application_error,2026-08-10T15:36:00+00:00
INC-202602660,INC-202602660,2026-08-10T16:00:00+00:00,2026-08-10T20:30:00+00:00,P1,resolved,Service Desk,Identity Gateway,svc-identity-gateway,authentication,4.5,True,application_error,2026-08-10T20:30:00+00:00
INC-202602661,INC-202602661,2026-08-10T18:00:00+00:00,2026-08-10T20:06:00+00:00,P2,resolved,Digital Operations,Patient Operations Portal,svc-patient-portal,availability,2.1,False,application_error,2026-08-10T20:06:00+00:00
INC-202602662,INC-202602662,2026-08-10T20:00:00+00:00,2026-08-10T21:12:00+00:00,P3,resolved,Service Desk,Order Management,svc-order-mgmt,availability,1.2,False,application_error,2026-08-10T21:12:00+00:00
INC-202602663,INC-202602663,2026-08-10T22:00:00+00:00,2026-08-10T23:18:00+00:00,P4,resolved,Service Desk,Identity Gateway,svc-identity-gateway,authentication,1.3,False,application_error,2026-08-10T23:18:00+00:00
INC-202602664,INC-202602664,2026-08-11T00:00:00+00:00,2026-08-11T04:54:00+00:00,P1,resolved,Digital Operations,Patient Operations Portal,svc-patient-portal,availability,4.9,False,application_error,2026-08-11T04:54:00+00:00
INC-202602665,INC-202602665,2026-08-11T02:00:00+00:00,2026-08-11T04:30:00+00:00,P2,resolved,Service Desk,Order Management,svc-order-mgmt,availability,2.5,False,application_error,2026-08-11T04:30:00+00:00
INC-202602666,INC-202602666,2026-08-11T04:00:00+00:00,2026-08-11T05:36:00+00:00,P3,resolved,Service Desk,Identity Gateway,svc-identity-gateway,authentication,1.6,False,application_error,2026-08-11T05:36:00+00:00
INC-202602667,INC-202602667,2026-08-11T06:00:00+00:00,2026-08-11T07:00:00+00:00,P4,resolved,Digital Operations,Patient Operations Portal,svc-patient-portal,availability,1.0,False,application_error,2026-08-11T07:00:00+00:00
INC-202602668,INC-202602668,2026-08-11T08:00:00+00:00,2026-08-11T12:36:00+00:00,P1,resolved,Service Desk,Order Management,svc-order-mgmt,availability,4.6,False,application_error,2026-08-11T12:36:00+00:00
INC-202602669,INC-202602669,2026-08-11T10:00:00+00:00,2026-08-11T12:12:00+00:00,P2,resolved,Service Desk,Identity Gateway,svc-identity-gateway,authentication,2.2,False,certificate_expiry,2026-08-11T12:12:00+00:00
INC-202602670,INC-202602670,2026-08-11T12:00:00+00:00,2026-08-11T13:18:00+00:00,P3,resolved,Digital Operations,Patient Operations Portal,svc-patient-portal,availability,1.3,False,application_error,2026-08-11T13:18:00+00:00
INC-202602671,INC-202602671,2026-08-11T14:00:00+00:00,2026-08-11T15:24:00+00:00,P4,resolved,Service Desk,Order Management,svc-order-mgmt,availability,1.4,False,application_error,2026-08-11T15:24:00+00:00
INC-202602672,INC-202602672,2026-08-11T16:00:00+00:00,2026-08-11T21:00:00+00:00,P1,resolved,Service Desk,Identity Gateway,svc-identity-gateway,authentication,5.0,False,application_error,2026-08-11T21:00:00+00:00
INC-202602673,INC-202602673,2026-08-11T18:00:00+00:00,2026-08-11T20:36:00+00:00,P2,resolved,Digital Operations,Patient Operations Portal,svc-patient-portal,availability,2.6,False,application_error,2026-08-11T20:36:00+00:00
INC-202602674,INC-202602674,2026-08-11T20:00:00+00:00,2026-08-11T21:00:00+00:00,P3,resolved,Service Desk,Order Management,svc-order-mgmt,availability,1.0,False,application_error,2026-08-11T21:00:00+00:00
INC-202602675,INC-202602675,2026-08-11T22:00:00+00:00,2026-08-11T23:06:00+00:00,P4,resolved,Service Desk,Identity Gateway,svc-identity-gateway,authentication,1.1,False,application_error,2026-08-11T23:06:00+00:00
INC-202602676,INC-202602676,2026-08-12T00:00:00+00:00,2026-08-12T04:42:00+00:00,P1,resolved,Digital Operations,Patient Operations Portal,svc-patient-portal,availability,4.7,False,application_error,2026-08-12T04:42:00+00:00
INC-202602677,INC-202602677,2026-08-12T02:00:00+00:00,2026-08-12T04:18:00+00:00,P2,resolved,Service Desk,Order Management,svc-order-mgmt,availability,2.3,False,application_error,2026-08-12T04:18:00+00:00
INC-202602678,INC-202602678,2026-08-12T04:00:00+00:00,2026-08-12T05:24:00+00:00,P3,resolved,Service Desk,Identity Gateway,svc-identity-gateway,authentication,1.4,False,application_error,2026-08-12T05:24:00+00:00
INC-202602679,INC-202602679,2026-08-12T06:00:00+00:00,2026-08-12T07:30:00+00:00,P4,resolved,Digital Operations,Patient Operations Portal,svc-patient-portal,availability,1.5,False,application_error,2026-08-12T07:30:00+00:00
INC-202602680,INC-202602680,2026-08-12T08:00:00+00:00,2026-08-12T13:06:00+00:00,P1,resolved,Service Desk,Order Management,svc-order-mgmt,availability,5.1,True,application_error,2026-08-12T13:06:00+00:00
INC-202602681,INC-202602681,2026-08-12T10:00:00+00:00,2026-08-12T12:00:00+00:00,P2,resolved,Service Desk,Identity Gateway,svc-identity-gateway,authentication,2.0,False,application_error,2026-08-12T12:00:00+00:00
INC-202602682,INC-202602682,2026-08-12T12:00:00+00:00,2026-08-12T13:06:00+00:00,P3,resolved,Digital Operations,Patient Operations Portal,svc-patient-portal,availability,1.1,False,application_error,2026-08-12T13:06:00+00:00
INC-202602683,INC-202602683,2026-08-12T14:00:00+00:00,2026-08-12T15:12:00+00:00,P4,resolved,Service Desk,Order Management,svc-order-mgmt,availability,1.2,False,application_error,2026-08-12T15:12:00+00:00
INC-202602684,INC-202602684,2026-08-12T16:00:00+00:00,2026-08-12T20:48:00+00:00,P1,resolved,Service Desk,Identity Gateway,svc-identity-gateway,authentication,4.8,False,application_error,2026-08-12T20:48:00+00:00
INC-202602685,INC-202602685,2026-08-12T18:00:00+00:00,2026-08-12T20:24:00+00:00,P2,resolved,Digital Operations,Patient Operations Portal,svc-patient-portal,availability,2.4,False,application_error,2026-08-12T20:24:00+00:00
INC-202602686,INC-202602686,2026-08-12T20:00:00+00:00,2026-08-12T21:30:00+00:00,P3,resolved,Service Desk,Order Management,svc-order-mgmt,availability,1.5,False,certificate_expiry,2026-08-12T21:30:00+00:00
INC-202602687,INC-202602687,2026-08-12T22:00:00+00:00,2026-08-12T23:36:00+00:00,P4,resolved,Service Desk,Identity Gateway,svc-identity-gateway,authentication,1.6,False,application_error,2026-08-12T23:36:00+00:00
INC-202602688,INC-202602688,2026-08-13T00:00:00+00:00,2026-08-13T04:30:00+00:00,P1,resolved,Digital Operations,Patient Operations Portal,svc-patient-portal,availability,4.5,False,application_error,2026-08-13T04:30:00+00:00
INC-202602689,INC-202602689,2026-08-13T02:00:00+00:00,2026-08-13T04:06:00+00:00,P2,resolved,Service Desk,Order Management,svc-order-mgmt,availability,2.1,False,application_error,2026-08-13T04:06:00+00:00
INC-202602690,INC-202602690,2026-08-13T04:00:00+00:00,2026-08-13T05:12:00+00:00,P3,resolved,Service Desk,Identity Gateway,svc-identity-gateway,authentication,1.2,False,application_error,2026-08-13T05:12:00+00:00
INC-202602691,INC-202602691,2026-08-13T06:00:00+00:00,2026-08-13T07:18:00+00:00,P4,resolved,Digital Operations,Patient Operations Portal,svc-patient-portal,availability,1.3,False,application_error,2026-08-13T07:18:00+00:00
INC-202602692,INC-202602692,2026-08-13T08:00:00+00:00,2026-08-13T12:54:00+00:00,P1,resolved,Service Desk,Order Management,svc-order-mgmt,availability,4.9,False,application_error,2026-08-13T12:54:00+00:00
INC-202602693,INC-202602693,2026-08-13T10:00:00+00:00,2026-08-13T12:30:00+00:00,P2,resolved,Service Desk,Identity Gateway,svc-identity-gateway,authentication,2.5,False,application_error,2026-08-13T12:30:00+00:00
INC-202602694,INC-202602694,2026-08-13T12:00:00+00:00,2026-08-13T13:36:00+00:00,P3,resolved,Digital Operations,Patient Operations Portal,svc-patient-portal,availability,1.6,False,application_error,2026-08-13T13:36:00+00:00
INC-202602695,INC-202602695,2026-08-13T14:00:00+00:00,2026-08-13T15:00:00+00:00,P4,resolved,Service Desk,Order Management,svc-order-mgmt,availability,1.0,False,application_error,2026-08-13T15:00:00+00:00
INC-202602696,INC-202602696,2026-08-13T16:00:00+00:00,2026-08-13T20:36:00+00:00,P1,resolved,Service Desk,Identity Gateway,svc-identity-gateway,authentication,4.6,False,application_error,2026-08-13T20:36:00+00:00
INC-202602697,INC-202602697,2026-08-13T18:00:00+00:00,2026-08-13T20:12:00+00:00,P2,resolved,Digital Operations,Patient Operations Portal,svc-patient-portal,availability,2.2,False,application_error,2026-08-13T20:12:00+00:00
INC-202602698,INC-202602698,2026-08-13T20:00:00+00:00,2026-08-13T21:18:00+00:00,P3,resolved,Service Desk,Order Management,svc-order-mgmt,availability,1.3,False,application_error,2026-08-13T21:18:00+00:00
INC-202602699,INC-202602699,2026-08-13T22:00:00+00:00,2026-08-13T23:24:00+00:00,P4,resolved,Service Desk,Identity Gateway,svc-identity-gateway,authentication,1.4,False,application_error,2026-08-13T23:24:00+00:00
INC-202602700,INC-202602700,2026-08-14T00:00:00+00:00,2026-08-14T05:00:00+00:00,P1,resolved,Digital Operations,Patient Operations Portal,svc-patient-portal,availability,5.0,True,application_error,2026-08-14T05:00:00+00:00
INC-202602701,INC-202602701,2026-08-14T02:00:00+00:00,2026-08-14T04:36:00+00:00,P2,resolved,Service Desk,Order Management,svc-order-mgmt,availability,2.6,False,application_error,2026-08-14T04:36:00+00:00
INC-202602702,INC-202602702,2026-08-14T04:00:00+00:00,2026-08-14T05:00:00+00:00,P3,resolved,Service Desk,Identity Gateway,svc-identity-gateway,authentication,1.0,False,application_error,2026-08-14T05:00:00+00:00
INC-202602703,INC-202602703,2026-08-14T06:00:00+00:00,2026-08-14T07:06:00+00:00,P4,resolved,Digital Operations,Patient Operations Portal,svc-patient-portal,availability,1.1,False,certificate_expiry,2026-08-14T07:06:00+00:00
INC-202602704,INC-202602704,2026-08-14T08:00:00+00:00,2026-08-14T12:42:00+00:00,P1,resolved,Service Desk,Order Management,svc-order-mgmt,availability,4.7,False,application_error,2026-08-14T12:42:00+00:00
INC-202602705,INC-202602705,2026-08-14T10:00:00+00:00,2026-08-14T12:18:00+00:00,P2,resolved,Service Desk,Identity Gateway,svc-identity-gateway,authentication,2.3,False,application_error,2026-08-14T12:18:00+00:00
INC-202602706,INC-202602706,2026-08-14T12:00:00+00:00,2026-08-14T13:24:00+00:00,P3,resolved,Digital Operations,Patient Operations Portal,svc-patient-portal,availability,1.4,False,application_error,2026-08-14T13:24:00+00:00
INC-202602707,INC-202602707,2026-08-14T14:00:00+00:00,2026-08-14T15:30:00+00:00,P4,resolved,Service Desk,Order Management,svc-order-mgmt,availability,1.5,False,application_error,2026-08-14T15:30:00+00:00
INC-202602708,INC-202602708,2026-08-14T16:00:00+00:00,2026-08-14T21:06:00+00:00,P1,resolved,Service Desk,Identity Gateway,svc-identity-gateway,authentication,5.1,False,application_error,2026-08-14T21:06:00+00:00
INC-202602709,INC-202602709,2026-08-14T18:00:00+00:00,2026-08-14T20:00:00+00:00,P2,resolved,Digital Operations,Patient Operations Portal,svc-patient-portal,availability,2.0,False,application_error,2026-08-14T20:00:00+00:00
INC-202602710,INC-202602710,2026-08-14T20:00:00+00:00,2026-08-14T21:06:00+00:00,P3,resolved,Service Desk,Order Management,svc-order-mgmt,availability,1.1,False,application_error,2026-08-14T21:06:00+00:00
INC-202602711,INC-202602711,2026-08-14T22:00:00+00:00,2026-08-14T23:12:00+00:00,P4,resolved,Service Desk,Identity Gateway,svc-identity-gateway,authentication,1.2,False,application_error,2026-08-14T23:12:00+00:00
INC-202602712,INC-202602712,2026-08-15T00:00:00+00:00,2026-08-15T04:48:00+00:00,P1,resolved,Digital Operations,Patient Operations Portal,svc-patient-portal,availability,4.8,False,application_error,2026-08-15T04:48:00+00:00
INC-202602713,INC-202602713,2026-08-15T02:00:00+00:00,2026-08-15T04:24:00+00:00,P2,resolved,Service Desk,Order Management,svc-order-mgmt,availability,2.4,False,application_error,2026-08-15T04:24:00+00:00
INC-202602714,INC-202602714,2026-08-15T04:00:00+00:00,2026-08-15T05:30:00+00:00,P3,resolved,Service Desk,Identity Gateway,svc-identity-gateway,authentication,1.5,False,application_error,2026-08-15T05:30:00+00:00
INC-202602715,INC-202602715,2026-08-15T06:00:00+00:00,2026-08-15T07:36:00+00:00,P4,resolved,Digital Operations,Patient Operations Portal,svc-patient-portal,availability,1.6,False,application_error,2026-08-15T07:36:00+00:00
INC-202602716,INC-202602716,2026-08-15T08:00:00+00:00,2026-08-15T12:30:00+00:00,P1,resolved,Service Desk,Order Management,svc-order-mgmt,availability,4.5,False,application_error,2026-08-15T12:30:00+00:00
INC-202602717,INC-202602717,2026-08-15T10:00:00+00:00,2026-08-15T12:06:00+00:00,P2,resolved,Service Desk,Identity Gateway,svc-identity-gateway,authentication,2.1,False,application_error,2026-08-15T12:06:00+00:00
INC-202602718,INC-202602718,2026-08-15T12:00:00+00:00,2026-08-15T13:12:00+00:00,P3,resolved,Digital Operations,Patient Operations Portal,svc-patient-portal,availability,1.2,False,application_error,2026-08-15T13:12:00+00:00
INC-202602719,INC-202602719,2026-08-15T14:00:00+00:00,2026-08-15T15:18:00+00:00,P4,resolved,Service Desk,Order Management,svc-order-mgmt,availability,1.3,False,application_error,2026-08-15T15:18:00+00:00
INC-202602720,INC-202602720,2026-08-15T16:00:00+00:00,2026-08-15T20:54:00+00:00,P1,resolved,Service Desk,Identity Gateway,svc-identity-gateway,authentication,4.9,True,certificate_expiry,2026-08-15T20:54:00+00:00
INC-202602721,INC-202602721,2026-08-15T18:00:00+00:00,2026-08-15T20:30:00+00:00,P2,resolved,Digital Operations,Patient Operations Portal,svc-patient-portal,availability,2.5,False,application_error,2026-08-15T20:30:00+00:00
INC-202602722,INC-202602722,2026-08-15T20:00:00+00:00,2026-08-15T21:36:00+00:00,P3,resolved,Service Desk,Order Management,svc-order-mgmt,availability,1.6,False,application_error,2026-08-15T21:36:00+00:00
INC-202602723,INC-202602723,2026-08-15T22:00:00+00:00,2026-08-15T23:00:00+00:00,P4,resolved,Service Desk,Identity Gateway,svc-identity-gateway,authentication,1.0,False,application_error,2026-08-15T23:00:00+00:00
INC-202602724,INC-202602724,2026-08-16T00:00:00+00:00,2026-08-16T04:36:00+00:00,P1,resolved,Digital Operations,Patient Operations Portal,svc-patient-portal,availability,4.6,False,application_error,2026-08-16T04:36:00+00:00
INC-202602725,INC-202602725,2026-08-16T02:00:00+00:00,2026-08-16T04:12:00+00:00,P2,resolved,Service Desk,Order Management,svc-order-mgmt,availability,2.2,False,application_error,2026-08-16T04:12:00+00:00
INC-202602726,INC-202602726,2026-08-16T04:00:00+00:00,2026-08-16T05:18:00+00:00,P3,resolved,Service Desk,Identity Gateway,svc-identity-gateway,authentication,1.3,False,application_error,2026-08-16T05:18:00+00:00
INC-202602727,INC-202602727,2026-08-16T06:00:00+00:00,2026-08-16T07:24:00+00:00,P4,resolved,Digital Operations,Patient Operations Portal,svc-patient-portal,availability,1.4,False,application_error,2026-08-16T07:24:00+00:00
INC-202602728,INC-202602728,2026-08-16T08:00:00+00:00,2026-08-16T13:00:00+00:00,P1,resolved,Service Desk,Order Management,svc-order-mgmt,availability,5.0,False,application_error,2026-08-16T13:00:00+00:00
INC-202602729,INC-202602729,2026-08-16T10:00:00+00:00,2026-08-16T12:36:00+00:00,P2,resolved,Service Desk,Identity Gateway,svc-identity-gateway,authentication,2.6,False,application_error,2026-08-16T12:36:00+00:00
INC-202602730,INC-202602730,2026-08-16T12:00:00+00:00,2026-08-16T13:00:00+00:00,P3,resolved,Digital Operations,Patient Operations Portal,svc-patient-portal,availability,1.0,False,application_error,2026-08-16T13:00:00+00:00
INC-202602731,INC-202602731,2026-08-16T14:00:00+00:00,2026-08-16T15:06:00+00:00,P4,resolved,Service Desk,Order Management,svc-order-mgmt,availability,1.1,False,application_error,2026-08-16T15:06:00+00:00
INC-202602732,INC-202602732,2026-08-16T16:00:00+00:00,2026-08-16T20:42:00+00:00,P1,resolved,Service Desk,Identity Gateway,svc-identity-gateway,authentication,4.7,False,application_error,2026-08-16T20:42:00+00:00
INC-202602733,INC-202602733,2026-08-16T18:00:00+00:00,2026-08-16T20:18:00+00:00,P2,resolved,Digital Operations,Patient Operations Portal,svc-patient-portal,availability,2.3,False,application_error,2026-08-16T20:18:00+00:00
INC-202602734,INC-202602734,2026-08-16T20:00:00+00:00,2026-08-16T21:24:00+00:00,P3,resolved,Service Desk,Order Management,svc-order-mgmt,availability,1.4,False,application_error,2026-08-16T21:24:00+00:00
INC-202602735,INC-202602735,2026-08-16T22:00:00+00:00,2026-08-16T23:30:00+00:00,P4,resolved,Service Desk,Identity Gateway,svc-identity-gateway,authentication,1.5,False,application_error,2026-08-16T23:30:00+00:00
INC-202602736,INC-202602736,2026-08-17T00:00:00+00:00,2026-08-17T05:06:00+00:00,P1,resolved,Digital Operations,Patient Operations Portal,svc-patient-portal,availability,5.1,False,application_error,2026-08-17T05:06:00+00:00
INC-202602737,INC-202602737,2026-08-17T02:00:00+00:00,2026-08-17T04:00:00+00:00,P2,resolved,Service Desk,Order Management,svc-order-mgmt,availability,2.0,False,certificate_expiry,2026-08-17T04:00:00+00:00
INC-202602738,INC-202602738,2026-08-17T04:00:00+00:00,2026-08-17T05:06:00+00:00,P3,resolved,Service Desk,Identity Gateway,svc-identity-gateway,authentication,1.1,False,application_error,2026-08-17T05:06:00+00:00
INC-202602739,INC-202602739,2026-08-17T06:00:00+00:00,2026-08-17T07:12:00+00:00,P4,resolved,Digital Operations,Patient Operations Portal,svc-patient-portal,availability,1.2,False,application_error,2026-08-17T07:12:00+00:00
INC-202602740,INC-202602740,2026-08-17T08:00:00+00:00,2026-08-17T12:48:00+00:00,P1,resolved,Service Desk,Order Management,svc-order-mgmt,availability,4.8,True,application_error,2026-08-17T12:48:00+00:00
INC-202602741,INC-202602741,2026-08-17T10:00:00+00:00,2026-08-17T12:24:00+00:00,P2,resolved,Service Desk,Identity Gateway,svc-identity-gateway,authentication,2.4,False,application_error,2026-08-17T12:24:00+00:00
INC-202602742,INC-202602742,2026-08-17T12:00:00+00:00,2026-08-17T13:30:00+00:00,P3,resolved,Digital Operations,Patient Operations Portal,svc-patient-portal,availability,1.5,False,application_error,2026-08-17T13:30:00+00:00
INC-202602743,INC-202602743,2026-08-17T14:00:00+00:00,2026-08-17T15:36:00+00:00,P4,resolved,Service Desk,Order Management,svc-order-mgmt,availability,1.6,False,application_error,2026-08-17T15:36:00+00:00
INC-202602744,INC-202602744,2026-08-17T16:00:00+00:00,2026-08-17T20:30:00+00:00,P1,resolved,Service Desk,Identity Gateway,svc-identity-gateway,authentication,4.5,False,application_error,2026-08-17T20:30:00+00:00
INC-202602745,INC-202602745,2026-08-17T18:00:00+00:00,2026-08-17T20:06:00+00:00,P2,resolved,Digital Operations,Patient Operations Portal,svc-patient-portal,availability,2.1,False,application_error,2026-08-17T20:06:00+00:00
INC-202602746,INC-202602746,2026-08-17T20:00:00+00:00,2026-08-17T21:12:00+00:00,P3,resolved,Service Desk,Order Management,svc-order-mgmt,availability,1.2,False,application_error,2026-08-17T21:12:00+00:00
INC-202602747,INC-202602747,2026-08-17T22:00:00+00:00,2026-08-17T23:18:00+00:00,P4,resolved,Service Desk,Identity Gateway,svc-identity-gateway,authentication,1.3,False,application_error,2026-08-17T23:18:00+00:00
INC-202602748,INC-202602748,2026-08-18T00:00:00+00:00,2026-08-18T04:54:00+00:00,P1,resolved,Digital Operations,Patient Operations Portal,svc-patient-portal,availability,4.9,False,application_error,2026-08-18T04:54:00+00:00
INC-202602749,INC-202602749,2026-08-18T02:00:00+00:00,2026-08-18T04:30:00+00:00,P2,resolved,Service Desk,Order Management,svc-order-mgmt,availability,2.5,False,application_error,2026-08-18T04:30:00+00:00
INC-202602750,INC-202602750,2026-08-18T04:00:00+00:00,2026-08-18T05:36:00+00:00,P3,resolved,Service Desk,Identity Gateway,svc-identity-gateway,authentication,1.6,False,application_error,2026-08-18T05:36:00+00:00
INC-202602751,INC-202602751,2026-08-18T06:00:00+00:00,2026-08-18T07:00:00+00:00,P4,resolved,Digital Operations,Patient Operations Portal,svc-patient-portal,availability,1.0,False,application_error,2026-08-18T07:00:00+00:00
INC-202602752,INC-202602752,2026-08-18T08:00:00+00:00,2026-08-18T12:36:00+00:00,P1,resolved,Service Desk,Order Management,svc-order-mgmt,availability,4.6,False,application_error,2026-08-18T12:36:00+00:00
INC-202602753,INC-202602753,2026-08-18T10:00:00+00:00,2026-08-18T12:12:00+00:00,P2,resolved,Service Desk,Identity Gateway,svc-identity-gateway,authentication,2.2,False,application_error,2026-08-18T12:12:00+00:00
INC-202602754,INC-202602754,2026-08-18T12:00:00+00:00,2026-08-18T13:18:00+00:00,P3,resolved,Digital Operations,Patient Operations Portal,svc-patient-portal,availability,1.3,False,certificate_expiry,2026-08-18T13:18:00+00:00
INC-202602755,INC-202602755,2026-08-18T14:00:00+00:00,2026-08-18T15:24:00+00:00,P4,resolved,Service Desk,Order Management,svc-order-mgmt,availability,1.4,False,application_error,2026-08-18T15:24:00+00:00
INC-202602756,INC-202602756,2026-08-18T16:00:00+00:00,2026-08-18T21:00:00+00:00,P1,resolved,Service Desk,Identity Gateway,svc-identity-gateway,authentication,5.0,False,application_error,2026-08-18T21:00:00+00:00
INC-202602757,INC-202602757,2026-08-18T18:00:00+00:00,2026-08-18T20:36:00+00:00,P2,resolved,Digital Operations,Patient Operations Portal,svc-patient-portal,availability,2.6,False,application_error,2026-08-18T20:36:00+00:00
INC-202602758,INC-202602758,2026-08-18T20:00:00+00:00,2026-08-18T21:00:00+00:00,P3,resolved,Service Desk,Order Management,svc-order-mgmt,availability,1.0,False,application_error,2026-08-18T21:00:00+00:00
INC-202602759,INC-202602759,2026-08-18T22:00:00+00:00,2026-08-18T23:06:00+00:00,P4,resolved,Service Desk,Identity Gateway,svc-identity-gateway,authentication,1.1,False,application_error,2026-08-18T23:06:00+00:00
INC-202602760,INC-202602760,2026-08-19T00:00:00+00:00,2026-08-19T04:42:00+00:00,P1,resolved,Digital Operations,Patient Operations Portal,svc-patient-portal,availability,4.7,True,application_error,2026-08-19T04:42:00+00:00
INC-202602761,INC-202602761,2026-08-19T02:00:00+00:00,2026-08-19T04:18:00+00:00,P2,resolved,Service Desk,Order Management,svc-order-mgmt,availability,2.3,False,application_error,2026-08-19T04:18:00+00:00
INC-202602762,INC-202602762,2026-08-19T04:00:00+00:00,2026-08-19T05:24:00+00:00,P3,resolved,Service Desk,Identity Gateway,svc-identity-gateway,authentication,1.4,False,application_error,2026-08-19T05:24:00+00:00
INC-202602763,INC-202602763,2026-08-19T06:00:00+00:00,2026-08-19T07:30:00+00:00,P4,resolved,Digital Operations,Patient Operations Portal,svc-patient-portal,availability,1.5,False,application_error,2026-08-19T07:30:00+00:00
INC-202602764,INC-202602764,2026-08-19T08:00:00+00:00,2026-08-19T13:06:00+00:00,P1,resolved,Service Desk,Order Management,svc-order-mgmt,availability,5.1,False,application_error,2026-08-19T13:06:00+00:00
INC-202602765,INC-202602765,2026-08-19T10:00:00+00:00,2026-08-19T12:00:00+00:00,P2,resolved,Service Desk,Identity Gateway,svc-identity-gateway,authentication,2.0,False,application_error,2026-08-19T12:00:00+00:00
INC-202602766,INC-202602766,2026-08-19T12:00:00+00:00,2026-08-19T13:06:00+00:00,P3,resolved,Digital Operations,Patient Operations Portal,svc-patient-portal,availability,1.1,False,application_error,2026-08-19T13:06:00+00:00
INC-202602767,INC-202602767,2026-08-19T14:00:00+00:00,2026-08-19T15:12:00+00:00,P4,resolved,Service Desk,Order Management,svc-order-mgmt,availability,1.2,False,application_error,2026-08-19T15:12:00+00:00
INC-202602768,INC-202602768,2026-08-19T16:00:00+00:00,2026-08-19T20:48:00+00:00,P1,resolved,Service Desk,Identity Gateway,svc-identity-gateway,authentication,4.8,False,application_error,2026-08-19T20:48:00+00:00
INC-202602769,INC-202602769,2026-08-19T18:00:00+00:00,2026-08-19T20:24:00+00:00,P2,resolved,Digital Operations,Patient Operations Portal,svc-patient-portal,availability,2.4,False,application_error,2026-08-19T20:24:00+00:00
INC-202602770,INC-202602770,2026-08-19T20:00:00+00:00,2026-08-19T21:30:00+00:00,P3,resolved,Service Desk,Order Management,svc-order-mgmt,availability,1.5,False,application_error,2026-08-19T21:30:00+00:00
INC-202602771,INC-202602771,2026-08-19T22:00:00+00:00,2026-08-19T23:36:00+00:00,P4,resolved,Service Desk,Identity Gateway,svc-identity-gateway,authentication,1.6,False,certificate_expiry,2026-08-19T23:36:00+00:00
INC-202602772,INC-202602772,2026-08-20T00:00:00+00:00,2026-08-20T04:30:00+00:00,P1,resolved,Digital Operations,Patient Operations Portal,svc-patient-portal,availability,4.5,False,application_error,2026-08-20T04:30:00+00:00
INC-202602773,INC-202602773,2026-08-20T02:00:00+00:00,2026-08-20T04:06:00+00:00,P2,resolved,Service Desk,Order Management,svc-order-mgmt,availability,2.1,False,application_error,2026-08-20T04:06:00+00:00
INC-202602774,INC-202602774,2026-08-20T04:00:00+00:00,2026-08-20T05:12:00+00:00,P3,resolved,Service Desk,Identity Gateway,svc-identity-gateway,authentication,1.2,False,application_error,2026-08-20T05:12:00+00:00
INC-202602775,INC-202602775,2026-08-20T06:00:00+00:00,2026-08-20T07:18:00+00:00,P4,resolved,Digital Operations,Patient Operations Portal,svc-patient-portal,availability,1.3,False,application_error,2026-08-20T07:18:00+00:00
INC-202602776,INC-202602776,2026-08-20T08:00:00+00:00,2026-08-20T12:54:00+00:00,P1,resolved,Service Desk,Order Management,svc-order-mgmt,availability,4.9,False,application_error,2026-08-20T12:54:00+00:00
INC-202602777,INC-202602777,2026-08-20T10:00:00+00:00,2026-08-20T12:30:00+00:00,P2,resolved,Service Desk,Identity Gateway,svc-identity-gateway,authentication,2.5,False,application_error,2026-08-20T12:30:00+00:00
INC-202602778,INC-202602778,2026-08-20T12:00:00+00:00,2026-08-20T13:36:00+00:00,P3,resolved,Digital Operations,Patient Operations Portal,svc-patient-portal,availability,1.6,False,application_error,2026-08-20T13:36:00+00:00
INC-202602779,INC-202602779,2026-08-20T14:00:00+00:00,2026-08-20T15:00:00+00:00,P4,resolved,Service Desk,Order Management,svc-order-mgmt,availability,1.0,False,application_error,2026-08-20T15:00:00+00:00
INC-202602780,INC-202602780,2026-08-20T16:00:00+00:00,2026-08-20T20:36:00+00:00,P1,resolved,Service Desk,Identity Gateway,svc-identity-gateway,authentication,4.6,True,application_error,2026-08-20T20:36:00+00:00
INC-202602781,INC-202602781,2026-08-20T18:00:00+00:00,2026-08-20T20:12:00+00:00,P2,resolved,Digital Operations,Patient Operations Portal,svc-patient-portal,availability,2.2,False,application_error,2026-08-20T20:12:00+00:00
INC-202602782,INC-202602782,2026-08-20T20:00:00+00:00,2026-08-20T21:18:00+00:00,P3,resolved,Service Desk,Order Management,svc-order-mgmt,availability,1.3,False,application_error,2026-08-20T21:18:00+00:00
INC-202602783,INC-202602783,2026-08-20T22:00:00+00:00,2026-08-20T23:24:00+00:00,P4,resolved,Service Desk,Identity Gateway,svc-identity-gateway,authentication,1.4,False,application_error,2026-08-20T23:24:00+00:00
INC-202602784,INC-202602784,2026-08-21T00:00:00+00:00,2026-08-21T05:00:00+00:00,P1,resolved,Digital Operations,Patient Operations Portal,svc-patient-portal,availability,5.0,False,application_error,2026-08-21T05:00:00+00:00
INC-202602785,INC-202602785,2026-08-21T02:00:00+00:00,2026-08-21T04:36:00+00:00,P2,resolved,Service Desk,Order Management,svc-order-mgmt,availability,2.6,False,application_error,2026-08-21T04:36:00+00:00
INC-202602786,INC-202602786,2026-08-21T04:00:00+00:00,2026-08-21T05:00:00+00:00,P3,resolved,Service Desk,Identity Gateway,svc-identity-gateway,authentication,1.0,False,application_error,2026-08-21T05:00:00+00:00
INC-202602787,INC-202602787,2026-08-21T06:00:00+00:00,2026-08-21T07:06:00+00:00,P4,resolved,Digital Operations,Patient Operations Portal,svc-patient-portal,availability,1.1,False,application_error,2026-08-21T07:06:00+00:00
INC-202602788,INC-202602788,2026-08-21T08:00:00+00:00,2026-08-21T12:42:00+00:00,P1,resolved,Service Desk,Order Management,svc-order-mgmt,availability,4.7,False,certificate_expiry,2026-08-21T12:42:00+00:00
INC-202602789,INC-202602789,2026-08-21T10:00:00+00:00,2026-08-21T12:18:00+00:00,P2,resolved,Service Desk,Identity Gateway,svc-identity-gateway,authentication,2.3,False,application_error,2026-08-21T12:18:00+00:00
INC-202602790,INC-202602790,2026-08-21T12:00:00+00:00,2026-08-21T13:24:00+00:00,P3,resolved,Digital Operations,Patient Operations Portal,svc-patient-portal,availability,1.4,False,application_error,2026-08-21T13:24:00+00:00
INC-202602791,INC-202602791,2026-08-21T14:00:00+00:00,2026-08-21T15:30:00+00:00,P4,resolved,Service Desk,Order Management,svc-order-mgmt,availability,1.5,False,application_error,2026-08-21T15:30:00+00:00
INC-202602792,INC-202602792,2026-08-21T16:00:00+00:00,2026-08-21T21:06:00+00:00,P1,resolved,Service Desk,Identity Gateway,svc-identity-gateway,authentication,5.1,False,application_error,2026-08-21T21:06:00+00:00
INC-202602793,INC-202602793,2026-08-21T18:00:00+00:00,2026-08-21T20:00:00+00:00,P2,resolved,Digital Operations,Patient Operations Portal,svc-patient-portal,availability,2.0,False,application_error,2026-08-21T20:00:00+00:00
INC-202602794,INC-202602794,2026-08-21T20:00:00+00:00,2026-08-21T21:06:00+00:00,P3,resolved,Service Desk,Order Management,svc-order-mgmt,availability,1.1,False,application_error,2026-08-21T21:06:00+00:00
INC-202602795,INC-202602795,2026-08-21T22:00:00+00:00,2026-08-21T23:12:00+00:00,P4,resolved,Service Desk,Identity Gateway,svc-identity-gateway,authentication,1.2,False,application_error,2026-08-21T23:12:00+00:00
INC-202602796,INC-202602796,2026-08-22T00:00:00+00:00,2026-08-22T04:48:00+00:00,P1,resolved,Digital Operations,Patient Operations Portal,svc-patient-portal,availability,4.8,False,application_error,2026-08-22T04:48:00+00:00
INC-202602797,INC-202602797,2026-08-22T02:00:00+00:00,2026-08-22T04:24:00+00:00,P2,resolved,Service Desk,Order Management,svc-order-mgmt,availability,2.4,False,application_error,2026-08-22T04:24:00+00:00
INC-202602798,INC-202602798,2026-08-22T04:00:00+00:00,2026-08-22T05:30:00+00:00,P3,resolved,Service Desk,Identity Gateway,svc-identity-gateway,authentication,1.5,False,application_error,2026-08-22T05:30:00+00:00
INC-202602799,INC-202602799,2026-08-22T06:00:00+00:00,2026-08-22T07:36:00+00:00,P4,resolved,Digital Operations,Patient Operations Portal,svc-patient-portal,availability,1.6,False,application_error,2026-08-22T07:36:00+00:00
INC-202602800,INC-202602800,2026-08-22T08:00:00+00:00,2026-08-22T12:30:00+00:00,P1,resolved,Service Desk,Order Management,svc-order-mgmt,availability,4.5,True,application_error,2026-08-22T12:30:00+00:00
INC-202602801,INC-202602801,2026-08-22T10:00:00+00:00,2026-08-22T12:06:00+00:00,P2,resolved,Service Desk,Identity Gateway,svc-identity-gateway,authentication,2.1,False,application_error,2026-08-22T12:06:00+00:00
INC-202602802,INC-202602802,2026-08-22T12:00:00+00:00,2026-08-22T13:12:00+00:00,P3,resolved,Digital Operations,Patient Operations Portal,svc-patient-portal,availability,1.2,False,application_error,2026-08-22T13:12:00+00:00
INC-202602803,INC-202602803,2026-08-22T14:00:00+00:00,2026-08-22T15:18:00+00:00,P4,resolved,Service Desk,Order Management,svc-order-mgmt,availability,1.3,False,application_error,2026-08-22T15:18:00+00:00
INC-202602804,INC-202602804,2026-08-22T16:00:00+00:00,2026-08-22T20:54:00+00:00,P1,resolved,Service Desk,Identity Gateway,svc-identity-gateway,authentication,4.9,False,application_error,2026-08-22T20:54:00+00:00
INC-202602805,INC-202602805,2026-08-22T18:00:00+00:00,2026-08-22T20:30:00+00:00,P2,resolved,Digital Operations,Patient Operations Portal,svc-patient-portal,availability,2.5,False,certificate_expiry,2026-08-22T20:30:00+00:00
INC-202602806,INC-202602806,2026-08-22T20:00:00+00:00,2026-08-22T21:36:00+00:00,P3,resolved,Service Desk,Order Management,svc-order-mgmt,availability,1.6,False,application_error,2026-08-22T21:36:00+00:00
INC-202602807,INC-202602807,2026-08-22T22:00:00+00:00,2026-08-22T23:00:00+00:00,P4,resolved,Service Desk,Identity Gateway,svc-identity-gateway,authentication,1.0,False,application_error,2026-08-22T23:00:00+00:00
INC-202602808,INC-202602808,2026-08-23T00:00:00+00:00,2026-08-23T04:36:00+00:00,P1,resolved,Digital Operations,Patient Operations Portal,svc-patient-portal,availability,4.6,False,application_error,2026-08-23T04:36:00+00:00
INC-202602809,INC-202602809,2026-08-23T02:00:00+00:00,2026-08-23T04:12:00+00:00,P2,resolved,Service Desk,Order Management,svc-order-mgmt,availability,2.2,False,application_error,2026-08-23T04:12:00+00:00
INC-202602810,INC-202602810,2026-08-23T04:00:00+00:00,2026-08-23T05:18:00+00:00,P3,resolved,Service Desk,Identity Gateway,svc-identity-gateway,authentication,1.3,False,application_error,2026-08-23T05:18:00+00:00
INC-202602811,INC-202602811,2026-08-23T06:00:00+00:00,2026-08-23T07:24:00+00:00,P4,resolved,Digital Operations,Patient Operations Portal,svc-patient-portal,availability,1.4,False,application_error,2026-08-23T07:24:00+00:00
INC-202602812,INC-202602812,2026-08-23T08:00:00+00:00,2026-08-23T13:00:00+00:00,P1,resolved,Service Desk,Order Management,svc-order-mgmt,availability,5.0,False,application_error,2026-08-23T13:00:00+00:00
INC-202602813,INC-202602813,2026-08-23T10:00:00+00:00,2026-08-23T12:36:00+00:00,P2,resolved,Service Desk,Identity Gateway,svc-identity-gateway,authentication,2.6,False,application_error,2026-08-23T12:36:00+00:00
INC-202602814,INC-202602814,2026-08-23T12:00:00+00:00,2026-08-23T13:00:00+00:00,P3,resolved,Digital Operations,Patient Operations Portal,svc-patient-portal,availability,1.0,False,application_error,2026-08-23T13:00:00+00:00
INC-202602815,INC-202602815,2026-08-23T14:00:00+00:00,2026-08-23T15:06:00+00:00,P4,resolved,Service Desk,Order Management,svc-order-mgmt,availability,1.1,False,application_error,2026-08-23T15:06:00+00:00
INC-202602816,INC-202602816,2026-08-23T16:00:00+00:00,2026-08-23T20:42:00+00:00,P1,resolved,Service Desk,Identity Gateway,svc-identity-gateway,authentication,4.7,False,application_error,2026-08-23T20:42:00+00:00
INC-202602817,INC-202602817,2026-08-23T18:00:00+00:00,2026-08-23T20:18:00+00:00,P2,resolved,Digital Operations,Patient Operations Portal,svc-patient-portal,availability,2.3,False,application_error,2026-08-23T20:18:00+00:00
INC-202602818,INC-202602818,2026-08-23T20:00:00+00:00,2026-08-23T21:24:00+00:00,P3,resolved,Service Desk,Order Management,svc-order-mgmt,availability,1.4,False,application_error,2026-08-23T21:24:00+00:00
INC-202602819,INC-202602819,2026-08-23T22:00:00+00:00,2026-08-23T23:30:00+00:00,P4,resolved,Service Desk,Identity Gateway,svc-identity-gateway,authentication,1.5,False,application_error,2026-08-23T23:30:00+00:00
INC-202602820,INC-202602820,2026-08-24T00:00:00+00:00,2026-08-24T05:06:00+00:00,P1,resolved,Digital Operations,Patient Operations Portal,svc-patient-portal,availability,5.1,True,application_error,2026-08-24T05:06:00+00:00
INC-202602821,INC-202602821,2026-08-24T02:00:00+00:00,2026-08-24T04:00:00+00:00,P2,resolved,Service Desk,Order Management,svc-order-mgmt,availability,2.0,False,application_error,2026-08-24T04:00:00+00:00
INC-202602822,INC-202602822,2026-08-24T04:00:00+00:00,2026-08-24T05:06:00+00:00,P3,resolved,Service Desk,Identity Gateway,svc-identity-gateway,authentication,1.1,False,certificate_expiry,2026-08-24T05:06:00+00:00
INC-202602823,INC-202602823,2026-08-24T06:00:00+00:00,2026-08-24T07:12:00+00:00,P4,resolved,Digital Operations,Patient Operations Portal,svc-patient-portal,availability,1.2,False,application_error,2026-08-24T07:12:00+00:00
INC-202602824,INC-202602824,2026-08-24T08:00:00+00:00,2026-08-24T12:48:00+00:00,P1,resolved,Service Desk,Order Management,svc-order-mgmt,availability,4.8,False,application_error,2026-08-24T12:48:00+00:00
INC-202602825,INC-202602825,2026-08-24T10:00:00+00:00,2026-08-24T12:24:00+00:00,P2,resolved,Service Desk,Identity Gateway,svc-identity-gateway,authentication,2.4,False,application_error,2026-08-24T12:24:00+00:00
INC-202602826,INC-202602826,2026-08-24T12:00:00+00:00,2026-08-24T13:30:00+00:00,P3,resolved,Digital Operations,Patient Operations Portal,svc-patient-portal,availability,1.5,False,application_error,2026-08-24T13:30:00+00:00
INC-202602827,INC-202602827,2026-08-24T14:00:00+00:00,2026-08-24T15:36:00+00:00,P4,resolved,Service Desk,Order Management,svc-order-mgmt,availability,1.6,False,application_error,2026-08-24T15:36:00+00:00
INC-202602828,INC-202602828,2026-08-24T16:00:00+00:00,2026-08-24T20:30:00+00:00,P1,resolved,Service Desk,Identity Gateway,svc-identity-gateway,authentication,4.5,False,application_error,2026-08-24T20:30:00+00:00
INC-202602829,INC-202602829,2026-08-24T18:00:00+00:00,2026-08-24T20:06:00+00:00,P2,resolved,Digital Operations,Patient Operations Portal,svc-patient-portal,availability,2.1,False,application_error,2026-08-24T20:06:00+00:00
INC-202602830,INC-202602830,2026-08-24T20:00:00+00:00,2026-08-24T21:12:00+00:00,P3,resolved,Service Desk,Order Management,svc-order-mgmt,availability,1.2,False,application_error,2026-08-24T21:12:00+00:00
INC-202602831,INC-202602831,2026-08-24T22:00:00+00:00,2026-08-24T23:18:00+00:00,P4,resolved,Service Desk,Identity Gateway,svc-identity-gateway,authentication,1.3,False,application_error,2026-08-24T23:18:00+00:00
INC-202602832,INC-202602832,2026-08-25T00:00:00+00:00,2026-08-25T04:54:00+00:00,P1,resolved,Digital Operations,Patient Operations Portal,svc-patient-portal,availability,4.9,False,application_error,2026-08-25T04:54:00+00:00
INC-202602833,INC-202602833,2026-08-25T02:00:00+00:00,2026-08-25T04:30:00+00:00,P2,resolved,Service Desk,Order Management,svc-order-mgmt,availability,2.5,False,application_error,2026-08-25T04:30:00+00:00
INC-202602834,INC-202602834,2026-08-25T04:00:00+00:00,2026-08-25T05:36:00+00:00,P3,resolved,Service Desk,Identity Gateway,svc-identity-gateway,authentication,1.6,False,application_error,2026-08-25T05:36:00+00:00
INC-202602835,INC-202602835,2026-08-25T06:00:00+00:00,2026-08-25T07:00:00+00:00,P4,resolved,Digital Operations,Patient Operations Portal,svc-patient-portal,availability,1.0,False,application_error,2026-08-25T07:00:00+00:00
INC-202602836,INC-202602836,2026-08-25T08:00:00+00:00,2026-08-25T12:36:00+00:00,P1,resolved,Service Desk,Order Management,svc-order-mgmt,availability,4.6,False,application_error,2026-08-25T12:36:00+00:00
INC-202602837,INC-202602837,2026-08-25T10:00:00+00:00,2026-08-25T12:12:00+00:00,P2,resolved,Service Desk,Identity Gateway,svc-identity-gateway,authentication,2.2,False,application_error,2026-08-25T12:12:00+00:00
INC-202602838,INC-202602838,2026-08-25T12:00:00+00:00,2026-08-25T13:18:00+00:00,P3,resolved,Digital Operations,Patient Operations Portal,svc-patient-portal,availability,1.3,False,application_error,2026-08-25T13:18:00+00:00
INC-202602839,INC-202602839,2026-08-25T14:00:00+00:00,2026-08-25T15:24:00+00:00,P4,resolved,Service Desk,Order Management,svc-order-mgmt,availability,1.4,False,certificate_expiry,2026-08-25T15:24:00+00:00
INC-202602840,INC-202602840,2026-08-25T16:00:00+00:00,2026-08-25T21:00:00+00:00,P1,resolved,Service Desk,Identity Gateway,svc-identity-gateway,authentication,5.0,True,application_error,2026-08-25T21:00:00+00:00
INC-202602841,INC-202602841,2026-08-25T18:00:00+00:00,2026-08-25T20:36:00+00:00,P2,resolved,Digital Operations,Patient Operations Portal,svc-patient-portal,availability,2.6,False,application_error,2026-08-25T20:36:00+00:00
INC-202602842,INC-202602842,2026-08-25T20:00:00+00:00,2026-08-25T21:00:00+00:00,P3,resolved,Service Desk,Order Management,svc-order-mgmt,availability,1.0,False,application_error,2026-08-25T21:00:00+00:00
INC-202602843,INC-202602843,2026-08-25T22:00:00+00:00,2026-08-25T23:06:00+00:00,P4,resolved,Service Desk,Identity Gateway,svc-identity-gateway,authentication,1.1,False,application_error,2026-08-25T23:06:00+00:00
INC-202602844,INC-202602844,2026-08-26T00:00:00+00:00,2026-08-26T04:42:00+00:00,P1,resolved,Digital Operations,Patient Operations Portal,svc-patient-portal,availability,4.7,False,application_error,2026-08-26T04:42:00+00:00
INC-202602845,INC-202602845,2026-08-26T02:00:00+00:00,2026-08-26T04:18:00+00:00,P2,resolved,Service Desk,Order Management,svc-order-mgmt,availability,2.3,False,application_error,2026-08-26T04:18:00+00:00
INC-202602846,INC-202602846,2026-08-26T04:00:00+00:00,2026-08-26T05:24:00+00:00,P3,resolved,Service Desk,Identity Gateway,svc-identity-gateway,authentication,1.4,False,application_error,2026-08-26T05:24:00+00:00
INC-202602847,INC-202602847,2026-08-26T06:00:00+00:00,2026-08-26T07:30:00+00:00,P4,resolved,Digital Operations,Patient Operations Portal,svc-patient-portal,availability,1.5,False,application_error,2026-08-26T07:30:00+00:00
INC-202602848,INC-202602848,2026-08-26T08:00:00+00:00,2026-08-26T13:06:00+00:00,P1,resolved,Service Desk,Order Management,svc-order-mgmt,availability,5.1,False,application_error,2026-08-26T13:06:00+00:00
INC-202602849,INC-202602849,2026-08-26T10:00:00+00:00,2026-08-26T12:00:00+00:00,P2,resolved,Service Desk,Identity Gateway,svc-identity-gateway,authentication,2.0,False,application_error,2026-08-26T12:00:00+00:00
INC-202602850,INC-202602850,2026-08-26T12:00:00+00:00,2026-08-26T13:06:00+00:00,P3,resolved,Digital Operations,Patient Operations Portal,svc-patient-portal,availability,1.1,False,application_error,2026-08-26T13:06:00+00:00
INC-202602851,INC-202602851,2026-08-26T14:00:00+00:00,2026-08-26T15:12:00+00:00,P4,resolved,Service Desk,Order Management,svc-order-mgmt,availability,1.2,False,application_error,2026-08-26T15:12:00+00:00
INC-202602852,INC-202602852,2026-08-26T16:00:00+00:00,2026-08-26T20:48:00+00:00,P1,resolved,Service Desk,Identity Gateway,svc-identity-gateway,authentication,4.8,False,application_error,2026-08-26T20:48:00+00:00
INC-202602853,INC-202602853,2026-08-26T18:00:00+00:00,2026-08-26T20:24:00+00:00,P2,resolved,Digital Operations,Patient Operations Portal,svc-patient-portal,availability,2.4,False,application_error,2026-08-26T20:24:00+00:00
INC-202602854,INC-202602854,2026-08-26T20:00:00+00:00,2026-08-26T21:30:00+00:00,P3,resolved,Service Desk,Order Management,svc-order-mgmt,availability,1.5,False,application_error,2026-08-26T21:30:00+00:00
INC-202602855,INC-202602855,2026-08-26T22:00:00+00:00,2026-08-26T23:36:00+00:00,P4,resolved,Service Desk,Identity Gateway,svc-identity-gateway,authentication,1.6,False,application_error,2026-08-26T23:36:00+00:00
INC-202602856,INC-202602856,2026-08-27T00:00:00+00:00,2026-08-27T04:30:00+00:00,P1,resolved,Digital Operations,Patient Operations Portal,svc-patient-portal,availability,4.5,False,certificate_expiry,2026-08-27T04:30:00+00:00
INC-202602857,INC-202602857,2026-08-27T02:00:00+00:00,2026-08-27T04:06:00+00:00,P2,resolved,Service Desk,Order Management,svc-order-mgmt,availability,2.1,False,application_error,2026-08-27T04:06:00+00:00
INC-202602858,INC-202602858,2026-08-27T04:00:00+00:00,2026-08-27T05:12:00+00:00,P3,resolved,Service Desk,Identity Gateway,svc-identity-gateway,authentication,1.2,False,application_error,2026-08-27T05:12:00+00:00
INC-202602859,INC-202602859,2026-08-27T06:00:00+00:00,2026-08-27T07:18:00+00:00,P4,resolved,Digital Operations,Patient Operations Portal,svc-patient-portal,availability,1.3,False,application_error,2026-08-27T07:18:00+00:00
INC-202602860,INC-202602860,2026-08-27T08:00:00+00:00,2026-08-27T12:54:00+00:00,P1,resolved,Service Desk,Order Management,svc-order-mgmt,availability,4.9,True,application_error,2026-08-27T12:54:00+00:00
INC-202602861,INC-202602861,2026-08-27T10:00:00+00:00,2026-08-27T12:30:00+00:00,P2,resolved,Service Desk,Identity Gateway,svc-identity-gateway,authentication,2.5,False,application_error,2026-08-27T12:30:00+00:00
INC-202602862,INC-202602862,2026-08-27T12:00:00+00:00,2026-08-27T13:36:00+00:00,P3,resolved,Digital Operations,Patient Operations Portal,svc-patient-portal,availability,1.6,False,application_error,2026-08-27T13:36:00+00:00
INC-202602863,INC-202602863,2026-08-27T14:00:00+00:00,2026-08-27T15:00:00+00:00,P4,resolved,Service Desk,Order Management,svc-order-mgmt,availability,1.0,False,application_error,2026-08-27T15:00:00+00:00
INC-202602864,INC-202602864,2026-08-27T16:00:00+00:00,2026-08-27T20:36:00+00:00,P1,resolved,Service Desk,Identity Gateway,svc-identity-gateway,authentication,4.6,False,application_error,2026-08-27T20:36:00+00:00
INC-202602865,INC-202602865,2026-08-27T18:00:00+00:00,2026-08-27T20:12:00+00:00,P2,resolved,Digital Operations,Patient Operations Portal,svc-patient-portal,availability,2.2,False,application_error,2026-08-27T20:12:00+00:00
INC-202602866,INC-202602866,2026-08-27T20:00:00+00:00,2026-08-27T21:18:00+00:00,P3,resolved,Service Desk,Order Management,svc-order-mgmt,availability,1.3,False,application_error,2026-08-27T21:18:00+00:00
INC-202602867,INC-202602867,2026-08-27T22:00:00+00:00,2026-08-27T23:24:00+00:00,P4,resolved,Service Desk,Identity Gateway,svc-identity-gateway,authentication,1.4,False,application_error,2026-08-27T23:24:00+00:00
INC-202602868,INC-202602868,2026-08-28T00:00:00+00:00,2026-08-28T05:00:00+00:00,P1,resolved,Digital Operations,Patient Operations Portal,svc-patient-portal,availability,5.0,False,application_error,2026-08-28T05:00:00+00:00
INC-202602869,INC-202602869,2026-08-28T02:00:00+00:00,2026-08-28T04:36:00+00:00,P2,resolved,Service Desk,Order Management,svc-order-mgmt,availability,2.6,False,application_error,2026-08-28T04:36:00+00:00
INC-202602870,INC-202602870,2026-08-28T04:00:00+00:00,2026-08-28T05:00:00+00:00,P3,resolved,Service Desk,Identity Gateway,svc-identity-gateway,authentication,1.0,False,application_error,2026-08-28T05:00:00+00:00
INC-202602871,INC-202602871,2026-08-28T06:00:00+00:00,2026-08-28T07:06:00+00:00,P4,resolved,Digital Operations,Patient Operations Portal,svc-patient-portal,availability,1.1,False,application_error,2026-08-28T07:06:00+00:00
INC-202602872,INC-202602872,2026-08-28T08:00:00+00:00,2026-08-28T12:42:00+00:00,P1,resolved,Service Desk,Order Management,svc-order-mgmt,availability,4.7,False,application_error,2026-08-28T12:42:00+00:00
INC-202602873,INC-202602873,2026-08-28T10:00:00+00:00,2026-08-28T12:18:00+00:00,P2,resolved,Service Desk,Identity Gateway,svc-identity-gateway,authentication,2.3,False,certificate_expiry,2026-08-28T12:18:00+00:00
INC-202602874,INC-202602874,2026-08-28T12:00:00+00:00,2026-08-28T13:24:00+00:00,P3,resolved,Digital Operations,Patient Operations Portal,svc-patient-portal,availability,1.4,False,application_error,2026-08-28T13:24:00+00:00
INC-202602875,INC-202602875,2026-08-28T14:00:00+00:00,2026-08-28T15:30:00+00:00,P4,resolved,Service Desk,Order Management,svc-order-mgmt,availability,1.5,False,application_error,2026-08-28T15:30:00+00:00
INC-202602876,INC-202602876,2026-08-28T16:00:00+00:00,2026-08-28T21:06:00+00:00,P1,resolved,Service Desk,Identity Gateway,svc-identity-gateway,authentication,5.1,False,application_error,2026-08-28T21:06:00+00:00
INC-202602877,INC-202602877,2026-08-28T18:00:00+00:00,2026-08-28T20:00:00+00:00,P2,resolved,Digital Operations,Patient Operations Portal,svc-patient-portal,availability,2.0,False,application_error,2026-08-28T20:00:00+00:00
INC-202602878,INC-202602878,2026-08-28T20:00:00+00:00,2026-08-28T21:06:00+00:00,P3,resolved,Service Desk,Order Management,svc-order-mgmt,availability,1.1,False,application_error,2026-08-28T21:06:00+00:00
INC-202602879,INC-202602879,2026-08-28T22:00:00+00:00,2026-08-28T23:12:00+00:00,P4,resolved,Service Desk,Identity Gateway,svc-identity-gateway,authentication,1.2,False,application_error,2026-08-28T23:12:00+00:00
INC-202602880,INC-202602880,2026-08-29T00:00:00+00:00,2026-08-29T04:48:00+00:00,P1,resolved,Digital Operations,Patient Operations Portal,svc-patient-portal,availability,4.8,True,application_error,2026-08-29T04:48:00+00:00
INC-202602881,INC-202602881,2026-08-29T02:00:00+00:00,2026-08-29T04:24:00+00:00,P2,resolved,Service Desk,Order Management,svc-order-mgmt,availability,2.4,False,application_error,2026-08-29T04:24:00+00:00
INC-202602882,INC-202602882,2026-08-29T04:00:00+00:00,2026-08-29T05:30:00+00:00,P3,resolved,Service Desk,Identity Gateway,svc-identity-gateway,authentication,1.5,False,application_error,2026-08-29T05:30:00+00:00
INC-202602883,INC-202602883,2026-08-29T06:00:00+00:00,2026-08-29T07:36:00+00:00,P4,resolved,Digital Operations,Patient Operations Portal,svc-patient-portal,availability,1.6,False,application_error,2026-08-29T07:36:00+00:00
INC-202602884,INC-202602884,2026-08-29T08:00:00+00:00,2026-08-29T12:30:00+00:00,P1,resolved,Service Desk,Order Management,svc-order-mgmt,availability,4.5,False,application_error,2026-08-29T12:30:00+00:00
INC-202602885,INC-202602885,2026-08-29T10:00:00+00:00,2026-08-29T12:06:00+00:00,P2,resolved,Service Desk,Identity Gateway,svc-identity-gateway,authentication,2.1,False,application_error,2026-08-29T12:06:00+00:00
INC-202602886,INC-202602886,2026-08-29T12:00:00+00:00,2026-08-29T13:12:00+00:00,P3,resolved,Digital Operations,Patient Operations Portal,svc-patient-portal,availability,1.2,False,application_error,2026-08-29T13:12:00+00:00
INC-202602887,INC-202602887,2026-08-29T14:00:00+00:00,2026-08-29T15:18:00+00:00,P4,resolved,Service Desk,Order Management,svc-order-mgmt,availability,1.3,False,application_error,2026-08-29T15:18:00+00:00
INC-202602888,INC-202602888,2026-08-29T16:00:00+00:00,2026-08-29T20:54:00+00:00,P1,resolved,Service Desk,Identity Gateway,svc-identity-gateway,authentication,4.9,False,application_error,2026-08-29T20:54:00+00:00
INC-202602889,INC-202602889,2026-08-29T18:00:00+00:00,2026-08-29T20:30:00+00:00,P2,resolved,Digital Operations,Patient Operations Portal,svc-patient-portal,availability,2.5,False,application_error,2026-08-29T20:30:00+00:00
INC-202602890,INC-202602890,2026-08-29T20:00:00+00:00,2026-08-29T21:36:00+00:00,P3,resolved,Service Desk,Order Management,svc-order-mgmt,availability,1.6,False,certificate_expiry,2026-08-29T21:36:00+00:00
INC-202602891,INC-202602891,2026-08-29T22:00:00+00:00,2026-08-29T23:00:00+00:00,P4,resolved,Service Desk,Identity Gateway,svc-identity-gateway,authentication,1.0,False,application_error,2026-08-29T23:00:00+00:00
INC-202602892,INC-202602892,2026-08-30T00:00:00+00:00,2026-08-30T04:36:00+00:00,P1,resolved,Digital Operations,Patient Operations Portal,svc-patient-portal,availability,4.6,False,application_error,2026-08-30T04:36:00+00:00
INC-202602893,INC-202602893,2026-08-30T02:00:00+00:00,2026-08-30T04:12:00+00:00,P2,resolved,Service Desk,Order Management,svc-order-mgmt,availability,2.2,False,application_error,2026-08-30T04:12:00+00:00
INC-202602894,INC-202602894,2026-08-30T04:00:00+00:00,2026-08-30T05:18:00+00:00,P3,resolved,Service Desk,Identity Gateway,svc-identity-gateway,authentication,1.3,False,application_error,2026-08-30T05:18:00+00:00
INC-202602895,INC-202602895,2026-08-30T06:00:00+00:00,2026-08-30T07:24:00+00:00,P4,resolved,Digital Operations,Patient Operations Portal,svc-patient-portal,availability,1.4,False,application_error,2026-08-30T07:24:00+00:00
INC-202602896,INC-202602896,2026-08-30T08:00:00+00:00,2026-08-30T13:00:00+00:00,P1,resolved,Service Desk,Order Management,svc-order-mgmt,availability,5.0,False,application_error,2026-08-30T13:00:00+00:00
INC-202602897,INC-202602897,2026-08-30T10:00:00+00:00,2026-08-30T12:36:00+00:00,P2,resolved,Service Desk,Identity Gateway,svc-identity-gateway,authentication,2.6,False,application_error,2026-08-30T12:36:00+00:00
INC-202602898,INC-202602898,2026-08-30T12:00:00+00:00,2026-08-30T13:00:00+00:00,P3,resolved,Digital Operations,Patient Operations Portal,svc-patient-portal,availability,1.0,False,application_error,2026-08-30T13:00:00+00:00
INC-202602899,INC-202602899,2026-08-30T14:00:00+00:00,2026-08-30T15:06:00+00:00,P4,resolved,Service Desk,Order Management,svc-order-mgmt,availability,1.1,False,application_error,2026-08-30T15:06:00+00:00
INC-202602900,INC-202602900,2026-08-30T16:00:00+00:00,2026-08-30T20:42:00+00:00,P1,resolved,Service Desk,Identity Gateway,svc-identity-gateway,authentication,4.7,True,application_error,2026-08-30T20:42:00+00:00
INC-202602901,INC-202602901,2026-08-30T18:00:00+00:00,2026-08-30T20:18:00+00:00,P2,resolved,Digital Operations,Patient Operations Portal,svc-patient-portal,availability,2.3,False,application_error,2026-08-30T20:18:00+00:00
INC-202602902,INC-202602902,2026-08-30T20:00:00+00:00,2026-08-30T21:24:00+00:00,P3,resolved,Service Desk,Order Management,svc-order-mgmt,availability,1.4,False,application_error,2026-08-30T21:24:00+00:00
INC-202602903,INC-202602903,2026-08-30T22:00:00+00:00,2026-08-30T23:30:00+00:00,P4,resolved,Service Desk,Identity Gateway,svc-identity-gateway,authentication,1.5,False,application_error,2026-08-30T23:30:00+00:00
INC-202602904,INC-202602904,2026-08-31T00:00:00+00:00,2026-08-31T05:06:00+00:00,P1,resolved,Digital Operations,Patient Operations Portal,svc-patient-portal,availability,5.1,False,application_error,2026-08-31T05:06:00+00:00
INC-202602905,INC-202602905,2026-08-31T02:00:00+00:00,2026-08-31T04:00:00+00:00,P2,resolved,Service Desk,Order Management,svc-order-mgmt,availability,2.0,False,application_error,2026-08-31T04:00:00+00:00
INC-202602906,INC-202602906,2026-08-31T04:00:00+00:00,2026-08-31T05:06:00+00:00,P3,resolved,Service Desk,Identity Gateway,svc-identity-gateway,authentication,1.1,False,application_error,2026-08-31T05:06:00+00:00
INC-202602907,INC-202602907,2026-08-31T06:00:00+00:00,2026-08-31T07:12:00+00:00,P4,resolved,Digital Operations,Patient Operations Portal,svc-patient-portal,availability,1.2,False,certificate_expiry,2026-08-31T07:12:00+00:00
INC-202602908,INC-202602908,2026-08-31T08:00:00+00:00,2026-08-31T12:48:00+00:00,P1,resolved,Service Desk,Order Management,svc-order-mgmt,availability,4.8,False,application_error,2026-08-31T12:48:00+00:00
INC-202602909,INC-202602909,2026-08-31T10:00:00+00:00,2026-08-31T12:24:00+00:00,P2,resolved,Service Desk,Identity Gateway,svc-identity-gateway,authentication,2.4,False,application_error,2026-08-31T12:24:00+00:00
INC-202602910,INC-202602910,2026-08-31T12:00:00+00:00,2026-08-31T13:30:00+00:00,P3,resolved,Digital Operations,Patient Operations Portal,svc-patient-portal,availability,1.5,False,application_error,2026-08-31T13:30:00+00:00
INC-202602911,INC-202602911,2026-08-31T14:00:00+00:00,2026-08-31T15:36:00+00:00,P4,resolved,Service Desk,Order Management,svc-order-mgmt,availability,1.6,False,application_error,2026-08-31T15:36:00+00:00
INC-202602912,INC-202602912,2026-08-31T16:00:00+00:00,2026-08-31T20:30:00+00:00,P1,resolved,Service Desk,Identity Gateway,svc-identity-gateway,authentication,4.5,False,application_error,2026-08-31T20:30:00+00:00
INC-202602913,INC-202602913,2026-08-31T18:00:00+00:00,2026-08-31T20:06:00+00:00,P2,resolved,Digital Operations,Patient Operations Portal,svc-patient-portal,availability,2.1,False,application_error,2026-08-31T20:06:00+00:00
INC-202602914,INC-202602914,2026-08-31T20:00:00+00:00,2026-08-31T21:12:00+00:00,P3,resolved,Service Desk,Order Management,svc-order-mgmt,availability,1.2,False,application_error,2026-08-31T21:12:00+00:00
INC-202602915,INC-202602915,2026-08-31T22:00:00+00:00,2026-08-31T23:18:00+00:00,P4,resolved,Service Desk,Identity Gateway,svc-identity-gateway,authentication,1.3,False,application_error,2026-08-31T23:18:00+00:00
INC-202602916,INC-202602916,2026-09-01T00:00:00+00:00,2026-09-01T04:54:00+00:00,P1,resolved,Digital Operations,Patient Operations Portal,svc-patient-portal,availability,4.9,False,application_error,2026-09-01T04:54:00+00:00
INC-202602917,INC-202602917,2026-09-01T02:00:00+00:00,2026-09-01T04:30:00+00:00,P2,resolved,Service Desk,Order Management,svc-order-mgmt,availability,2.5,False,application_error,2026-09-01T04:30:00+00:00
INC-202602918,INC-202602918,2026-09-01T04:00:00+00:00,2026-09-01T05:36:00+00:00,P3,resolved,Service Desk,Identity Gateway,svc-identity-gateway,authentication,1.6,False,application_error,2026-09-01T05:36:00+00:00
INC-202602919,INC-202602919,2026-09-01T06:00:00+00:00,2026-09-01T07:00:00+00:00,P4,resolved,Digital Operations,Patient Operations Portal,svc-patient-portal,availability,1.0,False,application_error,2026-09-01T07:00:00+00:00
INC-202602920,INC-202602920,2026-09-01T08:00:00+00:00,2026-09-01T12:36:00+00:00,P1,resolved,Service Desk,Order Management,svc-order-mgmt,availability,4.6,True,application_error,2026-09-01T12:36:00+00:00
INC-202602921,INC-202602921,2026-09-01T10:00:00+00:00,2026-09-01T12:12:00+00:00,P2,resolved,Service Desk,Identity Gateway,svc-identity-gateway,authentication,2.2,False,application_error,2026-09-01T12:12:00+00:00
INC-202602922,INC-202602922,2026-09-01T12:00:00+00:00,2026-09-01T13:18:00+00:00,P3,resolved,Digital Operations,Patient Operations Portal,svc-patient-portal,availability,1.3,False,application_error,2026-09-01T13:18:00+00:00
INC-202602923,INC-202602923,2026-09-01T14:00:00+00:00,2026-09-01T15:24:00+00:00,P4,resolved,Service Desk,Order Management,svc-order-mgmt,availability,1.4,False,application_error,2026-09-01T15:24:00+00:00
INC-202602924,INC-202602924,2026-09-01T16:00:00+00:00,2026-09-01T21:00:00+00:00,P1,resolved,Service Desk,Identity Gateway,svc-identity-gateway,authentication,5.0,False,certificate_expiry,2026-09-01T21:00:00+00:00
INC-202602925,INC-202602925,2026-09-01T18:00:00+00:00,2026-09-01T20:36:00+00:00,P2,resolved,Digital Operations,Patient Operations Portal,svc-patient-portal,availability,2.6,False,application_error,2026-09-01T20:36:00+00:00
INC-202602926,INC-202602926,2026-09-01T20:00:00+00:00,2026-09-01T21:00:00+00:00,P3,resolved,Service Desk,Order Management,svc-order-mgmt,availability,1.0,False,application_error,2026-09-01T21:00:00+00:00
INC-202602927,INC-202602927,2026-09-01T22:00:00+00:00,2026-09-01T23:06:00+00:00,P4,resolved,Service Desk,Identity Gateway,svc-identity-gateway,authentication,1.1,False,application_error,2026-09-01T23:06:00+00:00
INC-202602928,INC-202602928,2026-09-02T00:00:00+00:00,2026-09-02T04:42:00+00:00,P1,resolved,Digital Operations,Patient Operations Portal,svc-patient-portal,availability,4.7,False,application_error,2026-09-02T04:42:00+00:00
INC-202602929,INC-202602929,2026-09-02T02:00:00+00:00,2026-09-02T04:18:00+00:00,P2,resolved,Service Desk,Order Management,svc-order-mgmt,availability,2.3,False,application_error,2026-09-02T04:18:00+00:00
INC-202602930,INC-202602930,2026-09-02T04:00:00+00:00,2026-09-02T05:24:00+00:00,P3,resolved,Service Desk,Identity Gateway,svc-identity-gateway,authentication,1.4,False,application_error,2026-09-02T05:24:00+00:00
INC-202602931,INC-202602931,2026-09-02T06:00:00+00:00,2026-09-02T07:30:00+00:00,P4,resolved,Digital Operations,Patient Operations Portal,svc-patient-portal,availability,1.5,False,application_error,2026-09-02T07:30:00+00:00
INC-202602932,INC-202602932,2026-09-02T08:00:00+00:00,2026-09-02T13:06:00+00:00,P1,resolved,Service Desk,Order Management,svc-order-mgmt,availability,5.1,False,application_error,2026-09-02T13:06:00+00:00
INC-202602933,INC-202602933,2026-09-02T10:00:00+00:00,2026-09-02T12:00:00+00:00,P2,resolved,Service Desk,Identity Gateway,svc-identity-gateway,authentication,2.0,False,application_error,2026-09-02T12:00:00+00:00
INC-202602934,INC-202602934,2026-09-02T12:00:00+00:00,2026-09-02T13:06:00+00:00,P3,resolved,Digital Operations,Patient Operations Portal,svc-patient-portal,availability,1.1,False,application_error,2026-09-02T13:06:00+00:00
INC-202602935,INC-202602935,2026-09-02T14:00:00+00:00,2026-09-02T15:12:00+00:00,P4,resolved,Service Desk,Order Management,svc-order-mgmt,availability,1.2,False,application_error,2026-09-02T15:12:00+00:00
INC-202602936,INC-202602936,2026-09-02T16:00:00+00:00,2026-09-02T20:48:00+00:00,P1,resolved,Service Desk,Identity Gateway,svc-identity-gateway,authentication,4.8,False,application_error,2026-09-02T20:48:00+00:00
INC-202602937,INC-202602937,2026-09-02T18:00:00+00:00,2026-09-02T20:24:00+00:00,P2,resolved,Digital Operations,Patient Operations Portal,svc-patient-portal,availability,2.4,False,application_error,2026-09-02T20:24:00+00:00
INC-202602938,INC-202602938,2026-09-02T20:00:00+00:00,2026-09-02T21:30:00+00:00,P3,resolved,Service Desk,Order Management,svc-order-mgmt,availability,1.5,False,application_error,2026-09-02T21:30:00+00:00
INC-202602939,INC-202602939,2026-09-02T22:00:00+00:00,2026-09-02T23:36:00+00:00,P4,resolved,Service Desk,Identity Gateway,svc-identity-gateway,authentication,1.6,False,application_error,2026-09-02T23:36:00+00:00
INC-202602940,INC-202602940,2026-09-03T00:00:00+00:00,2026-09-03T04:30:00+00:00,P1,resolved,Digital Operations,Patient Operations Portal,svc-patient-portal,availability,4.5,True,application_error,2026-09-03T04:30:00+00:00
INC-202602941,INC-202602941,2026-09-03T02:00:00+00:00,2026-09-03T04:06:00+00:00,P2,resolved,Service Desk,Order Management,svc-order-mgmt,availability,2.1,False,certificate_expiry,2026-09-03T04:06:00+00:00
INC-202602942,INC-202602942,2026-09-03T04:00:00+00:00,2026-09-03T05:12:00+00:00,P3,resolved,Service Desk,Identity Gateway,svc-identity-gateway,authentication,1.2,False,application_error,2026-09-03T05:12:00+00:00
INC-202602943,INC-202602943,2026-09-03T06:00:00+00:00,2026-09-03T07:18:00+00:00,P4,resolved,Digital Operations,Patient Operations Portal,svc-patient-portal,availability,1.3,False,application_error,2026-09-03T07:18:00+00:00
INC-202602944,INC-202602944,2026-09-03T08:00:00+00:00,2026-09-03T12:54:00+00:00,P1,resolved,Service Desk,Order Management,svc-order-mgmt,availability,4.9,False,application_error,2026-09-03T12:54:00+00:00
INC-202602945,INC-202602945,2026-09-03T10:00:00+00:00,2026-09-03T12:30:00+00:00,P2,resolved,Service Desk,Identity Gateway,svc-identity-gateway,authentication,2.5,False,application_error,2026-09-03T12:30:00+00:00
INC-202602946,INC-202602946,2026-09-03T12:00:00+00:00,2026-09-03T13:36:00+00:00,P3,resolved,Digital Operations,Patient Operations Portal,svc-patient-portal,availability,1.6,False,application_error,2026-09-03T13:36:00+00:00
INC-202602947,INC-202602947,2026-09-03T14:00:00+00:00,2026-09-03T15:00:00+00:00,P4,resolved,Service Desk,Order Management,svc-order-mgmt,availability,1.0,False,application_error,2026-09-03T15:00:00+00:00
INC-202602948,INC-202602948,2026-09-03T16:00:00+00:00,2026-09-03T20:36:00+00:00,P1,resolved,Service Desk,Identity Gateway,svc-identity-gateway,authentication,4.6,False,application_error,2026-09-03T20:36:00+00:00
INC-202602949,INC-202602949,2026-09-03T18:00:00+00:00,2026-09-03T20:12:00+00:00,P2,resolved,Digital Operations,Patient Operations Portal,svc-patient-portal,availability,2.2,False,application_error,2026-09-03T20:12:00+00:00
INC-202602950,INC-202602950,2026-09-03T20:00:00+00:00,2026-09-03T21:18:00+00:00,P3,resolved,Service Desk,Order Management,svc-order-mgmt,availability,1.3,False,application_error,2026-09-03T21:18:00+00:00
INC-202602951,INC-202602951,2026-09-03T22:00:00+00:00,2026-09-03T23:24:00+00:00,P4,resolved,Service Desk,Identity Gateway,svc-identity-gateway,authentication,1.4,False,application_error,2026-09-03T23:24:00+00:00
INC-202602952,INC-202602952,2026-09-04T00:00:00+00:00,2026-09-04T05:00:00+00:00,P1,resolved,Digital Operations,Patient Operations Portal,svc-patient-portal,availability,5.0,False,application_error,2026-09-04T05:00:00+00:00
INC-202602953,INC-202602953,2026-09-04T02:00:00+00:00,2026-09-04T04:36:00+00:00,P2,resolved,Service Desk,Order Management,svc-order-mgmt,availability,2.6,False,application_error,2026-09-04T04:36:00+00:00
INC-202602954,INC-202602954,2026-09-04T04:00:00+00:00,2026-09-04T05:00:00+00:00,P3,resolved,Service Desk,Identity Gateway,svc-identity-gateway,authentication,1.0,False,application_error,2026-09-04T05:00:00+00:00
INC-202602955,INC-202602955,2026-09-04T06:00:00+00:00,2026-09-04T07:06:00+00:00,P4,resolved,Digital Operations,Patient Operations Portal,svc-patient-portal,availability,1.1,False,application_error,2026-09-04T07:06:00+00:00
INC-202602956,INC-202602956,2026-09-04T08:00:00+00:00,2026-09-04T12:42:00+00:00,P1,resolved,Service Desk,Order Management,svc-order-mgmt,availability,4.7,False,application_error,2026-09-04T12:42:00+00:00
INC-202602957,INC-202602957,2026-09-04T10:00:00+00:00,2026-09-04T12:18:00+00:00,P2,resolved,Service Desk,Identity Gateway,svc-identity-gateway,authentication,2.3,False,application_error,2026-09-04T12:18:00+00:00
INC-202602958,INC-202602958,2026-09-04T12:00:00+00:00,2026-09-04T13:24:00+00:00,P3,resolved,Digital Operations,Patient Operations Portal,svc-patient-portal,availability,1.4,False,certificate_expiry,2026-09-04T13:24:00+00:00
INC-202602959,INC-202602959,2026-09-04T14:00:00+00:00,2026-09-04T15:30:00+00:00,P4,resolved,Service Desk,Order Management,svc-order-mgmt,availability,1.5,False,application_error,2026-09-04T15:30:00+00:00
INC-202602960,INC-202602960,2026-09-04T16:00:00+00:00,2026-09-04T21:06:00+00:00,P1,resolved,Service Desk,Identity Gateway,svc-identity-gateway,authentication,5.1,True,application_error,2026-09-04T21:06:00+00:00
INC-202602961,INC-202602961,2026-09-04T18:00:00+00:00,2026-09-04T20:00:00+00:00,P2,resolved,Digital Operations,Patient Operations Portal,svc-patient-portal,availability,2.0,False,application_error,2026-09-04T20:00:00+00:00
INC-202602962,INC-202602962,2026-09-04T20:00:00+00:00,2026-09-04T21:06:00+00:00,P3,resolved,Service Desk,Order Management,svc-order-mgmt,availability,1.1,False,application_error,2026-09-04T21:06:00+00:00
INC-202602963,INC-202602963,2026-09-04T22:00:00+00:00,2026-09-04T23:12:00+00:00,P4,resolved,Service Desk,Identity Gateway,svc-identity-gateway,authentication,1.2,False,application_error,2026-09-04T23:12:00+00:00
INC-202602964,INC-202602964,2026-09-05T00:00:00+00:00,2026-09-05T04:48:00+00:00,P1,resolved,Digital Operations,Patient Operations Portal,svc-patient-portal,availability,4.8,False,application_error,2026-09-05T04:48:00+00:00
INC-202602965,INC-202602965,2026-09-05T02:00:00+00:00,2026-09-05T04:24:00+00:00,P2,resolved,Service Desk,Order Management,svc-order-mgmt,availability,2.4,False,application_error,2026-09-05T04:24:00+00:00
INC-202602966,INC-202602966,2026-09-05T04:00:00+00:00,2026-09-05T05:30:00+00:00,P3,resolved,Service Desk,Identity Gateway,svc-identity-gateway,authentication,1.5,False,application_error,2026-09-05T05:30:00+00:00
INC-202602967,INC-202602967,2026-09-05T06:00:00+00:00,2026-09-05T07:36:00+00:00,P4,resolved,Digital Operations,Patient Operations Portal,svc-patient-portal,availability,1.6,False,application_error,2026-09-05T07:36:00+00:00
INC-202602968,INC-202602968,2026-09-05T08:00:00+00:00,2026-09-05T12:30:00+00:00,P1,resolved,Service Desk,Order Management,svc-order-mgmt,availability,4.5,False,application_error,2026-09-05T12:30:00+00:00
INC-202602969,INC-202602969,2026-09-05T10:00:00+00:00,2026-09-05T12:06:00+00:00,P2,resolved,Service Desk,Identity Gateway,svc-identity-gateway,authentication,2.1,False,application_error,2026-09-05T12:06:00+00:00
INC-202602970,INC-202602970,2026-09-05T12:00:00+00:00,2026-09-05T13:12:00+00:00,P3,resolved,Digital Operations,Patient Operations Portal,svc-patient-portal,availability,1.2,False,application_error,2026-09-05T13:12:00+00:00
INC-202602971,INC-202602971,2026-09-05T14:00:00+00:00,2026-09-05T15:18:00+00:00,P4,resolved,Service Desk,Order Management,svc-order-mgmt,availability,1.3,False,application_error,2026-09-05T15:18:00+00:00
INC-202602972,INC-202602972,2026-09-05T16:00:00+00:00,2026-09-05T20:54:00+00:00,P1,resolved,Service Desk,Identity Gateway,svc-identity-gateway,authentication,4.9,False,application_error,2026-09-05T20:54:00+00:00
INC-202602973,INC-202602973,2026-09-05T18:00:00+00:00,2026-09-05T20:30:00+00:00,P2,resolved,Digital Operations,Patient Operations Portal,svc-patient-portal,availability,2.5,False,application_error,2026-09-05T20:30:00+00:00
INC-202602974,INC-202602974,2026-09-05T20:00:00+00:00,2026-09-05T21:36:00+00:00,P3,resolved,Service Desk,Order Management,svc-order-mgmt,availability,1.6,False,application_error,2026-09-05T21:36:00+00:00
INC-202602975,INC-202602975,2026-09-05T22:00:00+00:00,2026-09-05T23:00:00+00:00,P4,resolved,Service Desk,Identity Gateway,svc-identity-gateway,authentication,1.0,False,certificate_expiry,2026-09-05T23:00:00+00:00
INC-202602976,INC-202602976,2026-09-06T00:00:00+00:00,2026-09-06T04:36:00+00:00,P1,resolved,Digital Operations,Patient Operations Portal,svc-patient-portal,availability,4.6,False,application_error,2026-09-06T04:36:00+00:00
INC-202602977,INC-202602977,2026-09-06T02:00:00+00:00,2026-09-06T04:12:00+00:00,P2,resolved,Service Desk,Order Management,svc-order-mgmt,availability,2.2,False,application_error,2026-09-06T04:12:00+00:00
INC-202602978,INC-202602978,2026-09-06T04:00:00+00:00,2026-09-06T05:18:00+00:00,P3,resolved,Service Desk,Identity Gateway,svc-identity-gateway,authentication,1.3,False,application_error,2026-09-06T05:18:00+00:00
INC-202602979,INC-202602979,2026-09-06T06:00:00+00:00,2026-09-06T07:24:00+00:00,P4,resolved,Digital Operations,Patient Operations Portal,svc-patient-portal,availability,1.4,False,application_error,2026-09-06T07:24:00+00:00
INC-202602980,INC-202602980,2026-09-06T08:00:00+00:00,2026-09-06T13:00:00+00:00,P1,resolved,Service Desk,Order Management,svc-order-mgmt,availability,5.0,True,application_error,2026-09-06T13:00:00+00:00
INC-202602981,INC-202602981,2026-09-06T10:00:00+00:00,2026-09-06T12:36:00+00:00,P2,resolved,Service Desk,Identity Gateway,svc-identity-gateway,authentication,2.6,False,application_error,2026-09-06T12:36:00+00:00
INC-202602982,INC-202602982,2026-09-06T12:00:00+00:00,2026-09-06T13:00:00+00:00,P3,resolved,Digital Operations,Patient Operations Portal,svc-patient-portal,availability,1.0,False,application_error,2026-09-06T13:00:00+00:00
INC-202602983,INC-202602983,2026-09-06T14:00:00+00:00,2026-09-06T15:06:00+00:00,P4,resolved,Service Desk,Order Management,svc-order-mgmt,availability,1.1,False,application_error,2026-09-06T15:06:00+00:00
INC-202602984,INC-202602984,2026-09-06T16:00:00+00:00,2026-09-06T20:42:00+00:00,P1,resolved,Service Desk,Identity Gateway,svc-identity-gateway,authentication,4.7,False,application_error,2026-09-06T20:42:00+00:00
INC-202602985,INC-202602985,2026-09-06T18:00:00+00:00,2026-09-06T20:18:00+00:00,P2,resolved,Digital Operations,Patient Operations Portal,svc-patient-portal,availability,2.3,False,application_error,2026-09-06T20:18:00+00:00
INC-202602986,INC-202602986,2026-09-06T20:00:00+00:00,2026-09-06T21:24:00+00:00,P3,resolved,Service Desk,Order Management,svc-order-mgmt,availability,1.4,False,application_error,2026-09-06T21:24:00+00:00
INC-202602987,INC-202602987,2026-09-06T22:00:00+00:00,2026-09-06T23:30:00+00:00,P4,resolved,Service Desk,Identity Gateway,svc-identity-gateway,authentication,1.5,False,application_error,2026-09-06T23:30:00+00:00
INC-202602988,INC-202602988,2026-09-07T00:00:00+00:00,2026-09-07T05:06:00+00:00,P1,resolved,Digital Operations,Patient Operations Portal,svc-patient-portal,availability,5.1,False,application_error,2026-09-07T05:06:00+00:00
INC-202602989,INC-202602989,2026-09-07T02:00:00+00:00,2026-09-07T04:00:00+00:00,P2,resolved,Service Desk,Order Management,svc-order-mgmt,availability,2.0,False,application_error,2026-09-07T04:00:00+00:00
INC-202602990,INC-202602990,2026-09-07T04:00:00+00:00,2026-09-07T05:06:00+00:00,P3,resolved,Service Desk,Identity Gateway,svc-identity-gateway,authentication,1.1,False,application_error,2026-09-07T05:06:00+00:00
INC-202602991,INC-202602991,2026-09-07T06:00:00+00:00,2026-09-07T07:12:00+00:00,P4,resolved,Digital Operations,Patient Operations Portal,svc-patient-portal,availability,1.2,False,application_error,2026-09-07T07:12:00+00:00
INC-202602992,INC-202602992,2026-09-07T08:00:00+00:00,2026-09-07T12:48:00+00:00,P1,resolved,Service Desk,Order Management,svc-order-mgmt,availability,4.8,False,certificate_expiry,2026-09-07T12:48:00+00:00
INC-202602993,INC-202602993,2026-09-07T10:00:00+00:00,2026-09-07T12:24:00+00:00,P2,resolved,Service Desk,Identity Gateway,svc-identity-gateway,authentication,2.4,False,application_error,2026-09-07T12:24:00+00:00
INC-202602994,INC-202602994,2026-09-07T12:00:00+00:00,2026-09-07T13:30:00+00:00,P3,resolved,Digital Operations,Patient Operations Portal,svc-patient-portal,availability,1.5,False,application_error,2026-09-07T13:30:00+00:00
INC-202602995,INC-202602995,2026-09-07T14:00:00+00:00,2026-09-07T15:36:00+00:00,P4,resolved,Service Desk,Order Management,svc-order-mgmt,availability,1.6,False,application_error,2026-09-07T15:36:00+00:00
INC-202602996,INC-202602996,2026-09-07T16:00:00+00:00,2026-09-07T20:30:00+00:00,P1,resolved,Service Desk,Identity Gateway,svc-identity-gateway,authentication,4.5,False,application_error,2026-09-07T20:30:00+00:00
INC-202602997,INC-202602997,2026-09-07T18:00:00+00:00,2026-09-07T20:06:00+00:00,P2,resolved,Digital Operations,Patient Operations Portal,svc-patient-portal,availability,2.1,False,application_error,2026-09-07T20:06:00+00:00
INC-202602998,INC-202602998,2026-09-07T20:00:00+00:00,2026-09-07T21:12:00+00:00,P3,resolved,Service Desk,Order Management,svc-order-mgmt,availability,1.2,False,application_error,2026-09-07T21:12:00+00:00
INC-202602999,INC-202602999,2026-09-07T22:00:00+00:00,2026-09-07T23:18:00+00:00,P4,resolved,Service Desk,Identity Gateway,svc-identity-gateway,authentication,1.3,False,application_error,2026-09-07T23:18:00+00:00
