transaction_id,order_id,sale_date,posting_timestamp,customer_id,customer_name,customer_type,facility_state,sales_region,sales_rep_id,product_sku,product_family,procedure_category,units,unit_price,gross_sales,discount_pct,discount_amount,net_sales,cost_of_goods,gross_margin,currency,sales_channel,contract_id,purchase_order_number,invoice_number,payment_status,source_updated_at
TXN-000001,SO-100000,2025-12-07,2025-12-07T14:00:00+00:00,CUS-003,Great Lakes University Hospital,Academic Medical Center,OH,Midwest,REP-007,TRI-KNEE-CR-04,Triathlon Knee,Total knee arthroplasty,4,4423.80,17695.20,0.1700,3008.18,14687.02,9240.00,5447.02,USD,Direct,AGR-ORTHO-26-324,CPO-003-2025-0001,SI-880000,PAID,2025-12-07T17:00:00+00:00
TXN-000002,SO-100001,2026-04-09,2026-04-09T14:01:00+00:00,CUS-002,Hudson Valley Surgical Center,ASC,NY,Northeast,REP-005,TRI-KNEE-CR-04,Triathlon Knee,Total knee arthroplasty,5,4336.20,21681.00,0.1450,3143.75,18537.25,11550.00,6987.25,USD,Direct,AGR-ORTHO-26-317,CPO-002-2026-0002,SI-880001,PAID,2026-04-11T17:01:00+00:00
TXN-000003,SO-100002,2026-01-03,2026-01-03T14:02:00+00:00,CUS-005,Lone Star Orthopedic Network,IDN,TX,South Central,REP-015,TRI-KNEE-PS-05,Triathlon Knee,Total knee arthroplasty,2,4776.75,9553.50,0.1800,1719.63,7833.87,5080.00,2753.87,USD,ASC Program,AGR-ORTHO-26-338,CPO-005-2026-0003,SI-880002,OPEN,2026-01-03T17:02:00+00:00
TXN-000004,SO-100003,2025-11-06,2025-11-06T14:03:00+00:00,CUS-003,Great Lakes University Hospital,Academic Medical Center,OH,Midwest,REP-010,MAKO-KNEE-KIT,Robotic Procedure Kit,Robotic-assisted knee,1,1640.00,1640.00,0.1800,295.20,1344.80,703.80,641.00,USD,Direct,AGR-ORTHO-26-324,CPO-003-2025-0004,SI-880003,OPEN,2025-11-07T17:03:00+00:00
TXN-000005,SO-100004,2026-03-08,2026-03-08T14:04:00+00:00,CUS-004,Blue Ridge Joint Institute,Hospital,NC,Southeast,REP-014,MAKO-KNEE-KIT,Robotic Procedure Kit,Robotic-assisted knee,1,1656.40,1656.40,0.1400,231.90,1424.50,676.20,748.30,USD,Direct,AGR-ORTHO-26-331,CPO-004-2026-0005,SI-880004,PAID,2026-03-09T17:04:00+00:00
TXN-000006,SO-100005,2026-03-14,2026-03-14T14:05:00+00:00,CUS-011,Desert Ridge Ambulatory Surgery,ASC,AZ,Mountain,REP-036,SOM-PLATE-8H,Trauma Plating,Trauma fixation,4,892.50,3570.00,0.1100,392.70,3177.30,1489.20,1688.10,USD,Direct,AGR-ORTHO-26-310,CPO-011-2026-0006,SI-880005,PAID,2026-03-14T17:05:00+00:00
TXN-000007,SO-100006,2026-04-29,2026-04-29T14:06:00+00:00,CUS-002,Hudson Valley Surgical Center,ASC,NY,Northeast,REP-010,TRI-KNEE-CR-04,Triathlon Knee,Total knee arthroplasty,2,4292.40,8584.80,0.1500,1287.72,7297.08,4620.00,2677.08,USD,Direct,AGR-ORTHO-26-317,CPO-002-2026-0007,SI-880006,PAID,2026-04-29T17:06:00+00:00
TXN-000008,SO-100007,2026-05-01,2026-05-01T14:07:00+00:00,CUS-005,Lone Star Orthopedic Network,IDN,TX,South Central,REP-013,MAKO-HIP-KIT,Robotic Procedure Kit,Robotic-assisted hip,4,1495.00,5980.00,0.1900,1136.20,4843.80,2450.00,2393.80,USD,Direct,AGR-ORTHO-26-338,CPO-005-2026-0008,SI-880007,PAID,2026-05-02T17:07:00+00:00
TXN-000009,SO-100008,2025-12-08,2025-12-08T14:08:00+00:00,CUS-003,Great Lakes University Hospital,Academic Medical Center,OH,Midwest,REP-008,ACC-HIP-CUP-56,Acetabular System,Total hip arthroplasty,4,2915.50,11662.00,0.1700,1982.54,9679.46,6071.04,3608.42,USD,Direct,AGR-ORTHO-26-324,CPO-003-2025-0009,SI-880008,OPEN,2025-12-08T17:08:00+00:00
TXN-000010,SO-100009,2026-04-04,2026-04-04T14:09:00+00:00,CUS-003,Great Lakes University Hospital,Academic Medical Center,OH,Midwest,REP-009,TRI-KNEE-PS-05,Triathlon Knee,Total knee arthroplasty,4,4921.50,19686.00,0.1700,3346.62,16339.38,10363.20,5976.18,USD,Direct,AGR-ORTHO-26-324,CPO-003-2026-0010,SI-880009,OPEN,2026-04-06T17:09:00+00:00
TXN-000011,SO-100010,2026-02-28,2026-02-28T14:10:00+00:00,CUS-005,Lone Star Orthopedic Network,IDN,TX,South Central,REP-016,TRI-KNEE-CR-04,Triathlon Knee,Total knee arthroplasty,3,4423.80,13271.40,0.1800,2388.85,10882.55,7068.60,3813.95,USD,Direct,AGR-ORTHO-26-338,CPO-005-2026-0011,SI-880010,PAID,2026-03-02T17:10:00+00:00
TXN-000012,SO-100011,2026-01-29,2026-01-29T14:11:00+00:00,CUS-006,Pacific Motion Surgery Partners,ASC,CA,West,REP-020,REV-FEM-STEM-12,Revision Hip,Revision arthroplasty,2,6420.00,12840.00,0.1100,1412.40,11427.60,6850.20,4577.40,USD,Direct,AGR-ORTHO-26-310,CPO-006-2026-0012,SI-880011,PAID,2026-01-29T17:11:00+00:00
TXN-000013,SO-100012,2025-12-25,2025-12-25T14:12:00+00:00,CUS-012,New England Sports Medicine,Hospital,MA,Northeast,REP-039,TRI-KNEE-PS-05,Triathlon Knee,Total knee arthroplasty,3,4873.25,14619.75,0.1200,1754.37,12865.38,7620.00,5245.38,USD,Distributor,AGR-ORTHO-26-317,CPO-012-2025-0013,SI-880012,PAID,2025-12-25T17:12:00+00:00
TXN-000014,SO-100013,2026-04-18,2026-04-18T14:13:00+00:00,CUS-004,Blue Ridge Joint Institute,Hospital,NC,Southeast,REP-016,MAKO-HIP-KIT,Robotic Procedure Kit,Robotic-assisted hip,1,1495.00,1495.00,0.1200,179.40,1315.60,637.50,678.10,USD,Direct,AGR-ORTHO-26-331,CPO-004-2026-0014,SI-880013,PARTIALLY_PAID,2026-04-18T17:13:00+00:00
TXN-000015,SO-100014,2026-04-02,2026-04-02T14:14:00+00:00,CUS-003,Great Lakes University Hospital,Academic Medical Center,OH,Midwest,REP-007,TRI-KNEE-CR-04,Triathlon Knee,Total knee arthroplasty,2,4467.60,8935.20,0.1600,1429.63,7505.57,4527.60,2977.97,USD,Direct,AGR-ORTHO-26-324,CPO-003-2026-0015,SI-880014,OPEN,2026-04-04T17:14:00+00:00
TXN-000016,SO-100015,2026-04-14,2026-04-14T14:15:00+00:00,CUS-006,Pacific Motion Surgery Partners,ASC,CA,West,REP-017,MAKO-KNEE-KIT,Robotic Procedure Kit,Robotic-assisted knee,1,1640.00,1640.00,0.1100,180.40,1459.60,690.00,769.60,USD,Direct,AGR-ORTHO-26-310,CPO-006-2026-0016,SI-880015,OPEN,2026-04-16T17:15:00+00:00
TXN-000017,SO-100016,2026-03-23,2026-03-23T14:16:00+00:00,CUS-001,Atlantic Ortho Alliance,IDN,PA,Northeast,REP-003,SPN-CAGE-LORD,Spine Interbody,Lumbar fusion,2,5154.80,10309.60,0.1950,2010.37,8299.23,5470.00,2829.23,USD,ASC Program,AGR-ORTHO-26-310,CPO-001-2026-0017,SI-880016,PAID,2026-03-23T17:16:00+00:00
TXN-000018,SO-100017,2026-01-05,2026-01-05T14:17:00+00:00,CUS-004,Blue Ridge Joint Institute,Hospital,NC,Southeast,REP-013,SOM-SCREW-45,Trauma Plating,Trauma fixation,2,146.00,292.00,0.1300,37.96,254.04,82.32,171.72,USD,Direct,AGR-ORTHO-26-331,CPO-004-2026-0018,SI-880017,OPEN,2026-01-05T17:17:00+00:00
TXN-000019,SO-100018,2026-04-14,2026-04-14T14:18:00+00:00,CUS-006,Pacific Motion Surgery Partners,ASC,CA,West,REP-020,TRI-KNEE-PS-05,Triathlon Knee,Total knee arthroplasty,2,4825.00,9650.00,0.1200,1158.00,8492.00,5080.00,3412.00,USD,Direct,AGR-ORTHO-26-310,CPO-006-2026-0019,SI-880018,OPEN,2026-04-14T17:18:00+00:00
TXN-000020,SO-100019,2026-02-25,2026-02-25T14:19:00+00:00,CUS-008,Gulf Coast Trauma Hospital,Hospital,FL,Southeast,REP-027,TRI-KNEE-CR-04,Triathlon Knee,Total knee arthroplasty,1,4380.00,4380.00,0.1300,569.40,3810.60,2310.00,1500.60,USD,Distributor,AGR-ORTHO-26-324,CPO-008-2026-0020,SI-880019,PAID,2026-02-27T17:19:00+00:00
TXN-000021,SO-100020,2026-02-09,2026-02-09T14:20:00+00:00,CUS-002,Hudson Valley Surgical Center,ASC,NY,Northeast,REP-010,ACC-HIP-CUP-56,Acetabular System,Total hip arthroplasty,2,3004.75,6009.50,0.1100,661.05,5348.45,2976.00,2372.45,USD,Direct,AGR-ORTHO-26-317,CPO-002-2026-0021,SI-880020,PAID,2026-02-09T17:20:00+00:00
TXN-000022,SO-100021,2025-12-29,2025-12-29T14:21:00+00:00,CUS-005,Lone Star Orthopedic Network,IDN,TX,South Central,REP-013,TRI-KNEE-CR-04,Triathlon Knee,Total knee arthroplasty,1,4423.80,4423.80,0.2000,884.76,3539.04,2263.80,1275.24,USD,ASC Program,AGR-ORTHO-26-338,CPO-005-2025-0022,SI-880021,OPEN,2025-12-30T17:21:00+00:00
TXN-000023,SO-100022,2026-01-07,2026-01-07T14:22:00+00:00,CUS-006,Pacific Motion Surgery Partners,ASC,CA,West,REP-017,TRI-KNEE-PS-05,Triathlon Knee,Total knee arthroplasty,1,4776.75,4776.75,0.1100,525.44,4251.31,2540.00,1711.31,USD,Direct,AGR-ORTHO-26-310,CPO-006-2026-0023,SI-880022,OPEN,2026-01-09T17:22:00+00:00
TXN-000024,SO-100023,2026-04-13,2026-04-13T14:23:00+00:00,CUS-006,Pacific Motion Surgery Partners,ASC,CA,West,REP-018,SOM-PLATE-8H,Trauma Plating,Trauma fixation,2,857.50,1715.00,0.1200,205.80,1509.20,730.00,779.20,USD,Direct,AGR-ORTHO-26-310,CPO-006-2026-0024,SI-880023,PAID,2026-04-14T17:23:00+00:00
TXN-000025,SO-100024,2026-01-26,2026-01-26T14:24:00+00:00,CUS-004,Blue Ridge Joint Institute,Hospital,NC,Southeast,REP-013,TRI-KNEE-CR-04,Triathlon Knee,Total knee arthroplasty,1,4380.00,4380.00,0.1300,569.40,3810.60,2310.00,1500.60,USD,Distributor,AGR-ORTHO-26-331,CPO-004-2026-0025,SI-880024,OPEN,2026-01-28T17:24:00+00:00
TXN-000026,SO-100025,2025-11-30,2025-11-30T14:25:00+00:00,CUS-006,Pacific Motion Surgery Partners,ASC,CA,West,REP-020,SOM-SCREW-45,Trauma Plating,Trauma fixation,1,146.00,146.00,0.1100,16.06,129.94,42.00,87.94,USD,Direct,AGR-ORTHO-26-310,CPO-006-2025-0026,SI-880025,PAID,2025-12-02T17:25:00+00:00
TXN-000027,SO-100026,2025-12-17,2025-12-17T14:26:00+00:00,CUS-008,Gulf Coast Trauma Hospital,Hospital,FL,Southeast,REP-027,ACC-HIP-LIN-36,Acetabular System,Total hip arthroplasty,1,1180.00,1180.00,0.1200,141.60,1038.40,530.00,508.40,USD,Distributor,AGR-ORTHO-26-324,CPO-008-2025-0027,SI-880026,PARTIALLY_PAID,2025-12-17T17:26:00+00:00
TXN-000028,SO-100027,2026-03-27,2026-03-27T14:27:00+00:00,CUS-005,Lone Star Orthopedic Network,IDN,TX,South Central,REP-019,TRI-KNEE-PS-05,Triathlon Knee,Total knee arthroplasty,1,4825.00,4825.00,0.1800,868.50,3956.50,2540.00,1416.50,USD,ASC Program,AGR-ORTHO-26-338,CPO-005-2026-0028,SI-880027,PAID,2026-03-28T17:27:00+00:00
TXN-000029,SO-100028,2026-04-02,2026-04-02T14:28:00+00:00,CUS-004,Blue Ridge Joint Institute,Hospital,NC,Southeast,REP-010,TRI-KNEE-CR-04,Triathlon Knee,Total knee arthroplasty,2,4423.80,8847.60,0.1200,1061.71,7785.89,4527.60,3258.29,USD,Direct,AGR-ORTHO-26-331,CPO-004-2026-0029,SI-880028,PAID,2026-04-03T17:28:00+00:00
TXN-000030,SO-100029,2026-05-20,2026-05-20T14:29:00+00:00,CUS-003,Great Lakes University Hospital,Academic Medical Center,OH,Midwest,REP-008,SPN-CAGE-LORD,Spine Interbody,Lumbar fusion,2,5260.00,10520.00,0.1800,1893.60,8626.40,5470.00,3156.40,USD,Distributor,AGR-ORTHO-26-324,CPO-003-2026-0030,SI-880029,PAID,2026-05-21T17:29:00+00:00
TXN-000031,SO-100030,2026-05-13,2026-05-13T14:30:00+00:00,CUS-003,Great Lakes University Hospital,Academic Medical Center,OH,Midwest,REP-009,MAKO-HIP-KIT,Robotic Procedure Kit,Robotic-assisted hip,3,1524.90,4574.70,0.1800,823.45,3751.25,1912.50,1838.75,USD,Direct,AGR-ORTHO-26-324,CPO-003-2026-0031,SI-880030,OPEN,2026-05-13T17:30:00+00:00
TXN-000032,SO-100031,2026-04-28,2026-04-28T14:31:00+00:00,CUS-005,Lone Star Orthopedic Network,IDN,TX,South Central,REP-016,TRI-KNEE-CR-04,Triathlon Knee,Total knee arthroplasty,2,4336.20,8672.40,0.1950,1691.12,6981.28,4712.40,2268.88,USD,Direct,AGR-ORTHO-26-338,CPO-005-2026-0032,SI-880031,OPEN,2026-04-29T17:31:00+00:00
TXN-000033,SO-100032,2026-02-12,2026-02-12T14:32:00+00:00,CUS-009,Northwest Specialty Distribution,Distributor,WA,West,REP-029,ACC-HIP-CUP-56,Acetabular System,Total hip arthroplasty,1,2945.25,2945.25,0.2450,721.59,2223.66,1458.24,765.42,USD,Distributor,AGR-ORTHO-26-331,CPO-009-2026-0033,SI-880032,PAID,2026-02-12T17:32:00+00:00
TXN-000034,SO-100033,2026-03-22,2026-03-22T14:33:00+00:00,CUS-003,Great Lakes University Hospital,Academic Medical Center,OH,Midwest,REP-012,SPN-CAGE-LORD,Spine Interbody,Lumbar fusion,2,5260.00,10520.00,0.1600,1683.20,8836.80,5470.00,3366.80,USD,Distributor,AGR-ORTHO-26-324,CPO-003-2026-0034,SI-880033,PARTIALLY_PAID,2026-03-22T17:33:00+00:00
TXN-000035,SO-100034,2026-03-21,2026-03-21T14:34:00+00:00,CUS-004,Blue Ridge Joint Institute,Hospital,NC,Southeast,REP-016,MAKO-KNEE-KIT,Robotic Procedure Kit,Robotic-assisted knee,1,1640.00,1640.00,0.1350,221.40,1418.60,690.00,728.60,USD,Distributor,AGR-ORTHO-26-331,CPO-004-2026-0035,SI-880034,PAID,2026-03-23T17:34:00+00:00
TXN-000036,SO-100035,2026-01-25,2026-01-25T14:35:00+00:00,CUS-010,Prairie Orthopedics Cooperative,IDN,IL,Midwest,REP-028,TRI-KNEE-CR-04,Triathlon Knee,Total knee arthroplasty,1,4467.60,4467.60,0.2000,893.52,3574.08,2263.80,1310.28,USD,Direct,AGR-ORTHO-26-338,CPO-010-2026-0036,SI-880035,PAID,2026-01-25T17:35:00+00:00
TXN-000037,SO-100036,2026-05-01,2026-05-01T14:36:00+00:00,CUS-006,Pacific Motion Surgery Partners,ASC,CA,West,REP-017,TRI-KNEE-PS-05,Triathlon Knee,Total knee arthroplasty,1,4873.25,4873.25,0.1100,536.06,4337.19,2489.20,1847.99,USD,ASC Program,AGR-ORTHO-26-310,CPO-006-2026-0037,SI-880036,PAID,2026-05-02T17:36:00+00:00
TXN-000038,SO-100037,2026-03-21,2026-03-21T14:37:00+00:00,CUS-007,Front Range Medical Center,Hospital,CO,Mountain,REP-021,TRI-KNEE-CR-04,Triathlon Knee,Total knee arthroplasty,3,4292.40,12877.20,0.1350,1738.42,11138.78,6930.00,4208.78,USD,Distributor,AGR-ORTHO-26-317,CPO-007-2026-0038,SI-880037,PAID,2026-03-21T17:37:00+00:00
TXN-000039,SO-100038,2026-03-10,2026-03-10T14:38:00+00:00,CUS-002,Hudson Valley Surgical Center,ASC,NY,Northeast,REP-007,SOM-PLATE-8H,Trauma Plating,Trauma fixation,5,875.00,4375.00,0.1100,481.25,3893.75,1825.00,2068.75,USD,Direct,AGR-ORTHO-26-317,CPO-002-2026-0039,SI-880038,OPEN,2026-03-10T17:38:00+00:00
TXN-000040,SO-100039,2026-04-15,2026-04-15T14:39:00+00:00,CUS-004,Blue Ridge Joint Institute,Hospital,NC,Southeast,REP-014,ACC-HIP-LIN-36,Acetabular System,Total hip arthroplasty,3,1180.00,3540.00,0.1300,460.20,3079.80,1590.00,1489.80,USD,Direct,AGR-ORTHO-26-331,CPO-004-2026-0040,SI-880039,PAID,2026-04-15T17:39:00+00:00
TXN-000041,SO-100040,2026-04-14,2026-04-14T14:40:00+00:00,CUS-003,Great Lakes University Hospital,Academic Medical Center,OH,Midwest,REP-012,SPN-CAGE-LORD,Spine Interbody,Lumbar fusion,3,5260.00,15780.00,0.1700,2682.60,13097.40,8205.00,4892.40,USD,Direct,AGR-ORTHO-26-324,CPO-003-2026-0041,SI-880040,PAID,2026-04-16T17:40:00+00:00
TXN-000042,SO-100041,2026-04-21,2026-04-21T14:41:00+00:00,CUS-006,Pacific Motion Surgery Partners,ASC,CA,West,REP-022,MAKO-HIP-KIT,Robotic Procedure Kit,Robotic-assisted hip,4,1465.10,5860.40,0.1100,644.64,5215.76,2450.00,2765.76,USD,Distributor,AGR-ORTHO-26-310,CPO-006-2026-0042,SI-880041,PAID,2026-04-21T17:41:00+00:00
TXN-000043,SO-100042,2026-03-07,2026-03-07T14:42:00+00:00,CUS-006,Pacific Motion Surgery Partners,ASC,CA,West,REP-016,REV-FEM-STEM-12,Revision Hip,Revision arthroplasty,2,6548.40,13096.80,0.1100,1440.65,11656.15,7129.80,4526.35,USD,Distributor,AGR-ORTHO-26-310,CPO-006-2026-0043,SI-880042,PAID,2026-03-07T17:42:00+00:00
TXN-000044,SO-100043,2026-02-18,2026-02-18T14:43:00+00:00,CUS-007,Front Range Medical Center,Hospital,CO,Mountain,REP-020,ACC-HIP-CUP-56,Acetabular System,Total hip arthroplasty,1,2975.00,2975.00,0.1200,357.00,2618.00,1517.76,1100.24,USD,Direct,AGR-ORTHO-26-317,CPO-007-2026-0044,SI-880043,PAID,2026-02-18T17:43:00+00:00
TXN-000045,SO-100044,2026-03-13,2026-03-13T14:44:00+00:00,CUS-003,Great Lakes University Hospital,Academic Medical Center,OH,Midwest,REP-009,ACC-HIP-CUP-56,Acetabular System,Total hip arthroplasty,2,2915.50,5831.00,0.1600,932.96,4898.04,2976.00,1922.04,USD,Direct,AGR-ORTHO-26-324,CPO-003-2026-0045,SI-880044,PAID,2026-03-13T17:44:00+00:00
TXN-000046,SO-100045,2026-02-27,2026-02-27T14:45:00+00:00,CUS-006,Pacific Motion Surgery Partners,ASC,CA,West,REP-019,TRI-KNEE-PS-05,Triathlon Knee,Total knee arthroplasty,1,4825.00,4825.00,0.1000,482.50,4342.50,2540.00,1802.50,USD,Direct,AGR-ORTHO-26-310,CPO-006-2026-0046,SI-880045,PAID,2026-03-01T17:45:00+00:00
TXN-000047,SO-100046,2026-02-12,2026-02-12T14:46:00+00:00,CUS-004,Blue Ridge Joint Institute,Hospital,NC,Southeast,REP-014,MAKO-KNEE-KIT,Robotic Procedure Kit,Robotic-assisted knee,2,1607.20,3214.40,0.1300,417.87,2796.53,1407.60,1388.93,USD,Direct,AGR-ORTHO-26-331,CPO-004-2026-0047,SI-880046,OPEN,2026-02-13T17:46:00+00:00
TXN-000048,SO-100047,2025-11-23,2025-11-23T14:00:00+00:00,CUS-007,Front Range Medical Center,Hospital,CO,Mountain,REP-024,TRI-KNEE-PS-05,Triathlon Knee,Total knee arthroplasty,1,4873.25,4873.25,0.1200,584.79,4288.46,2489.20,1799.26,USD,Direct,AGR-ORTHO-26-317,CPO-007-2025-0048,SI-880047,OPEN,2025-11-24T17:00:00+00:00
TXN-000049,SO-100048,2026-01-18,2026-01-18T14:01:00+00:00,CUS-011,Desert Ridge Ambulatory Surgery,ASC,AZ,Mountain,REP-037,SOM-PLATE-8H,Trauma Plating,Trauma fixation,3,866.25,2598.75,0.1100,285.86,2312.89,1116.90,1195.99,USD,Distributor,AGR-ORTHO-26-310,CPO-011-2026-0049,SI-880048,OPEN,2026-01-20T17:01:00+00:00
TXN-000050,SO-100049,2026-04-27,2026-04-27T14:02:00+00:00,CUS-011,Desert Ridge Ambulatory Surgery,ASC,AZ,Mountain,REP-031,ACC-HIP-CUP-56,Acetabular System,Total hip arthroplasty,2,2975.00,5950.00,0.1200,714.00,5236.00,2916.48,2319.52,USD,Direct,AGR-ORTHO-26-310,CPO-011-2026-0050,SI-880049,OPEN,2026-04-27T17:02:00+00:00
TXN-000051,SO-100050,2026-01-20,2026-01-20T14:03:00+00:00,CUS-009,Northwest Specialty Distribution,Distributor,WA,West,REP-026,TRI-KNEE-PS-05,Triathlon Knee,Total knee arthroplasty,1,4873.25,4873.25,0.2300,1120.85,3752.40,2590.80,1161.60,USD,Direct,AGR-ORTHO-26-331,CPO-009-2026-0051,SI-880050,OPEN,2026-01-20T17:03:00+00:00
TXN-000052,SO-100051,2026-01-14,2026-01-14T14:04:00+00:00,CUS-004,Blue Ridge Joint Institute,Hospital,NC,Southeast,REP-012,TRI-KNEE-CR-04,Triathlon Knee,Total knee arthroplasty,3,4467.60,13402.80,0.1200,1608.34,11794.46,6930.00,4864.46,USD,Distributor,AGR-ORTHO-26-331,CPO-004-2026-0052,SI-880051,PARTIALLY_PAID,2026-01-14T17:04:00+00:00
TXN-000053,SO-100052,2026-04-07,2026-04-07T14:05:00+00:00,CUS-009,Northwest Specialty Distribution,Distributor,WA,West,REP-028,TRI-KNEE-CR-04,Triathlon Knee,Total knee arthroplasty,1,4380.00,4380.00,0.2400,1051.20,3328.80,2356.20,972.60,USD,Direct,AGR-ORTHO-26-331,CPO-009-2026-0053,SI-880052,OPEN,2026-04-08T17:05:00+00:00
TXN-000054,SO-100053,2026-01-08,2026-01-08T14:06:00+00:00,CUS-004,Blue Ridge Joint Institute,Hospital,NC,Southeast,REP-014,SOM-PLATE-8H,Trauma Plating,Trauma fixation,3,883.75,2651.25,0.1200,318.15,2333.10,1095.00,1238.10,USD,Direct,AGR-ORTHO-26-331,CPO-004-2026-0054,SI-880053,OPEN,2026-01-08T17:06:00+00:00
TXN-000055,SO-100054,2025-12-31,2025-12-31T14:07:00+00:00,CUS-010,Prairie Orthopedics Cooperative,IDN,IL,Midwest,REP-033,MAKO-KNEE-KIT,Robotic Procedure Kit,Robotic-assisted knee,4,1640.00,6560.00,0.1950,1279.20,5280.80,2760.00,2520.80,USD,Direct,AGR-ORTHO-26-338,CPO-010-2025-0055,SI-880054,DISPUTED,2025-12-31T17:07:00+00:00
TXN-000056,SO-100055,2025-12-19,2025-12-19T14:08:00+00:00,CUS-003,Great Lakes University Hospital,Academic Medical Center,OH,Midwest,REP-013,SOM-SCREW-45,Trauma Plating,Trauma fixation,2,143.08,286.16,0.1700,48.65,237.51,84.00,153.51,USD,Direct,AGR-ORTHO-26-324,CPO-003-2025-0056,SI-880055,PAID,2025-12-21T17:08:00+00:00
TXN-000057,SO-100056,2026-01-28,2026-01-28T14:09:00+00:00,CUS-001,Atlantic Ortho Alliance,IDN,PA,Northeast,REP-001,TRI-KNEE-PS-05,Triathlon Knee,Total knee arthroplasty,1,4728.50,4728.50,0.1900,898.42,3830.08,2540.00,1290.08,USD,Direct,AGR-ORTHO-26-310,CPO-001-2026-0057,SI-880056,PAID,2026-01-29T17:09:00+00:00
TXN-000058,SO-100057,2026-01-30,2026-01-30T14:10:00+00:00,CUS-007,Front Range Medical Center,Hospital,CO,Mountain,REP-020,ACC-HIP-CUP-56,Acetabular System,Total hip arthroplasty,1,2945.25,2945.25,0.1350,397.61,2547.64,1488.00,1059.64,USD,Direct,AGR-ORTHO-26-317,CPO-007-2026-0058,SI-880057,PAID,2026-01-30T17:10:00+00:00
TXN-000059,SO-100058,2026-03-14,2026-03-14T14:11:00+00:00,CUS-010,Prairie Orthopedics Cooperative,IDN,IL,Midwest,REP-030,MAKO-KNEE-KIT,Robotic Procedure Kit,Robotic-assisted knee,1,1607.20,1607.20,0.1950,313.40,1293.80,703.80,590.00,USD,Distributor,AGR-ORTHO-26-338,CPO-010-2026-0059,SI-880058,PAID,2026-03-15T17:11:00+00:00
TXN-000060,SO-100059,2026-03-01,2026-03-01T14:12:00+00:00,CUS-005,Lone Star Orthopedic Network,IDN,TX,South Central,REP-016,TRI-KNEE-PS-05,Triathlon Knee,Total knee arthroplasty,1,4728.50,4728.50,0.1800,851.13,3877.37,2590.80,1286.57,USD,Direct,AGR-ORTHO-26-338,CPO-005-2026-0060,SI-880059,OPEN,2026-03-01T17:12:00+00:00
TXN-000061,SO-100060,2026-04-12,2026-04-12T14:13:00+00:00,CUS-007,Front Range Medical Center,Hospital,CO,Mountain,REP-023,MAKO-KNEE-KIT,Robotic Procedure Kit,Robotic-assisted knee,5,1640.00,8200.00,0.1300,1066.00,7134.00,3450.00,3684.00,USD,Distributor,AGR-ORTHO-26-317,CPO-007-2026-0061,SI-880060,OPEN,2026-04-14T17:13:00+00:00
TXN-000062,SO-100061,2026-01-11,2026-01-11T14:14:00+00:00,CUS-006,Pacific Motion Surgery Partners,ASC,CA,West,REP-021,TRI-KNEE-CR-04,Triathlon Knee,Total knee arthroplasty,1,4423.80,4423.80,0.1200,530.86,3892.94,2263.80,1629.14,USD,Direct,AGR-ORTHO-26-310,CPO-006-2026-0062,SI-880061,PAID,2026-01-13T17:14:00+00:00
TXN-000063,SO-100062,2026-04-12,2026-04-12T14:15:00+00:00,CUS-009,Northwest Specialty Distribution,Distributor,WA,West,REP-031,SOM-PLATE-8H,Trauma Plating,Trauma fixation,1,892.50,892.50,0.2450,218.66,673.84,357.70,316.14,USD,ASC Program,AGR-ORTHO-26-331,CPO-009-2026-0063,SI-880062,OPEN,2026-04-12T17:15:00+00:00
TXN-000064,SO-100063,2026-05-03,2026-05-03T14:16:00+00:00,CUS-002,Hudson Valley Surgical Center,ASC,NY,Northeast,REP-004,SOM-PLATE-8H,Trauma Plating,Trauma fixation,3,883.75,2651.25,0.1450,384.43,2266.82,1095.00,1171.82,USD,ASC Program,AGR-ORTHO-26-317,CPO-002-2026-0064,SI-880063,PAID,2026-05-05T17:16:00+00:00
TXN-000065,SO-100064,2026-04-21,2026-04-21T14:17:00+00:00,CUS-008,Gulf Coast Trauma Hospital,Hospital,FL,Southeast,REP-023,MAKO-HIP-KIT,Robotic Procedure Kit,Robotic-assisted hip,1,1465.10,1465.10,0.1400,205.11,1259.99,625.00,634.99,USD,ASC Program,AGR-ORTHO-26-324,CPO-008-2026-0065,SI-880064,PAID,2026-04-22T17:17:00+00:00
TXN-000066,SO-100065,2026-02-09,2026-02-09T14:18:00+00:00,CUS-002,Hudson Valley Surgical Center,ASC,NY,Northeast,REP-006,TRI-KNEE-CR-04,Triathlon Knee,Total knee arthroplasty,2,4380.00,8760.00,0.1000,876.00,7884.00,4620.00,3264.00,USD,Direct,AGR-ORTHO-26-317,CPO-002-2026-0066,SI-880065,PAID,2026-02-09T17:18:00+00:00
TXN-000067,SO-100066,2025-11-10,2025-11-10T14:19:00+00:00,CUS-011,Desert Ridge Ambulatory Surgery,ASC,AZ,Mountain,REP-034,MAKO-KNEE-KIT,Robotic Procedure Kit,Robotic-assisted knee,5,1607.20,8036.00,0.1100,883.96,7152.04,3450.00,3702.04,USD,ASC Program,AGR-ORTHO-26-310,CPO-011-2025-0067,SI-880066,PAID,2025-11-10T17:19:00+00:00
TXN-000068,SO-100067,2025-11-12,2025-11-12T14:20:00+00:00,CUS-008,Gulf Coast Trauma Hospital,Hospital,FL,Southeast,REP-026,TRI-KNEE-PS-05,Triathlon Knee,Total knee arthroplasty,4,4873.25,19493.00,0.1350,2631.56,16861.44,10160.00,6701.44,USD,Direct,AGR-ORTHO-26-324,CPO-008-2025-0068,SI-880067,OPEN,2025-11-12T17:20:00+00:00
TXN-000069,SO-100068,2026-02-28,2026-02-28T14:21:00+00:00,CUS-001,Atlantic Ortho Alliance,IDN,PA,Northeast,REP-006,MAKO-KNEE-KIT,Robotic Procedure Kit,Robotic-assisted knee,4,1672.80,6691.20,0.1950,1304.78,5386.42,2760.00,2626.42,USD,Direct,AGR-ORTHO-26-310,CPO-001-2026-0069,SI-880068,PARTIALLY_PAID,2026-02-28T17:21:00+00:00
TXN-000070,SO-100069,2026-05-19,2026-05-19T14:22:00+00:00,CUS-003,Great Lakes University Hospital,Academic Medical Center,OH,Midwest,REP-013,SOM-PLATE-8H,Trauma Plating,Trauma fixation,2,883.75,1767.50,0.1700,300.48,1467.02,730.00,737.02,USD,ASC Program,AGR-ORTHO-26-324,CPO-003-2026-0070,SI-880069,OPEN,2026-05-19T17:22:00+00:00
TXN-000071,SO-100070,2026-03-30,2026-03-30T14:23:00+00:00,CUS-007,Front Range Medical Center,Hospital,CO,Mountain,REP-019,ACC-HIP-CUP-56,Acetabular System,Total hip arthroplasty,8,3004.75,24038.00,0.1300,3124.94,20913.06,11665.92,9247.14,USD,Direct,AGR-ORTHO-26-317,CPO-007-2026-0071,SI-880070,PAID,2026-04-01T17:23:00+00:00
TXN-000072,SO-100071,2025-12-07,2025-12-07T14:24:00+00:00,CUS-006,Pacific Motion Surgery Partners,ASC,CA,West,REP-017,MAKO-HIP-KIT,Robotic Procedure Kit,Robotic-assisted hip,1,1524.90,1524.90,0.1000,152.49,1372.41,612.50,759.91,USD,Direct,AGR-ORTHO-26-310,CPO-006-2025-0072,SI-880071,PAID,2025-12-09T17:24:00+00:00
TXN-000073,SO-100072,2026-04-03,2026-04-03T14:25:00+00:00,CUS-012,New England Sports Medicine,Hospital,MA,Northeast,REP-036,TRI-KNEE-CR-04,Triathlon Knee,Total knee arthroplasty,1,4467.60,4467.60,0.1650,737.15,3730.45,2310.00,1420.45,USD,Direct,AGR-ORTHO-26-317,CPO-012-2026-0073,SI-880072,PAID,2026-04-03T17:25:00+00:00
TXN-000074,SO-100073,2026-01-17,2026-01-17T14:26:00+00:00,CUS-002,Hudson Valley Surgical Center,ASC,NY,Northeast,REP-007,TRI-KNEE-PS-05,Triathlon Knee,Total knee arthroplasty,3,4776.75,14330.25,0.1000,1433.03,12897.22,7467.60,5429.62,USD,Direct,AGR-ORTHO-26-317,CPO-002-2026-0074,SI-880073,PAID,2026-01-19T17:26:00+00:00
TXN-000075,SO-100074,2026-04-03,2026-04-03T14:27:00+00:00,CUS-008,Gulf Coast Trauma Hospital,Hospital,FL,Southeast,REP-026,ACC-HIP-LIN-36,Acetabular System,Total hip arthroplasty,2,1180.00,2360.00,0.1200,283.20,2076.80,1060.00,1016.80,USD,Direct,AGR-ORTHO-26-324,CPO-008-2026-0075,SI-880074,PAID,2026-04-03T17:27:00+00:00
TXN-000076,SO-100075,2026-05-03,2026-05-03T14:28:00+00:00,CUS-004,Blue Ridge Joint Institute,Hospital,NC,Southeast,REP-015,SOM-PLATE-8H,Trauma Plating,Trauma fixation,2,875.00,1750.00,0.1400,245.00,1505.00,730.00,775.00,USD,Distributor,AGR-ORTHO-26-331,CPO-004-2026-0076,SI-880075,PAID,2026-05-03T17:28:00+00:00
TXN-000077,SO-100076,2026-04-22,2026-04-22T14:29:00+00:00,CUS-005,Lone Star Orthopedic Network,IDN,TX,South Central,REP-019,SOM-SCREW-45,Trauma Plating,Trauma fixation,3,143.08,429.24,0.1950,83.70,345.54,128.52,217.02,USD,Direct,AGR-ORTHO-26-338,CPO-005-2026-0077,SI-880076,PAID,2026-04-22T17:29:00+00:00
TXN-000078,SO-100077,2026-01-10,2026-01-10T14:30:00+00:00,CUS-002,Hudson Valley Surgical Center,ASC,NY,Northeast,REP-004,SOM-PLATE-8H,Trauma Plating,Trauma fixation,1,892.50,892.50,0.1000,89.25,803.25,365.00,438.25,USD,ASC Program,AGR-ORTHO-26-317,CPO-002-2026-0078,SI-880077,PAID,2026-01-10T17:30:00+00:00
TXN-000079,SO-100078,2026-01-07,2026-01-07T14:31:00+00:00,CUS-001,Atlantic Ortho Alliance,IDN,PA,Northeast,REP-002,TRI-KNEE-CR-04,Triathlon Knee,Total knee arthroplasty,5,4380.00,21900.00,0.1950,4270.50,17629.50,11550.00,6079.50,USD,Direct,AGR-ORTHO-26-310,CPO-001-2026-0079,SI-880078,PAID,2026-01-07T17:31:00+00:00
TXN-000080,SO-100079,2026-02-01,2026-02-01T14:32:00+00:00,CUS-001,Atlantic Ortho Alliance,IDN,PA,Northeast,REP-003,ACC-HIP-CUP-56,Acetabular System,Total hip arthroplasty,5,3034.50,15172.50,0.1950,2958.64,12213.86,7588.80,4625.06,USD,Direct,AGR-ORTHO-26-310,CPO-001-2026-0080,SI-880079,PAID,2026-02-02T17:32:00+00:00
TXN-000081,SO-100080,2026-02-07,2026-02-07T14:33:00+00:00,CUS-008,Gulf Coast Trauma Hospital,Hospital,FL,Southeast,REP-025,ACC-HIP-CUP-56,Acetabular System,Total hip arthroplasty,1,2975.00,2975.00,0.1200,357.00,2618.00,1488.00,1130.00,USD,ASC Program,AGR-ORTHO-26-324,CPO-008-2026-0081,SI-880080,OPEN,2026-02-09T17:33:00+00:00
TXN-000082,SO-100081,2026-04-17,2026-04-17T14:34:00+00:00,CUS-009,Northwest Specialty Distribution,Distributor,WA,West,REP-029,REV-FEM-STEM-12,Revision Hip,Revision arthroplasty,4,6291.60,25166.40,0.2500,6291.60,18874.80,14259.60,4615.20,USD,ASC Program,AGR-ORTHO-26-331,CPO-009-2026-0082,SI-880081,OPEN,2026-04-19T17:34:00+00:00
TXN-000083,SO-100082,2026-03-26,2026-03-26T14:35:00+00:00,CUS-005,Lone Star Orthopedic Network,IDN,TX,South Central,REP-018,SOM-PLATE-8H,Trauma Plating,Trauma fixation,2,875.00,1750.00,0.1900,332.50,1417.50,715.40,702.10,USD,Direct,AGR-ORTHO-26-338,CPO-005-2026-0083,SI-880082,PAID,2026-03-27T17:35:00+00:00
TXN-000084,SO-100083,2026-03-02,2026-03-02T14:36:00+00:00,CUS-007,Front Range Medical Center,Hospital,CO,Mountain,REP-025,ACC-HIP-LIN-36,Acetabular System,Total hip arthroplasty,1,1180.00,1180.00,0.1400,165.20,1014.80,530.00,484.80,USD,ASC Program,AGR-ORTHO-26-317,CPO-007-2026-0084,SI-880083,PAID,2026-03-02T17:36:00+00:00
TXN-000085,SO-100084,2026-03-24,2026-03-24T14:37:00+00:00,CUS-011,Desert Ridge Ambulatory Surgery,ASC,AZ,Mountain,REP-031,MAKO-KNEE-KIT,Robotic Procedure Kit,Robotic-assisted knee,5,1623.60,8118.00,0.1100,892.98,7225.02,3381.00,3844.02,USD,ASC Program,AGR-ORTHO-26-310,CPO-011-2026-0085,SI-880084,PAID,2026-03-25T17:37:00+00:00
TXN-000086,SO-100085,2026-03-31,2026-03-31T14:38:00+00:00,CUS-002,Hudson Valley Surgical Center,ASC,NY,Northeast,REP-005,TRI-KNEE-PS-05,Triathlon Knee,Total knee arthroplasty,1,4776.75,4776.75,0.1000,477.68,4299.07,2590.80,1708.27,USD,Distributor,AGR-ORTHO-26-317,CPO-002-2026-0086,SI-880085,PAID,2026-04-02T17:38:00+00:00
TXN-000087,SO-100086,2026-03-23,2026-03-23T14:39:00+00:00,CUS-001,Atlantic Ortho Alliance,IDN,PA,Northeast,REP-003,MAKO-HIP-KIT,Robotic Procedure Kit,Robotic-assisted hip,1,1524.90,1524.90,0.2000,304.98,1219.92,625.00,594.92,USD,Distributor,AGR-ORTHO-26-310,CPO-001-2026-0087,SI-880086,PAID,2026-03-25T17:39:00+00:00
TXN-000088,SO-100087,2026-04-11,2026-04-11T14:40:00+00:00,CUS-005,Lone Star Orthopedic Network,IDN,TX,South Central,REP-016,ACC-HIP-LIN-36,Acetabular System,Total hip arthroplasty,3,1191.80,3575.40,0.1950,697.20,2878.20,1590.00,1288.20,USD,Direct,AGR-ORTHO-26-338,CPO-005-2026-0088,SI-880087,PAID,2026-04-12T17:40:00+00:00
TXN-000089,SO-100088,2025-11-26,2025-11-26T14:41:00+00:00,CUS-007,Front Range Medical Center,Hospital,CO,Mountain,REP-023,TRI-KNEE-CR-04,Triathlon Knee,Total knee arthroplasty,2,4292.40,8584.80,0.1200,1030.18,7554.62,4712.40,2842.22,USD,Direct,AGR-ORTHO-26-317,CPO-007-2025-0089,SI-880088,PAID,2025-11-26T17:41:00+00:00
TXN-000090,SO-100089,2025-10-18,2025-10-18T14:42:00+00:00,CUS-003,Great Lakes University Hospital,Academic Medical Center,OH,Midwest,REP-012,ACC-HIP-CUP-56,Acetabular System,Total hip arthroplasty,1,2915.50,2915.50,0.1700,495.64,2419.86,1488.00,931.86,USD,Direct,AGR-ORTHO-26-324,CPO-003-2025-0090,SI-880089,PAID,2025-10-18T17:42:00+00:00
TXN-000091,SO-100090,2026-06-03,2026-06-03T14:43:00+00:00,CUS-008,Gulf Coast Trauma Hospital,Hospital,FL,Southeast,REP-028,TRI-KNEE-PS-05,Triathlon Knee,Total knee arthroplasty,1,4921.50,4921.50,0.1300,639.80,4281.70,2590.80,1690.90,USD,Direct,AGR-ORTHO-26-324,CPO-008-2026-0091,SI-880090,PAID,2026-06-05T17:43:00+00:00
TXN-000092,SO-100091,2026-04-20,2026-04-20T14:44:00+00:00,CUS-005,Lone Star Orthopedic Network,IDN,TX,South Central,REP-013,TRI-KNEE-CR-04,Triathlon Knee,Total knee arthroplasty,1,4467.60,4467.60,0.1800,804.17,3663.43,2263.80,1399.63,USD,ASC Program,AGR-ORTHO-26-338,CPO-005-2026-0092,SI-880091,OPEN,2026-04-21T17:44:00+00:00
TXN-000093,SO-100092,2026-05-08,2026-05-08T14:45:00+00:00,CUS-007,Front Range Medical Center,Hospital,CO,Mountain,REP-020,SPN-CAGE-LORD,Spine Interbody,Lumbar fusion,2,5260.00,10520.00,0.1300,1367.60,9152.40,5470.00,3682.40,USD,ASC Program,AGR-ORTHO-26-317,CPO-007-2026-0093,SI-880092,PAID,2026-05-10T17:45:00+00:00
TXN-000094,SO-100093,2026-02-04,2026-02-04T14:46:00+00:00,CUS-007,Front Range Medical Center,Hospital,CO,Mountain,REP-021,MAKO-HIP-KIT,Robotic Procedure Kit,Robotic-assisted hip,1,1465.10,1465.10,0.1300,190.46,1274.64,625.00,649.64,USD,Direct,AGR-ORTHO-26-317,CPO-007-2026-0094,SI-880093,PAID,2026-02-06T17:46:00+00:00
TXN-000095,SO-100094,2026-03-15,2026-03-15T14:00:00+00:00,CUS-003,Great Lakes University Hospital,Academic Medical Center,OH,Midwest,REP-010,TRI-KNEE-PS-05,Triathlon Knee,Total knee arthroplasty,5,4776.75,23883.75,0.1700,4060.24,19823.51,12700.00,7123.51,USD,Direct,AGR-ORTHO-26-324,CPO-003-2026-0095,SI-880094,OPEN,2026-03-16T17:00:00+00:00
TXN-000096,SO-100095,2026-02-18,2026-02-18T14:01:00+00:00,CUS-005,Lone Star Orthopedic Network,IDN,TX,South Central,REP-017,MAKO-HIP-KIT,Robotic Procedure Kit,Robotic-assisted hip,4,1495.00,5980.00,0.1900,1136.20,4843.80,2450.00,2393.80,USD,Direct,AGR-ORTHO-26-338,CPO-005-2026-0096,SI-880095,PAID,2026-02-19T17:01:00+00:00
TXN-000097,SO-100096,2026-04-12,2026-04-12T14:02:00+00:00,CUS-003,Great Lakes University Hospital,Academic Medical Center,OH,Midwest,REP-012,TRI-KNEE-PS-05,Triathlon Knee,Total knee arthroplasty,1,4921.50,4921.50,0.1600,787.44,4134.06,2489.20,1644.86,USD,Direct,AGR-ORTHO-26-324,CPO-003-2026-0097,SI-880096,OPEN,2026-04-12T17:02:00+00:00
TXN-000098,SO-100097,2026-01-11,2026-01-11T14:03:00+00:00,CUS-009,Northwest Specialty Distribution,Distributor,WA,West,REP-031,SOM-SCREW-45,Trauma Plating,Trauma fixation,1,146.00,146.00,0.2400,35.04,110.96,42.00,68.96,USD,ASC Program,AGR-ORTHO-26-331,CPO-009-2026-0098,SI-880097,PARTIALLY_PAID,2026-01-13T17:03:00+00:00
TXN-000099,SO-100098,2026-01-31,2026-01-31T14:04:00+00:00,CUS-001,Atlantic Ortho Alliance,IDN,PA,Northeast,REP-001,REV-FEM-STEM-12,Revision Hip,Revision arthroplasty,1,6355.80,6355.80,0.1800,1144.04,5211.76,3495.00,1716.76,USD,ASC Program,AGR-ORTHO-26-310,CPO-001-2026-0099,SI-880098,PAID,2026-02-02T17:04:00+00:00
TXN-000100,SO-100099,2026-02-17,2026-02-17T14:05:00+00:00,CUS-005,Lone Star Orthopedic Network,IDN,TX,South Central,REP-014,SOM-SCREW-45,Trauma Plating,Trauma fixation,1,147.46,147.46,0.1900,28.02,119.44,42.84,76.60,USD,ASC Program,AGR-ORTHO-26-338,CPO-005-2026-0100,SI-880099,PAID,2026-02-19T17:05:00+00:00
TXN-000101,SO-100100,2026-02-14,2026-02-14T14:06:00+00:00,CUS-006,Pacific Motion Surgery Partners,ASC,CA,West,REP-018,TRI-KNEE-CR-04,Triathlon Knee,Total knee arthroplasty,1,4336.20,4336.20,0.1200,520.34,3815.86,2356.20,1459.66,USD,Direct,AGR-ORTHO-26-310,CPO-006-2026-0101,SI-880100,PAID,2026-02-15T17:06:00+00:00
TXN-000102,SO-100101,2026-03-02,2026-03-02T14:07:00+00:00,CUS-011,Desert Ridge Ambulatory Surgery,ASC,AZ,Mountain,REP-034,REV-FEM-STEM-12,Revision Hip,Revision arthroplasty,2,6291.60,12583.20,0.1000,1258.32,11324.88,6990.00,4334.88,USD,Direct,AGR-ORTHO-26-310,CPO-011-2026-0102,SI-880101,PAID,2026-03-04T17:07:00+00:00
TXN-000103,SO-100102,2026-04-19,2026-04-19T14:08:00+00:00,CUS-010,Prairie Orthopedics Cooperative,IDN,IL,Midwest,REP-032,TRI-KNEE-CR-04,Triathlon Knee,Total knee arthroplasty,5,4380.00,21900.00,0.2000,4380.00,17520.00,11550.00,5970.00,USD,Direct,AGR-ORTHO-26-338,CPO-010-2026-0103,SI-880102,PAID,2026-04-19T17:08:00+00:00
TXN-000104,SO-100103,2026-02-17,2026-02-17T14:09:00+00:00,CUS-007,Front Range Medical Center,Hospital,CO,Mountain,REP-024,ACC-HIP-CUP-56,Acetabular System,Total hip arthroplasty,2,2915.50,5831.00,0.1200,699.72,5131.28,2976.00,2155.28,USD,Direct,AGR-ORTHO-26-317,CPO-007-2026-0104,SI-880103,PARTIALLY_PAID,2026-02-17T17:09:00+00:00
TXN-000105,SO-100104,2026-03-15,2026-03-15T14:10:00+00:00,CUS-006,Pacific Motion Surgery Partners,ASC,CA,West,REP-022,MAKO-HIP-KIT,Robotic Procedure Kit,Robotic-assisted hip,2,1480.05,2960.10,0.1100,325.61,2634.49,1225.00,1409.49,USD,Direct,AGR-ORTHO-26-310,CPO-006-2026-0105,SI-880104,OPEN,2026-03-15T17:10:00+00:00
TXN-000106,SO-100105,2026-02-16,2026-02-16T14:11:00+00:00,CUS-010,Prairie Orthopedics Cooperative,IDN,IL,Midwest,REP-028,MAKO-KNEE-KIT,Robotic Procedure Kit,Robotic-assisted knee,2,1623.60,3247.20,0.1800,584.50,2662.70,1352.40,1310.30,USD,Direct,AGR-ORTHO-26-338,CPO-010-2026-0106,SI-880105,PAID,2026-02-16T17:11:00+00:00
TXN-000107,SO-100106,2026-05-13,2026-05-13T14:12:00+00:00,CUS-008,Gulf Coast Trauma Hospital,Hospital,FL,Southeast,REP-023,SOM-PLATE-8H,Trauma Plating,Trauma fixation,1,857.50,857.50,0.1400,120.05,737.45,365.00,372.45,USD,Direct,AGR-ORTHO-26-324,CPO-008-2026-0107,SI-880106,PAID,2026-05-15T17:12:00+00:00
TXN-000108,SO-100107,2026-04-19,2026-04-19T14:13:00+00:00,CUS-011,Desert Ridge Ambulatory Surgery,ASC,AZ,Mountain,REP-033,ACC-HIP-CUP-56,Acetabular System,Total hip arthroplasty,1,2915.50,2915.50,0.1000,291.55,2623.95,1458.24,1165.71,USD,Direct,AGR-ORTHO-26-310,CPO-011-2026-0108,SI-880107,PAID,2026-04-20T17:13:00+00:00
TXN-000109,SO-100108,2026-03-21,2026-03-21T14:14:00+00:00,CUS-012,New England Sports Medicine,Hospital,MA,Northeast,REP-037,TRI-KNEE-CR-04,Triathlon Knee,Total knee arthroplasty,1,4380.00,4380.00,0.1300,569.40,3810.60,2310.00,1500.60,USD,Direct,AGR-ORTHO-26-317,CPO-012-2026-0109,SI-880108,PAID,2026-03-22T17:14:00+00:00
TXN-000110,SO-100109,2026-04-27,2026-04-27T14:15:00+00:00,CUS-003,Great Lakes University Hospital,Academic Medical Center,OH,Midwest,REP-011,MAKO-KNEE-KIT,Robotic Procedure Kit,Robotic-assisted knee,4,1640.00,6560.00,0.1750,1148.00,5412.00,2760.00,2652.00,USD,Direct,AGR-ORTHO-26-324,CPO-003-2026-0110,SI-880109,PAID,2026-04-29T17:15:00+00:00
TXN-000111,SO-100110,2026-01-17,2026-01-17T14:16:00+00:00,CUS-009,Northwest Specialty Distribution,Distributor,WA,West,REP-030,TRI-KNEE-PS-05,Triathlon Knee,Total knee arthroplasty,1,4728.50,4728.50,0.2400,1134.84,3593.66,2540.00,1053.66,USD,Direct,AGR-ORTHO-26-331,CPO-009-2026-0111,SI-880110,PAID,2026-01-19T17:16:00+00:00
TXN-000112,SO-100111,2026-03-25,2026-03-25T14:17:00+00:00,CUS-006,Pacific Motion Surgery Partners,ASC,CA,West,REP-022,TRI-KNEE-PS-05,Triathlon Knee,Total knee arthroplasty,1,4825.00,4825.00,0.1100,530.75,4294.25,2489.20,1805.05,USD,Distributor,AGR-ORTHO-26-310,CPO-006-2026-0112,SI-880111,PAID,2026-03-27T17:17:00+00:00
TXN-000113,SO-100112,2026-02-14,2026-02-14T14:18:00+00:00,CUS-003,Great Lakes University Hospital,Academic Medical Center,OH,Midwest,REP-007,ACC-HIP-LIN-36,Acetabular System,Total hip arthroplasty,2,1180.00,2360.00,0.1700,401.20,1958.80,1038.80,920.00,USD,Direct,AGR-ORTHO-26-324,CPO-003-2026-0113,SI-880112,PARTIALLY_PAID,2026-02-14T17:18:00+00:00
TXN-000114,SO-100113,2026-03-16,2026-03-16T14:19:00+00:00,CUS-001,Atlantic Ortho Alliance,IDN,PA,Northeast,REP-002,ACC-HIP-LIN-36,Acetabular System,Total hip arthroplasty,1,1168.20,1168.20,0.1950,227.80,940.40,530.00,410.40,USD,ASC Program,AGR-ORTHO-26-310,CPO-001-2026-0114,SI-880113,PAID,2026-03-16T17:19:00+00:00
TXN-000115,SO-100114,2025-11-12,2025-11-12T14:20:00+00:00,CUS-006,Pacific Motion Surgery Partners,ASC,CA,West,REP-018,MAKO-HIP-KIT,Robotic Procedure Kit,Robotic-assisted hip,2,1495.00,2990.00,0.1100,328.90,2661.10,1250.00,1411.10,USD,Direct,AGR-ORTHO-26-310,CPO-006-2025-0115,SI-880114,OPEN,2025-11-13T17:20:00+00:00
TXN-000116,SO-100115,2026-02-05,2026-02-05T14:21:00+00:00,CUS-003,Great Lakes University Hospital,Academic Medical Center,OH,Midwest,REP-010,TRI-KNEE-CR-04,Triathlon Knee,Total knee arthroplasty,2,4423.80,8847.60,0.1600,1415.62,7431.98,4712.40,2719.58,USD,ASC Program,AGR-ORTHO-26-324,CPO-003-2026-0116,SI-880115,PAID,2026-02-07T17:21:00+00:00
TXN-000117,SO-100116,2026-05-05,2026-05-05T14:22:00+00:00,CUS-010,Prairie Orthopedics Cooperative,IDN,IL,Midwest,REP-032,TRI-KNEE-PS-05,Triathlon Knee,Total knee arthroplasty,4,4825.00,19300.00,0.1900,3667.00,15633.00,10160.00,5473.00,USD,Direct,AGR-ORTHO-26-338,CPO-010-2026-0117,SI-880116,OPEN,2026-05-06T17:22:00+00:00
TXN-000118,SO-100117,2026-01-30,2026-01-30T14:23:00+00:00,CUS-001,Atlantic Ortho Alliance,IDN,PA,Northeast,REP-006,MAKO-KNEE-KIT,Robotic Procedure Kit,Robotic-assisted knee,1,1623.60,1623.60,0.1950,316.60,1307.00,690.00,617.00,USD,Direct,AGR-ORTHO-26-310,CPO-001-2026-0118,SI-880117,PAID,2026-02-01T17:23:00+00:00
TXN-000119,SO-100118,2026-04-14,2026-04-14T14:24:00+00:00,CUS-012,New England Sports Medicine,Hospital,MA,Northeast,REP-040,ACC-HIP-CUP-56,Acetabular System,Total hip arthroplasty,2,3034.50,6069.00,0.1700,1031.73,5037.27,2976.00,2061.27,USD,Direct,AGR-ORTHO-26-317,CPO-012-2026-0119,SI-880118,PAID,2026-04-16T17:24:00+00:00
TXN-000120,SO-100119,2025-11-09,2025-11-09T14:25:00+00:00,CUS-010,Prairie Orthopedics Cooperative,IDN,IL,Midwest,REP-028,TRI-KNEE-PS-05,Triathlon Knee,Total knee arthroplasty,1,4825.00,4825.00,0.1800,868.50,3956.50,2489.20,1467.30,USD,Direct,AGR-ORTHO-26-338,CPO-010-2025-0120,SI-880119,PAID,2025-11-10T17:25:00+00:00
TXN-000121,SO-100120,2025-10-13,2025-10-13T14:26:00+00:00,CUS-005,Lone Star Orthopedic Network,IDN,TX,South Central,REP-014,TRI-KNEE-PS-05,Triathlon Knee,Total knee arthroplasty,1,4728.50,4728.50,0.1900,898.42,3830.08,2540.00,1290.08,USD,Direct,AGR-ORTHO-26-338,CPO-005-2025-0121,SI-880120,PAID,2025-10-14T17:26:00+00:00
TXN-000122,SO-100121,2026-05-22,2026-05-22T14:27:00+00:00,CUS-001,Atlantic Ortho Alliance,IDN,PA,Northeast,REP-003,ACC-HIP-CUP-56,Acetabular System,Total hip arthroplasty,3,3004.75,9014.25,0.2000,1802.85,7211.40,4553.28,2658.12,USD,Direct,AGR-ORTHO-26-310,CPO-001-2026-0122,SI-880121,PARTIALLY_PAID,2026-05-23T17:27:00+00:00
TXN-000123,SO-100122,2026-02-18,2026-02-18T14:28:00+00:00,CUS-010,Prairie Orthopedics Cooperative,IDN,IL,Midwest,REP-031,SPN-CAGE-LORD,Spine Interbody,Lumbar fusion,3,5260.00,15780.00,0.1900,2998.20,12781.80,8040.90,4740.90,USD,Direct,AGR-ORTHO-26-338,CPO-010-2026-0123,SI-880122,PAID,2026-02-20T17:28:00+00:00
TXN-000124,SO-100123,2026-04-14,2026-04-14T14:29:00+00:00,CUS-009,Northwest Specialty Distribution,Distributor,WA,West,REP-029,ACC-HIP-LIN-36,Acetabular System,Total hip arthroplasty,8,1203.60,9628.80,0.2300,2214.62,7414.18,4155.20,3258.98,USD,Direct,AGR-ORTHO-26-331,CPO-009-2026-0124,SI-880123,PAID,2026-04-14T17:29:00+00:00
TXN-000125,SO-100124,2026-04-25,2026-04-25T14:30:00+00:00,CUS-005,Lone Star Orthopedic Network,IDN,TX,South Central,REP-018,TRI-KNEE-PS-05,Triathlon Knee,Total knee arthroplasty,1,4728.50,4728.50,0.1900,898.42,3830.08,2540.00,1290.08,USD,Direct,AGR-ORTHO-26-338,CPO-005-2026-0125,SI-880124,OPEN,2026-04-25T17:30:00+00:00
TXN-000126,SO-100125,2026-01-20,2026-01-20T14:31:00+00:00,CUS-011,Desert Ridge Ambulatory Surgery,ASC,AZ,Mountain,REP-037,ACC-HIP-CUP-56,Acetabular System,Total hip arthroplasty,2,2975.00,5950.00,0.1100,654.50,5295.50,2976.00,2319.50,USD,Direct,AGR-ORTHO-26-310,CPO-011-2026-0126,SI-880125,PAID,2026-01-20T17:31:00+00:00
TXN-000127,SO-100126,2026-02-23,2026-02-23T14:32:00+00:00,CUS-005,Lone Star Orthopedic Network,IDN,TX,South Central,REP-013,TRI-KNEE-CR-04,Triathlon Knee,Total knee arthroplasty,1,4423.80,4423.80,0.1800,796.28,3627.52,2356.20,1271.32,USD,Direct,AGR-ORTHO-26-338,CPO-005-2026-0127,SI-880126,PAID,2026-02-24T17:32:00+00:00
TXN-000128,SO-100127,2026-02-04,2026-02-04T14:33:00+00:00,CUS-001,Atlantic Ortho Alliance,IDN,PA,Northeast,REP-002,TRI-KNEE-PS-05,Triathlon Knee,Total knee arthroplasty,1,4873.25,4873.25,0.2000,974.65,3898.60,2590.80,1307.80,USD,Direct,AGR-ORTHO-26-310,CPO-001-2026-0128,SI-880127,PAID,2026-02-04T17:33:00+00:00
TXN-000129,SO-100128,2026-04-30,2026-04-30T14:34:00+00:00,CUS-006,Pacific Motion Surgery Partners,ASC,CA,West,REP-018,TRI-KNEE-PS-05,Triathlon Knee,Total knee arthroplasty,3,4873.25,14619.75,0.1150,1681.27,12938.48,7620.00,5318.48,USD,ASC Program,AGR-ORTHO-26-310,CPO-006-2026-0129,SI-880128,PAID,2026-04-30T17:34:00+00:00
TXN-000130,SO-100129,2026-02-27,2026-02-27T14:35:00+00:00,CUS-004,Blue Ridge Joint Institute,Hospital,NC,Southeast,REP-013,SOM-PLATE-8H,Trauma Plating,Trauma fixation,1,892.50,892.50,0.1200,107.10,785.40,372.30,413.10,USD,Direct,AGR-ORTHO-26-331,CPO-004-2026-0130,SI-880129,OPEN,2026-02-28T17:35:00+00:00
TXN-000131,SO-100130,2026-05-04,2026-05-04T14:36:00+00:00,CUS-009,Northwest Specialty Distribution,Distributor,WA,West,REP-029,TRI-KNEE-CR-04,Triathlon Knee,Total knee arthroplasty,1,4380.00,4380.00,0.2500,1095.00,3285.00,2356.20,928.80,USD,Direct,AGR-ORTHO-26-331,CPO-009-2026-0131,SI-880130,DISPUTED,2026-05-06T17:36:00+00:00
TXN-000132,SO-100131,2026-03-13,2026-03-13T14:37:00+00:00,CUS-009,Northwest Specialty Distribution,Distributor,WA,West,REP-030,SOM-PLATE-8H,Trauma Plating,Trauma fixation,1,875.00,875.00,0.2500,218.75,656.25,365.00,291.25,USD,Distributor,AGR-ORTHO-26-331,CPO-009-2026-0132,SI-880131,PARTIALLY_PAID,2026-03-14T17:37:00+00:00
TXN-000133,SO-100132,2026-03-23,2026-03-23T14:38:00+00:00,CUS-005,Lone Star Orthopedic Network,IDN,TX,South Central,REP-019,MAKO-KNEE-KIT,Robotic Procedure Kit,Robotic-assisted knee,2,1640.00,3280.00,0.1950,639.60,2640.40,1407.60,1232.80,USD,Direct,AGR-ORTHO-26-338,CPO-005-2026-0133,SI-880132,PAID,2026-03-25T17:38:00+00:00
TXN-000134,SO-100133,2025-11-16,2025-11-16T14:39:00+00:00,CUS-007,Front Range Medical Center,Hospital,CO,Mountain,REP-019,TRI-KNEE-PS-05,Triathlon Knee,Total knee arthroplasty,1,4825.00,4825.00,0.1300,627.25,4197.75,2590.80,1606.95,USD,ASC Program,AGR-ORTHO-26-317,CPO-007-2025-0134,SI-880133,OPEN,2025-11-16T17:39:00+00:00
TXN-000135,SO-100134,2026-05-05,2026-05-05T14:40:00+00:00,CUS-001,Atlantic Ortho Alliance,IDN,PA,Northeast,REP-002,SOM-SCREW-45,Trauma Plating,Trauma fixation,1,144.54,144.54,0.2300,33.24,111.30,42.00,69.30,USD,Direct,AGR-ORTHO-26-310,CPO-001-2026-0135,SI-880134,PAID,2026-05-05T17:40:00+00:00
TXN-000136,SO-100135,2026-05-13,2026-05-13T14:41:00+00:00,CUS-004,Blue Ridge Joint Institute,Hospital,NC,Southeast,REP-012,MAKO-KNEE-KIT,Robotic Procedure Kit,Robotic-assisted knee,3,1656.40,4969.20,0.1350,670.84,4298.36,2070.00,2228.36,USD,Direct,AGR-ORTHO-26-331,CPO-004-2026-0136,SI-880135,PAID,2026-05-15T17:41:00+00:00
TXN-000137,SO-100136,2026-05-24,2026-05-24T14:42:00+00:00,CUS-001,Atlantic Ortho Alliance,IDN,PA,Northeast,REP-004,MAKO-KNEE-KIT,Robotic Procedure Kit,Robotic-assisted knee,4,1672.80,6691.20,0.1900,1271.33,5419.87,2815.20,2604.67,USD,Direct,AGR-ORTHO-26-310,CPO-001-2026-0137,SI-880136,OPEN,2026-05-24T17:42:00+00:00
TXN-000138,SO-100137,2026-03-05,2026-03-05T14:43:00+00:00,CUS-010,Prairie Orthopedics Cooperative,IDN,IL,Midwest,REP-032,ACC-HIP-CUP-56,Acetabular System,Total hip arthroplasty,2,2945.25,5890.50,0.1900,1119.20,4771.30,2916.48,1854.82,USD,ASC Program,AGR-ORTHO-26-338,CPO-010-2026-0138,SI-880137,PAID,2026-03-05T17:43:00+00:00
TXN-000139,SO-100138,2026-03-05,2026-03-05T14:44:00+00:00,CUS-001,Atlantic Ortho Alliance,IDN,PA,Northeast,REP-006,MAKO-KNEE-KIT,Robotic Procedure Kit,Robotic-assisted knee,5,1623.60,8118.00,0.1800,1461.24,6656.76,3450.00,3206.76,USD,Direct,AGR-ORTHO-26-310,CPO-001-2026-0139,SI-880138,PAID,2026-03-06T17:44:00+00:00
TXN-000140,SO-100139,2025-10-10,2025-10-10T14:45:00+00:00,CUS-004,Blue Ridge Joint Institute,Hospital,NC,Southeast,REP-016,MAKO-HIP-KIT,Robotic Procedure Kit,Robotic-assisted hip,1,1495.00,1495.00,0.1350,201.83,1293.17,612.50,680.67,USD,Direct,AGR-ORTHO-26-331,CPO-004-2025-0140,SI-880139,OPEN,2025-10-10T17:45:00+00:00
TXN-000141,SO-100140,2025-11-19,2025-11-19T14:46:00+00:00,CUS-010,Prairie Orthopedics Cooperative,IDN,IL,Midwest,REP-028,TRI-KNEE-PS-05,Triathlon Knee,Total knee arthroplasty,2,4825.00,9650.00,0.2000,1930.00,7720.00,5181.60,2538.40,USD,Direct,AGR-ORTHO-26-338,CPO-010-2025-0141,SI-880140,PAID,2025-11-21T17:46:00+00:00
TXN-000142,SO-100141,2026-03-29,2026-03-29T14:00:00+00:00,CUS-007,Front Range Medical Center,Hospital,CO,Mountain,REP-020,ACC-HIP-CUP-56,Acetabular System,Total hip arthroplasty,1,2945.25,2945.25,0.1400,412.34,2532.91,1517.76,1015.15,USD,Direct,AGR-ORTHO-26-317,CPO-007-2026-0142,SI-880141,PAID,2026-03-30T17:00:00+00:00
TXN-000143,SO-100142,2026-04-18,2026-04-18T14:01:00+00:00,CUS-012,New England Sports Medicine,Hospital,MA,Northeast,REP-036,TRI-KNEE-CR-04,Triathlon Knee,Total knee arthroplasty,1,4423.80,4423.80,0.1550,685.69,3738.11,2310.00,1428.11,USD,Direct,AGR-ORTHO-26-317,CPO-012-2026-0143,SI-880142,PARTIALLY_PAID,2026-04-18T17:01:00+00:00
TXN-000144,SO-100143,2025-12-08,2025-12-08T14:02:00+00:00,CUS-005,Lone Star Orthopedic Network,IDN,TX,South Central,REP-016,ACC-HIP-CUP-56,Acetabular System,Total hip arthroplasty,1,2915.50,2915.50,0.1900,553.95,2361.55,1488.00,873.55,USD,Direct,AGR-ORTHO-26-338,CPO-005-2025-0144,SI-880143,PAID,2025-12-09T17:02:00+00:00
TXN-000145,SO-100144,2026-03-09,2026-03-09T14:03:00+00:00,CUS-003,Great Lakes University Hospital,Academic Medical Center,OH,Midwest,REP-011,MAKO-KNEE-KIT,Robotic Procedure Kit,Robotic-assisted knee,1,1656.40,1656.40,0.1700,281.59,1374.81,703.80,671.01,USD,Direct,AGR-ORTHO-26-324,CPO-003-2026-0145,SI-880144,PAID,2026-03-09T17:03:00+00:00
TXN-000146,SO-100145,2026-01-11,2026-01-11T14:04:00+00:00,CUS-002,Hudson Valley Surgical Center,ASC,NY,Northeast,REP-009,SOM-SCREW-45,Trauma Plating,Trauma fixation,3,143.08,429.24,0.1100,47.22,382.02,123.48,258.54,USD,Direct,AGR-ORTHO-26-317,CPO-002-2026-0146,SI-880145,PAID,2026-01-11T17:04:00+00:00
TXN-000147,SO-100146,2025-12-31,2025-12-31T14:05:00+00:00,CUS-003,Great Lakes University Hospital,Academic Medical Center,OH,Midwest,REP-013,MAKO-HIP-KIT,Robotic Procedure Kit,Robotic-assisted hip,8,1495.00,11960.00,0.1800,2152.80,9807.20,4900.00,4907.20,USD,Direct,AGR-ORTHO-26-324,CPO-003-2025-0147,SI-880146,PAID,2026-01-02T17:05:00+00:00
TXN-000148,SO-100147,2026-01-04,2026-01-04T14:06:00+00:00,CUS-006,Pacific Motion Surgery Partners,ASC,CA,West,REP-016,TRI-KNEE-CR-04,Triathlon Knee,Total knee arthroplasty,1,4467.60,4467.60,0.1100,491.44,3976.16,2310.00,1666.16,USD,Distributor,AGR-ORTHO-26-310,CPO-006-2026-0148,SI-880147,PAID,2026-01-06T17:06:00+00:00
TXN-000149,SO-100148,2026-05-23,2026-05-23T14:07:00+00:00,CUS-006,Pacific Motion Surgery Partners,ASC,CA,West,REP-017,SOM-PLATE-8H,Trauma Plating,Trauma fixation,3,892.50,2677.50,0.1100,294.53,2382.97,1095.00,1287.97,USD,Direct,AGR-ORTHO-26-310,CPO-006-2026-0149,SI-880148,PAID,2026-05-25T17:07:00+00:00
TXN-000150,SO-100149,2026-02-13,2026-02-13T14:08:00+00:00,CUS-003,Great Lakes University Hospital,Academic Medical Center,OH,Midwest,REP-009,ACC-HIP-LIN-36,Acetabular System,Total hip arthroplasty,5,1203.60,6018.00,0.1700,1023.06,4994.94,2703.00,2291.94,USD,Direct,AGR-ORTHO-26-324,CPO-003-2026-0150,SI-880149,OPEN,2026-02-15T17:08:00+00:00
TXN-000151,SO-100150,2026-01-18,2026-01-18T14:09:00+00:00,CUS-001,Atlantic Ortho Alliance,IDN,PA,Northeast,REP-004,TRI-KNEE-CR-04,Triathlon Knee,Total knee arthroplasty,3,4380.00,13140.00,0.1900,2496.60,10643.40,7068.60,3574.80,USD,Distributor,AGR-ORTHO-26-310,CPO-001-2026-0151,SI-880150,PAID,2026-01-18T17:09:00+00:00
TXN-000152,SO-100151,2026-04-30,2026-04-30T14:10:00+00:00,CUS-007,Front Range Medical Center,Hospital,CO,Mountain,REP-023,TRI-KNEE-CR-04,Triathlon Knee,Total knee arthroplasty,1,4380.00,4380.00,0.1350,591.30,3788.70,2310.00,1478.70,USD,Direct,AGR-ORTHO-26-317,CPO-007-2026-0152,SI-880151,DISPUTED,2026-05-02T17:10:00+00:00
TXN-000153,SO-100152,2026-01-27,2026-01-27T14:11:00+00:00,CUS-005,Lone Star Orthopedic Network,IDN,TX,South Central,REP-018,TRI-KNEE-CR-04,Triathlon Knee,Total knee arthroplasty,1,4380.00,4380.00,0.1800,788.40,3591.60,2263.80,1327.80,USD,ASC Program,AGR-ORTHO-26-338,CPO-005-2026-0153,SI-880152,PAID,2026-01-29T17:11:00+00:00
TXN-000154,SO-100153,2026-05-24,2026-05-24T14:12:00+00:00,CUS-011,Desert Ridge Ambulatory Surgery,ASC,AZ,Mountain,REP-037,MAKO-KNEE-KIT,Robotic Procedure Kit,Robotic-assisted knee,2,1607.20,3214.40,0.1150,369.66,2844.74,1352.40,1492.34,USD,Distributor,AGR-ORTHO-26-310,CPO-011-2026-0154,SI-880153,OPEN,2026-05-24T17:12:00+00:00
TXN-000155,SO-100154,2026-06-03,2026-06-03T14:13:00+00:00,CUS-004,Blue Ridge Joint Institute,Hospital,NC,Southeast,REP-010,MAKO-HIP-KIT,Robotic Procedure Kit,Robotic-assisted hip,3,1465.10,4395.30,0.1400,615.34,3779.96,1875.00,1904.96,USD,Direct,AGR-ORTHO-26-331,CPO-004-2026-0155,SI-880154,PAID,2026-06-03T17:13:00+00:00
TXN-000156,SO-100155,2026-05-02,2026-05-02T14:14:00+00:00,CUS-007,Front Range Medical Center,Hospital,CO,Mountain,REP-020,ACC-HIP-CUP-56,Acetabular System,Total hip arthroplasty,1,3004.75,3004.75,0.1300,390.62,2614.13,1488.00,1126.13,USD,Direct,AGR-ORTHO-26-317,CPO-007-2026-0156,SI-880155,OPEN,2026-05-02T17:14:00+00:00
TXN-000157,SO-100156,2026-01-29,2026-01-29T14:15:00+00:00,CUS-001,Atlantic Ortho Alliance,IDN,PA,Northeast,REP-003,TRI-KNEE-PS-05,Triathlon Knee,Total knee arthroplasty,4,4728.50,18914.00,0.1900,3593.66,15320.34,10160.00,5160.34,USD,Direct,AGR-ORTHO-26-310,CPO-001-2026-0157,SI-880156,PAID,2026-01-29T17:15:00+00:00
TXN-000158,SO-100157,2026-03-19,2026-03-19T14:16:00+00:00,CUS-005,Lone Star Orthopedic Network,IDN,TX,South Central,REP-016,TRI-KNEE-PS-05,Triathlon Knee,Total knee arthroplasty,2,4825.00,9650.00,0.1900,1833.50,7816.50,5080.00,2736.50,USD,ASC Program,AGR-ORTHO-26-338,CPO-005-2026-0158,SI-880157,PAID,2026-03-20T17:16:00+00:00
TXN-000159,SO-100158,2025-11-22,2025-11-22T14:17:00+00:00,CUS-008,Gulf Coast Trauma Hospital,Hospital,FL,Southeast,REP-026,ACC-HIP-CUP-56,Acetabular System,Total hip arthroplasty,3,3034.50,9103.50,0.1200,1092.42,8011.08,4464.00,3547.08,USD,Direct,AGR-ORTHO-26-324,CPO-008-2025-0159,SI-880158,PAID,2025-11-22T17:17:00+00:00
TXN-000160,SO-100159,2026-03-18,2026-03-18T14:18:00+00:00,CUS-004,Blue Ridge Joint Institute,Hospital,NC,Southeast,REP-015,TRI-KNEE-PS-05,Triathlon Knee,Total knee arthroplasty,4,4776.75,19107.00,0.1300,2483.91,16623.09,9956.80,6666.29,USD,Direct,AGR-ORTHO-26-331,CPO-004-2026-0160,SI-880159,OPEN,2026-03-20T17:18:00+00:00
TXN-000161,SO-100160,2026-01-27,2026-01-27T14:19:00+00:00,CUS-004,Blue Ridge Joint Institute,Hospital,NC,Southeast,REP-016,ACC-HIP-LIN-36,Acetabular System,Total hip arthroplasty,2,1203.60,2407.20,0.1200,288.86,2118.34,1038.80,1079.54,USD,Direct,AGR-ORTHO-26-331,CPO-004-2026-0161,SI-880160,PAID,2026-01-27T17:19:00+00:00
TXN-000162,SO-100161,2025-12-13,2025-12-13T14:20:00+00:00,CUS-009,Northwest Specialty Distribution,Distributor,WA,West,REP-025,MAKO-HIP-KIT,Robotic Procedure Kit,Robotic-assisted hip,3,1509.95,4529.85,0.2400,1087.16,3442.69,1837.50,1605.19,USD,Direct,AGR-ORTHO-26-331,CPO-009-2025-0162,SI-880161,OPEN,2025-12-13T17:20:00+00:00
TXN-000163,SO-100162,2026-02-22,2026-02-22T14:21:00+00:00,CUS-010,Prairie Orthopedics Cooperative,IDN,IL,Midwest,REP-029,TRI-KNEE-CR-04,Triathlon Knee,Total knee arthroplasty,1,4380.00,4380.00,0.1950,854.10,3525.90,2356.20,1169.70,USD,Direct,AGR-ORTHO-26-338,CPO-010-2026-0163,SI-880162,PAID,2026-02-24T17:21:00+00:00
TXN-000164,SO-100163,2026-03-18,2026-03-18T14:22:00+00:00,CUS-001,Atlantic Ortho Alliance,IDN,PA,Northeast,REP-003,ACC-HIP-LIN-36,Acetabular System,Total hip arthroplasty,3,1180.00,3540.00,0.2000,708.00,2832.00,1590.00,1242.00,USD,Direct,AGR-ORTHO-26-310,CPO-001-2026-0164,SI-880163,OPEN,2026-03-18T17:22:00+00:00
TXN-000165,SO-100164,2026-02-28,2026-02-28T14:23:00+00:00,CUS-007,Front Range Medical Center,Hospital,CO,Mountain,REP-022,TRI-KNEE-PS-05,Triathlon Knee,Total knee arthroplasty,3,4728.50,14185.50,0.1200,1702.26,12483.24,7620.00,4863.24,USD,Distributor,AGR-ORTHO-26-317,CPO-007-2026-0165,SI-880164,PAID,2026-03-01T17:23:00+00:00
TXN-000166,SO-100165,2026-03-12,2026-03-12T14:24:00+00:00,CUS-006,Pacific Motion Surgery Partners,ASC,CA,West,REP-020,ACC-HIP-LIN-36,Acetabular System,Total hip arthroplasty,2,1156.40,2312.80,0.1100,254.41,2058.39,1060.00,998.39,USD,Distributor,AGR-ORTHO-26-310,CPO-006-2026-0166,SI-880165,PAID,2026-03-12T17:24:00+00:00
TXN-000167,SO-100166,2026-03-03,2026-03-03T14:25:00+00:00,CUS-011,Desert Ridge Ambulatory Surgery,ASC,AZ,Mountain,REP-036,SOM-PLATE-8H,Trauma Plating,Trauma fixation,8,875.00,7000.00,0.1150,805.00,6195.00,2861.60,3333.40,USD,ASC Program,AGR-ORTHO-26-310,CPO-011-2026-0167,SI-880166,PAID,2026-03-04T17:25:00+00:00
TXN-000168,SO-100167,2026-05-06,2026-05-06T14:26:00+00:00,CUS-002,Hudson Valley Surgical Center,ASC,NY,Northeast,REP-010,TRI-KNEE-PS-05,Triathlon Knee,Total knee arthroplasty,2,4728.50,9457.00,0.1500,1418.55,8038.45,5080.00,2958.45,USD,Direct,AGR-ORTHO-26-317,CPO-002-2026-0168,SI-880167,PAID,2026-05-06T17:26:00+00:00
TXN-000169,SO-100168,2026-03-21,2026-03-21T14:27:00+00:00,CUS-010,Prairie Orthopedics Cooperative,IDN,IL,Midwest,REP-028,TRI-KNEE-CR-04,Triathlon Knee,Total knee arthroplasty,1,4380.00,4380.00,0.1900,832.20,3547.80,2310.00,1237.80,USD,Direct,AGR-ORTHO-26-338,CPO-010-2026-0169,SI-880168,PAID,2026-03-22T17:27:00+00:00
TXN-000170,SO-100169,2026-04-14,2026-04-14T14:28:00+00:00,CUS-008,Gulf Coast Trauma Hospital,Hospital,FL,Southeast,REP-023,MAKO-HIP-KIT,Robotic Procedure Kit,Robotic-assisted hip,2,1465.10,2930.20,0.1300,380.93,2549.27,1275.00,1274.27,USD,Direct,AGR-ORTHO-26-324,CPO-008-2026-0170,SI-880169,PAID,2026-04-16T17:28:00+00:00
TXN-000171,SO-100170,2026-02-05,2026-02-05T14:29:00+00:00,CUS-005,Lone Star Orthopedic Network,IDN,TX,South Central,REP-015,MAKO-KNEE-KIT,Robotic Procedure Kit,Robotic-assisted knee,4,1607.20,6428.80,0.1900,1221.47,5207.33,2760.00,2447.33,USD,Direct,AGR-ORTHO-26-338,CPO-005-2026-0171,SI-880170,OPEN,2026-02-06T17:29:00+00:00
TXN-000172,SO-100171,2026-05-13,2026-05-13T14:30:00+00:00,CUS-001,Atlantic Ortho Alliance,IDN,PA,Northeast,REP-004,MAKO-HIP-KIT,Robotic Procedure Kit,Robotic-assisted hip,1,1480.05,1480.05,0.2150,318.21,1161.84,625.00,536.84,USD,Direct,AGR-ORTHO-26-310,CPO-001-2026-0172,SI-880171,PAID,2026-05-13T17:30:00+00:00
TXN-000173,SO-100172,2026-02-22,2026-02-22T14:31:00+00:00,CUS-001,Atlantic Ortho Alliance,IDN,PA,Northeast,REP-005,SOM-SCREW-45,Trauma Plating,Trauma fixation,2,148.92,297.84,0.1800,53.61,244.23,82.32,161.91,USD,Direct,AGR-ORTHO-26-310,CPO-001-2026-0173,SI-880172,PAID,2026-02-24T17:31:00+00:00
TXN-000174,SO-100173,2025-12-05,2025-12-05T14:32:00+00:00,CUS-011,Desert Ridge Ambulatory Surgery,ASC,AZ,Mountain,REP-036,TRI-KNEE-CR-04,Triathlon Knee,Total knee arthroplasty,3,4336.20,13008.60,0.1100,1430.95,11577.65,6930.00,4647.65,USD,ASC Program,AGR-ORTHO-26-310,CPO-011-2025-0174,SI-880173,PARTIALLY_PAID,2025-12-05T17:32:00+00:00
TXN-000175,SO-100174,2026-01-05,2026-01-05T14:33:00+00:00,CUS-012,New England Sports Medicine,Hospital,MA,Northeast,REP-040,REV-FEM-STEM-12,Revision Hip,Revision arthroplasty,3,6484.20,19452.60,0.1300,2528.84,16923.76,10485.00,6438.76,USD,Direct,AGR-ORTHO-26-317,CPO-012-2026-0175,SI-880174,OPEN,2026-01-05T17:33:00+00:00
TXN-000176,SO-100175,2026-03-05,2026-03-05T14:34:00+00:00,CUS-006,Pacific Motion Surgery Partners,ASC,CA,West,REP-016,ACC-HIP-CUP-56,Acetabular System,Total hip arthroplasty,1,3004.75,3004.75,0.1100,330.52,2674.23,1517.76,1156.47,USD,Direct,AGR-ORTHO-26-310,CPO-006-2026-0176,SI-880175,PAID,2026-03-07T17:34:00+00:00
TXN-000177,SO-100176,2026-01-30,2026-01-30T14:35:00+00:00,CUS-006,Pacific Motion Surgery Partners,ASC,CA,West,REP-017,REV-FEM-STEM-12,Revision Hip,Revision arthroplasty,4,6548.40,26193.60,0.1100,2881.30,23312.30,13980.00,9332.30,USD,ASC Program,AGR-ORTHO-26-310,CPO-006-2026-0177,SI-880176,PAID,2026-02-01T17:35:00+00:00
TXN-000178,SO-100177,2026-05-07,2026-05-07T14:36:00+00:00,CUS-011,Desert Ridge Ambulatory Surgery,ASC,AZ,Mountain,REP-033,MAKO-KNEE-KIT,Robotic Procedure Kit,Robotic-assisted knee,1,1672.80,1672.80,0.1200,200.74,1472.06,690.00,782.06,USD,Direct,AGR-ORTHO-26-310,CPO-011-2026-0178,SI-880177,PAID,2026-05-07T17:36:00+00:00
TXN-000179,SO-100178,2026-01-26,2026-01-26T14:37:00+00:00,CUS-012,New England Sports Medicine,Hospital,MA,Northeast,REP-037,ACC-HIP-LIN-36,Acetabular System,Total hip arthroplasty,3,1180.00,3540.00,0.1300,460.20,3079.80,1590.00,1489.80,USD,Distributor,AGR-ORTHO-26-317,CPO-012-2026-0179,SI-880178,DISPUTED,2026-01-28T17:37:00+00:00
TXN-000180,SO-100179,2026-03-20,2026-03-20T14:38:00+00:00,CUS-010,Prairie Orthopedics Cooperative,IDN,IL,Midwest,REP-032,TRI-KNEE-PS-05,Triathlon Knee,Total knee arthroplasty,2,4921.50,9843.00,0.2000,1968.60,7874.40,4978.40,2896.00,USD,Direct,AGR-ORTHO-26-338,CPO-010-2026-0180,SI-880179,PAID,2026-03-21T17:38:00+00:00
TXN-000181,SO-100180,2026-04-09,2026-04-09T14:39:00+00:00,CUS-010,Prairie Orthopedics Cooperative,IDN,IL,Midwest,REP-033,TRI-KNEE-PS-05,Triathlon Knee,Total knee arthroplasty,1,4825.00,4825.00,0.2000,965.00,3860.00,2590.80,1269.20,USD,Direct,AGR-ORTHO-26-338,CPO-010-2026-0181,SI-880180,PAID,2026-04-09T17:39:00+00:00
TXN-000182,SO-100181,2026-01-16,2026-01-16T14:40:00+00:00,CUS-005,Lone Star Orthopedic Network,IDN,TX,South Central,REP-019,ACC-HIP-CUP-56,Acetabular System,Total hip arthroplasty,4,2945.25,11781.00,0.1900,2238.39,9542.61,6071.04,3471.57,USD,Direct,AGR-ORTHO-26-338,CPO-005-2026-0182,SI-880181,PAID,2026-01-18T17:40:00+00:00
TXN-000183,SO-100182,2026-03-22,2026-03-22T14:41:00+00:00,CUS-007,Front Range Medical Center,Hospital,CO,Mountain,REP-019,REV-FEM-STEM-12,Revision Hip,Revision arthroplasty,3,6548.40,19645.20,0.1200,2357.42,17287.78,10485.00,6802.78,USD,Distributor,AGR-ORTHO-26-317,CPO-007-2026-0183,SI-880182,PAID,2026-03-23T17:41:00+00:00
TXN-000184,SO-100183,2025-11-28,2025-11-28T14:42:00+00:00,CUS-003,Great Lakes University Hospital,Academic Medical Center,OH,Midwest,REP-008,ACC-HIP-CUP-56,Acetabular System,Total hip arthroplasty,4,2945.25,11781.00,0.1700,2002.77,9778.23,5832.96,3945.27,USD,Direct,AGR-ORTHO-26-324,CPO-003-2025-0184,SI-880183,PAID,2025-11-29T17:42:00+00:00
TXN-000185,SO-100184,2026-02-17,2026-02-17T14:43:00+00:00,CUS-005,Lone Star Orthopedic Network,IDN,TX,South Central,REP-015,TRI-KNEE-CR-04,Triathlon Knee,Total knee arthroplasty,1,4423.80,4423.80,0.1800,796.28,3627.52,2356.20,1271.32,USD,Direct,AGR-ORTHO-26-338,CPO-005-2026-0185,SI-880184,OPEN,2026-02-19T17:43:00+00:00
TXN-000186,SO-100185,2026-04-16,2026-04-16T14:44:00+00:00,CUS-012,New England Sports Medicine,Hospital,MA,Northeast,REP-037,ACC-HIP-CUP-56,Acetabular System,Total hip arthroplasty,1,3004.75,3004.75,0.1550,465.74,2539.01,1488.00,1051.01,USD,Direct,AGR-ORTHO-26-317,CPO-012-2026-0186,SI-880185,PAID,2026-04-16T17:44:00+00:00
TXN-000187,SO-100186,2026-05-25,2026-05-25T14:45:00+00:00,CUS-005,Lone Star Orthopedic Network,IDN,TX,South Central,REP-017,TRI-KNEE-CR-04,Triathlon Knee,Total knee arthroplasty,2,4336.20,8672.40,0.1900,1647.76,7024.64,4620.00,2404.64,USD,Direct,AGR-ORTHO-26-338,CPO-005-2026-0187,SI-880186,OPEN,2026-05-25T17:45:00+00:00
TXN-000188,SO-100187,2026-03-05,2026-03-05T14:46:00+00:00,CUS-008,Gulf Coast Trauma Hospital,Hospital,FL,Southeast,REP-027,SPN-CAGE-LORD,Spine Interbody,Lumbar fusion,1,5312.60,5312.60,0.1300,690.64,4621.96,2735.00,1886.96,USD,Direct,AGR-ORTHO-26-324,CPO-008-2026-0188,SI-880187,PAID,2026-03-05T17:46:00+00:00
TXN-000189,SO-100188,2026-04-10,2026-04-10T14:00:00+00:00,CUS-004,Blue Ridge Joint Institute,Hospital,NC,Southeast,REP-016,TRI-KNEE-CR-04,Triathlon Knee,Total knee arthroplasty,4,4467.60,17870.40,0.1200,2144.45,15725.95,9240.00,6485.95,USD,ASC Program,AGR-ORTHO-26-331,CPO-004-2026-0189,SI-880188,OPEN,2026-04-11T17:00:00+00:00
TXN-000190,SO-100189,2026-04-30,2026-04-30T14:01:00+00:00,CUS-007,Front Range Medical Center,Hospital,CO,Mountain,REP-019,SPN-CAGE-LORD,Spine Interbody,Lumbar fusion,4,5260.00,21040.00,0.1300,2735.20,18304.80,11158.80,7146.00,USD,Direct,AGR-ORTHO-26-317,CPO-007-2026-0190,SI-880189,PAID,2026-04-30T17:01:00+00:00
TXN-000191,SO-100190,2026-04-18,2026-04-18T14:02:00+00:00,CUS-003,Great Lakes University Hospital,Academic Medical Center,OH,Midwest,REP-008,ACC-HIP-LIN-36,Acetabular System,Total hip arthroplasty,2,1203.60,2407.20,0.1600,385.15,2022.05,1060.00,962.05,USD,ASC Program,AGR-ORTHO-26-324,CPO-003-2026-0191,SI-880190,PAID,2026-04-18T17:02:00+00:00
TXN-000192,SO-100191,2025-12-27,2025-12-27T14:03:00+00:00,CUS-004,Blue Ridge Joint Institute,Hospital,NC,Southeast,REP-012,MAKO-KNEE-KIT,Robotic Procedure Kit,Robotic-assisted knee,3,1607.20,4821.60,0.1400,675.02,4146.58,2070.00,2076.58,USD,Direct,AGR-ORTHO-26-331,CPO-004-2025-0192,SI-880191,PAID,2025-12-28T17:03:00+00:00
TXN-000193,SO-100192,2026-03-31,2026-03-31T14:04:00+00:00,CUS-005,Lone Star Orthopedic Network,IDN,TX,South Central,REP-016,SPN-CAGE-LORD,Spine Interbody,Lumbar fusion,2,5260.00,10520.00,0.1900,1998.80,8521.20,5360.60,3160.60,USD,Direct,AGR-ORTHO-26-338,CPO-005-2026-0193,SI-880192,PAID,2026-03-31T17:04:00+00:00
TXN-000194,SO-100193,2026-01-30,2026-01-30T14:05:00+00:00,CUS-003,Great Lakes University Hospital,Academic Medical Center,OH,Midwest,REP-011,MAKO-HIP-KIT,Robotic Procedure Kit,Robotic-assisted hip,1,1465.10,1465.10,0.1700,249.07,1216.03,625.00,591.03,USD,Distributor,AGR-ORTHO-26-324,CPO-003-2026-0194,SI-880193,OPEN,2026-01-30T17:05:00+00:00
TXN-000195,SO-100194,2026-01-17,2026-01-17T14:06:00+00:00,CUS-010,Prairie Orthopedics Cooperative,IDN,IL,Midwest,REP-033,ACC-HIP-CUP-56,Acetabular System,Total hip arthroplasty,1,2945.25,2945.25,0.1900,559.60,2385.65,1517.76,867.89,USD,Direct,AGR-ORTHO-26-338,CPO-010-2026-0195,SI-880194,PAID,2026-01-19T17:06:00+00:00
TXN-000196,SO-100195,2026-01-13,2026-01-13T14:07:00+00:00,CUS-002,Hudson Valley Surgical Center,ASC,NY,Northeast,REP-010,SOM-SCREW-45,Trauma Plating,Trauma fixation,2,148.92,297.84,0.1150,34.25,263.59,84.00,179.59,USD,Direct,AGR-ORTHO-26-317,CPO-002-2026-0196,SI-880195,OPEN,2026-01-13T17:07:00+00:00
TXN-000197,SO-100196,2026-04-08,2026-04-08T14:08:00+00:00,CUS-012,New England Sports Medicine,Hospital,MA,Northeast,REP-034,ACC-HIP-LIN-36,Acetabular System,Total hip arthroplasty,1,1203.60,1203.60,0.1700,204.61,998.99,540.60,458.39,USD,Distributor,AGR-ORTHO-26-317,CPO-012-2026-0197,SI-880196,PAID,2026-04-08T17:08:00+00:00
TXN-000198,SO-100197,2026-04-07,2026-04-07T14:09:00+00:00,CUS-003,Great Lakes University Hospital,Academic Medical Center,OH,Midwest,REP-008,TRI-KNEE-CR-04,Triathlon Knee,Total knee arthroplasty,1,4380.00,4380.00,0.1700,744.60,3635.40,2310.00,1325.40,USD,Distributor,AGR-ORTHO-26-324,CPO-003-2026-0198,SI-880197,OPEN,2026-04-09T17:09:00+00:00
TXN-000199,SO-100198,2026-05-14,2026-05-14T14:10:00+00:00,CUS-010,Prairie Orthopedics Cooperative,IDN,IL,Midwest,REP-030,MAKO-HIP-KIT,Robotic Procedure Kit,Robotic-assisted hip,3,1465.10,4395.30,0.1900,835.11,3560.19,1875.00,1685.19,USD,ASC Program,AGR-ORTHO-26-338,CPO-010-2026-0199,SI-880198,OPEN,2026-05-14T17:10:00+00:00
TXN-000200,SO-100199,2026-03-23,2026-03-23T14:11:00+00:00,CUS-003,Great Lakes University Hospital,Academic Medical Center,OH,Midwest,REP-010,TRI-KNEE-PS-05,Triathlon Knee,Total knee arthroplasty,3,4825.00,14475.00,0.1750,2533.13,11941.87,7620.00,4321.87,USD,Direct,AGR-ORTHO-26-324,CPO-003-2026-0200,SI-880199,PAID,2026-03-23T17:11:00+00:00
TXN-000201,SO-100200,2026-04-04,2026-04-04T14:12:00+00:00,CUS-010,Prairie Orthopedics Cooperative,IDN,IL,Midwest,REP-032,TRI-KNEE-CR-04,Triathlon Knee,Total knee arthroplasty,3,4467.60,13402.80,0.1800,2412.50,10990.30,6930.00,4060.30,USD,Distributor,AGR-ORTHO-26-338,CPO-010-2026-0201,SI-880200,PAID,2026-04-05T17:12:00+00:00
TXN-000202,SO-100201,2026-03-30,2026-03-30T14:13:00+00:00,CUS-007,Front Range Medical Center,Hospital,CO,Mountain,REP-024,TRI-KNEE-PS-05,Triathlon Knee,Total knee arthroplasty,1,4825.00,4825.00,0.1200,579.00,4246.00,2590.80,1655.20,USD,ASC Program,AGR-ORTHO-26-317,CPO-007-2026-0202,SI-880201,PAID,2026-03-31T17:13:00+00:00
TXN-000203,SO-100202,2026-04-29,2026-04-29T14:14:00+00:00,CUS-006,Pacific Motion Surgery Partners,ASC,CA,West,REP-022,ACC-HIP-CUP-56,Acetabular System,Total hip arthroplasty,2,2915.50,5831.00,0.1150,670.57,5160.43,2916.48,2243.95,USD,Direct,AGR-ORTHO-26-310,CPO-006-2026-0203,SI-880202,PAID,2026-04-30T17:14:00+00:00
TXN-000204,SO-100203,2026-03-26,2026-03-26T14:15:00+00:00,CUS-005,Lone Star Orthopedic Network,IDN,TX,South Central,REP-013,MAKO-KNEE-KIT,Robotic Procedure Kit,Robotic-assisted knee,8,1640.00,13120.00,0.1950,2558.40,10561.60,5520.00,5041.60,USD,Direct,AGR-ORTHO-26-338,CPO-005-2026-0204,SI-880203,OPEN,2026-03-28T17:15:00+00:00
TXN-000205,SO-100204,2026-02-16,2026-02-16T14:16:00+00:00,CUS-003,Great Lakes University Hospital,Academic Medical Center,OH,Midwest,REP-008,TRI-KNEE-PS-05,Triathlon Knee,Total knee arthroplasty,1,4728.50,4728.50,0.1750,827.49,3901.01,2540.00,1361.01,USD,Direct,AGR-ORTHO-26-324,CPO-003-2026-0205,SI-880204,OPEN,2026-02-16T17:16:00+00:00
TXN-000206,SO-100205,2025-12-20,2025-12-20T14:17:00+00:00,CUS-003,Great Lakes University Hospital,Academic Medical Center,OH,Midwest,REP-009,SOM-PLATE-8H,Trauma Plating,Trauma fixation,4,866.25,3465.00,0.1600,554.40,2910.60,1460.00,1450.60,USD,Direct,AGR-ORTHO-26-324,CPO-003-2025-0206,SI-880205,PAID,2025-12-22T17:17:00+00:00
TXN-000207,SO-100206,2026-04-20,2026-04-20T14:18:00+00:00,CUS-004,Blue Ridge Joint Institute,Hospital,NC,Southeast,REP-013,MAKO-KNEE-KIT,Robotic Procedure Kit,Robotic-assisted knee,1,1640.00,1640.00,0.1300,213.20,1426.80,703.80,723.00,USD,Direct,AGR-ORTHO-26-331,CPO-004-2026-0207,SI-880206,PAID,2026-04-20T17:18:00+00:00
TXN-000208,SO-100207,2026-05-09,2026-05-09T14:19:00+00:00,CUS-010,Prairie Orthopedics Cooperative,IDN,IL,Midwest,REP-032,ACC-HIP-LIN-36,Acetabular System,Total hip arthroplasty,1,1203.60,1203.60,0.1800,216.65,986.95,530.00,456.95,USD,Direct,AGR-ORTHO-26-338,CPO-010-2026-0208,SI-880207,PAID,2026-05-10T17:19:00+00:00
TXN-000209,SO-100208,2026-03-29,2026-03-29T14:20:00+00:00,CUS-008,Gulf Coast Trauma Hospital,Hospital,FL,Southeast,REP-027,MAKO-KNEE-KIT,Robotic Procedure Kit,Robotic-assisted knee,1,1623.60,1623.60,0.1300,211.07,1412.53,690.00,722.53,USD,Distributor,AGR-ORTHO-26-324,CPO-008-2026-0209,SI-880208,PAID,2026-03-29T17:20:00+00:00
TXN-000210,SO-100209,2026-03-20,2026-03-20T14:21:00+00:00,CUS-010,Prairie Orthopedics Cooperative,IDN,IL,Midwest,REP-034,TRI-KNEE-CR-04,Triathlon Knee,Total knee arthroplasty,2,4467.60,8935.20,0.1950,1742.36,7192.84,4712.40,2480.44,USD,Direct,AGR-ORTHO-26-338,CPO-010-2026-0210,SI-880209,OPEN,2026-03-22T17:21:00+00:00
TXN-000211,SO-100210,2025-12-26,2025-12-26T14:22:00+00:00,CUS-003,Great Lakes University Hospital,Academic Medical Center,OH,Midwest,REP-007,MAKO-KNEE-KIT,Robotic Procedure Kit,Robotic-assisted knee,3,1672.80,5018.40,0.1800,903.31,4115.09,2070.00,2045.09,USD,ASC Program,AGR-ORTHO-26-324,CPO-003-2025-0211,SI-880210,PAID,2025-12-26T17:22:00+00:00
TXN-000212,SO-100211,2026-01-06,2026-01-06T14:23:00+00:00,CUS-007,Front Range Medical Center,Hospital,CO,Mountain,REP-020,TRI-KNEE-CR-04,Triathlon Knee,Total knee arthroplasty,3,4292.40,12877.20,0.1300,1674.04,11203.16,6791.40,4411.76,USD,Direct,AGR-ORTHO-26-317,CPO-007-2026-0001,SI-880211,PAID,2026-01-06T17:23:00+00:00
TXN-000213,SO-100212,2026-01-19,2026-01-19T14:24:00+00:00,CUS-006,Pacific Motion Surgery Partners,ASC,CA,West,REP-018,MAKO-HIP-KIT,Robotic Procedure Kit,Robotic-assisted hip,2,1495.00,2990.00,0.1100,328.90,2661.10,1225.00,1436.10,USD,Direct,AGR-ORTHO-26-310,CPO-006-2026-0002,SI-880212,OPEN,2026-01-19T17:24:00+00:00
TXN-000214,SO-100213,2026-05-06,2026-05-06T14:25:00+00:00,CUS-005,Lone Star Orthopedic Network,IDN,TX,South Central,REP-016,TRI-KNEE-PS-05,Triathlon Knee,Total knee arthroplasty,1,4728.50,4728.50,0.1800,851.13,3877.37,2540.00,1337.37,USD,Direct,AGR-ORTHO-26-338,CPO-005-2026-0003,SI-880213,PAID,2026-05-06T17:25:00+00:00
TXN-000215,SO-100214,2026-03-20,2026-03-20T14:26:00+00:00,CUS-009,Northwest Specialty Distribution,Distributor,WA,West,REP-029,ACC-HIP-CUP-56,Acetabular System,Total hip arthroplasty,2,3034.50,6069.00,0.2400,1456.56,4612.44,2916.48,1695.96,USD,Direct,AGR-ORTHO-26-331,CPO-009-2026-0004,SI-880214,PAID,2026-03-20T17:26:00+00:00
TXN-000216,SO-100215,2026-03-25,2026-03-25T14:27:00+00:00,CUS-008,Gulf Coast Trauma Hospital,Hospital,FL,Southeast,REP-027,TRI-KNEE-PS-05,Triathlon Knee,Total knee arthroplasty,1,4825.00,4825.00,0.1400,675.50,4149.50,2590.80,1558.70,USD,Distributor,AGR-ORTHO-26-324,CPO-008-2026-0005,SI-880215,PAID,2026-03-26T17:27:00+00:00
TXN-000217,SO-100216,2026-04-11,2026-04-11T14:28:00+00:00,CUS-001,Atlantic Ortho Alliance,IDN,PA,Northeast,REP-007,ACC-HIP-CUP-56,Acetabular System,Total hip arthroplasty,1,3034.50,3034.50,0.2150,652.42,2382.08,1517.76,864.32,USD,Direct,AGR-ORTHO-26-310,CPO-001-2026-0006,SI-880216,OPEN,2026-04-11T17:28:00+00:00
TXN-000218,SO-100217,2026-04-02,2026-04-02T14:29:00+00:00,CUS-005,Lone Star Orthopedic Network,IDN,TX,South Central,REP-013,ACC-HIP-CUP-56,Acetabular System,Total hip arthroplasty,1,2915.50,2915.50,0.2000,583.10,2332.40,1458.24,874.16,USD,Direct,AGR-ORTHO-26-338,CPO-005-2026-0007,SI-880217,OPEN,2026-04-04T17:29:00+00:00
TXN-000219,SO-100218,2026-03-19,2026-03-19T14:30:00+00:00,CUS-007,Front Range Medical Center,Hospital,CO,Mountain,REP-020,MAKO-KNEE-KIT,Robotic Procedure Kit,Robotic-assisted knee,4,1623.60,6494.40,0.1350,876.74,5617.66,2760.00,2857.66,USD,Direct,AGR-ORTHO-26-317,CPO-007-2026-0008,SI-880218,PAID,2026-03-19T17:30:00+00:00
TXN-000220,SO-100219,2026-04-14,2026-04-14T14:31:00+00:00,CUS-005,Lone Star Orthopedic Network,IDN,TX,South Central,REP-015,TRI-KNEE-PS-05,Triathlon Knee,Total knee arthroplasty,2,4776.75,9553.50,0.1950,1862.93,7690.57,4978.40,2712.17,USD,ASC Program,AGR-ORTHO-26-338,CPO-005-2026-0009,SI-880219,OPEN,2026-04-14T17:31:00+00:00
TXN-000221,SO-100220,2026-06-02,2026-06-02T14:32:00+00:00,CUS-005,Lone Star Orthopedic Network,IDN,TX,South Central,REP-016,ACC-HIP-LIN-36,Acetabular System,Total hip arthroplasty,2,1180.00,2360.00,0.1900,448.40,1911.60,1038.80,872.80,USD,Direct,AGR-ORTHO-26-338,CPO-005-2026-0010,SI-880220,PARTIALLY_PAID,2026-06-04T17:32:00+00:00
TXN-000222,SO-100221,2026-02-11,2026-02-11T14:33:00+00:00,CUS-006,Pacific Motion Surgery Partners,ASC,CA,West,REP-020,TRI-KNEE-CR-04,Triathlon Knee,Total knee arthroplasty,1,4292.40,4292.40,0.1150,493.63,3798.77,2310.00,1488.77,USD,Distributor,AGR-ORTHO-26-310,CPO-006-2026-0011,SI-880221,PARTIALLY_PAID,2026-02-12T17:33:00+00:00
TXN-000223,SO-100222,2026-04-03,2026-04-03T14:34:00+00:00,CUS-001,Atlantic Ortho Alliance,IDN,PA,Northeast,REP-006,TRI-KNEE-PS-05,Triathlon Knee,Total knee arthroplasty,1,4825.00,4825.00,0.2350,1133.88,3691.12,2540.00,1151.12,USD,Direct,AGR-ORTHO-26-310,CPO-001-2026-0012,SI-880222,OPEN,2026-04-05T17:34:00+00:00
TXN-000224,SO-100223,2026-02-10,2026-02-10T14:35:00+00:00,CUS-001,Atlantic Ortho Alliance,IDN,PA,Northeast,REP-007,SOM-PLATE-8H,Trauma Plating,Trauma fixation,1,875.00,875.00,0.2000,175.00,700.00,372.30,327.70,USD,Distributor,AGR-ORTHO-26-310,CPO-001-2026-0013,SI-880223,PAID,2026-02-11T17:35:00+00:00
TXN-000225,SO-100224,2026-01-26,2026-01-26T14:36:00+00:00,CUS-007,Front Range Medical Center,Hospital,CO,Mountain,REP-019,MAKO-KNEE-KIT,Robotic Procedure Kit,Robotic-assisted knee,5,1640.00,8200.00,0.1300,1066.00,7134.00,3381.00,3753.00,USD,Direct,AGR-ORTHO-26-317,CPO-007-2026-0014,SI-880224,OPEN,2026-01-26T17:36:00+00:00
TXN-000226,SO-100225,2026-04-23,2026-04-23T14:37:00+00:00,CUS-002,Hudson Valley Surgical Center,ASC,NY,Northeast,REP-005,ACC-HIP-CUP-56,Acetabular System,Total hip arthroplasty,4,2975.00,11900.00,0.1450,1725.50,10174.50,5952.00,4222.50,USD,Direct,AGR-ORTHO-26-317,CPO-002-2026-0015,SI-880225,PAID,2026-04-23T17:37:00+00:00
TXN-000227,SO-100226,2025-11-03,2025-11-03T14:38:00+00:00,CUS-006,Pacific Motion Surgery Partners,ASC,CA,West,REP-018,TRI-KNEE-CR-04,Triathlon Knee,Total knee arthroplasty,1,4292.40,4292.40,0.1100,472.16,3820.24,2356.20,1464.04,USD,ASC Program,AGR-ORTHO-26-310,CPO-006-2025-0016,SI-880226,PAID,2025-11-03T17:38:00+00:00
TXN-000228,SO-100227,2026-01-10,2026-01-10T14:39:00+00:00,CUS-009,Northwest Specialty Distribution,Distributor,WA,West,REP-028,TRI-KNEE-PS-05,Triathlon Knee,Total knee arthroplasty,2,4873.25,9746.50,0.2450,2387.89,7358.61,5181.60,2177.01,USD,ASC Program,AGR-ORTHO-26-331,CPO-009-2026-0017,SI-880227,OPEN,2026-01-12T17:39:00+00:00
TXN-000229,SO-100228,2026-05-09,2026-05-09T14:40:00+00:00,CUS-005,Lone Star Orthopedic Network,IDN,TX,South Central,REP-017,SOM-SCREW-45,Trauma Plating,Trauma fixation,2,144.54,289.08,0.1950,56.37,232.71,82.32,150.39,USD,Direct,AGR-ORTHO-26-338,CPO-005-2026-0018,SI-880228,OPEN,2026-05-11T17:40:00+00:00
TXN-000230,SO-100229,2026-01-07,2026-01-07T14:41:00+00:00,CUS-008,Gulf Coast Trauma Hospital,Hospital,FL,Southeast,REP-027,TRI-KNEE-PS-05,Triathlon Knee,Total knee arthroplasty,1,4825.00,4825.00,0.1200,579.00,4246.00,2590.80,1655.20,USD,Direct,AGR-ORTHO-26-324,CPO-008-2026-0019,SI-880229,OPEN,2026-01-07T17:41:00+00:00
TXN-000231,SO-100230,2026-05-14,2026-05-14T14:42:00+00:00,CUS-004,Blue Ridge Joint Institute,Hospital,NC,Southeast,REP-016,TRI-KNEE-PS-05,Triathlon Knee,Total knee arthroplasty,1,4776.75,4776.75,0.1400,668.75,4108.00,2540.00,1568.00,USD,Direct,AGR-ORTHO-26-331,CPO-004-2026-0020,SI-880230,OPEN,2026-05-15T17:42:00+00:00
TXN-000232,SO-100231,2026-03-17,2026-03-17T14:43:00+00:00,CUS-005,Lone Star Orthopedic Network,IDN,TX,South Central,REP-013,SOM-PLATE-8H,Trauma Plating,Trauma fixation,1,866.25,866.25,0.1950,168.92,697.33,372.30,325.03,USD,ASC Program,AGR-ORTHO-26-338,CPO-005-2026-0021,SI-880231,PAID,2026-03-17T17:43:00+00:00
TXN-000233,SO-100232,2026-04-11,2026-04-11T14:44:00+00:00,CUS-009,Northwest Specialty Distribution,Distributor,WA,West,REP-026,MAKO-KNEE-KIT,Robotic Procedure Kit,Robotic-assisted knee,4,1623.60,6494.40,0.2400,1558.66,4935.74,2760.00,2175.74,USD,Direct,AGR-ORTHO-26-331,CPO-009-2026-0022,SI-880232,PAID,2026-04-11T17:44:00+00:00
TXN-000234,SO-100233,2026-01-23,2026-01-23T14:45:00+00:00,CUS-006,Pacific Motion Surgery Partners,ASC,CA,West,REP-018,REV-FEM-STEM-12,Revision Hip,Revision arthroplasty,3,6420.00,19260.00,0.1100,2118.60,17141.40,10275.30,6866.10,USD,Direct,AGR-ORTHO-26-310,CPO-006-2026-0023,SI-880233,PAID,2026-01-25T17:45:00+00:00
TXN-000235,SO-100234,2026-02-20,2026-02-20T14:46:00+00:00,CUS-006,Pacific Motion Surgery Partners,ASC,CA,West,REP-019,TRI-KNEE-CR-04,Triathlon Knee,Total knee arthroplasty,1,4336.20,4336.20,0.1150,498.66,3837.54,2310.00,1527.54,USD,Direct,AGR-ORTHO-26-310,CPO-006-2026-0024,SI-880234,PAID,2026-02-20T17:46:00+00:00
TXN-000236,SO-100235,2025-12-07,2025-12-07T14:00:00+00:00,CUS-010,Prairie Orthopedics Cooperative,IDN,IL,Midwest,REP-032,ACC-HIP-LIN-36,Acetabular System,Total hip arthroplasty,1,1203.60,1203.60,0.1900,228.68,974.92,519.40,455.52,USD,Distributor,AGR-ORTHO-26-338,CPO-010-2025-0025,SI-880235,PAID,2025-12-08T17:00:00+00:00
TXN-000237,SO-100236,2026-04-26,2026-04-26T14:01:00+00:00,CUS-005,Lone Star Orthopedic Network,IDN,TX,South Central,REP-018,MAKO-KNEE-KIT,Robotic Procedure Kit,Robotic-assisted knee,1,1656.40,1656.40,0.2000,331.28,1325.12,676.20,648.92,USD,Distributor,AGR-ORTHO-26-338,CPO-005-2026-0026,SI-880236,PAID,2026-04-28T17:01:00+00:00
TXN-000238,SO-100237,2025-12-21,2025-12-21T14:02:00+00:00,CUS-001,Atlantic Ortho Alliance,IDN,PA,Northeast,REP-007,REV-FEM-STEM-12,Revision Hip,Revision arthroplasty,2,6291.60,12583.20,0.2000,2516.64,10066.56,6990.00,3076.56,USD,Direct,AGR-ORTHO-26-310,CPO-001-2025-0027,SI-880237,OPEN,2025-12-22T17:02:00+00:00
TXN-000239,SO-100238,2026-05-05,2026-05-05T14:03:00+00:00,CUS-002,Hudson Valley Surgical Center,ASC,NY,Northeast,REP-004,ACC-HIP-LIN-36,Acetabular System,Total hip arthroplasty,1,1156.40,1156.40,0.1450,167.68,988.72,519.40,469.32,USD,Direct,AGR-ORTHO-26-317,CPO-002-2026-0028,SI-880238,PAID,2026-05-05T17:03:00+00:00
TXN-000240,SO-100239,2026-04-28,2026-04-28T14:04:00+00:00,CUS-003,Great Lakes University Hospital,Academic Medical Center,OH,Midwest,REP-008,TRI-KNEE-CR-04,Triathlon Knee,Total knee arthroplasty,1,4423.80,4423.80,0.1600,707.81,3715.99,2310.00,1405.99,USD,Direct,AGR-ORTHO-26-324,CPO-003-2026-0029,SI-880239,PAID,2026-04-28T17:04:00+00:00
TXN-000241,SO-100240,2026-03-30,2026-03-30T14:05:00+00:00,CUS-003,Great Lakes University Hospital,Academic Medical Center,OH,Midwest,REP-009,TRI-KNEE-CR-04,Triathlon Knee,Total knee arthroplasty,2,4467.60,8935.20,0.1750,1563.66,7371.54,4712.40,2659.14,USD,Direct,AGR-ORTHO-26-324,CPO-003-2026-0030,SI-880240,PAID,2026-03-31T17:05:00+00:00
TXN-000242,SO-100241,2026-01-01,2026-01-01T14:06:00+00:00,CUS-008,Gulf Coast Trauma Hospital,Hospital,FL,Southeast,REP-025,TRI-KNEE-PS-05,Triathlon Knee,Total knee arthroplasty,1,4825.00,4825.00,0.1300,627.25,4197.75,2540.00,1657.75,USD,Direct,AGR-ORTHO-26-324,CPO-008-2026-0031,SI-880241,PAID,2026-01-01T17:06:00+00:00
TXN-000243,SO-100242,2026-04-08,2026-04-08T14:07:00+00:00,CUS-012,New England Sports Medicine,Hospital,MA,Northeast,REP-038,SOM-PLATE-8H,Trauma Plating,Trauma fixation,1,875.00,875.00,0.1650,144.38,730.62,365.00,365.62,USD,Direct,AGR-ORTHO-26-317,CPO-012-2026-0032,SI-880242,PAID,2026-04-08T17:07:00+00:00
TXN-000244,SO-100243,2026-04-06,2026-04-06T14:08:00+00:00,CUS-002,Hudson Valley Surgical Center,ASC,NY,Northeast,REP-009,SPN-CAGE-LORD,Spine Interbody,Lumbar fusion,1,5207.40,5207.40,0.1450,755.07,4452.33,2789.70,1662.63,USD,Direct,AGR-ORTHO-26-317,CPO-002-2026-0033,SI-880243,PAID,2026-04-08T17:08:00+00:00
TXN-000245,SO-100244,2026-01-05,2026-01-05T14:09:00+00:00,CUS-005,Lone Star Orthopedic Network,IDN,TX,South Central,REP-019,REV-FEM-STEM-12,Revision Hip,Revision arthroplasty,1,6291.60,6291.60,0.2000,1258.32,5033.28,3564.90,1468.38,USD,Distributor,AGR-ORTHO-26-338,CPO-005-2026-0034,SI-880244,DISPUTED,2026-01-06T17:09:00+00:00
TXN-000246,SO-100245,2026-02-05,2026-02-05T14:10:00+00:00,CUS-001,Atlantic Ortho Alliance,IDN,PA,Northeast,REP-001,TRI-KNEE-CR-04,Triathlon Knee,Total knee arthroplasty,8,4380.00,35040.00,0.2000,7008.00,28032.00,18480.00,9552.00,USD,Distributor,AGR-ORTHO-26-310,CPO-001-2026-0035,SI-880245,OPEN,2026-02-05T17:10:00+00:00
TXN-000247,SO-100246,2026-02-21,2026-02-21T14:11:00+00:00,CUS-005,Lone Star Orthopedic Network,IDN,TX,South Central,REP-014,SOM-PLATE-8H,Trauma Plating,Trauma fixation,4,866.25,3465.00,0.1900,658.35,2806.65,1430.80,1375.85,USD,Direct,AGR-ORTHO-26-338,CPO-005-2026-0036,SI-880246,PARTIALLY_PAID,2026-02-23T17:11:00+00:00
TXN-000248,SO-100247,2025-12-20,2025-12-20T14:12:00+00:00,CUS-006,Pacific Motion Surgery Partners,ASC,CA,West,REP-018,MAKO-KNEE-KIT,Robotic Procedure Kit,Robotic-assisted knee,2,1640.00,3280.00,0.1150,377.20,2902.80,1352.40,1550.40,USD,ASC Program,AGR-ORTHO-26-310,CPO-006-2025-0037,SI-880247,PAID,2025-12-20T17:12:00+00:00
TXN-000249,SO-100248,2026-02-21,2026-02-21T14:13:00+00:00,CUS-010,Prairie Orthopedics Cooperative,IDN,IL,Midwest,REP-031,TRI-KNEE-CR-04,Triathlon Knee,Total knee arthroplasty,1,4423.80,4423.80,0.2000,884.76,3539.04,2310.00,1229.04,USD,ASC Program,AGR-ORTHO-26-338,CPO-010-2026-0038,SI-880248,PAID,2026-02-21T17:13:00+00:00
TXN-000250,SO-100249,2026-04-17,2026-04-17T14:14:00+00:00,CUS-010,Prairie Orthopedics Cooperative,IDN,IL,Midwest,REP-032,MAKO-KNEE-KIT,Robotic Procedure Kit,Robotic-assisted knee,1,1640.00,1640.00,0.1900,311.60,1328.40,703.80,624.60,USD,Direct,AGR-ORTHO-26-338,CPO-010-2026-0039,SI-880249,PAID,2026-04-19T17:14:00+00:00
TXN-000251,SO-100250,2026-02-16,2026-02-16T14:15:00+00:00,CUS-001,Atlantic Ortho Alliance,IDN,PA,Northeast,REP-006,MAKO-KNEE-KIT,Robotic Procedure Kit,Robotic-assisted knee,1,1640.00,1640.00,0.1900,311.60,1328.40,690.00,638.40,USD,ASC Program,AGR-ORTHO-26-310,CPO-001-2026-0040,SI-880250,PAID,2026-02-18T17:15:00+00:00
TXN-000252,SO-100251,2026-02-02,2026-02-02T14:16:00+00:00,CUS-003,Great Lakes University Hospital,Academic Medical Center,OH,Midwest,REP-013,TRI-KNEE-PS-05,Triathlon Knee,Total knee arthroplasty,2,4728.50,9457.00,0.1700,1607.69,7849.31,5080.00,2769.31,USD,ASC Program,AGR-ORTHO-26-324,CPO-003-2026-0041,SI-880251,PARTIALLY_PAID,2026-02-04T17:16:00+00:00
TXN-000253,SO-100252,2026-05-24,2026-05-24T14:17:00+00:00,CUS-005,Lone Star Orthopedic Network,IDN,TX,South Central,REP-013,SOM-SCREW-45,Trauma Plating,Trauma fixation,1,148.92,148.92,0.2000,29.78,119.14,42.00,77.14,USD,Direct,AGR-ORTHO-26-338,CPO-005-2026-0042,SI-880252,PAID,2026-05-26T17:17:00+00:00
TXN-000254,SO-100253,2026-05-18,2026-05-18T14:18:00+00:00,CUS-002,Hudson Valley Surgical Center,ASC,NY,Northeast,REP-005,SOM-SCREW-45,Trauma Plating,Trauma fixation,2,146.00,292.00,0.1450,42.34,249.66,82.32,167.34,USD,Distributor,AGR-ORTHO-26-317,CPO-002-2026-0043,SI-880253,PAID,2026-05-18T17:18:00+00:00
TXN-000255,SO-100254,2026-06-17,2026-06-17T14:19:00+00:00,CUS-002,Hudson Valley Surgical Center,ASC,NY,Northeast,REP-006,TRI-KNEE-PS-05,Triathlon Knee,Total knee arthroplasty,1,4825.00,4825.00,0.1100,530.75,4294.25,2540.00,1754.25,USD,ASC Program,AGR-ORTHO-26-317,CPO-002-2026-0044,SI-880254,PAID,2026-06-17T17:19:00+00:00
TXN-000256,SO-100255,2026-04-05,2026-04-05T14:20:00+00:00,CUS-010,Prairie Orthopedics Cooperative,IDN,IL,Midwest,REP-031,TRI-KNEE-PS-05,Triathlon Knee,Total knee arthroplasty,4,4873.25,19493.00,0.1900,3703.67,15789.33,10363.20,5426.13,USD,Direct,AGR-ORTHO-26-338,CPO-010-2026-0045,SI-880255,PAID,2026-04-05T17:20:00+00:00
TXN-000257,SO-100256,2025-12-02,2025-12-02T14:21:00+00:00,CUS-001,Atlantic Ortho Alliance,IDN,PA,Northeast,REP-005,TRI-KNEE-PS-05,Triathlon Knee,Total knee arthroplasty,1,4776.75,4776.75,0.1900,907.58,3869.17,2540.00,1329.17,USD,ASC Program,AGR-ORTHO-26-310,CPO-001-2025-0046,SI-880256,PAID,2025-12-02T17:21:00+00:00
TXN-000258,SO-100257,2026-05-04,2026-05-04T14:22:00+00:00,CUS-010,Prairie Orthopedics Cooperative,IDN,IL,Midwest,REP-033,MAKO-KNEE-KIT,Robotic Procedure Kit,Robotic-assisted knee,2,1607.20,3214.40,0.1800,578.59,2635.81,1352.40,1283.41,USD,ASC Program,AGR-ORTHO-26-338,CPO-010-2026-0047,SI-880257,PAID,2026-05-04T17:22:00+00:00
TXN-000259,SO-100258,2025-11-29,2025-11-29T14:23:00+00:00,CUS-006,Pacific Motion Surgery Partners,ASC,CA,West,REP-022,TRI-KNEE-PS-05,Triathlon Knee,Total knee arthroplasty,2,4873.25,9746.50,0.1000,974.65,8771.85,5181.60,3590.25,USD,ASC Program,AGR-ORTHO-26-310,CPO-006-2025-0048,SI-880258,PAID,2025-11-29T17:23:00+00:00
TXN-000260,SO-100259,2026-04-02,2026-04-02T14:24:00+00:00,CUS-001,Atlantic Ortho Alliance,IDN,PA,Northeast,REP-001,MAKO-HIP-KIT,Robotic Procedure Kit,Robotic-assisted hip,1,1480.05,1480.05,0.2250,333.01,1147.04,612.50,534.54,USD,Direct,AGR-ORTHO-26-310,CPO-001-2026-0049,SI-880259,PAID,2026-04-02T17:24:00+00:00
TXN-000261,SO-100260,2026-02-13,2026-02-13T14:25:00+00:00,CUS-012,New England Sports Medicine,Hospital,MA,Northeast,REP-035,REV-FEM-STEM-12,Revision Hip,Revision arthroplasty,2,6548.40,13096.80,0.1300,1702.58,11394.22,6990.00,4404.22,USD,Direct,AGR-ORTHO-26-317,CPO-012-2026-0050,SI-880260,PAID,2026-02-14T17:25:00+00:00
TXN-000262,SO-100261,2026-03-18,2026-03-18T14:26:00+00:00,CUS-005,Lone Star Orthopedic Network,IDN,TX,South Central,REP-015,SOM-PLATE-8H,Trauma Plating,Trauma fixation,1,875.00,875.00,0.1950,170.63,704.37,365.00,339.37,USD,Direct,AGR-ORTHO-26-338,CPO-005-2026-0051,SI-880261,PAID,2026-03-20T17:26:00+00:00
TXN-000263,SO-100262,2026-03-01,2026-03-01T14:27:00+00:00,CUS-007,Front Range Medical Center,Hospital,CO,Mountain,REP-022,ACC-HIP-LIN-36,Acetabular System,Total hip arthroplasty,3,1180.00,3540.00,0.1350,477.90,3062.10,1621.80,1440.30,USD,ASC Program,AGR-ORTHO-26-317,CPO-007-2026-0052,SI-880262,PAID,2026-03-01T17:27:00+00:00
TXN-000264,SO-100263,2026-03-10,2026-03-10T14:28:00+00:00,CUS-004,Blue Ridge Joint Institute,Hospital,NC,Southeast,REP-014,TRI-KNEE-PS-05,Triathlon Knee,Total knee arthroplasty,4,4728.50,18914.00,0.1300,2458.82,16455.18,9956.80,6498.38,USD,Direct,AGR-ORTHO-26-331,CPO-004-2026-0053,SI-880263,PAID,2026-03-12T17:28:00+00:00
TXN-000265,SO-100264,2025-12-07,2025-12-07T14:29:00+00:00,CUS-002,Hudson Valley Surgical Center,ASC,NY,Northeast,REP-009,ACC-HIP-LIN-36,Acetabular System,Total hip arthroplasty,3,1180.00,3540.00,0.1000,354.00,3186.00,1558.20,1627.80,USD,Direct,AGR-ORTHO-26-317,CPO-002-2025-0054,SI-880264,PAID,2025-12-07T17:29:00+00:00
TXN-000266,SO-100265,2026-04-28,2026-04-28T14:30:00+00:00,CUS-008,Gulf Coast Trauma Hospital,Hospital,FL,Southeast,REP-028,ACC-HIP-LIN-36,Acetabular System,Total hip arthroplasty,4,1156.40,4625.60,0.1300,601.33,4024.27,2120.00,1904.27,USD,Direct,AGR-ORTHO-26-324,CPO-008-2026-0055,SI-880265,PAID,2026-04-28T17:30:00+00:00
TXN-000267,SO-100266,2025-11-12,2025-11-12T14:31:00+00:00,CUS-006,Pacific Motion Surgery Partners,ASC,CA,West,REP-016,SOM-SCREW-45,Trauma Plating,Trauma fixation,2,146.00,292.00,0.1200,35.04,256.96,82.32,174.64,USD,ASC Program,AGR-ORTHO-26-310,CPO-006-2025-0056,SI-880266,PAID,2025-11-14T17:31:00+00:00
TXN-000268,SO-100267,2026-01-30,2026-01-30T14:32:00+00:00,CUS-007,Front Range Medical Center,Hospital,CO,Mountain,REP-020,SOM-PLATE-8H,Trauma Plating,Trauma fixation,1,875.00,875.00,0.1300,113.75,761.25,365.00,396.25,USD,Direct,AGR-ORTHO-26-317,CPO-007-2026-0057,SI-880267,PAID,2026-01-31T17:32:00+00:00
TXN-000269,SO-100268,2026-02-07,2026-02-07T14:33:00+00:00,CUS-004,Blue Ridge Joint Institute,Hospital,NC,Southeast,REP-012,TRI-KNEE-PS-05,Triathlon Knee,Total knee arthroplasty,2,4921.50,9843.00,0.1400,1378.02,8464.98,5080.00,3384.98,USD,Direct,AGR-ORTHO-26-331,CPO-004-2026-0058,SI-880268,PAID,2026-02-09T17:33:00+00:00
TXN-000270,SO-100269,2026-02-25,2026-02-25T14:34:00+00:00,CUS-001,Atlantic Ortho Alliance,IDN,PA,Northeast,REP-004,MAKO-HIP-KIT,Robotic Procedure Kit,Robotic-assisted hip,1,1465.10,1465.10,0.2000,293.02,1172.08,612.50,559.58,USD,Distributor,AGR-ORTHO-26-310,CPO-001-2026-0059,SI-880269,PAID,2026-02-25T17:34:00+00:00
TXN-000271,SO-100270,2026-04-10,2026-04-10T14:35:00+00:00,CUS-003,Great Lakes University Hospital,Academic Medical Center,OH,Midwest,REP-011,SOM-PLATE-8H,Trauma Plating,Trauma fixation,1,892.50,892.50,0.1800,160.65,731.85,357.70,374.15,USD,Direct,AGR-ORTHO-26-324,CPO-003-2026-0060,SI-880270,PARTIALLY_PAID,2026-04-10T17:35:00+00:00
TXN-000272,SO-100271,2026-03-01,2026-03-01T14:36:00+00:00,CUS-011,Desert Ridge Ambulatory Surgery,ASC,AZ,Mountain,REP-036,ACC-HIP-CUP-56,Acetabular System,Total hip arthroplasty,2,2975.00,5950.00,0.1100,654.50,5295.50,2976.00,2319.50,USD,Direct,AGR-ORTHO-26-310,CPO-011-2026-0061,SI-880271,PARTIALLY_PAID,2026-03-01T17:36:00+00:00
TXN-000273,SO-100272,2026-06-27,2026-06-27T14:37:00+00:00,CUS-012,New England Sports Medicine,Hospital,MA,Northeast,REP-040,TRI-KNEE-PS-05,Triathlon Knee,Total knee arthroplasty,2,4776.75,9553.50,0.1300,1241.96,8311.54,5080.00,3231.54,USD,Direct,AGR-ORTHO-26-317,CPO-012-2026-0062,SI-880272,DISPUTED,2026-06-27T17:37:00+00:00
TXN-000274,SO-100273,2026-03-11,2026-03-11T14:38:00+00:00,CUS-001,Atlantic Ortho Alliance,IDN,PA,Northeast,REP-001,SOM-PLATE-8H,Trauma Plating,Trauma fixation,4,892.50,3570.00,0.2000,714.00,2856.00,1489.20,1366.80,USD,Direct,AGR-ORTHO-26-310,CPO-001-2026-0063,SI-880273,OPEN,2026-03-12T17:38:00+00:00
TXN-000275,SO-100274,2026-04-27,2026-04-27T14:39:00+00:00,CUS-002,Hudson Valley Surgical Center,ASC,NY,Northeast,REP-005,TRI-KNEE-CR-04,Triathlon Knee,Total knee arthroplasty,3,4423.80,13271.40,0.1500,1990.71,11280.69,6930.00,4350.69,USD,Direct,AGR-ORTHO-26-317,CPO-002-2026-0064,SI-880274,PAID,2026-04-28T17:39:00+00:00
TXN-000276,SO-100275,2026-02-02,2026-02-02T14:40:00+00:00,CUS-010,Prairie Orthopedics Cooperative,IDN,IL,Midwest,REP-030,ACC-HIP-LIN-36,Acetabular System,Total hip arthroplasty,3,1156.40,3469.20,0.1800,624.46,2844.74,1558.20,1286.54,USD,Direct,AGR-ORTHO-26-338,CPO-010-2026-0065,SI-880275,PARTIALLY_PAID,2026-02-03T17:40:00+00:00
TXN-000277,SO-100276,2026-04-07,2026-04-07T14:41:00+00:00,CUS-003,Great Lakes University Hospital,Academic Medical Center,OH,Midwest,REP-010,ACC-HIP-LIN-36,Acetabular System,Total hip arthroplasty,5,1156.40,5782.00,0.1600,925.12,4856.88,2650.00,2206.88,USD,ASC Program,AGR-ORTHO-26-324,CPO-003-2026-0066,SI-880276,OPEN,2026-04-07T17:41:00+00:00
TXN-000278,SO-100277,2026-04-22,2026-04-22T14:42:00+00:00,CUS-003,Great Lakes University Hospital,Academic Medical Center,OH,Midwest,REP-011,TRI-KNEE-PS-05,Triathlon Knee,Total knee arthroplasty,1,4728.50,4728.50,0.1700,803.85,3924.65,2590.80,1333.85,USD,Direct,AGR-ORTHO-26-324,CPO-003-2026-0067,SI-880277,PAID,2026-04-22T17:42:00+00:00
TXN-000279,SO-100278,2026-04-15,2026-04-15T14:43:00+00:00,CUS-002,Hudson Valley Surgical Center,ASC,NY,Northeast,REP-009,TRI-KNEE-CR-04,Triathlon Knee,Total knee arthroplasty,2,4467.60,8935.20,0.1500,1340.28,7594.92,4620.00,2974.92,USD,Direct,AGR-ORTHO-26-317,CPO-002-2026-0068,SI-880278,PAID,2026-04-15T17:43:00+00:00
TXN-000280,SO-100279,2025-12-14,2025-12-14T14:44:00+00:00,CUS-004,Blue Ridge Joint Institute,Hospital,NC,Southeast,REP-016,MAKO-HIP-KIT,Robotic Procedure Kit,Robotic-assisted hip,3,1495.00,4485.00,0.1350,605.48,3879.52,1912.50,1967.02,USD,Direct,AGR-ORTHO-26-331,CPO-004-2025-0069,SI-880279,PAID,2025-12-14T17:44:00+00:00
TXN-000281,SO-100280,2025-12-22,2025-12-22T14:45:00+00:00,CUS-007,Front Range Medical Center,Hospital,CO,Mountain,REP-019,ACC-HIP-LIN-36,Acetabular System,Total hip arthroplasty,5,1191.80,5959.00,0.1400,834.26,5124.74,2597.00,2527.74,USD,Distributor,AGR-ORTHO-26-317,CPO-007-2025-0070,SI-880280,OPEN,2025-12-22T17:45:00+00:00
TXN-000282,SO-100281,2026-03-31,2026-03-31T14:46:00+00:00,CUS-010,Prairie Orthopedics Cooperative,IDN,IL,Midwest,REP-029,SOM-SCREW-45,Trauma Plating,Trauma fixation,3,148.92,446.76,0.1950,87.12,359.64,128.52,231.12,USD,Direct,AGR-ORTHO-26-338,CPO-010-2026-0071,SI-880281,OPEN,2026-04-02T17:46:00+00:00
TXN-000283,SO-100282,2026-03-02,2026-03-02T14:00:00+00:00,CUS-002,Hudson Valley Surgical Center,ASC,NY,Northeast,REP-006,TRI-KNEE-CR-04,Triathlon Knee,Total knee arthroplasty,2,4380.00,8760.00,0.1200,1051.20,7708.80,4620.00,3088.80,USD,Direct,AGR-ORTHO-26-317,CPO-002-2026-0072,SI-880282,OPEN,2026-03-04T17:00:00+00:00
TXN-000284,SO-100283,2026-02-10,2026-02-10T14:01:00+00:00,CUS-005,Lone Star Orthopedic Network,IDN,TX,South Central,REP-016,SPN-CAGE-LORD,Spine Interbody,Lumbar fusion,1,5365.20,5365.20,0.1800,965.74,4399.46,2735.00,1664.46,USD,Direct,AGR-ORTHO-26-338,CPO-005-2026-0073,SI-880283,OPEN,2026-02-10T17:01:00+00:00
TXN-000285,SO-100284,2025-12-26,2025-12-26T14:02:00+00:00,CUS-012,New England Sports Medicine,Hospital,MA,Northeast,REP-038,SOM-PLATE-8H,Trauma Plating,Trauma fixation,2,857.50,1715.00,0.1200,205.80,1509.20,730.00,779.20,USD,Direct,AGR-ORTHO-26-317,CPO-012-2025-0074,SI-880284,PAID,2025-12-28T17:02:00+00:00
TXN-000286,SO-100285,2026-04-21,2026-04-21T14:03:00+00:00,CUS-005,Lone Star Orthopedic Network,IDN,TX,South Central,REP-018,REV-FEM-STEM-12,Revision Hip,Revision arthroplasty,3,6484.20,19452.60,0.1900,3695.99,15756.61,10485.00,5271.61,USD,Direct,AGR-ORTHO-26-338,CPO-005-2026-0075,SI-880285,OPEN,2026-04-21T17:03:00+00:00
TXN-000287,SO-100286,2026-05-31,2026-05-31T14:04:00+00:00,CUS-005,Lone Star Orthopedic Network,IDN,TX,South Central,REP-019,TRI-KNEE-PS-05,Triathlon Knee,Total knee arthroplasty,1,4825.00,4825.00,0.1900,916.75,3908.25,2489.20,1419.05,USD,ASC Program,AGR-ORTHO-26-338,CPO-005-2026-0076,SI-880286,PARTIALLY_PAID,2026-06-02T17:04:00+00:00
TXN-000288,SO-100287,2025-12-17,2025-12-17T14:05:00+00:00,CUS-008,Gulf Coast Trauma Hospital,Hospital,FL,Southeast,REP-022,MAKO-KNEE-KIT,Robotic Procedure Kit,Robotic-assisted knee,4,1656.40,6625.60,0.1300,861.33,5764.27,2760.00,3004.27,USD,Direct,AGR-ORTHO-26-324,CPO-008-2025-0077,SI-880287,OPEN,2025-12-17T17:05:00+00:00
TXN-000289,SO-100288,2026-05-06,2026-05-06T14:06:00+00:00,CUS-004,Blue Ridge Joint Institute,Hospital,NC,Southeast,REP-011,MAKO-KNEE-KIT,Robotic Procedure Kit,Robotic-assisted knee,2,1672.80,3345.60,0.1300,434.93,2910.67,1407.60,1503.07,USD,Direct,AGR-ORTHO-26-331,CPO-004-2026-0078,SI-880288,PAID,2026-05-06T17:06:00+00:00
TXN-000290,SO-100289,2025-12-30,2025-12-30T14:07:00+00:00,CUS-009,Northwest Specialty Distribution,Distributor,WA,West,REP-027,TRI-KNEE-CR-04,Triathlon Knee,Total knee arthroplasty,8,4467.60,35740.80,0.2450,8756.50,26984.30,18849.60,8134.70,USD,Distributor,AGR-ORTHO-26-331,CPO-009-2025-0079,SI-880289,PAID,2026-01-01T17:07:00+00:00
TXN-000291,SO-100290,2026-05-25,2026-05-25T14:08:00+00:00,CUS-001,Atlantic Ortho Alliance,IDN,PA,Northeast,REP-004,ACC-HIP-LIN-36,Acetabular System,Total hip arthroplasty,2,1203.60,2407.20,0.1900,457.37,1949.83,1060.00,889.83,USD,Direct,AGR-ORTHO-26-310,CPO-001-2026-0080,SI-880290,PAID,2026-05-25T17:08:00+00:00
TXN-000292,SO-100291,2026-03-15,2026-03-15T14:09:00+00:00,CUS-005,Lone Star Orthopedic Network,IDN,TX,South Central,REP-017,ACC-HIP-LIN-36,Acetabular System,Total hip arthroplasty,1,1180.00,1180.00,0.1800,212.40,967.60,530.00,437.60,USD,Direct,AGR-ORTHO-26-338,CPO-005-2026-0081,SI-880291,PARTIALLY_PAID,2026-03-16T17:09:00+00:00
TXN-000293,SO-100292,2025-12-30,2025-12-30T14:10:00+00:00,CUS-012,New England Sports Medicine,Hospital,MA,Northeast,REP-039,ACC-HIP-LIN-36,Acetabular System,Total hip arthroplasty,2,1180.00,2360.00,0.1300,306.80,2053.20,1038.80,1014.40,USD,Direct,AGR-ORTHO-26-317,CPO-012-2025-0082,SI-880292,PAID,2025-12-30T17:10:00+00:00
TXN-000294,SO-100293,2026-01-29,2026-01-29T14:11:00+00:00,CUS-008,Gulf Coast Trauma Hospital,Hospital,FL,Southeast,REP-028,TRI-KNEE-PS-05,Triathlon Knee,Total knee arthroplasty,5,4873.25,24366.25,0.1350,3289.44,21076.81,12954.00,8122.81,USD,Distributor,AGR-ORTHO-26-324,CPO-008-2026-0083,SI-880293,PAID,2026-01-29T17:11:00+00:00
TXN-000295,SO-100294,2026-04-11,2026-04-11T14:12:00+00:00,CUS-001,Atlantic Ortho Alliance,IDN,PA,Northeast,REP-001,TRI-KNEE-CR-04,Triathlon Knee,Total knee arthroplasty,3,4292.40,12877.20,0.2300,2961.76,9915.44,7068.60,2846.84,USD,Direct,AGR-ORTHO-26-310,CPO-001-2026-0084,SI-880294,PAID,2026-04-11T17:12:00+00:00
TXN-000296,SO-100295,2026-05-04,2026-05-04T14:13:00+00:00,CUS-002,Hudson Valley Surgical Center,ASC,NY,Northeast,REP-005,SOM-SCREW-45,Trauma Plating,Trauma fixation,1,148.92,148.92,0.1350,20.10,128.82,42.00,86.82,USD,Distributor,AGR-ORTHO-26-317,CPO-002-2026-0085,SI-880295,PAID,2026-05-05T17:13:00+00:00
TXN-000297,SO-100296,2026-04-12,2026-04-12T14:14:00+00:00,CUS-005,Lone Star Orthopedic Network,IDN,TX,South Central,REP-015,MAKO-KNEE-KIT,Robotic Procedure Kit,Robotic-assisted knee,2,1623.60,3247.20,0.1950,633.20,2614.00,1407.60,1206.40,USD,Direct,AGR-ORTHO-26-338,CPO-005-2026-0086,SI-880296,OPEN,2026-04-12T17:14:00+00:00
TXN-000298,SO-100297,2026-01-20,2026-01-20T14:15:00+00:00,CUS-005,Lone Star Orthopedic Network,IDN,TX,South Central,REP-016,TRI-KNEE-CR-04,Triathlon Knee,Total knee arthroplasty,4,4380.00,17520.00,0.1900,3328.80,14191.20,9240.00,4951.20,USD,ASC Program,AGR-ORTHO-26-338,CPO-005-2026-0087,SI-880297,PAID,2026-01-20T17:15:00+00:00
TXN-000299,SO-100298,2026-02-14,2026-02-14T14:16:00+00:00,CUS-007,Front Range Medical Center,Hospital,CO,Mountain,REP-023,TRI-KNEE-PS-05,Triathlon Knee,Total knee arthroplasty,2,4825.00,9650.00,0.1350,1302.75,8347.25,5181.60,3165.65,USD,Direct,AGR-ORTHO-26-317,CPO-007-2026-0088,SI-880298,PAID,2026-02-15T17:16:00+00:00
TXN-000300,SO-100299,2026-03-23,2026-03-23T14:17:00+00:00,CUS-001,Atlantic Ortho Alliance,IDN,PA,Northeast,REP-006,MAKO-KNEE-KIT,Robotic Procedure Kit,Robotic-assisted knee,3,1607.20,4821.60,0.1950,940.21,3881.39,2028.60,1852.79,USD,ASC Program,AGR-ORTHO-26-310,CPO-001-2026-0089,SI-880299,PARTIALLY_PAID,2026-03-25T17:17:00+00:00
TXN-000301,SO-100300,2026-01-02,2026-01-02T14:18:00+00:00,CUS-007,Front Range Medical Center,Hospital,CO,Mountain,REP-025,TRI-KNEE-CR-04,Triathlon Knee,Total knee arthroplasty,1,4467.60,4467.60,0.1300,580.79,3886.81,2356.20,1530.61,USD,Direct,AGR-ORTHO-26-317,CPO-007-2026-0090,SI-880300,PARTIALLY_PAID,2026-01-02T17:18:00+00:00
TXN-000302,SO-100301,2026-03-12,2026-03-12T14:19:00+00:00,CUS-003,Great Lakes University Hospital,Academic Medical Center,OH,Midwest,REP-007,SPN-CAGE-LORD,Spine Interbody,Lumbar fusion,1,5260.00,5260.00,0.1700,894.20,4365.80,2735.00,1630.80,USD,Distributor,AGR-ORTHO-26-324,CPO-003-2026-0091,SI-880301,PAID,2026-03-12T17:19:00+00:00
TXN-000303,SO-100302,2026-05-19,2026-05-19T14:20:00+00:00,CUS-002,Hudson Valley Surgical Center,ASC,NY,Northeast,REP-005,SOM-PLATE-8H,Trauma Plating,Trauma fixation,2,866.25,1732.50,0.1450,251.21,1481.29,744.60,736.69,USD,Direct,AGR-ORTHO-26-317,CPO-002-2026-0092,SI-880302,OPEN,2026-05-19T17:20:00+00:00
TXN-000304,SO-100303,2026-02-22,2026-02-22T14:21:00+00:00,CUS-008,Gulf Coast Trauma Hospital,Hospital,FL,Southeast,REP-024,TRI-KNEE-PS-05,Triathlon Knee,Total knee arthroplasty,1,4921.50,4921.50,0.1300,639.80,4281.70,2540.00,1741.70,USD,Distributor,AGR-ORTHO-26-324,CPO-008-2026-0093,SI-880303,PAID,2026-02-24T17:21:00+00:00
TXN-000305,SO-100304,2025-11-05,2025-11-05T14:22:00+00:00,CUS-008,Gulf Coast Trauma Hospital,Hospital,FL,Southeast,REP-025,SOM-PLATE-8H,Trauma Plating,Trauma fixation,3,857.50,2572.50,0.1200,308.70,2263.80,1073.10,1190.70,USD,Direct,AGR-ORTHO-26-324,CPO-008-2025-0094,SI-880304,PAID,2025-11-06T17:22:00+00:00
TXN-000306,SO-100305,2026-04-27,2026-04-27T14:23:00+00:00,CUS-004,Blue Ridge Joint Institute,Hospital,NC,Southeast,REP-014,MAKO-KNEE-KIT,Robotic Procedure Kit,Robotic-assisted knee,2,1656.40,3312.80,0.1200,397.54,2915.26,1380.00,1535.26,USD,ASC Program,AGR-ORTHO-26-331,CPO-004-2026-0095,SI-880305,PAID,2026-04-29T17:23:00+00:00
TXN-000307,SO-100306,2026-04-11,2026-04-11T14:24:00+00:00,CUS-003,Great Lakes University Hospital,Academic Medical Center,OH,Midwest,REP-012,SPN-CAGE-LORD,Spine Interbody,Lumbar fusion,1,5260.00,5260.00,0.1750,920.50,4339.50,2735.00,1604.50,USD,Direct,AGR-ORTHO-26-324,CPO-003-2026-0096,SI-880306,PARTIALLY_PAID,2026-04-11T17:24:00+00:00
TXN-000308,SO-100307,2026-04-08,2026-04-08T14:25:00+00:00,CUS-004,Blue Ridge Joint Institute,Hospital,NC,Southeast,REP-016,SOM-PLATE-8H,Trauma Plating,Trauma fixation,1,866.25,866.25,0.1300,112.61,753.64,365.00,388.64,USD,Direct,AGR-ORTHO-26-331,CPO-004-2026-0097,SI-880307,OPEN,2026-04-08T17:25:00+00:00
TXN-000309,SO-100308,2025-11-15,2025-11-15T14:26:00+00:00,CUS-010,Prairie Orthopedics Cooperative,IDN,IL,Midwest,REP-028,MAKO-KNEE-KIT,Robotic Procedure Kit,Robotic-assisted knee,2,1640.00,3280.00,0.1800,590.40,2689.60,1380.00,1309.60,USD,Direct,AGR-ORTHO-26-338,CPO-010-2025-0098,SI-880308,PAID,2025-11-16T17:26:00+00:00
TXN-000310,SO-100309,2026-04-04,2026-04-04T14:27:00+00:00,CUS-008,Gulf Coast Trauma Hospital,Hospital,FL,Southeast,REP-023,TRI-KNEE-PS-05,Triathlon Knee,Total knee arthroplasty,5,4873.25,24366.25,0.1300,3167.61,21198.64,12700.00,8498.64,USD,Direct,AGR-ORTHO-26-324,CPO-008-2026-0099,SI-880309,PAID,2026-04-04T17:27:00+00:00
TXN-000311,SO-100310,2026-04-17,2026-04-17T14:28:00+00:00,CUS-012,New England Sports Medicine,Hospital,MA,Northeast,REP-036,TRI-KNEE-CR-04,Triathlon Knee,Total knee arthroplasty,4,4380.00,17520.00,0.1650,2890.80,14629.20,9424.80,5204.40,USD,Direct,AGR-ORTHO-26-317,CPO-012-2026-0100,SI-880310,PAID,2026-04-18T17:28:00+00:00
TXN-000312,SO-100311,2025-11-19,2025-11-19T14:29:00+00:00,CUS-001,Atlantic Ortho Alliance,IDN,PA,Northeast,REP-004,SOM-SCREW-45,Trauma Plating,Trauma fixation,1,143.08,143.08,0.2000,28.62,114.46,42.00,72.46,USD,Direct,AGR-ORTHO-26-310,CPO-001-2025-0101,SI-880311,OPEN,2025-11-20T17:29:00+00:00
TXN-000313,SO-100312,2026-04-22,2026-04-22T14:30:00+00:00,CUS-005,Lone Star Orthopedic Network,IDN,TX,South Central,REP-017,TRI-KNEE-CR-04,Triathlon Knee,Total knee arthroplasty,1,4467.60,4467.60,0.1950,871.18,3596.42,2310.00,1286.42,USD,ASC Program,AGR-ORTHO-26-338,CPO-005-2026-0102,SI-880312,PAID,2026-04-22T17:30:00+00:00
TXN-000314,SO-100313,2026-02-11,2026-02-11T14:31:00+00:00,CUS-008,Gulf Coast Trauma Hospital,Hospital,FL,Southeast,REP-027,TRI-KNEE-CR-04,Triathlon Knee,Total knee arthroplasty,2,4467.60,8935.20,0.1300,1161.58,7773.62,4620.00,3153.62,USD,Direct,AGR-ORTHO-26-324,CPO-008-2026-0103,SI-880313,PAID,2026-02-11T17:31:00+00:00
TXN-000315,SO-100314,2026-02-18,2026-02-18T14:32:00+00:00,CUS-011,Desert Ridge Ambulatory Surgery,ASC,AZ,Mountain,REP-037,ACC-HIP-CUP-56,Acetabular System,Total hip arthroplasty,1,3034.50,3034.50,0.1200,364.14,2670.36,1488.00,1182.36,USD,Direct,AGR-ORTHO-26-310,CPO-011-2026-0104,SI-880314,PARTIALLY_PAID,2026-02-18T17:32:00+00:00
TXN-000316,SO-100315,2026-04-06,2026-04-06T14:33:00+00:00,CUS-011,Desert Ridge Ambulatory Surgery,ASC,AZ,Mountain,REP-031,MAKO-HIP-KIT,Robotic Procedure Kit,Robotic-assisted hip,3,1495.00,4485.00,0.1100,493.35,3991.65,1875.00,2116.65,USD,Direct,AGR-ORTHO-26-310,CPO-011-2026-0105,SI-880315,PAID,2026-04-07T17:33:00+00:00
TXN-000317,SO-100316,2026-02-20,2026-02-20T14:34:00+00:00,CUS-007,Front Range Medical Center,Hospital,CO,Mountain,REP-020,SOM-PLATE-8H,Trauma Plating,Trauma fixation,5,883.75,4418.75,0.1300,574.44,3844.31,1825.00,2019.31,USD,Direct,AGR-ORTHO-26-317,CPO-007-2026-0106,SI-880316,PAID,2026-02-20T17:34:00+00:00
TXN-000318,SO-100317,2026-03-06,2026-03-06T14:35:00+00:00,CUS-011,Desert Ridge Ambulatory Surgery,ASC,AZ,Mountain,REP-033,TRI-KNEE-PS-05,Triathlon Knee,Total knee arthroplasty,1,4776.75,4776.75,0.1150,549.33,4227.42,2590.80,1636.62,USD,Direct,AGR-ORTHO-26-310,CPO-011-2026-0107,SI-880317,PAID,2026-03-06T17:35:00+00:00
TXN-000319,SO-100318,2026-03-20,2026-03-20T14:36:00+00:00,CUS-005,Lone Star Orthopedic Network,IDN,TX,South Central,REP-016,SOM-SCREW-45,Trauma Plating,Trauma fixation,2,146.00,292.00,0.2000,58.40,233.60,85.68,147.92,USD,Direct,AGR-ORTHO-26-338,CPO-005-2026-0108,SI-880318,PAID,2026-03-22T17:36:00+00:00
TXN-000320,SO-100319,2026-05-03,2026-05-03T14:37:00+00:00,CUS-003,Great Lakes University Hospital,Academic Medical Center,OH,Midwest,REP-011,TRI-KNEE-PS-05,Triathlon Knee,Total knee arthroplasty,1,4776.75,4776.75,0.1700,812.05,3964.70,2540.00,1424.70,USD,Direct,AGR-ORTHO-26-324,CPO-003-2026-0109,SI-880319,OPEN,2026-05-03T17:37:00+00:00
TXN-000321,SO-100320,2025-12-12,2025-12-12T14:38:00+00:00,CUS-003,Great Lakes University Hospital,Academic Medical Center,OH,Midwest,REP-012,MAKO-HIP-KIT,Robotic Procedure Kit,Robotic-assisted hip,2,1524.90,3049.80,0.1800,548.96,2500.84,1225.00,1275.84,USD,Direct,AGR-ORTHO-26-324,CPO-003-2025-0110,SI-880320,PAID,2025-12-14T17:38:00+00:00
TXN-000322,SO-100321,2026-04-23,2026-04-23T14:39:00+00:00,CUS-003,Great Lakes University Hospital,Academic Medical Center,OH,Midwest,REP-013,ACC-HIP-CUP-56,Acetabular System,Total hip arthroplasty,1,3034.50,3034.50,0.1700,515.87,2518.63,1488.00,1030.63,USD,Direct,AGR-ORTHO-26-324,CPO-003-2026-0111,SI-880321,PAID,2026-04-23T17:39:00+00:00
TXN-000323,SO-100322,2026-06-22,2026-06-22T14:40:00+00:00,CUS-002,Hudson Valley Surgical Center,ASC,NY,Northeast,REP-004,SOM-SCREW-45,Trauma Plating,Trauma fixation,5,147.46,737.30,0.1200,88.48,648.82,205.80,443.02,USD,ASC Program,AGR-ORTHO-26-317,CPO-002-2026-0112,SI-880322,OPEN,2026-06-22T17:40:00+00:00
TXN-000324,SO-100323,2026-04-10,2026-04-10T14:41:00+00:00,CUS-001,Atlantic Ortho Alliance,IDN,PA,Northeast,REP-002,TRI-KNEE-PS-05,Triathlon Knee,Total knee arthroplasty,1,4728.50,4728.50,0.2300,1087.56,3640.94,2590.80,1050.14,USD,Direct,AGR-ORTHO-26-310,CPO-001-2026-0113,SI-880323,PAID,2026-04-10T17:41:00+00:00
TXN-000325,SO-100324,2026-02-23,2026-02-23T14:42:00+00:00,CUS-007,Front Range Medical Center,Hospital,CO,Mountain,REP-021,ACC-HIP-CUP-56,Acetabular System,Total hip arthroplasty,2,2975.00,5950.00,0.1400,833.00,5117.00,2916.48,2200.52,USD,Direct,AGR-ORTHO-26-317,CPO-007-2026-0114,SI-880324,PAID,2026-02-25T17:42:00+00:00
TXN-000326,SO-100325,2025-11-15,2025-11-15T14:43:00+00:00,CUS-006,Pacific Motion Surgery Partners,ASC,CA,West,REP-019,REV-FEM-STEM-12,Revision Hip,Revision arthroplasty,2,6548.40,13096.80,0.1200,1571.62,11525.18,7129.80,4395.38,USD,Direct,AGR-ORTHO-26-310,CPO-006-2025-0115,SI-880325,PAID,2025-11-15T17:43:00+00:00
TXN-000327,SO-100326,2025-12-07,2025-12-07T14:44:00+00:00,CUS-007,Front Range Medical Center,Hospital,CO,Mountain,REP-023,ACC-HIP-CUP-56,Acetabular System,Total hip arthroplasty,2,2975.00,5950.00,0.1400,833.00,5117.00,3035.52,2081.48,USD,Direct,AGR-ORTHO-26-317,CPO-007-2025-0116,SI-880326,PAID,2025-12-08T17:44:00+00:00
TXN-000328,SO-100327,2026-01-20,2026-01-20T14:45:00+00:00,CUS-009,Northwest Specialty Distribution,Distributor,WA,West,REP-030,ACC-HIP-LIN-36,Acetabular System,Total hip arthroplasty,8,1156.40,9251.20,0.2400,2220.29,7030.91,4240.00,2790.91,USD,Direct,AGR-ORTHO-26-331,CPO-009-2026-0117,SI-880327,OPEN,2026-01-22T17:45:00+00:00
TXN-000329,SO-100328,2026-04-10,2026-04-10T14:46:00+00:00,CUS-012,New England Sports Medicine,Hospital,MA,Northeast,REP-040,MAKO-HIP-KIT,Robotic Procedure Kit,Robotic-assisted hip,1,1480.05,1480.05,0.1750,259.01,1221.04,637.50,583.54,USD,Direct,AGR-ORTHO-26-317,CPO-012-2026-0118,SI-880328,OPEN,2026-04-10T17:46:00+00:00
TXN-000330,SO-100329,2026-01-11,2026-01-11T14:00:00+00:00,CUS-003,Great Lakes University Hospital,Academic Medical Center,OH,Midwest,REP-007,TRI-KNEE-CR-04,Triathlon Knee,Total knee arthroplasty,3,4380.00,13140.00,0.1600,2102.40,11037.60,6930.00,4107.60,USD,Distributor,AGR-ORTHO-26-324,CPO-003-2026-0119,SI-880329,PAID,2026-01-12T17:00:00+00:00
TXN-000331,SO-100330,2026-03-28,2026-03-28T14:01:00+00:00,CUS-007,Front Range Medical Center,Hospital,CO,Mountain,REP-020,MAKO-KNEE-KIT,Robotic Procedure Kit,Robotic-assisted knee,1,1640.00,1640.00,0.1400,229.60,1410.40,676.20,734.20,USD,Direct,AGR-ORTHO-26-317,CPO-007-2026-0120,SI-880330,PAID,2026-03-28T17:01:00+00:00
TXN-000332,SO-100331,2026-03-05,2026-03-05T14:02:00+00:00,CUS-007,Front Range Medical Center,Hospital,CO,Mountain,REP-021,MAKO-HIP-KIT,Robotic Procedure Kit,Robotic-assisted hip,1,1524.90,1524.90,0.1200,182.99,1341.91,637.50,704.41,USD,Direct,AGR-ORTHO-26-317,CPO-007-2026-0121,SI-880331,PAID,2026-03-07T17:02:00+00:00
TXN-000333,SO-100332,2026-05-11,2026-05-11T14:03:00+00:00,CUS-007,Front Range Medical Center,Hospital,CO,Mountain,REP-022,REV-FEM-STEM-12,Revision Hip,Revision arthroplasty,1,6355.80,6355.80,0.1400,889.81,5465.99,3425.10,2040.89,USD,Direct,AGR-ORTHO-26-317,CPO-007-2026-0122,SI-880332,PAID,2026-05-13T17:03:00+00:00
TXN-000334,SO-100333,2026-03-23,2026-03-23T14:04:00+00:00,CUS-003,Great Lakes University Hospital,Academic Medical Center,OH,Midwest,REP-011,ACC-HIP-CUP-56,Acetabular System,Total hip arthroplasty,3,2975.00,8925.00,0.1800,1606.50,7318.50,4553.28,2765.22,USD,Direct,AGR-ORTHO-26-324,CPO-003-2026-0123,SI-880333,DISPUTED,2026-03-23T17:04:00+00:00
TXN-000335,SO-100334,2026-03-19,2026-03-19T14:05:00+00:00,CUS-002,Hudson Valley Surgical Center,ASC,NY,Northeast,REP-009,SPN-CAGE-LORD,Spine Interbody,Lumbar fusion,3,5207.40,15622.20,0.1100,1718.44,13903.76,8205.00,5698.76,USD,ASC Program,AGR-ORTHO-26-317,CPO-002-2026-0124,SI-880334,PARTIALLY_PAID,2026-03-19T17:05:00+00:00
TXN-000336,SO-100335,2026-05-11,2026-05-11T14:06:00+00:00,CUS-004,Blue Ridge Joint Institute,Hospital,NC,Southeast,REP-016,MAKO-HIP-KIT,Robotic Procedure Kit,Robotic-assisted hip,1,1495.00,1495.00,0.1400,209.30,1285.70,625.00,660.70,USD,Direct,AGR-ORTHO-26-331,CPO-004-2026-0125,SI-880335,OPEN,2026-05-13T17:06:00+00:00
TXN-000337,SO-100336,2026-03-21,2026-03-21T14:07:00+00:00,CUS-008,Gulf Coast Trauma Hospital,Hospital,FL,Southeast,REP-022,SPN-CAGE-LORD,Spine Interbody,Lumbar fusion,3,5365.20,16095.60,0.1350,2172.91,13922.69,8205.00,5717.69,USD,Direct,AGR-ORTHO-26-324,CPO-008-2026-0126,SI-880336,OPEN,2026-03-21T17:07:00+00:00
TXN-000338,SO-100337,2026-01-21,2026-01-21T14:08:00+00:00,CUS-011,Desert Ridge Ambulatory Surgery,ASC,AZ,Mountain,REP-032,MAKO-KNEE-KIT,Robotic Procedure Kit,Robotic-assisted knee,4,1640.00,6560.00,0.1200,787.20,5772.80,2760.00,3012.80,USD,ASC Program,AGR-ORTHO-26-310,CPO-011-2026-0127,SI-880337,PARTIALLY_PAID,2026-01-23T17:08:00+00:00
TXN-000339,SO-100338,2026-05-14,2026-05-14T14:09:00+00:00,CUS-002,Hudson Valley Surgical Center,ASC,NY,Northeast,REP-006,SOM-SCREW-45,Trauma Plating,Trauma fixation,3,146.00,438.00,0.1450,63.51,374.49,123.48,251.01,USD,Direct,AGR-ORTHO-26-317,CPO-002-2026-0128,SI-880338,PAID,2026-05-16T17:09:00+00:00
TXN-000340,SO-100339,2026-04-18,2026-04-18T14:10:00+00:00,CUS-006,Pacific Motion Surgery Partners,ASC,CA,West,REP-019,MAKO-KNEE-KIT,Robotic Procedure Kit,Robotic-assisted knee,1,1623.60,1623.60,0.1200,194.83,1428.77,676.20,752.57,USD,Direct,AGR-ORTHO-26-310,CPO-006-2026-0129,SI-880339,PAID,2026-04-19T17:10:00+00:00
TXN-000341,SO-100340,2026-04-17,2026-04-17T14:11:00+00:00,CUS-003,Great Lakes University Hospital,Academic Medical Center,OH,Midwest,REP-011,TRI-KNEE-CR-04,Triathlon Knee,Total knee arthroplasty,1,4292.40,4292.40,0.1750,751.17,3541.23,2356.20,1185.03,USD,Distributor,AGR-ORTHO-26-324,CPO-003-2026-0130,SI-880340,OPEN,2026-04-18T17:11:00+00:00
TXN-000342,SO-100341,2026-02-21,2026-02-21T14:12:00+00:00,CUS-009,Northwest Specialty Distribution,Distributor,WA,West,REP-030,REV-FEM-STEM-12,Revision Hip,Revision arthroplasty,3,6484.20,19452.60,0.2450,4765.89,14686.71,10485.00,4201.71,USD,ASC Program,AGR-ORTHO-26-331,CPO-009-2026-0131,SI-880341,OPEN,2026-02-21T17:12:00+00:00
TXN-000343,SO-100342,2026-03-05,2026-03-05T14:13:00+00:00,CUS-004,Blue Ridge Joint Institute,Hospital,NC,Southeast,REP-016,TRI-KNEE-PS-05,Triathlon Knee,Total knee arthroplasty,4,4728.50,18914.00,0.1200,2269.68,16644.32,10363.20,6281.12,USD,Direct,AGR-ORTHO-26-331,CPO-004-2026-0132,SI-880342,OPEN,2026-03-05T17:13:00+00:00
TXN-000344,SO-100343,2025-11-19,2025-11-19T14:14:00+00:00,CUS-010,Prairie Orthopedics Cooperative,IDN,IL,Midwest,REP-028,MAKO-HIP-KIT,Robotic Procedure Kit,Robotic-assisted hip,1,1465.10,1465.10,0.1800,263.72,1201.38,625.00,576.38,USD,Direct,AGR-ORTHO-26-338,CPO-010-2025-0133,SI-880343,PAID,2025-11-19T17:14:00+00:00
TXN-000345,SO-100344,2026-04-26,2026-04-26T14:15:00+00:00,CUS-006,Pacific Motion Surgery Partners,ASC,CA,West,REP-017,TRI-KNEE-CR-04,Triathlon Knee,Total knee arthroplasty,3,4380.00,13140.00,0.1100,1445.40,11694.60,6930.00,4764.60,USD,Direct,AGR-ORTHO-26-310,CPO-006-2026-0134,SI-880344,OPEN,2026-04-27T17:15:00+00:00
TXN-000346,SO-100345,2026-03-13,2026-03-13T14:16:00+00:00,CUS-006,Pacific Motion Surgery Partners,ASC,CA,West,REP-018,TRI-KNEE-CR-04,Triathlon Knee,Total knee arthroplasty,4,4380.00,17520.00,0.1150,2014.80,15505.20,9240.00,6265.20,USD,ASC Program,AGR-ORTHO-26-310,CPO-006-2026-0135,SI-880345,PAID,2026-03-13T17:16:00+00:00
TXN-000347,SO-100346,2026-01-28,2026-01-28T14:17:00+00:00,CUS-002,Hudson Valley Surgical Center,ASC,NY,Northeast,REP-007,TRI-KNEE-PS-05,Triathlon Knee,Total knee arthroplasty,2,4728.50,9457.00,0.1000,945.70,8511.30,4978.40,3532.90,USD,Distributor,AGR-ORTHO-26-317,CPO-002-2026-0136,SI-880346,PAID,2026-01-28T17:17:00+00:00
TXN-000348,SO-100347,2026-03-11,2026-03-11T14:18:00+00:00,CUS-004,Blue Ridge Joint Institute,Hospital,NC,Southeast,REP-014,MAKO-HIP-KIT,Robotic Procedure Kit,Robotic-assisted hip,1,1524.90,1524.90,0.1300,198.24,1326.66,612.50,714.16,USD,Direct,AGR-ORTHO-26-331,CPO-004-2026-0137,SI-880347,PAID,2026-03-12T17:18:00+00:00
TXN-000349,SO-100348,2026-02-14,2026-02-14T14:19:00+00:00,CUS-007,Front Range Medical Center,Hospital,CO,Mountain,REP-024,SOM-SCREW-45,Trauma Plating,Trauma fixation,3,143.08,429.24,0.1400,60.09,369.15,123.48,245.67,USD,ASC Program,AGR-ORTHO-26-317,CPO-007-2026-0138,SI-880348,PAID,2026-02-14T17:19:00+00:00
TXN-000350,SO-100349,2025-12-13,2025-12-13T14:20:00+00:00,CUS-001,Atlantic Ortho Alliance,IDN,PA,Northeast,REP-007,ACC-HIP-CUP-56,Acetabular System,Total hip arthroplasty,1,2975.00,2975.00,0.1950,580.13,2394.87,1517.76,877.11,USD,Direct,AGR-ORTHO-26-310,CPO-001-2025-0139,SI-880349,PAID,2025-12-13T17:20:00+00:00
TXN-000351,SO-100350,2026-01-28,2026-01-28T14:21:00+00:00,CUS-011,Desert Ridge Ambulatory Surgery,ASC,AZ,Mountain,REP-031,TRI-KNEE-CR-04,Triathlon Knee,Total knee arthroplasty,2,4380.00,8760.00,0.1000,876.00,7884.00,4712.40,3171.60,USD,Direct,AGR-ORTHO-26-310,CPO-011-2026-0140,SI-880350,PAID,2026-01-30T17:21:00+00:00
TXN-000352,SO-100351,2025-11-10,2025-11-10T14:22:00+00:00,CUS-005,Lone Star Orthopedic Network,IDN,TX,South Central,REP-014,TRI-KNEE-PS-05,Triathlon Knee,Total knee arthroplasty,1,4873.25,4873.25,0.1900,925.92,3947.33,2540.00,1407.33,USD,Direct,AGR-ORTHO-26-338,CPO-005-2025-0141,SI-880351,PAID,2025-11-12T17:22:00+00:00
TXN-000353,SO-100352,2026-03-11,2026-03-11T14:23:00+00:00,CUS-007,Front Range Medical Center,Hospital,CO,Mountain,REP-021,TRI-KNEE-PS-05,Triathlon Knee,Total knee arthroplasty,3,4825.00,14475.00,0.1300,1881.75,12593.25,7467.60,5125.65,USD,Distributor,AGR-ORTHO-26-317,CPO-007-2026-0142,SI-880352,PAID,2026-03-11T17:23:00+00:00
TXN-000354,SO-100353,2026-06-06,2026-06-06T14:24:00+00:00,CUS-002,Hudson Valley Surgical Center,ASC,NY,Northeast,REP-007,TRI-KNEE-CR-04,Triathlon Knee,Total knee arthroplasty,1,4292.40,4292.40,0.1100,472.16,3820.24,2310.00,1510.24,USD,ASC Program,AGR-ORTHO-26-317,CPO-002-2026-0143,SI-880353,PAID,2026-06-06T17:24:00+00:00
TXN-000355,SO-100354,2026-04-01,2026-04-01T14:25:00+00:00,CUS-003,Great Lakes University Hospital,Academic Medical Center,OH,Midwest,REP-011,REV-FEM-STEM-12,Revision Hip,Revision arthroplasty,1,6484.20,6484.20,0.1600,1037.47,5446.73,3425.10,2021.63,USD,Direct,AGR-ORTHO-26-324,CPO-003-2026-0144,SI-880354,PAID,2026-04-01T17:25:00+00:00
TXN-000356,SO-100355,2026-05-22,2026-05-22T14:26:00+00:00,CUS-006,Pacific Motion Surgery Partners,ASC,CA,West,REP-021,SOM-SCREW-45,Trauma Plating,Trauma fixation,5,143.08,715.40,0.1200,85.85,629.55,205.80,423.75,USD,Direct,AGR-ORTHO-26-310,CPO-006-2026-0145,SI-880355,PAID,2026-05-22T17:26:00+00:00
TXN-000357,SO-100356,2026-01-02,2026-01-02T14:27:00+00:00,CUS-007,Front Range Medical Center,Hospital,CO,Mountain,REP-025,SOM-SCREW-45,Trauma Plating,Trauma fixation,2,146.00,292.00,0.1300,37.96,254.04,82.32,171.72,USD,Direct,AGR-ORTHO-26-317,CPO-007-2026-0146,SI-880356,PAID,2026-01-03T17:27:00+00:00
TXN-000358,SO-100357,2026-03-31,2026-03-31T14:28:00+00:00,CUS-004,Blue Ridge Joint Institute,Hospital,NC,Southeast,REP-010,SPN-CAGE-LORD,Spine Interbody,Lumbar fusion,1,5312.60,5312.60,0.1200,637.51,4675.09,2735.00,1940.09,USD,Direct,AGR-ORTHO-26-331,CPO-004-2026-0147,SI-880357,PAID,2026-04-01T17:28:00+00:00
TXN-000359,SO-100358,2026-03-28,2026-03-28T14:29:00+00:00,CUS-009,Northwest Specialty Distribution,Distributor,WA,West,REP-026,TRI-KNEE-CR-04,Triathlon Knee,Total knee arthroplasty,1,4292.40,4292.40,0.2400,1030.18,3262.22,2356.20,906.02,USD,Direct,AGR-ORTHO-26-331,CPO-009-2026-0148,SI-880358,PAID,2026-03-28T17:29:00+00:00
TXN-000360,SO-100359,2026-03-15,2026-03-15T14:30:00+00:00,CUS-006,Pacific Motion Surgery Partners,ASC,CA,West,REP-018,TRI-KNEE-CR-04,Triathlon Knee,Total knee arthroplasty,8,4467.60,35740.80,0.1200,4288.90,31451.90,18480.00,12971.90,USD,Direct,AGR-ORTHO-26-310,CPO-006-2026-0149,SI-880359,PAID,2026-03-15T17:30:00+00:00
TXN-000361,SO-100360,2026-01-08,2026-01-08T14:31:00+00:00,CUS-008,Gulf Coast Trauma Hospital,Hospital,FL,Southeast,REP-025,TRI-KNEE-PS-05,Triathlon Knee,Total knee arthroplasty,4,4921.50,19686.00,0.1300,2559.18,17126.82,9956.80,7170.02,USD,Direct,AGR-ORTHO-26-324,CPO-008-2026-0150,SI-880360,PAID,2026-01-10T17:31:00+00:00
TXN-000362,SO-100361,2026-01-03,2026-01-03T14:32:00+00:00,CUS-004,Blue Ridge Joint Institute,Hospital,NC,Southeast,REP-014,SOM-SCREW-45,Trauma Plating,Trauma fixation,1,146.00,146.00,0.1300,18.98,127.02,42.84,84.18,USD,ASC Program,AGR-ORTHO-26-331,CPO-004-2026-0151,SI-880361,PAID,2026-01-04T17:32:00+00:00
TXN-000363,SO-100362,2025-12-19,2025-12-19T14:33:00+00:00,CUS-006,Pacific Motion Surgery Partners,ASC,CA,West,REP-021,TRI-KNEE-PS-05,Triathlon Knee,Total knee arthroplasty,1,4825.00,4825.00,0.1000,482.50,4342.50,2540.00,1802.50,USD,ASC Program,AGR-ORTHO-26-310,CPO-006-2025-0152,SI-880362,PAID,2025-12-20T17:33:00+00:00
TXN-000364,SO-100363,2026-03-31,2026-03-31T14:34:00+00:00,CUS-002,Hudson Valley Surgical Center,ASC,NY,Northeast,REP-010,TRI-KNEE-PS-05,Triathlon Knee,Total knee arthroplasty,1,4825.00,4825.00,0.1200,579.00,4246.00,2590.80,1655.20,USD,Direct,AGR-ORTHO-26-317,CPO-002-2026-0153,SI-880363,PAID,2026-04-01T17:34:00+00:00
TXN-000365,SO-100364,2025-12-15,2025-12-15T14:35:00+00:00,CUS-002,Hudson Valley Surgical Center,ASC,NY,Northeast,REP-004,TRI-KNEE-CR-04,Triathlon Knee,Total knee arthroplasty,1,4380.00,4380.00,0.1100,481.80,3898.20,2356.20,1542.00,USD,Direct,AGR-ORTHO-26-317,CPO-002-2025-0154,SI-880364,OPEN,2025-12-15T17:35:00+00:00
TXN-000366,SO-100365,2026-05-15,2026-05-15T14:36:00+00:00,CUS-008,Gulf Coast Trauma Hospital,Hospital,FL,Southeast,REP-023,TRI-KNEE-PS-05,Triathlon Knee,Total knee arthroplasty,5,4728.50,23642.50,0.1300,3073.53,20568.97,12446.00,8122.97,USD,Direct,AGR-ORTHO-26-324,CPO-008-2026-0155,SI-880365,PAID,2026-05-16T17:36:00+00:00
TXN-000367,SO-100366,2026-04-24,2026-04-24T14:37:00+00:00,CUS-003,Great Lakes University Hospital,Academic Medical Center,OH,Midwest,REP-009,REV-FEM-STEM-12,Revision Hip,Revision arthroplasty,2,6484.20,12968.40,0.1700,2204.63,10763.77,7129.80,3633.97,USD,Direct,AGR-ORTHO-26-324,CPO-003-2026-0156,SI-880366,PAID,2026-04-24T17:37:00+00:00
TXN-000368,SO-100367,2026-03-09,2026-03-09T14:38:00+00:00,CUS-004,Blue Ridge Joint Institute,Hospital,NC,Southeast,REP-013,ACC-HIP-CUP-56,Acetabular System,Total hip arthroplasty,2,2975.00,5950.00,0.1350,803.25,5146.75,2976.00,2170.75,USD,Distributor,AGR-ORTHO-26-331,CPO-004-2026-0157,SI-880367,PAID,2026-03-09T17:38:00+00:00
TXN-000369,SO-100368,2026-05-06,2026-05-06T14:39:00+00:00,CUS-003,Great Lakes University Hospital,Academic Medical Center,OH,Midwest,REP-011,ACC-HIP-CUP-56,Acetabular System,Total hip arthroplasty,3,3004.75,9014.25,0.1600,1442.28,7571.97,4374.72,3197.25,USD,Direct,AGR-ORTHO-26-324,CPO-003-2026-0158,SI-880368,PAID,2026-05-06T17:39:00+00:00
TXN-000370,SO-100369,2026-06-06,2026-06-06T14:40:00+00:00,CUS-010,Prairie Orthopedics Cooperative,IDN,IL,Midwest,REP-033,SOM-PLATE-8H,Trauma Plating,Trauma fixation,1,866.25,866.25,0.1800,155.93,710.32,365.00,345.32,USD,Direct,AGR-ORTHO-26-338,CPO-010-2026-0159,SI-880369,PAID,2026-06-08T17:40:00+00:00
TXN-000371,SO-100370,2026-01-28,2026-01-28T14:41:00+00:00,CUS-010,Prairie Orthopedics Cooperative,IDN,IL,Midwest,REP-034,MAKO-KNEE-KIT,Robotic Procedure Kit,Robotic-assisted knee,4,1607.20,6428.80,0.1900,1221.47,5207.33,2704.80,2502.53,USD,Direct,AGR-ORTHO-26-338,CPO-010-2026-0160,SI-880370,PAID,2026-01-29T17:41:00+00:00
TXN-000372,SO-100371,2026-03-22,2026-03-22T14:42:00+00:00,CUS-012,New England Sports Medicine,Hospital,MA,Northeast,REP-034,ACC-HIP-CUP-56,Acetabular System,Total hip arthroplasty,3,2915.50,8746.50,0.1300,1137.05,7609.45,4464.00,3145.45,USD,Direct,AGR-ORTHO-26-317,CPO-012-2026-0161,SI-880371,PAID,2026-03-23T17:42:00+00:00
TXN-000373,SO-100372,2025-11-18,2025-11-18T14:43:00+00:00,CUS-012,New England Sports Medicine,Hospital,MA,Northeast,REP-035,MAKO-HIP-KIT,Robotic Procedure Kit,Robotic-assisted hip,2,1495.00,2990.00,0.1300,388.70,2601.30,1275.00,1326.30,USD,ASC Program,AGR-ORTHO-26-317,CPO-012-2025-0162,SI-880372,PAID,2025-11-18T17:43:00+00:00
TXN-000374,SO-100373,2026-06-04,2026-06-04T14:44:00+00:00,CUS-001,Atlantic Ortho Alliance,IDN,PA,Northeast,REP-003,MAKO-HIP-KIT,Robotic Procedure Kit,Robotic-assisted hip,2,1495.00,2990.00,0.1900,568.10,2421.90,1250.00,1171.90,USD,Direct,AGR-ORTHO-26-310,CPO-001-2026-0163,SI-880373,DISPUTED,2026-06-06T17:44:00+00:00
TXN-000375,SO-100374,2026-01-17,2026-01-17T14:45:00+00:00,CUS-003,Great Lakes University Hospital,Academic Medical Center,OH,Midwest,REP-010,MAKO-HIP-KIT,Robotic Procedure Kit,Robotic-assisted hip,3,1524.90,4574.70,0.1750,800.57,3774.13,1837.50,1936.63,USD,Direct,AGR-ORTHO-26-324,CPO-003-2026-0164,SI-880374,PAID,2026-01-18T17:45:00+00:00
TXN-000376,SO-100375,2026-04-23,2026-04-23T14:46:00+00:00,CUS-006,Pacific Motion Surgery Partners,ASC,CA,West,REP-020,TRI-KNEE-CR-04,Triathlon Knee,Total knee arthroplasty,3,4423.80,13271.40,0.1100,1459.85,11811.55,6791.40,5020.15,USD,Direct,AGR-ORTHO-26-310,CPO-006-2026-0165,SI-880375,PAID,2026-04-23T17:46:00+00:00
TXN-000377,SO-100376,2026-04-25,2026-04-25T14:00:00+00:00,CUS-010,Prairie Orthopedics Cooperative,IDN,IL,Midwest,REP-033,REV-FEM-STEM-12,Revision Hip,Revision arthroplasty,2,6420.00,12840.00,0.1800,2311.20,10528.80,6990.00,3538.80,USD,Direct,AGR-ORTHO-26-338,CPO-010-2026-0166,SI-880376,OPEN,2026-04-25T17:00:00+00:00
TXN-000378,SO-100377,2026-02-04,2026-02-04T14:01:00+00:00,CUS-006,Pacific Motion Surgery Partners,ASC,CA,West,REP-022,REV-FEM-STEM-12,Revision Hip,Revision arthroplasty,2,6484.20,12968.40,0.1100,1426.52,11541.88,6990.00,4551.88,USD,Direct,AGR-ORTHO-26-310,CPO-006-2026-0167,SI-880377,OPEN,2026-02-04T17:01:00+00:00
TXN-000379,SO-100378,2026-01-12,2026-01-12T14:02:00+00:00,CUS-007,Front Range Medical Center,Hospital,CO,Mountain,REP-019,TRI-KNEE-PS-05,Triathlon Knee,Total knee arthroplasty,1,4776.75,4776.75,0.1200,573.21,4203.54,2489.20,1714.34,USD,Direct,AGR-ORTHO-26-317,CPO-007-2026-0168,SI-880378,PAID,2026-01-12T17:02:00+00:00
TXN-000380,SO-100379,2026-03-19,2026-03-19T14:03:00+00:00,CUS-009,Northwest Specialty Distribution,Distributor,WA,West,REP-026,SOM-SCREW-45,Trauma Plating,Trauma fixation,2,146.00,292.00,0.2400,70.08,221.92,84.00,137.92,USD,Direct,AGR-ORTHO-26-331,CPO-009-2026-0169,SI-880379,DISPUTED,2026-03-19T17:03:00+00:00
TXN-000381,SO-100380,2026-02-07,2026-02-07T14:04:00+00:00,CUS-002,Hudson Valley Surgical Center,ASC,NY,Northeast,REP-006,ACC-HIP-CUP-56,Acetabular System,Total hip arthroplasty,1,2945.25,2945.25,0.1000,294.53,2650.72,1458.24,1192.48,USD,Distributor,AGR-ORTHO-26-317,CPO-002-2026-0170,SI-880380,PARTIALLY_PAID,2026-02-07T17:04:00+00:00
TXN-000382,SO-100381,2026-04-30,2026-04-30T14:05:00+00:00,CUS-004,Blue Ridge Joint Institute,Hospital,NC,Southeast,REP-013,ACC-HIP-LIN-36,Acetabular System,Total hip arthroplasty,2,1203.60,2407.20,0.1350,324.97,2082.23,1060.00,1022.23,USD,Distributor,AGR-ORTHO-26-331,CPO-004-2026-0171,SI-880381,PAID,2026-04-30T17:05:00+00:00
TXN-000383,SO-100382,2026-04-25,2026-04-25T14:06:00+00:00,CUS-011,Desert Ridge Ambulatory Surgery,ASC,AZ,Mountain,REP-035,SOM-PLATE-8H,Trauma Plating,Trauma fixation,2,892.50,1785.00,0.1200,214.20,1570.80,715.40,855.40,USD,Direct,AGR-ORTHO-26-310,CPO-011-2026-0172,SI-880382,PAID,2026-04-27T17:06:00+00:00
TXN-000384,SO-100383,2025-12-25,2025-12-25T14:07:00+00:00,CUS-004,Blue Ridge Joint Institute,Hospital,NC,Southeast,REP-015,TRI-KNEE-PS-05,Triathlon Knee,Total knee arthroplasty,1,4825.00,4825.00,0.1400,675.50,4149.50,2489.20,1660.30,USD,Direct,AGR-ORTHO-26-331,CPO-004-2025-0173,SI-880383,PAID,2025-12-25T17:07:00+00:00
TXN-000385,SO-100384,2026-04-30,2026-04-30T14:08:00+00:00,CUS-001,Atlantic Ortho Alliance,IDN,PA,Northeast,REP-007,TRI-KNEE-CR-04,Triathlon Knee,Total knee arthroplasty,4,4336.20,17344.80,0.2150,3729.13,13615.67,9240.00,4375.67,USD,Direct,AGR-ORTHO-26-310,CPO-001-2026-0174,SI-880384,PAID,2026-04-30T17:08:00+00:00
TXN-000386,SO-100385,2026-03-23,2026-03-23T14:09:00+00:00,CUS-012,New England Sports Medicine,Hospital,MA,Northeast,REP-034,REV-FEM-STEM-12,Revision Hip,Revision arthroplasty,2,6548.40,13096.80,0.1400,1833.55,11263.25,6850.20,4413.05,USD,Distributor,AGR-ORTHO-26-317,CPO-012-2026-0175,SI-880385,OPEN,2026-03-23T17:09:00+00:00
TXN-000387,SO-100386,2026-02-10,2026-02-10T14:10:00+00:00,CUS-006,Pacific Motion Surgery Partners,ASC,CA,West,REP-017,TRI-KNEE-CR-04,Triathlon Knee,Total knee arthroplasty,1,4380.00,4380.00,0.1100,481.80,3898.20,2310.00,1588.20,USD,Direct,AGR-ORTHO-26-310,CPO-006-2026-0176,SI-880386,OPEN,2026-02-10T17:10:00+00:00
TXN-000388,SO-100387,2026-01-25,2026-01-25T14:11:00+00:00,CUS-010,Prairie Orthopedics Cooperative,IDN,IL,Midwest,REP-030,MAKO-HIP-KIT,Robotic Procedure Kit,Robotic-assisted hip,1,1480.05,1480.05,0.2000,296.01,1184.04,625.00,559.04,USD,Distributor,AGR-ORTHO-26-338,CPO-010-2026-0177,SI-880387,OPEN,2026-01-25T17:11:00+00:00
TXN-000389,SO-100388,2025-10-25,2025-10-25T14:12:00+00:00,CUS-007,Front Range Medical Center,Hospital,CO,Mountain,REP-022,SOM-SCREW-45,Trauma Plating,Trauma fixation,2,144.54,289.08,0.1400,40.47,248.61,84.00,164.61,USD,Direct,AGR-ORTHO-26-317,CPO-007-2025-0178,SI-880388,OPEN,2025-10-27T17:12:00+00:00
TXN-000390,SO-100389,2026-02-25,2026-02-25T14:13:00+00:00,CUS-005,Lone Star Orthopedic Network,IDN,TX,South Central,REP-017,REV-FEM-STEM-12,Revision Hip,Revision arthroplasty,4,6420.00,25680.00,0.1900,4879.20,20800.80,14259.60,6541.20,USD,Distributor,AGR-ORTHO-26-338,CPO-005-2026-0179,SI-880389,PAID,2026-02-27T17:13:00+00:00
TXN-000391,SO-100390,2026-03-24,2026-03-24T14:14:00+00:00,CUS-009,Northwest Specialty Distribution,Distributor,WA,West,REP-030,MAKO-KNEE-KIT,Robotic Procedure Kit,Robotic-assisted knee,5,1640.00,8200.00,0.2500,2050.00,6150.00,3450.00,2700.00,USD,Direct,AGR-ORTHO-26-331,CPO-009-2026-0180,SI-880390,PAID,2026-03-26T17:14:00+00:00
TXN-000392,SO-100391,2026-03-24,2026-03-24T14:15:00+00:00,CUS-001,Atlantic Ortho Alliance,IDN,PA,Northeast,REP-007,MAKO-HIP-KIT,Robotic Procedure Kit,Robotic-assisted hip,2,1465.10,2930.20,0.1950,571.39,2358.81,1250.00,1108.81,USD,Direct,AGR-ORTHO-26-310,CPO-001-2026-0181,SI-880391,PAID,2026-03-24T17:15:00+00:00
TXN-000393,SO-100392,2026-05-21,2026-05-21T14:16:00+00:00,CUS-006,Pacific Motion Surgery Partners,ASC,CA,West,REP-016,TRI-KNEE-PS-05,Triathlon Knee,Total knee arthroplasty,5,4728.50,23642.50,0.1200,2837.10,20805.40,12954.00,7851.40,USD,Direct,AGR-ORTHO-26-310,CPO-006-2026-0182,SI-880392,OPEN,2026-05-23T17:16:00+00:00
TXN-000394,SO-100393,2026-06-11,2026-06-11T14:17:00+00:00,CUS-001,Atlantic Ortho Alliance,IDN,PA,Northeast,REP-002,MAKO-KNEE-KIT,Robotic Procedure Kit,Robotic-assisted knee,1,1640.00,1640.00,0.1950,319.80,1320.20,690.00,630.20,USD,Direct,AGR-ORTHO-26-310,CPO-001-2026-0183,SI-880393,PAID,2026-06-13T17:17:00+00:00
TXN-000395,SO-100394,2026-02-10,2026-02-10T14:18:00+00:00,CUS-009,Northwest Specialty Distribution,Distributor,WA,West,REP-027,TRI-KNEE-PS-05,Triathlon Knee,Total knee arthroplasty,1,4921.50,4921.50,0.2400,1181.16,3740.34,2540.00,1200.34,USD,Direct,AGR-ORTHO-26-331,CPO-009-2026-0184,SI-880394,PAID,2026-02-10T17:18:00+00:00
TXN-000396,SO-100395,2025-10-22,2025-10-22T14:19:00+00:00,CUS-004,Blue Ridge Joint Institute,Hospital,NC,Southeast,REP-013,TRI-KNEE-CR-04,Triathlon Knee,Total knee arthroplasty,4,4380.00,17520.00,0.1300,2277.60,15242.40,9424.80,5817.60,USD,Direct,AGR-ORTHO-26-331,CPO-004-2025-0185,SI-880395,PAID,2025-10-24T17:19:00+00:00
TXN-000397,SO-100396,2026-02-09,2026-02-09T14:20:00+00:00,CUS-005,Lone Star Orthopedic Network,IDN,TX,South Central,REP-017,REV-FEM-STEM-12,Revision Hip,Revision arthroplasty,2,6548.40,13096.80,0.1900,2488.39,10608.41,6850.20,3758.21,USD,Direct,AGR-ORTHO-26-338,CPO-005-2026-0186,SI-880396,DISPUTED,2026-02-09T17:20:00+00:00
TXN-000398,SO-100397,2026-04-28,2026-04-28T14:21:00+00:00,CUS-005,Lone Star Orthopedic Network,IDN,TX,South Central,REP-018,ACC-HIP-LIN-36,Acetabular System,Total hip arthroplasty,1,1168.20,1168.20,0.1900,221.96,946.24,540.60,405.64,USD,Direct,AGR-ORTHO-26-338,CPO-005-2026-0187,SI-880397,OPEN,2026-04-30T17:21:00+00:00
TXN-000399,SO-100398,2026-04-24,2026-04-24T14:22:00+00:00,CUS-003,Great Lakes University Hospital,Academic Medical Center,OH,Midwest,REP-013,TRI-KNEE-CR-04,Triathlon Knee,Total knee arthroplasty,3,4423.80,13271.40,0.1700,2256.14,11015.26,7068.60,3946.66,USD,ASC Program,AGR-ORTHO-26-324,CPO-003-2026-0188,SI-880398,PAID,2026-04-24T17:22:00+00:00
TXN-000400,SO-100399,2026-05-11,2026-05-11T14:23:00+00:00,CUS-009,Northwest Specialty Distribution,Distributor,WA,West,REP-025,ACC-HIP-CUP-56,Acetabular System,Total hip arthroplasty,1,3004.75,3004.75,0.2450,736.16,2268.59,1488.00,780.59,USD,Direct,AGR-ORTHO-26-331,CPO-009-2026-0189,SI-880399,PAID,2026-05-13T17:23:00+00:00
TXN-000401,SO-100400,2026-03-18,2026-03-18T14:24:00+00:00,CUS-005,Lone Star Orthopedic Network,IDN,TX,South Central,REP-014,MAKO-KNEE-KIT,Robotic Procedure Kit,Robotic-assisted knee,5,1607.20,8036.00,0.2000,1607.20,6428.80,3450.00,2978.80,USD,Direct,AGR-ORTHO-26-338,CPO-005-2026-0190,SI-880400,OPEN,2026-03-18T17:24:00+00:00
TXN-000402,SO-100401,2026-01-02,2026-01-02T14:25:00+00:00,CUS-007,Front Range Medical Center,Hospital,CO,Mountain,REP-021,ACC-HIP-LIN-36,Acetabular System,Total hip arthroplasty,2,1203.60,2407.20,0.1400,337.01,2070.19,1060.00,1010.19,USD,Direct,AGR-ORTHO-26-317,CPO-007-2026-0191,SI-880401,PAID,2026-01-04T17:25:00+00:00
TXN-000403,SO-100402,2025-12-22,2025-12-22T14:26:00+00:00,CUS-009,Northwest Specialty Distribution,Distributor,WA,West,REP-028,MAKO-HIP-KIT,Robotic Procedure Kit,Robotic-assisted hip,1,1495.00,1495.00,0.2500,373.75,1121.25,625.00,496.25,USD,Direct,AGR-ORTHO-26-331,CPO-009-2025-0192,SI-880402,PAID,2025-12-23T17:26:00+00:00
TXN-000404,SO-100403,2026-04-20,2026-04-20T14:27:00+00:00,CUS-003,Great Lakes University Hospital,Academic Medical Center,OH,Midwest,REP-011,ACC-HIP-CUP-56,Acetabular System,Total hip arthroplasty,5,3004.75,15023.75,0.1800,2704.28,12319.47,7440.00,4879.47,USD,Direct,AGR-ORTHO-26-324,CPO-003-2026-0193,SI-880403,PAID,2026-04-22T17:27:00+00:00
TXN-000405,SO-100404,2026-04-02,2026-04-02T14:28:00+00:00,CUS-008,Gulf Coast Trauma Hospital,Hospital,FL,Southeast,REP-027,ACC-HIP-LIN-36,Acetabular System,Total hip arthroplasty,2,1168.20,2336.40,0.1400,327.10,2009.30,1081.20,928.10,USD,Direct,AGR-ORTHO-26-324,CPO-008-2026-0194,SI-880404,PAID,2026-04-03T17:28:00+00:00
TXN-000406,SO-100405,2026-04-30,2026-04-30T14:29:00+00:00,CUS-003,Great Lakes University Hospital,Academic Medical Center,OH,Midwest,REP-013,SOM-SCREW-45,Trauma Plating,Trauma fixation,1,143.08,143.08,0.1800,25.75,117.33,42.84,74.49,USD,ASC Program,AGR-ORTHO-26-324,CPO-003-2026-0195,SI-880405,DISPUTED,2026-04-30T17:29:00+00:00
TXN-000407,SO-100406,2026-01-19,2026-01-19T14:30:00+00:00,CUS-008,Gulf Coast Trauma Hospital,Hospital,FL,Southeast,REP-022,REV-FEM-STEM-12,Revision Hip,Revision arthroplasty,2,6548.40,13096.80,0.1350,1768.07,11328.73,7129.80,4198.93,USD,ASC Program,AGR-ORTHO-26-324,CPO-008-2026-0196,SI-880406,PAID,2026-01-19T17:30:00+00:00
TXN-000408,SO-100407,2026-04-14,2026-04-14T14:31:00+00:00,CUS-009,Northwest Specialty Distribution,Distributor,WA,West,REP-026,SOM-SCREW-45,Trauma Plating,Trauma fixation,1,146.00,146.00,0.2450,35.77,110.23,42.84,67.39,USD,Direct,AGR-ORTHO-26-331,CPO-009-2026-0197,SI-880407,PAID,2026-04-14T17:31:00+00:00
TXN-000409,SO-100408,2025-12-05,2025-12-05T14:32:00+00:00,CUS-005,Lone Star Orthopedic Network,IDN,TX,South Central,REP-015,ACC-HIP-LIN-36,Acetabular System,Total hip arthroplasty,1,1191.80,1191.80,0.1900,226.44,965.36,540.60,424.76,USD,Direct,AGR-ORTHO-26-338,CPO-005-2025-0198,SI-880408,PARTIALLY_PAID,2025-12-07T17:32:00+00:00
TXN-000410,SO-100409,2026-03-14,2026-03-14T14:33:00+00:00,CUS-005,Lone Star Orthopedic Network,IDN,TX,South Central,REP-016,ACC-HIP-LIN-36,Acetabular System,Total hip arthroplasty,1,1191.80,1191.80,0.2000,238.36,953.44,530.00,423.44,USD,Direct,AGR-ORTHO-26-338,CPO-005-2026-0199,SI-880409,PAID,2026-03-15T17:33:00+00:00
TXN-000411,SO-100410,2026-05-01,2026-05-01T14:34:00+00:00,CUS-008,Gulf Coast Trauma Hospital,Hospital,FL,Southeast,REP-026,MAKO-KNEE-KIT,Robotic Procedure Kit,Robotic-assisted knee,1,1640.00,1640.00,0.1300,213.20,1426.80,690.00,736.80,USD,Direct,AGR-ORTHO-26-324,CPO-008-2026-0200,SI-880410,OPEN,2026-05-01T17:34:00+00:00
TXN-000412,SO-100411,2026-06-02,2026-06-02T14:35:00+00:00,CUS-002,Hudson Valley Surgical Center,ASC,NY,Northeast,REP-009,ACC-HIP-CUP-56,Acetabular System,Total hip arthroplasty,1,2975.00,2975.00,0.1150,342.13,2632.87,1458.24,1174.63,USD,Direct,AGR-ORTHO-26-317,CPO-002-2026-0201,SI-880411,PAID,2026-06-03T17:35:00+00:00
TXN-000413,SO-100412,2026-06-25,2026-06-25T14:36:00+00:00,CUS-005,Lone Star Orthopedic Network,IDN,TX,South Central,REP-019,REV-FEM-STEM-12,Revision Hip,Revision arthroplasty,1,6420.00,6420.00,0.1800,1155.60,5264.40,3425.10,1839.30,USD,ASC Program,AGR-ORTHO-26-338,CPO-005-2026-0202,SI-880412,PAID,2026-06-25T17:36:00+00:00
TXN-000414,SO-100413,2026-05-21,2026-05-21T14:37:00+00:00,CUS-009,Northwest Specialty Distribution,Distributor,WA,West,REP-025,TRI-KNEE-CR-04,Triathlon Knee,Total knee arthroplasty,2,4423.80,8847.60,0.2500,2211.90,6635.70,4712.40,1923.30,USD,Direct,AGR-ORTHO-26-331,CPO-009-2026-0203,SI-880413,PAID,2026-05-23T17:37:00+00:00
TXN-000415,SO-100414,2026-04-18,2026-04-18T14:38:00+00:00,CUS-006,Pacific Motion Surgery Partners,ASC,CA,West,REP-017,ACC-HIP-CUP-56,Acetabular System,Total hip arthroplasty,4,2975.00,11900.00,0.1100,1309.00,10591.00,6071.04,4519.96,USD,Direct,AGR-ORTHO-26-310,CPO-006-2026-0204,SI-880414,PAID,2026-04-19T17:38:00+00:00
TXN-000416,SO-100415,2026-03-20,2026-03-20T14:39:00+00:00,CUS-001,Atlantic Ortho Alliance,IDN,PA,Northeast,REP-003,MAKO-HIP-KIT,Robotic Procedure Kit,Robotic-assisted hip,1,1480.05,1480.05,0.1800,266.41,1213.64,637.50,576.14,USD,Direct,AGR-ORTHO-26-310,CPO-001-2026-0205,SI-880415,PAID,2026-03-21T17:39:00+00:00
TXN-000417,SO-100416,2026-04-29,2026-04-29T14:40:00+00:00,CUS-005,Lone Star Orthopedic Network,IDN,TX,South Central,REP-016,TRI-KNEE-PS-05,Triathlon Knee,Total knee arthroplasty,1,4728.50,4728.50,0.1800,851.13,3877.37,2540.00,1337.37,USD,Direct,AGR-ORTHO-26-338,CPO-005-2026-0206,SI-880416,OPEN,2026-04-29T17:40:00+00:00
TXN-000418,SO-100417,2026-03-18,2026-03-18T14:41:00+00:00,CUS-001,Atlantic Ortho Alliance,IDN,PA,Northeast,REP-005,ACC-HIP-LIN-36,Acetabular System,Total hip arthroplasty,3,1168.20,3504.60,0.1800,630.83,2873.77,1590.00,1283.77,USD,Direct,AGR-ORTHO-26-310,CPO-001-2026-0207,SI-880417,OPEN,2026-03-18T17:41:00+00:00
TXN-000419,SO-100418,2026-02-19,2026-02-19T14:42:00+00:00,CUS-008,Gulf Coast Trauma Hospital,Hospital,FL,Southeast,REP-027,ACC-HIP-CUP-56,Acetabular System,Total hip arthroplasty,4,3004.75,12019.00,0.1400,1682.66,10336.34,5832.96,4503.38,USD,Direct,AGR-ORTHO-26-324,CPO-008-2026-0208,SI-880418,PAID,2026-02-21T17:42:00+00:00
TXN-000420,SO-100419,2026-01-04,2026-01-04T14:43:00+00:00,CUS-009,Northwest Specialty Distribution,Distributor,WA,West,REP-031,ACC-HIP-LIN-36,Acetabular System,Total hip arthroplasty,4,1191.80,4767.20,0.2400,1144.13,3623.07,2077.60,1545.47,USD,Distributor,AGR-ORTHO-26-331,CPO-009-2026-0209,SI-880419,PAID,2026-01-06T17:43:00+00:00
TXN-000421,SO-100420,2026-04-06,2026-04-06T14:44:00+00:00,CUS-007,Front Range Medical Center,Hospital,CO,Mountain,REP-019,MAKO-KNEE-KIT,Robotic Procedure Kit,Robotic-assisted knee,1,1607.20,1607.20,0.1200,192.86,1414.34,703.80,710.54,USD,Direct,AGR-ORTHO-26-317,CPO-007-2026-0210,SI-880420,PAID,2026-04-07T17:44:00+00:00
TXN-000422,SO-100421,2026-01-07,2026-01-07T14:45:00+00:00,CUS-007,Front Range Medical Center,Hospital,CO,Mountain,REP-020,TRI-KNEE-CR-04,Triathlon Knee,Total knee arthroplasty,4,4467.60,17870.40,0.1200,2144.45,15725.95,9424.80,6301.15,USD,Distributor,AGR-ORTHO-26-317,CPO-007-2026-0211,SI-880421,PARTIALLY_PAID,2026-01-09T17:45:00+00:00
TXN-000423,SO-100422,2025-11-26,2025-11-26T14:46:00+00:00,CUS-005,Lone Star Orthopedic Network,IDN,TX,South Central,REP-015,REV-FEM-STEM-12,Revision Hip,Revision arthroplasty,1,6291.60,6291.60,0.1950,1226.86,5064.74,3495.00,1569.74,USD,Direct,AGR-ORTHO-26-338,CPO-005-2025-0001,SI-880422,PAID,2025-11-26T17:46:00+00:00
TXN-000424,SO-100423,2026-04-08,2026-04-08T14:00:00+00:00,CUS-012,New England Sports Medicine,Hospital,MA,Northeast,REP-037,TRI-KNEE-PS-05,Triathlon Knee,Total knee arthroplasty,1,4776.75,4776.75,0.1550,740.40,4036.35,2489.20,1547.15,USD,Direct,AGR-ORTHO-26-317,CPO-012-2026-0002,SI-880423,PAID,2026-04-09T17:00:00+00:00
TXN-000425,SO-100424,2026-02-26,2026-02-26T14:01:00+00:00,CUS-005,Lone Star Orthopedic Network,IDN,TX,South Central,REP-017,TRI-KNEE-CR-04,Triathlon Knee,Total knee arthroplasty,1,4336.20,4336.20,0.1800,780.52,3555.68,2356.20,1199.48,USD,Direct,AGR-ORTHO-26-338,CPO-005-2026-0003,SI-880424,PAID,2026-02-26T17:01:00+00:00
TXN-000426,SO-100425,2026-02-16,2026-02-16T14:02:00+00:00,CUS-004,Blue Ridge Joint Institute,Hospital,NC,Southeast,REP-015,REV-FEM-STEM-12,Revision Hip,Revision arthroplasty,2,6291.60,12583.20,0.1200,1509.98,11073.22,6990.00,4083.22,USD,Direct,AGR-ORTHO-26-331,CPO-004-2026-0004,SI-880425,PAID,2026-02-16T17:02:00+00:00
TXN-000427,SO-100426,2026-06-17,2026-06-17T14:03:00+00:00,CUS-008,Gulf Coast Trauma Hospital,Hospital,FL,Southeast,REP-028,MAKO-KNEE-KIT,Robotic Procedure Kit,Robotic-assisted knee,1,1623.60,1623.60,0.1400,227.30,1396.30,690.00,706.30,USD,Direct,AGR-ORTHO-26-324,CPO-008-2026-0005,SI-880426,OPEN,2026-06-17T17:03:00+00:00
TXN-000428,SO-100427,2026-01-08,2026-01-08T14:04:00+00:00,CUS-005,Lone Star Orthopedic Network,IDN,TX,South Central,REP-013,SPN-CAGE-LORD,Spine Interbody,Lumbar fusion,3,5365.20,16095.60,0.2000,3219.12,12876.48,8205.00,4671.48,USD,Direct,AGR-ORTHO-26-338,CPO-005-2026-0006,SI-880427,PARTIALLY_PAID,2026-01-08T17:04:00+00:00
TXN-000429,SO-100428,2026-01-30,2026-01-30T14:05:00+00:00,CUS-012,New England Sports Medicine,Hospital,MA,Northeast,REP-035,SOM-SCREW-45,Trauma Plating,Trauma fixation,2,146.00,292.00,0.1350,39.42,252.58,82.32,170.26,USD,Direct,AGR-ORTHO-26-317,CPO-012-2026-0007,SI-880428,OPEN,2026-01-30T17:05:00+00:00
TXN-000430,SO-100429,2026-03-04,2026-03-04T14:06:00+00:00,CUS-005,Lone Star Orthopedic Network,IDN,TX,South Central,REP-015,MAKO-KNEE-KIT,Robotic Procedure Kit,Robotic-assisted knee,1,1656.40,1656.40,0.1950,323.00,1333.40,676.20,657.20,USD,Direct,AGR-ORTHO-26-338,CPO-005-2026-0008,SI-880429,OPEN,2026-03-05T17:06:00+00:00
TXN-000431,SO-100430,2025-12-11,2025-12-11T14:07:00+00:00,CUS-009,Northwest Specialty Distribution,Distributor,WA,West,REP-028,TRI-KNEE-PS-05,Triathlon Knee,Total knee arthroplasty,1,4776.75,4776.75,0.2450,1170.30,3606.45,2590.80,1015.65,USD,Direct,AGR-ORTHO-26-331,CPO-009-2025-0009,SI-880430,PAID,2025-12-11T17:07:00+00:00
TXN-000432,SO-100431,2025-12-23,2025-12-23T14:08:00+00:00,CUS-005,Lone Star Orthopedic Network,IDN,TX,South Central,REP-017,MAKO-HIP-KIT,Robotic Procedure Kit,Robotic-assisted hip,3,1509.95,4529.85,0.1800,815.37,3714.48,1912.50,1801.98,USD,Direct,AGR-ORTHO-26-338,CPO-005-2025-0010,SI-880431,PAID,2025-12-24T17:08:00+00:00
TXN-000433,SO-100432,2026-04-28,2026-04-28T14:09:00+00:00,CUS-005,Lone Star Orthopedic Network,IDN,TX,South Central,REP-018,TRI-KNEE-CR-04,Triathlon Knee,Total knee arthroplasty,2,4380.00,8760.00,0.1800,1576.80,7183.20,4527.60,2655.60,USD,Direct,AGR-ORTHO-26-338,CPO-005-2026-0011,SI-880432,OPEN,2026-04-29T17:09:00+00:00
TXN-000434,SO-100433,2025-11-30,2025-11-30T14:10:00+00:00,CUS-012,New England Sports Medicine,Hospital,MA,Northeast,REP-040,SPN-CAGE-LORD,Spine Interbody,Lumbar fusion,4,5260.00,21040.00,0.1350,2840.40,18199.60,11158.80,7040.80,USD,Direct,AGR-ORTHO-26-317,CPO-012-2025-0012,SI-880433,PAID,2025-12-02T17:10:00+00:00
TXN-000435,SO-100434,2025-11-13,2025-11-13T14:11:00+00:00,CUS-012,New England Sports Medicine,Hospital,MA,Northeast,REP-034,TRI-KNEE-PS-05,Triathlon Knee,Total knee arthroplasty,2,4921.50,9843.00,0.1300,1279.59,8563.41,5080.00,3483.41,USD,ASC Program,AGR-ORTHO-26-317,CPO-012-2025-0013,SI-880434,PAID,2025-11-13T17:11:00+00:00
TXN-000436,SO-100435,2026-03-04,2026-03-04T14:12:00+00:00,CUS-009,Northwest Specialty Distribution,Distributor,WA,West,REP-026,TRI-KNEE-PS-05,Triathlon Knee,Total knee arthroplasty,4,4873.25,19493.00,0.2400,4678.32,14814.68,10160.00,4654.68,USD,Direct,AGR-ORTHO-26-331,CPO-009-2026-0014,SI-880435,OPEN,2026-03-04T17:12:00+00:00
TXN-000437,SO-100436,2026-05-12,2026-05-12T14:13:00+00:00,CUS-005,Lone Star Orthopedic Network,IDN,TX,South Central,REP-015,MAKO-HIP-KIT,Robotic Procedure Kit,Robotic-assisted hip,1,1465.10,1465.10,0.1900,278.37,1186.73,625.00,561.73,USD,Direct,AGR-ORTHO-26-338,CPO-005-2026-0015,SI-880436,PAID,2026-05-12T17:13:00+00:00
TXN-000438,SO-100437,2026-03-12,2026-03-12T14:14:00+00:00,CUS-010,Prairie Orthopedics Cooperative,IDN,IL,Midwest,REP-031,SOM-PLATE-8H,Trauma Plating,Trauma fixation,1,866.25,866.25,0.2000,173.25,693.00,357.70,335.30,USD,Direct,AGR-ORTHO-26-338,CPO-010-2026-0016,SI-880437,PARTIALLY_PAID,2026-03-12T17:14:00+00:00
TXN-000439,SO-100438,2026-02-08,2026-02-08T14:15:00+00:00,CUS-008,Gulf Coast Trauma Hospital,Hospital,FL,Southeast,REP-026,SOM-SCREW-45,Trauma Plating,Trauma fixation,3,148.92,446.76,0.1300,58.08,388.68,126.00,262.68,USD,Direct,AGR-ORTHO-26-324,CPO-008-2026-0017,SI-880438,PAID,2026-02-08T17:15:00+00:00
TXN-000440,SO-100439,2026-03-30,2026-03-30T14:16:00+00:00,CUS-007,Front Range Medical Center,Hospital,CO,Mountain,REP-024,REV-FEM-STEM-12,Revision Hip,Revision arthroplasty,2,6291.60,12583.20,0.1350,1698.73,10884.47,6850.20,4034.27,USD,Direct,AGR-ORTHO-26-317,CPO-007-2026-0018,SI-880439,PAID,2026-03-31T17:16:00+00:00
TXN-000441,SO-100440,2026-03-26,2026-03-26T14:17:00+00:00,CUS-009,Northwest Specialty Distribution,Distributor,WA,West,REP-031,TRI-KNEE-CR-04,Triathlon Knee,Total knee arthroplasty,2,4336.20,8672.40,0.2400,2081.38,6591.02,4620.00,1971.02,USD,Direct,AGR-ORTHO-26-331,CPO-009-2026-0019,SI-880440,PAID,2026-03-26T17:17:00+00:00
TXN-000442,SO-100441,2025-12-27,2025-12-27T14:18:00+00:00,CUS-003,Great Lakes University Hospital,Academic Medical Center,OH,Midwest,REP-007,TRI-KNEE-PS-05,Triathlon Knee,Total knee arthroplasty,2,4776.75,9553.50,0.1700,1624.10,7929.40,4978.40,2951.00,USD,Direct,AGR-ORTHO-26-324,CPO-003-2025-0020,SI-880441,OPEN,2025-12-28T17:18:00+00:00
TXN-000443,SO-100442,2025-11-20,2025-11-20T14:19:00+00:00,CUS-012,New England Sports Medicine,Hospital,MA,Northeast,REP-035,MAKO-KNEE-KIT,Robotic Procedure Kit,Robotic-assisted knee,5,1640.00,8200.00,0.1300,1066.00,7134.00,3381.00,3753.00,USD,Direct,AGR-ORTHO-26-317,CPO-012-2025-0021,SI-880442,OPEN,2025-11-20T17:19:00+00:00
TXN-000444,SO-100443,2026-01-24,2026-01-24T14:20:00+00:00,CUS-003,Great Lakes University Hospital,Academic Medical Center,OH,Midwest,REP-009,MAKO-KNEE-KIT,Robotic Procedure Kit,Robotic-assisted knee,3,1623.60,4870.80,0.1750,852.39,4018.41,2028.60,1989.81,USD,Distributor,AGR-ORTHO-26-324,CPO-003-2026-0022,SI-880443,PAID,2026-01-24T17:20:00+00:00
TXN-000445,SO-100444,2026-05-07,2026-05-07T14:21:00+00:00,CUS-004,Blue Ridge Joint Institute,Hospital,NC,Southeast,REP-013,TRI-KNEE-CR-04,Triathlon Knee,Total knee arthroplasty,1,4380.00,4380.00,0.1400,613.20,3766.80,2310.00,1456.80,USD,Direct,AGR-ORTHO-26-331,CPO-004-2026-0023,SI-880444,OPEN,2026-05-07T17:21:00+00:00
TXN-000446,SO-100445,2026-06-18,2026-06-18T14:22:00+00:00,CUS-003,Great Lakes University Hospital,Academic Medical Center,OH,Midwest,REP-011,TRI-KNEE-PS-05,Triathlon Knee,Total knee arthroplasty,1,4921.50,4921.50,0.1700,836.66,4084.84,2540.00,1544.84,USD,Direct,AGR-ORTHO-26-324,CPO-003-2026-0024,SI-880445,PAID,2026-06-18T17:22:00+00:00
TXN-000447,SO-100446,2026-02-10,2026-02-10T14:23:00+00:00,CUS-003,Great Lakes University Hospital,Academic Medical Center,OH,Midwest,REP-012,ACC-HIP-CUP-56,Acetabular System,Total hip arthroplasty,1,2975.00,2975.00,0.1750,520.63,2454.37,1458.24,996.13,USD,Direct,AGR-ORTHO-26-324,CPO-003-2026-0025,SI-880446,OPEN,2026-02-10T17:23:00+00:00
TXN-000448,SO-100447,2026-04-29,2026-04-29T14:24:00+00:00,CUS-012,New England Sports Medicine,Hospital,MA,Northeast,REP-040,MAKO-KNEE-KIT,Robotic Procedure Kit,Robotic-assisted knee,2,1607.20,3214.40,0.1650,530.38,2684.02,1352.40,1331.62,USD,ASC Program,AGR-ORTHO-26-317,CPO-012-2026-0026,SI-880447,PAID,2026-04-30T17:24:00+00:00
TXN-000449,SO-100448,2026-02-15,2026-02-15T14:25:00+00:00,CUS-006,Pacific Motion Surgery Partners,ASC,CA,West,REP-016,TRI-KNEE-PS-05,Triathlon Knee,Total knee arthroplasty,1,4825.00,4825.00,0.1100,530.75,4294.25,2489.20,1805.05,USD,Direct,AGR-ORTHO-26-310,CPO-006-2026-0027,SI-880448,PAID,2026-02-15T17:25:00+00:00
TXN-000450,SO-100449,2026-05-23,2026-05-23T14:26:00+00:00,CUS-005,Lone Star Orthopedic Network,IDN,TX,South Central,REP-014,TRI-KNEE-CR-04,Triathlon Knee,Total knee arthroplasty,3,4380.00,13140.00,0.1800,2365.20,10774.80,6930.00,3844.80,USD,Direct,AGR-ORTHO-26-338,CPO-005-2026-0028,SI-880449,OPEN,2026-05-23T17:26:00+00:00
TXN-000451,SO-100450,2026-04-13,2026-04-13T14:27:00+00:00,CUS-011,Desert Ridge Ambulatory Surgery,ASC,AZ,Mountain,REP-033,REV-FEM-STEM-12,Revision Hip,Revision arthroplasty,1,6355.80,6355.80,0.1150,730.92,5624.88,3495.00,2129.88,USD,Distributor,AGR-ORTHO-26-310,CPO-011-2026-0029,SI-880450,PAID,2026-04-15T17:27:00+00:00
TXN-000452,SO-100451,2026-02-12,2026-02-12T14:28:00+00:00,CUS-010,Prairie Orthopedics Cooperative,IDN,IL,Midwest,REP-031,TRI-KNEE-PS-05,Triathlon Knee,Total knee arthroplasty,1,4728.50,4728.50,0.1900,898.42,3830.08,2540.00,1290.08,USD,Direct,AGR-ORTHO-26-338,CPO-010-2026-0030,SI-880451,OPEN,2026-02-14T17:28:00+00:00
TXN-000453,SO-100452,2026-06-13,2026-06-13T14:29:00+00:00,CUS-002,Hudson Valley Surgical Center,ASC,NY,Northeast,REP-008,TRI-KNEE-PS-05,Triathlon Knee,Total knee arthroplasty,1,4921.50,4921.50,0.1200,590.58,4330.92,2540.00,1790.92,USD,Direct,AGR-ORTHO-26-317,CPO-002-2026-0031,SI-880452,PAID,2026-06-15T17:29:00+00:00
TXN-000454,SO-100453,2026-05-31,2026-05-31T14:30:00+00:00,CUS-002,Hudson Valley Surgical Center,ASC,NY,Northeast,REP-009,REV-FEM-STEM-12,Revision Hip,Revision arthroplasty,1,6355.80,6355.80,0.1150,730.92,5624.88,3564.90,2059.98,USD,Direct,AGR-ORTHO-26-317,CPO-002-2026-0032,SI-880453,PAID,2026-05-31T17:30:00+00:00
TXN-000455,SO-100454,2026-02-23,2026-02-23T14:31:00+00:00,CUS-006,Pacific Motion Surgery Partners,ASC,CA,West,REP-022,ACC-HIP-LIN-36,Acetabular System,Total hip arthroplasty,3,1180.00,3540.00,0.1000,354.00,3186.00,1590.00,1596.00,USD,Direct,AGR-ORTHO-26-310,CPO-006-2026-0033,SI-880454,PAID,2026-02-24T17:31:00+00:00
TXN-000456,SO-100455,2025-11-27,2025-11-27T14:32:00+00:00,CUS-011,Desert Ridge Ambulatory Surgery,ASC,AZ,Mountain,REP-031,MAKO-KNEE-KIT,Robotic Procedure Kit,Robotic-assisted knee,3,1656.40,4969.20,0.1100,546.61,4422.59,2111.40,2311.19,USD,Direct,AGR-ORTHO-26-310,CPO-011-2025-0034,SI-880455,OPEN,2025-11-27T17:32:00+00:00
TXN-000457,SO-100456,2026-02-21,2026-02-21T14:33:00+00:00,CUS-010,Prairie Orthopedics Cooperative,IDN,IL,Midwest,REP-029,ACC-HIP-CUP-56,Acetabular System,Total hip arthroplasty,2,2915.50,5831.00,0.1800,1049.58,4781.42,2916.48,1864.94,USD,Distributor,AGR-ORTHO-26-338,CPO-010-2026-0035,SI-880456,PAID,2026-02-23T17:33:00+00:00
TXN-000458,SO-100457,2026-02-26,2026-02-26T14:34:00+00:00,CUS-006,Pacific Motion Surgery Partners,ASC,CA,West,REP-018,REV-FEM-STEM-12,Revision Hip,Revision arthroplasty,1,6420.00,6420.00,0.1100,706.20,5713.80,3495.00,2218.80,USD,ASC Program,AGR-ORTHO-26-310,CPO-006-2026-0036,SI-880457,OPEN,2026-02-26T17:34:00+00:00
TXN-000459,SO-100458,2026-04-17,2026-04-17T14:35:00+00:00,CUS-008,Gulf Coast Trauma Hospital,Hospital,FL,Southeast,REP-025,TRI-KNEE-CR-04,Triathlon Knee,Total knee arthroplasty,1,4336.20,4336.20,0.1200,520.34,3815.86,2310.00,1505.86,USD,Direct,AGR-ORTHO-26-324,CPO-008-2026-0037,SI-880458,OPEN,2026-04-19T17:35:00+00:00
TXN-000460,SO-100459,2026-03-25,2026-03-25T14:36:00+00:00,CUS-003,Great Lakes University Hospital,Academic Medical Center,OH,Midwest,REP-011,TRI-KNEE-PS-05,Triathlon Knee,Total knee arthroplasty,1,4776.75,4776.75,0.1700,812.05,3964.70,2489.20,1475.50,USD,Distributor,AGR-ORTHO-26-324,CPO-003-2026-0038,SI-880459,OPEN,2026-03-27T17:36:00+00:00
TXN-000461,SO-100460,2026-01-28,2026-01-28T14:37:00+00:00,CUS-011,Desert Ridge Ambulatory Surgery,ASC,AZ,Mountain,REP-036,MAKO-HIP-KIT,Robotic Procedure Kit,Robotic-assisted hip,3,1509.95,4529.85,0.1100,498.28,4031.57,1875.00,2156.57,USD,Direct,AGR-ORTHO-26-310,CPO-011-2026-0039,SI-880460,PAID,2026-01-30T17:37:00+00:00
TXN-000462,SO-100461,2026-04-04,2026-04-04T14:38:00+00:00,CUS-005,Lone Star Orthopedic Network,IDN,TX,South Central,REP-019,SOM-PLATE-8H,Trauma Plating,Trauma fixation,2,875.00,1750.00,0.1900,332.50,1417.50,730.00,687.50,USD,Direct,AGR-ORTHO-26-338,CPO-005-2026-0040,SI-880461,PAID,2026-04-06T17:38:00+00:00
TXN-000463,SO-100462,2026-05-03,2026-05-03T14:39:00+00:00,CUS-009,Northwest Specialty Distribution,Distributor,WA,West,REP-025,SPN-CAGE-LORD,Spine Interbody,Lumbar fusion,1,5207.40,5207.40,0.2500,1301.85,3905.55,2735.00,1170.55,USD,Direct,AGR-ORTHO-26-331,CPO-009-2026-0041,SI-880462,OPEN,2026-05-05T17:39:00+00:00
TXN-000464,SO-100463,2026-06-21,2026-06-21T14:40:00+00:00,CUS-001,Atlantic Ortho Alliance,IDN,PA,Northeast,REP-002,SOM-SCREW-45,Trauma Plating,Trauma fixation,1,144.54,144.54,0.1800,26.02,118.52,42.00,76.52,USD,Direct,AGR-ORTHO-26-310,CPO-001-2026-0042,SI-880463,OPEN,2026-06-23T17:40:00+00:00
TXN-000465,SO-100464,2026-03-10,2026-03-10T14:41:00+00:00,CUS-010,Prairie Orthopedics Cooperative,IDN,IL,Midwest,REP-030,TRI-KNEE-PS-05,Triathlon Knee,Total knee arthroplasty,2,4873.25,9746.50,0.1900,1851.84,7894.66,5181.60,2713.06,USD,Distributor,AGR-ORTHO-26-338,CPO-010-2026-0043,SI-880464,OPEN,2026-03-10T17:41:00+00:00
TXN-000466,SO-100465,2025-12-10,2025-12-10T14:42:00+00:00,CUS-006,Pacific Motion Surgery Partners,ASC,CA,West,REP-019,MAKO-KNEE-KIT,Robotic Procedure Kit,Robotic-assisted knee,1,1672.80,1672.80,0.1000,167.28,1505.52,690.00,815.52,USD,Direct,AGR-ORTHO-26-310,CPO-006-2025-0044,SI-880465,PAID,2025-12-10T17:42:00+00:00
TXN-000467,SO-100466,2026-02-02,2026-02-02T14:43:00+00:00,CUS-002,Hudson Valley Surgical Center,ASC,NY,Northeast,REP-008,TRI-KNEE-CR-04,Triathlon Knee,Total knee arthroplasty,2,4292.40,8584.80,0.1150,987.25,7597.55,4712.40,2885.15,USD,Direct,AGR-ORTHO-26-317,CPO-002-2026-0045,SI-880466,OPEN,2026-02-02T17:43:00+00:00
TXN-000468,SO-100467,2026-02-21,2026-02-21T14:44:00+00:00,CUS-001,Atlantic Ortho Alliance,IDN,PA,Northeast,REP-006,ACC-HIP-LIN-36,Acetabular System,Total hip arthroplasty,2,1168.20,2336.40,0.1900,443.92,1892.48,1060.00,832.48,USD,Direct,AGR-ORTHO-26-310,CPO-001-2026-0046,SI-880467,PAID,2026-02-23T17:44:00+00:00
TXN-000469,SO-100468,2026-05-13,2026-05-13T14:45:00+00:00,CUS-010,Prairie Orthopedics Cooperative,IDN,IL,Midwest,REP-034,TRI-KNEE-PS-05,Triathlon Knee,Total knee arthroplasty,1,4825.00,4825.00,0.1950,940.88,3884.12,2540.00,1344.12,USD,Distributor,AGR-ORTHO-26-338,CPO-010-2026-0047,SI-880468,PAID,2026-05-14T17:45:00+00:00
TXN-000470,SO-100469,2026-04-23,2026-04-23T14:46:00+00:00,CUS-004,Blue Ridge Joint Institute,Hospital,NC,Southeast,REP-010,ACC-HIP-CUP-56,Acetabular System,Total hip arthroplasty,1,2915.50,2915.50,0.1300,379.02,2536.48,1488.00,1048.48,USD,ASC Program,AGR-ORTHO-26-331,CPO-004-2026-0048,SI-880469,PAID,2026-04-23T17:46:00+00:00
TXN-000471,SO-100470,2026-02-11,2026-02-11T14:00:00+00:00,CUS-006,Pacific Motion Surgery Partners,ASC,CA,West,REP-017,TRI-KNEE-CR-04,Triathlon Knee,Total knee arthroplasty,2,4380.00,8760.00,0.1150,1007.40,7752.60,4527.60,3225.00,USD,Direct,AGR-ORTHO-26-310,CPO-006-2026-0049,SI-880470,PAID,2026-02-12T17:00:00+00:00
TXN-000472,SO-100471,2026-04-18,2026-04-18T14:01:00+00:00,CUS-006,Pacific Motion Surgery Partners,ASC,CA,West,REP-018,SOM-SCREW-45,Trauma Plating,Trauma fixation,1,144.54,144.54,0.1000,14.45,130.09,41.16,88.93,USD,ASC Program,AGR-ORTHO-26-310,CPO-006-2026-0050,SI-880471,OPEN,2026-04-20T17:01:00+00:00
TXN-000473,SO-100472,2025-11-15,2025-11-15T14:02:00+00:00,CUS-006,Pacific Motion Surgery Partners,ASC,CA,West,REP-019,MAKO-HIP-KIT,Robotic Procedure Kit,Robotic-assisted hip,8,1495.00,11960.00,0.1100,1315.60,10644.40,5000.00,5644.40,USD,Direct,AGR-ORTHO-26-310,CPO-006-2025-0051,SI-880472,PAID,2025-11-16T17:02:00+00:00
TXN-000474,SO-100473,2026-04-13,2026-04-13T14:03:00+00:00,CUS-002,Hudson Valley Surgical Center,ASC,NY,Northeast,REP-008,MAKO-HIP-KIT,Robotic Procedure Kit,Robotic-assisted hip,1,1465.10,1465.10,0.1450,212.44,1252.66,637.50,615.16,USD,Direct,AGR-ORTHO-26-317,CPO-002-2026-0052,SI-880473,PAID,2026-04-15T17:03:00+00:00
TXN-000475,SO-100474,2025-12-10,2025-12-10T14:04:00+00:00,CUS-002,Hudson Valley Surgical Center,ASC,NY,Northeast,REP-009,TRI-KNEE-CR-04,Triathlon Knee,Total knee arthroplasty,3,4292.40,12877.20,0.1200,1545.26,11331.94,6930.00,4401.94,USD,Direct,AGR-ORTHO-26-317,CPO-002-2025-0053,SI-880474,OPEN,2025-12-10T17:04:00+00:00
TXN-000476,SO-100475,2026-01-03,2026-01-03T14:05:00+00:00,CUS-008,Gulf Coast Trauma Hospital,Hospital,FL,Southeast,REP-028,TRI-KNEE-PS-05,Triathlon Knee,Total knee arthroplasty,1,4728.50,4728.50,0.1400,661.99,4066.51,2540.00,1526.51,USD,Direct,AGR-ORTHO-26-324,CPO-008-2026-0054,SI-880475,PAID,2026-01-04T17:05:00+00:00
TXN-000477,SO-100476,2026-03-10,2026-03-10T14:06:00+00:00,CUS-003,Great Lakes University Hospital,Academic Medical Center,OH,Midwest,REP-007,ACC-HIP-LIN-36,Acetabular System,Total hip arthroplasty,1,1156.40,1156.40,0.1700,196.59,959.81,530.00,429.81,USD,Direct,AGR-ORTHO-26-324,CPO-003-2026-0055,SI-880476,OPEN,2026-03-10T17:06:00+00:00
TXN-000478,SO-100477,2025-11-11,2025-11-11T14:07:00+00:00,CUS-007,Front Range Medical Center,Hospital,CO,Mountain,REP-020,TRI-KNEE-PS-05,Triathlon Knee,Total knee arthroplasty,5,4921.50,24607.50,0.1200,2952.90,21654.60,12954.00,8700.60,USD,Distributor,AGR-ORTHO-26-317,CPO-007-2025-0056,SI-880477,PAID,2025-11-13T17:07:00+00:00
TXN-000479,SO-100478,2026-03-20,2026-03-20T14:08:00+00:00,CUS-002,Hudson Valley Surgical Center,ASC,NY,Northeast,REP-006,REV-FEM-STEM-12,Revision Hip,Revision arthroplasty,3,6420.00,19260.00,0.1100,2118.60,17141.40,10485.00,6656.40,USD,Distributor,AGR-ORTHO-26-317,CPO-002-2026-0057,SI-880478,PAID,2026-03-22T17:08:00+00:00
TXN-000480,SO-100479,2026-01-06,2026-01-06T14:09:00+00:00,CUS-008,Gulf Coast Trauma Hospital,Hospital,FL,Southeast,REP-025,TRI-KNEE-CR-04,Triathlon Knee,Total knee arthroplasty,1,4467.60,4467.60,0.1400,625.46,3842.14,2263.80,1578.34,USD,Distributor,AGR-ORTHO-26-324,CPO-008-2026-0058,SI-880479,PAID,2026-01-07T17:09:00+00:00
TXN-000481,SO-100480,2026-03-24,2026-03-24T14:10:00+00:00,CUS-001,Atlantic Ortho Alliance,IDN,PA,Northeast,REP-005,TRI-KNEE-PS-05,Triathlon Knee,Total knee arthroplasty,2,4873.25,9746.50,0.1800,1754.37,7992.13,5080.00,2912.13,USD,Direct,AGR-ORTHO-26-310,CPO-001-2026-0059,SI-880480,OPEN,2026-03-24T17:10:00+00:00
TXN-000482,SO-100481,2025-12-08,2025-12-08T14:11:00+00:00,CUS-001,Atlantic Ortho Alliance,IDN,PA,Northeast,REP-006,MAKO-HIP-KIT,Robotic Procedure Kit,Robotic-assisted hip,1,1495.00,1495.00,0.1950,291.53,1203.47,637.50,565.97,USD,Direct,AGR-ORTHO-26-310,CPO-001-2025-0060,SI-880481,OPEN,2025-12-10T17:11:00+00:00
TXN-000483,SO-100482,2026-03-06,2026-03-06T14:12:00+00:00,CUS-005,Lone Star Orthopedic Network,IDN,TX,South Central,REP-019,ACC-HIP-CUP-56,Acetabular System,Total hip arthroplasty,4,2975.00,11900.00,0.1800,2142.00,9758.00,5952.00,3806.00,USD,ASC Program,AGR-ORTHO-26-338,CPO-005-2026-0061,SI-880482,OPEN,2026-03-07T17:12:00+00:00
TXN-000484,SO-100483,2026-03-11,2026-03-11T14:13:00+00:00,CUS-001,Atlantic Ortho Alliance,IDN,PA,Northeast,REP-001,ACC-HIP-LIN-36,Acetabular System,Total hip arthroplasty,4,1191.80,4767.20,0.1900,905.77,3861.43,2120.00,1741.43,USD,Direct,AGR-ORTHO-26-310,CPO-001-2026-0062,SI-880483,PAID,2026-03-12T17:13:00+00:00
TXN-000485,SO-100484,2026-05-25,2026-05-25T14:14:00+00:00,CUS-001,Atlantic Ortho Alliance,IDN,PA,Northeast,REP-002,SPN-CAGE-LORD,Spine Interbody,Lumbar fusion,2,5260.00,10520.00,0.1900,1998.80,8521.20,5579.40,2941.80,USD,Direct,AGR-ORTHO-26-310,CPO-001-2026-0063,SI-880484,OPEN,2026-05-27T17:14:00+00:00
TXN-000486,SO-100485,2026-04-24,2026-04-24T14:15:00+00:00,CUS-012,New England Sports Medicine,Hospital,MA,Northeast,REP-036,SOM-PLATE-8H,Trauma Plating,Trauma fixation,2,857.50,1715.00,0.1750,300.13,1414.87,730.00,684.87,USD,Distributor,AGR-ORTHO-26-317,CPO-012-2026-0064,SI-880485,OPEN,2026-04-25T17:15:00+00:00
TXN-000487,SO-100486,2026-03-01,2026-03-01T14:16:00+00:00,CUS-009,Northwest Specialty Distribution,Distributor,WA,West,REP-028,TRI-KNEE-PS-05,Triathlon Knee,Total knee arthroplasty,2,4728.50,9457.00,0.2500,2364.25,7092.75,5080.00,2012.75,USD,Direct,AGR-ORTHO-26-331,CPO-009-2026-0065,SI-880486,PARTIALLY_PAID,2026-03-02T17:16:00+00:00
TXN-000488,SO-100487,2026-01-19,2026-01-19T14:17:00+00:00,CUS-006,Pacific Motion Surgery Partners,ASC,CA,West,REP-020,ACC-HIP-CUP-56,Acetabular System,Total hip arthroplasty,1,3034.50,3034.50,0.1100,333.80,2700.70,1488.00,1212.70,USD,Direct,AGR-ORTHO-26-310,CPO-006-2026-0066,SI-880487,PAID,2026-01-19T17:17:00+00:00
TXN-000489,SO-100488,2026-03-19,2026-03-19T14:18:00+00:00,CUS-003,Great Lakes University Hospital,Academic Medical Center,OH,Midwest,REP-012,TRI-KNEE-PS-05,Triathlon Knee,Total knee arthroplasty,1,4728.50,4728.50,0.1700,803.85,3924.65,2540.00,1384.65,USD,Direct,AGR-ORTHO-26-324,CPO-003-2026-0067,SI-880488,PAID,2026-03-21T17:18:00+00:00
TXN-000490,SO-100489,2026-02-07,2026-02-07T14:19:00+00:00,CUS-010,Prairie Orthopedics Cooperative,IDN,IL,Midwest,REP-034,TRI-KNEE-CR-04,Triathlon Knee,Total knee arthroplasty,5,4292.40,21462.00,0.1900,4077.78,17384.22,11781.00,5603.22,USD,Distributor,AGR-ORTHO-26-338,CPO-010-2026-0068,SI-880489,PAID,2026-02-07T17:19:00+00:00
TXN-000491,SO-100490,2025-11-27,2025-11-27T14:20:00+00:00,CUS-007,Front Range Medical Center,Hospital,CO,Mountain,REP-019,SOM-PLATE-8H,Trauma Plating,Trauma fixation,2,875.00,1750.00,0.1300,227.50,1522.50,730.00,792.50,USD,Direct,AGR-ORTHO-26-317,CPO-007-2025-0069,SI-880490,PAID,2025-11-29T17:20:00+00:00
TXN-000492,SO-100491,2026-03-03,2026-03-03T14:21:00+00:00,CUS-002,Hudson Valley Surgical Center,ASC,NY,Northeast,REP-005,MAKO-KNEE-KIT,Robotic Procedure Kit,Robotic-assisted knee,1,1640.00,1640.00,0.1200,196.80,1443.20,703.80,739.40,USD,Direct,AGR-ORTHO-26-317,CPO-002-2026-0070,SI-880491,PARTIALLY_PAID,2026-03-04T17:21:00+00:00
TXN-000493,SO-100492,2025-11-29,2025-11-29T14:22:00+00:00,CUS-002,Hudson Valley Surgical Center,ASC,NY,Northeast,REP-006,SPN-CAGE-LORD,Spine Interbody,Lumbar fusion,1,5312.60,5312.60,0.1150,610.95,4701.65,2789.70,1911.95,USD,Direct,AGR-ORTHO-26-317,CPO-002-2025-0071,SI-880492,PAID,2025-11-29T17:22:00+00:00
TXN-000494,SO-100493,2026-05-21,2026-05-21T14:23:00+00:00,CUS-002,Hudson Valley Surgical Center,ASC,NY,Northeast,REP-007,TRI-KNEE-CR-04,Triathlon Knee,Total knee arthroplasty,1,4423.80,4423.80,0.1000,442.38,3981.42,2263.80,1717.62,USD,Direct,AGR-ORTHO-26-317,CPO-002-2026-0072,SI-880493,PAID,2026-05-21T17:23:00+00:00
TXN-000495,SO-100494,2026-06-12,2026-06-12T14:24:00+00:00,CUS-007,Front Range Medical Center,Hospital,CO,Mountain,REP-023,ACC-HIP-CUP-56,Acetabular System,Total hip arthroplasty,4,3034.50,12138.00,0.1300,1577.94,10560.06,5952.00,4608.06,USD,Direct,AGR-ORTHO-26-317,CPO-007-2026-0073,SI-880494,PAID,2026-06-12T17:24:00+00:00
TXN-000496,SO-100495,2026-04-16,2026-04-16T14:25:00+00:00,CUS-010,Prairie Orthopedics Cooperative,IDN,IL,Midwest,REP-033,TRI-KNEE-PS-05,Triathlon Knee,Total knee arthroplasty,2,4873.25,9746.50,0.1900,1851.84,7894.66,5080.00,2814.66,USD,Direct,AGR-ORTHO-26-338,CPO-010-2026-0074,SI-880495,PAID,2026-04-16T17:25:00+00:00
TXN-000497,SO-100496,2026-04-08,2026-04-08T14:26:00+00:00,CUS-004,Blue Ridge Joint Institute,Hospital,NC,Southeast,REP-016,SOM-SCREW-45,Trauma Plating,Trauma fixation,1,146.00,146.00,0.1300,18.98,127.02,41.16,85.86,USD,Direct,AGR-ORTHO-26-331,CPO-004-2026-0075,SI-880496,PAID,2026-04-08T17:26:00+00:00
TXN-000498,SO-100497,2026-04-21,2026-04-21T14:27:00+00:00,CUS-006,Pacific Motion Surgery Partners,ASC,CA,West,REP-016,SOM-SCREW-45,Trauma Plating,Trauma fixation,1,143.08,143.08,0.1000,14.31,128.77,41.16,87.61,USD,Direct,AGR-ORTHO-26-310,CPO-006-2026-0076,SI-880497,PAID,2026-04-22T17:27:00+00:00
TXN-000499,SO-100498,2025-12-13,2025-12-13T14:28:00+00:00,CUS-007,Front Range Medical Center,Hospital,CO,Mountain,REP-020,ACC-HIP-CUP-56,Acetabular System,Total hip arthroplasty,3,3034.50,9103.50,0.1400,1274.49,7829.01,4553.28,3275.73,USD,Direct,AGR-ORTHO-26-317,CPO-007-2025-0077,SI-880498,OPEN,2025-12-13T17:28:00+00:00
TXN-000500,SO-100499,2026-03-27,2026-03-27T14:29:00+00:00,CUS-009,Northwest Specialty Distribution,Distributor,WA,West,REP-027,MAKO-KNEE-KIT,Robotic Procedure Kit,Robotic-assisted knee,3,1672.80,5018.40,0.2300,1154.23,3864.17,2111.40,1752.77,USD,Direct,AGR-ORTHO-26-331,CPO-009-2026-0078,SI-880499,PAID,2026-03-28T17:29:00+00:00
TXN-000501,SO-100500,2026-04-18,2026-04-18T14:30:00+00:00,CUS-006,Pacific Motion Surgery Partners,ASC,CA,West,REP-019,ACC-HIP-CUP-56,Acetabular System,Total hip arthroplasty,2,3034.50,6069.00,0.1200,728.28,5340.72,2976.00,2364.72,USD,Direct,AGR-ORTHO-26-310,CPO-006-2026-0079,SI-880500,PAID,2026-04-19T17:30:00+00:00
TXN-000502,SO-100501,2026-02-10,2026-02-10T14:31:00+00:00,CUS-010,Prairie Orthopedics Cooperative,IDN,IL,Midwest,REP-032,TRI-KNEE-PS-05,Triathlon Knee,Total knee arthroplasty,8,4728.50,37828.00,0.1900,7187.32,30640.68,20726.40,9914.28,USD,Direct,AGR-ORTHO-26-338,CPO-010-2026-0080,SI-880501,PAID,2026-02-11T17:31:00+00:00
TXN-000503,SO-100502,2026-04-23,2026-04-23T14:32:00+00:00,CUS-005,Lone Star Orthopedic Network,IDN,TX,South Central,REP-018,MAKO-KNEE-KIT,Robotic Procedure Kit,Robotic-assisted knee,2,1640.00,3280.00,0.1900,623.20,2656.80,1352.40,1304.40,USD,Direct,AGR-ORTHO-26-338,CPO-005-2026-0081,SI-880502,PAID,2026-04-24T17:32:00+00:00
TXN-000504,SO-100503,2026-05-02,2026-05-02T14:33:00+00:00,CUS-010,Prairie Orthopedics Cooperative,IDN,IL,Midwest,REP-034,TRI-KNEE-CR-04,Triathlon Knee,Total knee arthroplasty,1,4336.20,4336.20,0.1900,823.88,3512.32,2310.00,1202.32,USD,Direct,AGR-ORTHO-26-338,CPO-010-2026-0082,SI-880503,PAID,2026-05-04T17:33:00+00:00
TXN-000505,SO-100504,2026-05-09,2026-05-09T14:34:00+00:00,CUS-004,Blue Ridge Joint Institute,Hospital,NC,Southeast,REP-010,MAKO-KNEE-KIT,Robotic Procedure Kit,Robotic-assisted knee,2,1656.40,3312.80,0.1400,463.79,2849.01,1407.60,1441.41,USD,Direct,AGR-ORTHO-26-331,CPO-004-2026-0083,SI-880504,PAID,2026-05-09T17:34:00+00:00
TXN-000506,SO-100505,2026-06-11,2026-06-11T14:35:00+00:00,CUS-012,New England Sports Medicine,Hospital,MA,Northeast,REP-035,ACC-HIP-CUP-56,Acetabular System,Total hip arthroplasty,5,2915.50,14577.50,0.1200,1749.30,12828.20,7440.00,5388.20,USD,ASC Program,AGR-ORTHO-26-317,CPO-012-2026-0084,SI-880505,OPEN,2026-06-11T17:35:00+00:00
TXN-000507,SO-100506,2026-05-18,2026-05-18T14:36:00+00:00,CUS-005,Lone Star Orthopedic Network,IDN,TX,South Central,REP-015,MAKO-KNEE-KIT,Robotic Procedure Kit,Robotic-assisted knee,2,1656.40,3312.80,0.1950,646.00,2666.80,1407.60,1259.20,USD,Direct,AGR-ORTHO-26-338,CPO-005-2026-0085,SI-880506,PARTIALLY_PAID,2026-05-18T17:36:00+00:00
TXN-000508,SO-100507,2026-05-27,2026-05-27T14:37:00+00:00,CUS-001,Atlantic Ortho Alliance,IDN,PA,Northeast,REP-004,TRI-KNEE-CR-04,Triathlon Knee,Total knee arthroplasty,1,4423.80,4423.80,0.1900,840.52,3583.28,2356.20,1227.08,USD,Direct,AGR-ORTHO-26-310,CPO-001-2026-0086,SI-880507,OPEN,2026-05-27T17:37:00+00:00
TXN-000509,SO-100508,2025-11-14,2025-11-14T14:38:00+00:00,CUS-010,Prairie Orthopedics Cooperative,IDN,IL,Midwest,REP-032,MAKO-KNEE-KIT,Robotic Procedure Kit,Robotic-assisted knee,1,1607.20,1607.20,0.1800,289.30,1317.90,690.00,627.90,USD,Direct,AGR-ORTHO-26-338,CPO-010-2025-0087,SI-880508,PAID,2025-11-14T17:38:00+00:00
TXN-000510,SO-100509,2026-03-13,2026-03-13T14:39:00+00:00,CUS-002,Hudson Valley Surgical Center,ASC,NY,Northeast,REP-009,MAKO-KNEE-KIT,Robotic Procedure Kit,Robotic-assisted knee,2,1672.80,3345.60,0.1000,334.56,3011.04,1380.00,1631.04,USD,ASC Program,AGR-ORTHO-26-317,CPO-002-2026-0088,SI-880509,PAID,2026-03-14T17:39:00+00:00
TXN-000511,SO-100510,2026-02-19,2026-02-19T14:40:00+00:00,CUS-003,Great Lakes University Hospital,Academic Medical Center,OH,Midwest,REP-013,SOM-PLATE-8H,Trauma Plating,Trauma fixation,3,883.75,2651.25,0.1800,477.23,2174.02,1095.00,1079.02,USD,Direct,AGR-ORTHO-26-324,CPO-003-2026-0089,SI-880510,PAID,2026-02-19T17:40:00+00:00
TXN-000512,SO-100511,2026-05-25,2026-05-25T14:41:00+00:00,CUS-003,Great Lakes University Hospital,Academic Medical Center,OH,Midwest,REP-007,SPN-CAGE-LORD,Spine Interbody,Lumbar fusion,1,5260.00,5260.00,0.1800,946.80,4313.20,2735.00,1578.20,USD,Direct,AGR-ORTHO-26-324,CPO-003-2026-0090,SI-880511,PAID,2026-05-25T17:41:00+00:00
TXN-000513,SO-100512,2026-03-26,2026-03-26T14:42:00+00:00,CUS-012,New England Sports Medicine,Hospital,MA,Northeast,REP-035,SOM-PLATE-8H,Trauma Plating,Trauma fixation,2,866.25,1732.50,0.1300,225.23,1507.27,715.40,791.87,USD,Direct,AGR-ORTHO-26-317,CPO-012-2026-0091,SI-880512,PAID,2026-03-26T17:42:00+00:00
TXN-000514,SO-100513,2026-03-21,2026-03-21T14:43:00+00:00,CUS-008,Gulf Coast Trauma Hospital,Hospital,FL,Southeast,REP-024,SOM-SCREW-45,Trauma Plating,Trauma fixation,1,144.54,144.54,0.1300,18.79,125.75,42.00,83.75,USD,Direct,AGR-ORTHO-26-324,CPO-008-2026-0092,SI-880513,PAID,2026-03-21T17:43:00+00:00
TXN-000515,SO-100514,2026-01-11,2026-01-11T14:44:00+00:00,CUS-008,Gulf Coast Trauma Hospital,Hospital,FL,Southeast,REP-025,ACC-HIP-LIN-36,Acetabular System,Total hip arthroplasty,5,1168.20,5841.00,0.1400,817.74,5023.26,2597.00,2426.26,USD,Direct,AGR-ORTHO-26-324,CPO-008-2026-0093,SI-880514,PAID,2026-01-11T17:44:00+00:00
TXN-000516,SO-100515,2026-01-08,2026-01-08T14:45:00+00:00,CUS-010,Prairie Orthopedics Cooperative,IDN,IL,Midwest,REP-032,MAKO-KNEE-KIT,Robotic Procedure Kit,Robotic-assisted knee,2,1640.00,3280.00,0.1900,623.20,2656.80,1380.00,1276.80,USD,Distributor,AGR-ORTHO-26-338,CPO-010-2026-0094,SI-880515,PAID,2026-01-10T17:45:00+00:00
TXN-000517,SO-100516,2026-03-09,2026-03-09T14:46:00+00:00,CUS-002,Hudson Valley Surgical Center,ASC,NY,Northeast,REP-009,MAKO-KNEE-KIT,Robotic Procedure Kit,Robotic-assisted knee,1,1640.00,1640.00,0.1200,196.80,1443.20,676.20,767.00,USD,ASC Program,AGR-ORTHO-26-317,CPO-002-2026-0095,SI-880516,PAID,2026-03-09T17:46:00+00:00
TXN-000518,SO-100517,2026-02-18,2026-02-18T14:00:00+00:00,CUS-012,New England Sports Medicine,Hospital,MA,Northeast,REP-040,ACC-HIP-CUP-56,Acetabular System,Total hip arthroplasty,4,2945.25,11781.00,0.1300,1531.53,10249.47,5952.00,4297.47,USD,Direct,AGR-ORTHO-26-317,CPO-012-2026-0096,SI-880517,PAID,2026-02-19T17:00:00+00:00
TXN-000519,SO-100518,2025-11-19,2025-11-19T14:01:00+00:00,CUS-001,Atlantic Ortho Alliance,IDN,PA,Northeast,REP-001,TRI-KNEE-CR-04,Triathlon Knee,Total knee arthroplasty,2,4380.00,8760.00,0.1900,1664.40,7095.60,4620.00,2475.60,USD,Direct,AGR-ORTHO-26-310,CPO-001-2025-0097,SI-880518,PAID,2025-11-19T17:01:00+00:00
TXN-000520,SO-100519,2026-05-14,2026-05-14T14:02:00+00:00,CUS-010,Prairie Orthopedics Cooperative,IDN,IL,Midwest,REP-029,TRI-KNEE-CR-04,Triathlon Knee,Total knee arthroplasty,5,4380.00,21900.00,0.1900,4161.00,17739.00,11550.00,6189.00,USD,Distributor,AGR-ORTHO-26-338,CPO-010-2026-0098,SI-880519,PAID,2026-05-15T17:02:00+00:00
TXN-000521,SO-100520,2026-01-31,2026-01-31T14:03:00+00:00,CUS-004,Blue Ridge Joint Institute,Hospital,NC,Southeast,REP-012,MAKO-HIP-KIT,Robotic Procedure Kit,Robotic-assisted hip,3,1509.95,4529.85,0.1400,634.18,3895.67,1837.50,2058.17,USD,Direct,AGR-ORTHO-26-331,CPO-004-2026-0099,SI-880520,PAID,2026-02-02T17:03:00+00:00
TXN-000522,SO-100521,2025-11-25,2025-11-25T14:04:00+00:00,CUS-010,Prairie Orthopedics Cooperative,IDN,IL,Midwest,REP-031,TRI-KNEE-PS-05,Triathlon Knee,Total knee arthroplasty,1,4825.00,4825.00,0.1950,940.88,3884.12,2590.80,1293.32,USD,Distributor,AGR-ORTHO-26-338,CPO-010-2025-0100,SI-880521,PAID,2025-11-27T17:04:00+00:00
TXN-000523,SO-100522,2026-01-31,2026-01-31T14:05:00+00:00,CUS-011,Desert Ridge Ambulatory Surgery,ASC,AZ,Mountain,REP-035,ACC-HIP-CUP-56,Acetabular System,Total hip arthroplasty,1,3034.50,3034.50,0.1100,333.80,2700.70,1488.00,1212.70,USD,Direct,AGR-ORTHO-26-310,CPO-011-2026-0101,SI-880522,PAID,2026-02-02T17:05:00+00:00
TXN-000524,SO-100523,2026-04-26,2026-04-26T14:06:00+00:00,CUS-010,Prairie Orthopedics Cooperative,IDN,IL,Midwest,REP-033,MAKO-KNEE-KIT,Robotic Procedure Kit,Robotic-assisted knee,3,1640.00,4920.00,0.1950,959.40,3960.60,2070.00,1890.60,USD,ASC Program,AGR-ORTHO-26-338,CPO-010-2026-0102,SI-880523,PAID,2026-04-26T17:06:00+00:00
TXN-000525,SO-100524,2026-03-01,2026-03-01T14:07:00+00:00,CUS-003,Great Lakes University Hospital,Academic Medical Center,OH,Midwest,REP-013,TRI-KNEE-PS-05,Triathlon Knee,Total knee arthroplasty,2,4921.50,9843.00,0.1600,1574.88,8268.12,5181.60,3086.52,USD,Direct,AGR-ORTHO-26-324,CPO-003-2026-0103,SI-880524,PARTIALLY_PAID,2026-03-02T17:07:00+00:00
TXN-000526,SO-100525,2026-04-01,2026-04-01T14:08:00+00:00,CUS-008,Gulf Coast Trauma Hospital,Hospital,FL,Southeast,REP-022,MAKO-HIP-KIT,Robotic Procedure Kit,Robotic-assisted hip,1,1495.00,1495.00,0.1200,179.40,1315.60,625.00,690.60,USD,Direct,AGR-ORTHO-26-324,CPO-008-2026-0104,SI-880525,PAID,2026-04-02T17:08:00+00:00
TXN-000527,SO-100526,2025-11-14,2025-11-14T14:09:00+00:00,CUS-006,Pacific Motion Surgery Partners,ASC,CA,West,REP-017,MAKO-KNEE-KIT,Robotic Procedure Kit,Robotic-assisted knee,2,1623.60,3247.20,0.1150,373.43,2873.77,1407.60,1466.17,USD,Direct,AGR-ORTHO-26-310,CPO-006-2025-0105,SI-880526,OPEN,2025-11-16T17:09:00+00:00
TXN-000528,SO-100527,2026-05-13,2026-05-13T14:10:00+00:00,CUS-012,New England Sports Medicine,Hospital,MA,Northeast,REP-036,SOM-PLATE-8H,Trauma Plating,Trauma fixation,2,875.00,1750.00,0.1550,271.25,1478.75,744.60,734.15,USD,ASC Program,AGR-ORTHO-26-317,CPO-012-2026-0106,SI-880527,OPEN,2026-05-15T17:10:00+00:00
TXN-000529,SO-100528,2025-11-17,2025-11-17T14:11:00+00:00,CUS-001,Atlantic Ortho Alliance,IDN,PA,Northeast,REP-004,REV-FEM-STEM-12,Revision Hip,Revision arthroplasty,2,6420.00,12840.00,0.1950,2503.80,10336.20,6990.00,3346.20,USD,Direct,AGR-ORTHO-26-310,CPO-001-2025-0107,SI-880528,PAID,2025-11-19T17:11:00+00:00
TXN-000530,SO-100529,2026-03-14,2026-03-14T14:12:00+00:00,CUS-001,Atlantic Ortho Alliance,IDN,PA,Northeast,REP-005,TRI-KNEE-PS-05,Triathlon Knee,Total knee arthroplasty,1,4825.00,4825.00,0.1900,916.75,3908.25,2489.20,1419.05,USD,Direct,AGR-ORTHO-26-310,CPO-001-2026-0108,SI-880529,PAID,2026-03-14T17:12:00+00:00
TXN-000531,SO-100530,2026-05-13,2026-05-13T14:13:00+00:00,CUS-001,Atlantic Ortho Alliance,IDN,PA,Northeast,REP-006,SOM-SCREW-45,Trauma Plating,Trauma fixation,3,146.00,438.00,0.2150,94.17,343.83,126.00,217.83,USD,Direct,AGR-ORTHO-26-310,CPO-001-2026-0109,SI-880530,PARTIALLY_PAID,2026-05-13T17:13:00+00:00
TXN-000532,SO-100531,2026-02-17,2026-02-17T14:14:00+00:00,CUS-004,Blue Ridge Joint Institute,Hospital,NC,Southeast,REP-016,TRI-KNEE-PS-05,Triathlon Knee,Total knee arthroplasty,2,4728.50,9457.00,0.1350,1276.70,8180.30,5080.00,3100.30,USD,Direct,AGR-ORTHO-26-331,CPO-004-2026-0110,SI-880531,PAID,2026-02-18T17:14:00+00:00
TXN-000533,SO-100532,2025-12-25,2025-12-25T14:15:00+00:00,CUS-005,Lone Star Orthopedic Network,IDN,TX,South Central,REP-013,ACC-HIP-LIN-36,Acetabular System,Total hip arthroplasty,4,1180.00,4720.00,0.1900,896.80,3823.20,2077.60,1745.60,USD,ASC Program,AGR-ORTHO-26-338,CPO-005-2025-0111,SI-880532,PAID,2025-12-26T17:15:00+00:00
TXN-000534,SO-100533,2026-03-20,2026-03-20T14:16:00+00:00,CUS-004,Blue Ridge Joint Institute,Hospital,NC,Southeast,REP-011,REV-FEM-STEM-12,Revision Hip,Revision arthroplasty,1,6484.20,6484.20,0.1200,778.10,5706.10,3564.90,2141.20,USD,Direct,AGR-ORTHO-26-331,CPO-004-2026-0112,SI-880533,PAID,2026-03-20T17:16:00+00:00
TXN-000535,SO-100534,2025-11-06,2025-11-06T14:17:00+00:00,CUS-010,Prairie Orthopedics Cooperative,IDN,IL,Midwest,REP-030,ACC-HIP-CUP-56,Acetabular System,Total hip arthroplasty,2,2945.25,5890.50,0.1900,1119.20,4771.30,2976.00,1795.30,USD,Distributor,AGR-ORTHO-26-338,CPO-010-2025-0113,SI-880534,OPEN,2025-11-06T17:17:00+00:00
TXN-000536,SO-100535,2026-03-14,2026-03-14T14:18:00+00:00,CUS-001,Atlantic Ortho Alliance,IDN,PA,Northeast,REP-004,SOM-PLATE-8H,Trauma Plating,Trauma fixation,1,857.50,857.50,0.1800,154.35,703.15,365.00,338.15,USD,Direct,AGR-ORTHO-26-310,CPO-001-2026-0114,SI-880535,PAID,2026-03-15T17:18:00+00:00
TXN-000537,SO-100536,2026-01-02,2026-01-02T14:19:00+00:00,CUS-006,Pacific Motion Surgery Partners,ASC,CA,West,REP-020,ACC-HIP-CUP-56,Acetabular System,Total hip arthroplasty,1,3034.50,3034.50,0.1150,348.97,2685.53,1458.24,1227.29,USD,Direct,AGR-ORTHO-26-310,CPO-006-2026-0115,SI-880536,OPEN,2026-01-04T17:19:00+00:00
TXN-000538,SO-100537,2026-05-30,2026-05-30T14:20:00+00:00,CUS-003,Great Lakes University Hospital,Academic Medical Center,OH,Midwest,REP-012,ACC-HIP-LIN-36,Acetabular System,Total hip arthroplasty,3,1180.00,3540.00,0.1800,637.20,2902.80,1590.00,1312.80,USD,Direct,AGR-ORTHO-26-324,CPO-003-2026-0116,SI-880537,PARTIALLY_PAID,2026-06-01T17:20:00+00:00
TXN-000539,SO-100538,2026-03-14,2026-03-14T14:21:00+00:00,CUS-003,Great Lakes University Hospital,Academic Medical Center,OH,Midwest,REP-013,ACC-HIP-CUP-56,Acetabular System,Total hip arthroplasty,1,2945.25,2945.25,0.1600,471.24,2474.01,1458.24,1015.77,USD,Direct,AGR-ORTHO-26-324,CPO-003-2026-0117,SI-880538,OPEN,2026-03-14T17:21:00+00:00
TXN-000540,SO-100539,2026-02-14,2026-02-14T14:22:00+00:00,CUS-006,Pacific Motion Surgery Partners,ASC,CA,West,REP-016,MAKO-KNEE-KIT,Robotic Procedure Kit,Robotic-assisted knee,1,1623.60,1623.60,0.1100,178.60,1445.00,703.80,741.20,USD,Direct,AGR-ORTHO-26-310,CPO-006-2026-0118,SI-880539,OPEN,2026-02-16T17:22:00+00:00
TXN-000541,SO-100540,2026-02-24,2026-02-24T14:23:00+00:00,CUS-009,Northwest Specialty Distribution,Distributor,WA,West,REP-026,SPN-CAGE-LORD,Spine Interbody,Lumbar fusion,1,5260.00,5260.00,0.2300,1209.80,4050.20,2735.00,1315.20,USD,ASC Program,AGR-ORTHO-26-331,CPO-009-2026-0119,SI-880540,PAID,2026-02-25T17:23:00+00:00
TXN-000542,SO-100541,2026-01-14,2026-01-14T14:24:00+00:00,CUS-010,Prairie Orthopedics Cooperative,IDN,IL,Midwest,REP-030,ACC-HIP-CUP-56,Acetabular System,Total hip arthroplasty,2,3034.50,6069.00,0.2000,1213.80,4855.20,2976.00,1879.20,USD,Direct,AGR-ORTHO-26-338,CPO-010-2026-0120,SI-880541,PAID,2026-01-14T17:24:00+00:00
TXN-000543,SO-100542,2026-04-08,2026-04-08T14:25:00+00:00,CUS-002,Hudson Valley Surgical Center,ASC,NY,Northeast,REP-007,REV-FEM-STEM-12,Revision Hip,Revision arthroplasty,5,6484.20,32421.00,0.1450,4701.05,27719.95,17125.50,10594.45,USD,Direct,AGR-ORTHO-26-317,CPO-002-2026-0121,SI-880542,PAID,2026-04-09T17:25:00+00:00
TXN-000544,SO-100543,2026-01-05,2026-01-05T14:26:00+00:00,CUS-004,Blue Ridge Joint Institute,Hospital,NC,Southeast,REP-014,TRI-KNEE-CR-04,Triathlon Knee,Total knee arthroplasty,3,4380.00,13140.00,0.1350,1773.90,11366.10,6930.00,4436.10,USD,ASC Program,AGR-ORTHO-26-331,CPO-004-2026-0122,SI-880543,OPEN,2026-01-07T17:26:00+00:00
TXN-000545,SO-100544,2026-05-23,2026-05-23T14:27:00+00:00,CUS-010,Prairie Orthopedics Cooperative,IDN,IL,Midwest,REP-033,TRI-KNEE-PS-05,Triathlon Knee,Total knee arthroplasty,8,4728.50,37828.00,0.1900,7187.32,30640.68,19913.60,10727.08,USD,Direct,AGR-ORTHO-26-338,CPO-010-2026-0123,SI-880544,OPEN,2026-05-23T17:27:00+00:00
TXN-000546,SO-100545,2026-05-16,2026-05-16T14:28:00+00:00,CUS-007,Front Range Medical Center,Hospital,CO,Mountain,REP-025,REV-FEM-STEM-12,Revision Hip,Revision arthroplasty,2,6420.00,12840.00,0.1300,1669.20,11170.80,6990.00,4180.80,USD,Direct,AGR-ORTHO-26-317,CPO-007-2026-0124,SI-880545,PAID,2026-05-16T17:28:00+00:00
TXN-000547,SO-100546,2026-03-30,2026-03-30T14:29:00+00:00,CUS-003,Great Lakes University Hospital,Academic Medical Center,OH,Midwest,REP-007,MAKO-HIP-KIT,Robotic Procedure Kit,Robotic-assisted hip,1,1524.90,1524.90,0.1600,243.98,1280.92,612.50,668.42,USD,Direct,AGR-ORTHO-26-324,CPO-003-2026-0125,SI-880546,PAID,2026-03-30T17:29:00+00:00
TXN-000548,SO-100547,2026-04-04,2026-04-04T14:30:00+00:00,CUS-007,Front Range Medical Center,Hospital,CO,Mountain,REP-020,ACC-HIP-CUP-56,Acetabular System,Total hip arthroplasty,1,3004.75,3004.75,0.1300,390.62,2614.13,1458.24,1155.89,USD,Direct,AGR-ORTHO-26-317,CPO-007-2026-0126,SI-880547,PAID,2026-04-04T17:30:00+00:00
TXN-000549,SO-100548,2026-02-03,2026-02-03T14:31:00+00:00,CUS-005,Lone Star Orthopedic Network,IDN,TX,South Central,REP-015,ACC-HIP-CUP-56,Acetabular System,Total hip arthroplasty,1,2915.50,2915.50,0.1900,553.95,2361.55,1517.76,843.79,USD,ASC Program,AGR-ORTHO-26-338,CPO-005-2026-0127,SI-880548,OPEN,2026-02-03T17:31:00+00:00
TXN-000550,SO-100549,2026-04-05,2026-04-05T14:32:00+00:00,CUS-006,Pacific Motion Surgery Partners,ASC,CA,West,REP-019,ACC-HIP-CUP-56,Acetabular System,Total hip arthroplasty,8,3034.50,24276.00,0.1000,2427.60,21848.40,12142.08,9706.32,USD,Direct,AGR-ORTHO-26-310,CPO-006-2026-0128,SI-880549,OPEN,2026-04-07T17:32:00+00:00
TXN-000551,SO-100550,2026-04-22,2026-04-22T14:33:00+00:00,CUS-002,Hudson Valley Surgical Center,ASC,NY,Northeast,REP-008,SOM-PLATE-8H,Trauma Plating,Trauma fixation,1,866.25,866.25,0.1350,116.94,749.31,357.70,391.61,USD,Direct,AGR-ORTHO-26-317,CPO-002-2026-0129,SI-880550,PAID,2026-04-24T17:33:00+00:00
TXN-000552,SO-100551,2025-12-07,2025-12-07T14:34:00+00:00,CUS-006,Pacific Motion Surgery Partners,ASC,CA,West,REP-021,SOM-SCREW-45,Trauma Plating,Trauma fixation,2,143.08,286.16,0.1100,31.48,254.68,84.00,170.68,USD,Direct,AGR-ORTHO-26-310,CPO-006-2025-0130,SI-880551,OPEN,2025-12-08T17:34:00+00:00
TXN-000553,SO-100552,2026-01-03,2026-01-03T14:35:00+00:00,CUS-008,Gulf Coast Trauma Hospital,Hospital,FL,Southeast,REP-028,MAKO-HIP-KIT,Robotic Procedure Kit,Robotic-assisted hip,2,1480.05,2960.10,0.1300,384.81,2575.29,1250.00,1325.29,USD,Distributor,AGR-ORTHO-26-324,CPO-008-2026-0131,SI-880552,PAID,2026-01-05T17:35:00+00:00
TXN-000554,SO-100553,2026-05-02,2026-05-02T14:36:00+00:00,CUS-010,Prairie Orthopedics Cooperative,IDN,IL,Midwest,REP-028,SOM-PLATE-8H,Trauma Plating,Trauma fixation,2,883.75,1767.50,0.1900,335.83,1431.67,730.00,701.67,USD,Direct,AGR-ORTHO-26-338,CPO-010-2026-0132,SI-880553,PAID,2026-05-02T17:36:00+00:00
TXN-000555,SO-100554,2026-04-17,2026-04-17T14:37:00+00:00,CUS-001,Atlantic Ortho Alliance,IDN,PA,Northeast,REP-002,MAKO-HIP-KIT,Robotic Procedure Kit,Robotic-assisted hip,1,1495.00,1495.00,0.2350,351.33,1143.67,625.00,518.67,USD,Direct,AGR-ORTHO-26-310,CPO-001-2026-0133,SI-880554,PARTIALLY_PAID,2026-04-18T17:37:00+00:00
TXN-000556,SO-100555,2026-05-13,2026-05-13T14:38:00+00:00,CUS-007,Front Range Medical Center,Hospital,CO,Mountain,REP-021,MAKO-KNEE-KIT,Robotic Procedure Kit,Robotic-assisted knee,2,1640.00,3280.00,0.1400,459.20,2820.80,1380.00,1440.80,USD,Direct,AGR-ORTHO-26-317,CPO-007-2026-0134,SI-880555,PAID,2026-05-13T17:38:00+00:00
TXN-000557,SO-100556,2026-06-08,2026-06-08T14:39:00+00:00,CUS-012,New England Sports Medicine,Hospital,MA,Northeast,REP-037,TRI-KNEE-PS-05,Triathlon Knee,Total knee arthroplasty,1,4873.25,4873.25,0.1400,682.26,4190.99,2590.80,1600.19,USD,Direct,AGR-ORTHO-26-317,CPO-012-2026-0135,SI-880556,OPEN,2026-06-10T17:39:00+00:00
TXN-000558,SO-100557,2026-01-09,2026-01-09T14:40:00+00:00,CUS-010,Prairie Orthopedics Cooperative,IDN,IL,Midwest,REP-032,ACC-HIP-CUP-56,Acetabular System,Total hip arthroplasty,2,3034.50,6069.00,0.1900,1153.11,4915.89,2976.00,1939.89,USD,Direct,AGR-ORTHO-26-338,CPO-010-2026-0136,SI-880557,PAID,2026-01-09T17:40:00+00:00
TXN-000559,SO-100558,2026-04-27,2026-04-27T14:41:00+00:00,CUS-004,Blue Ridge Joint Institute,Hospital,NC,Southeast,REP-015,MAKO-KNEE-KIT,Robotic Procedure Kit,Robotic-assisted knee,8,1672.80,13382.40,0.1300,1739.71,11642.69,5520.00,6122.69,USD,Direct,AGR-ORTHO-26-331,CPO-004-2026-0137,SI-880558,PAID,2026-04-28T17:41:00+00:00
TXN-000560,SO-100559,2026-01-24,2026-01-24T14:42:00+00:00,CUS-010,Prairie Orthopedics Cooperative,IDN,IL,Midwest,REP-034,SPN-CAGE-LORD,Spine Interbody,Lumbar fusion,1,5154.80,5154.80,0.1900,979.41,4175.39,2680.30,1495.09,USD,Distributor,AGR-ORTHO-26-338,CPO-010-2026-0138,SI-880559,OPEN,2026-01-24T17:42:00+00:00
TXN-000561,SO-100560,2026-04-24,2026-04-24T14:43:00+00:00,CUS-006,Pacific Motion Surgery Partners,ASC,CA,West,REP-016,MAKO-HIP-KIT,Robotic Procedure Kit,Robotic-assisted hip,3,1495.00,4485.00,0.1000,448.50,4036.50,1875.00,2161.50,USD,Direct,AGR-ORTHO-26-310,CPO-006-2026-0139,SI-880560,PAID,2026-04-24T17:43:00+00:00
TXN-000562,SO-100561,2026-01-28,2026-01-28T14:44:00+00:00,CUS-005,Lone Star Orthopedic Network,IDN,TX,South Central,REP-014,TRI-KNEE-PS-05,Triathlon Knee,Total knee arthroplasty,2,4825.00,9650.00,0.1900,1833.50,7816.50,5181.60,2634.90,USD,Direct,AGR-ORTHO-26-338,CPO-005-2026-0140,SI-880561,PAID,2026-01-29T17:44:00+00:00
TXN-000563,SO-100562,2025-11-13,2025-11-13T14:45:00+00:00,CUS-004,Blue Ridge Joint Institute,Hospital,NC,Southeast,REP-012,MAKO-KNEE-KIT,Robotic Procedure Kit,Robotic-assisted knee,1,1656.40,1656.40,0.1350,223.61,1432.79,703.80,728.99,USD,Direct,AGR-ORTHO-26-331,CPO-004-2025-0141,SI-880562,OPEN,2025-11-15T17:45:00+00:00
TXN-000564,SO-100563,2026-01-27,2026-01-27T14:46:00+00:00,CUS-001,Atlantic Ortho Alliance,IDN,PA,Northeast,REP-004,TRI-KNEE-PS-05,Triathlon Knee,Total knee arthroplasty,1,4728.50,4728.50,0.1950,922.06,3806.44,2540.00,1266.44,USD,Direct,AGR-ORTHO-26-310,CPO-001-2026-0142,SI-880563,PAID,2026-01-27T17:46:00+00:00
TXN-000565,SO-100564,2026-03-16,2026-03-16T14:00:00+00:00,CUS-003,Great Lakes University Hospital,Academic Medical Center,OH,Midwest,REP-011,ACC-HIP-LIN-36,Acetabular System,Total hip arthroplasty,1,1180.00,1180.00,0.1750,206.50,973.50,540.60,432.90,USD,ASC Program,AGR-ORTHO-26-324,CPO-003-2026-0143,SI-880564,PAID,2026-03-16T17:00:00+00:00
TXN-000566,SO-100565,2026-02-03,2026-02-03T14:01:00+00:00,CUS-005,Lone Star Orthopedic Network,IDN,TX,South Central,REP-018,ACC-HIP-CUP-56,Acetabular System,Total hip arthroplasty,2,3004.75,6009.50,0.1900,1141.81,4867.69,2916.48,1951.21,USD,Direct,AGR-ORTHO-26-338,CPO-005-2026-0144,SI-880565,OPEN,2026-02-03T17:01:00+00:00
TXN-000567,SO-100566,2026-05-06,2026-05-06T14:02:00+00:00,CUS-003,Great Lakes University Hospital,Academic Medical Center,OH,Midwest,REP-013,MAKO-HIP-KIT,Robotic Procedure Kit,Robotic-assisted hip,1,1509.95,1509.95,0.1750,264.24,1245.71,625.00,620.71,USD,Direct,AGR-ORTHO-26-324,CPO-003-2026-0145,SI-880566,PAID,2026-05-07T17:02:00+00:00
TXN-000568,SO-100567,2025-12-23,2025-12-23T14:03:00+00:00,CUS-003,Great Lakes University Hospital,Academic Medical Center,OH,Midwest,REP-007,ACC-HIP-LIN-36,Acetabular System,Total hip arthroplasty,2,1156.40,2312.80,0.1700,393.18,1919.62,1060.00,859.62,USD,Direct,AGR-ORTHO-26-324,CPO-003-2025-0146,SI-880567,PAID,2025-12-25T17:03:00+00:00
TXN-000569,SO-100568,2026-01-21,2026-01-21T14:04:00+00:00,CUS-002,Hudson Valley Surgical Center,ASC,NY,Northeast,REP-005,TRI-KNEE-CR-04,Triathlon Knee,Total knee arthroplasty,4,4292.40,17169.60,0.1100,1888.66,15280.94,9240.00,6040.94,USD,Distributor,AGR-ORTHO-26-317,CPO-002-2026-0147,SI-880568,PARTIALLY_PAID,2026-01-21T17:04:00+00:00
TXN-000570,SO-100569,2026-04-01,2026-04-01T14:05:00+00:00,CUS-009,Northwest Specialty Distribution,Distributor,WA,West,REP-027,ACC-HIP-LIN-36,Acetabular System,Total hip arthroplasty,8,1156.40,9251.20,0.2500,2312.80,6938.40,4240.00,2698.40,USD,Direct,AGR-ORTHO-26-331,CPO-009-2026-0148,SI-880569,DISPUTED,2026-04-02T17:05:00+00:00
TXN-000571,SO-100570,2026-05-12,2026-05-12T14:06:00+00:00,CUS-002,Hudson Valley Surgical Center,ASC,NY,Northeast,REP-007,SOM-PLATE-8H,Trauma Plating,Trauma fixation,1,857.50,857.50,0.1450,124.34,733.16,357.70,375.46,USD,Direct,AGR-ORTHO-26-317,CPO-002-2026-0149,SI-880570,PAID,2026-05-14T17:06:00+00:00
TXN-000572,SO-100571,2026-03-27,2026-03-27T14:07:00+00:00,CUS-008,Gulf Coast Trauma Hospital,Hospital,FL,Southeast,REP-026,TRI-KNEE-CR-04,Triathlon Knee,Total knee arthroplasty,1,4336.20,4336.20,0.1300,563.71,3772.49,2356.20,1416.29,USD,Direct,AGR-ORTHO-26-324,CPO-008-2026-0150,SI-880571,PAID,2026-03-29T17:07:00+00:00
TXN-000573,SO-100572,2026-04-19,2026-04-19T14:08:00+00:00,CUS-005,Lone Star Orthopedic Network,IDN,TX,South Central,REP-018,ACC-HIP-CUP-56,Acetabular System,Total hip arthroplasty,1,2945.25,2945.25,0.1900,559.60,2385.65,1517.76,867.89,USD,ASC Program,AGR-ORTHO-26-338,CPO-005-2026-0151,SI-880572,PAID,2026-04-21T17:08:00+00:00
TXN-000574,SO-100573,2025-12-30,2025-12-30T14:09:00+00:00,CUS-012,New England Sports Medicine,Hospital,MA,Northeast,REP-040,MAKO-HIP-KIT,Robotic Procedure Kit,Robotic-assisted hip,1,1524.90,1524.90,0.1400,213.49,1311.41,625.00,686.41,USD,Direct,AGR-ORTHO-26-317,CPO-012-2025-0152,SI-880573,PARTIALLY_PAID,2025-12-30T17:09:00+00:00
TXN-000575,SO-100574,2025-12-29,2025-12-29T14:10:00+00:00,CUS-004,Blue Ridge Joint Institute,Hospital,NC,Southeast,REP-010,TRI-KNEE-PS-05,Triathlon Knee,Total knee arthroplasty,5,4921.50,24607.50,0.1350,3322.01,21285.49,12700.00,8585.49,USD,Direct,AGR-ORTHO-26-331,CPO-004-2025-0153,SI-880574,OPEN,2025-12-31T17:10:00+00:00
TXN-000576,SO-100575,2026-03-24,2026-03-24T14:11:00+00:00,CUS-005,Lone Star Orthopedic Network,IDN,TX,South Central,REP-014,SOM-SCREW-45,Trauma Plating,Trauma fixation,1,144.54,144.54,0.1950,28.19,116.35,41.16,75.19,USD,Direct,AGR-ORTHO-26-338,CPO-005-2026-0154,SI-880575,PAID,2026-03-25T17:11:00+00:00
TXN-000577,SO-100576,2026-01-07,2026-01-07T14:12:00+00:00,CUS-001,Atlantic Ortho Alliance,IDN,PA,Northeast,REP-003,SPN-CAGE-LORD,Spine Interbody,Lumbar fusion,4,5154.80,20619.20,0.1800,3711.46,16907.74,10940.00,5967.74,USD,Direct,AGR-ORTHO-26-310,CPO-001-2026-0155,SI-880576,PARTIALLY_PAID,2026-01-07T17:12:00+00:00
TXN-000578,SO-100577,2026-02-23,2026-02-23T14:13:00+00:00,CUS-005,Lone Star Orthopedic Network,IDN,TX,South Central,REP-016,TRI-KNEE-PS-05,Triathlon Knee,Total knee arthroplasty,2,4873.25,9746.50,0.1950,1900.57,7845.93,4978.40,2867.53,USD,Distributor,AGR-ORTHO-26-338,CPO-005-2026-0156,SI-880577,PAID,2026-02-24T17:13:00+00:00
TXN-000579,SO-100578,2026-04-30,2026-04-30T14:14:00+00:00,CUS-001,Atlantic Ortho Alliance,IDN,PA,Northeast,REP-005,SOM-PLATE-8H,Trauma Plating,Trauma fixation,4,883.75,3535.00,0.2350,830.73,2704.27,1430.80,1273.47,USD,ASC Program,AGR-ORTHO-26-310,CPO-001-2026-0157,SI-880578,DISPUTED,2026-04-30T17:14:00+00:00
TXN-000580,SO-100579,2026-01-04,2026-01-04T14:15:00+00:00,CUS-002,Hudson Valley Surgical Center,ASC,NY,Northeast,REP-009,TRI-KNEE-PS-05,Triathlon Knee,Total knee arthroplasty,2,4825.00,9650.00,0.1000,965.00,8685.00,5080.00,3605.00,USD,Direct,AGR-ORTHO-26-317,CPO-002-2026-0158,SI-880579,PARTIALLY_PAID,2026-01-04T17:15:00+00:00
TXN-000581,SO-100580,2026-01-07,2026-01-07T14:16:00+00:00,CUS-012,New England Sports Medicine,Hospital,MA,Northeast,REP-040,TRI-KNEE-PS-05,Triathlon Knee,Total knee arthroplasty,4,4921.50,19686.00,0.1400,2756.04,16929.96,9956.80,6973.16,USD,Direct,AGR-ORTHO-26-317,CPO-012-2026-0159,SI-880580,OPEN,2026-01-07T17:16:00+00:00
TXN-000582,SO-100581,2026-03-13,2026-03-13T14:17:00+00:00,CUS-004,Blue Ridge Joint Institute,Hospital,NC,Southeast,REP-010,TRI-KNEE-PS-05,Triathlon Knee,Total knee arthroplasty,1,4825.00,4825.00,0.1300,627.25,4197.75,2590.80,1606.95,USD,Direct,AGR-ORTHO-26-331,CPO-004-2026-0160,SI-880581,PAID,2026-03-15T17:17:00+00:00
TXN-000583,SO-100582,2026-04-21,2026-04-21T14:18:00+00:00,CUS-009,Northwest Specialty Distribution,Distributor,WA,West,REP-026,ACC-HIP-CUP-56,Acetabular System,Total hip arthroplasty,2,2945.25,5890.50,0.2300,1354.82,4535.68,3035.52,1500.16,USD,Direct,AGR-ORTHO-26-331,CPO-009-2026-0161,SI-880582,OPEN,2026-04-21T17:18:00+00:00
TXN-000584,SO-100583,2026-01-20,2026-01-20T14:19:00+00:00,CUS-010,Prairie Orthopedics Cooperative,IDN,IL,Midwest,REP-030,TRI-KNEE-PS-05,Triathlon Knee,Total knee arthroplasty,2,4825.00,9650.00,0.2000,1930.00,7720.00,5080.00,2640.00,USD,Direct,AGR-ORTHO-26-338,CPO-010-2026-0162,SI-880583,PAID,2026-01-21T17:19:00+00:00
TXN-000585,SO-100584,2026-05-04,2026-05-04T14:20:00+00:00,CUS-012,New England Sports Medicine,Hospital,MA,Northeast,REP-037,MAKO-HIP-KIT,Robotic Procedure Kit,Robotic-assisted hip,1,1465.10,1465.10,0.1650,241.74,1223.36,637.50,585.86,USD,Direct,AGR-ORTHO-26-317,CPO-012-2026-0163,SI-880584,OPEN,2026-05-05T17:20:00+00:00
TXN-000586,SO-100585,2026-04-13,2026-04-13T14:21:00+00:00,CUS-005,Lone Star Orthopedic Network,IDN,TX,South Central,REP-017,SOM-SCREW-45,Trauma Plating,Trauma fixation,2,148.92,297.84,0.1900,56.59,241.25,82.32,158.93,USD,Direct,AGR-ORTHO-26-338,CPO-005-2026-0164,SI-880585,PAID,2026-04-13T17:21:00+00:00
TXN-000587,SO-100586,2025-10-18,2025-10-18T14:22:00+00:00,CUS-005,Lone Star Orthopedic Network,IDN,TX,South Central,REP-018,SOM-SCREW-45,Trauma Plating,Trauma fixation,4,148.92,595.68,0.2000,119.14,476.54,168.00,308.54,USD,Direct,AGR-ORTHO-26-338,CPO-005-2025-0165,SI-880586,PAID,2025-10-18T17:22:00+00:00
TXN-000588,SO-100587,2025-12-07,2025-12-07T14:23:00+00:00,CUS-004,Blue Ridge Joint Institute,Hospital,NC,Southeast,REP-016,MAKO-KNEE-KIT,Robotic Procedure Kit,Robotic-assisted knee,1,1623.60,1623.60,0.1400,227.30,1396.30,676.20,720.10,USD,Direct,AGR-ORTHO-26-331,CPO-004-2025-0166,SI-880587,PAID,2025-12-09T17:23:00+00:00
TXN-000589,SO-100588,2026-04-02,2026-04-02T14:24:00+00:00,CUS-012,New England Sports Medicine,Hospital,MA,Northeast,REP-034,ACC-HIP-CUP-56,Acetabular System,Total hip arthroplasty,1,3034.50,3034.50,0.1650,500.69,2533.81,1517.76,1016.05,USD,Distributor,AGR-ORTHO-26-317,CPO-012-2026-0167,SI-880588,PAID,2026-04-03T17:24:00+00:00
TXN-000590,SO-100589,2026-04-30,2026-04-30T14:25:00+00:00,CUS-001,Atlantic Ortho Alliance,IDN,PA,Northeast,REP-002,ACC-HIP-CUP-56,Acetabular System,Total hip arthroplasty,2,2975.00,5950.00,0.2300,1368.50,4581.50,2976.00,1605.50,USD,Direct,AGR-ORTHO-26-310,CPO-001-2026-0168,SI-880589,PAID,2026-04-30T17:25:00+00:00
TXN-000591,SO-100590,2026-02-11,2026-02-11T14:26:00+00:00,CUS-001,Atlantic Ortho Alliance,IDN,PA,Northeast,REP-003,MAKO-KNEE-KIT,Robotic Procedure Kit,Robotic-assisted knee,1,1640.00,1640.00,0.1900,311.60,1328.40,676.20,652.20,USD,Direct,AGR-ORTHO-26-310,CPO-001-2026-0169,SI-880590,PARTIALLY_PAID,2026-02-13T17:26:00+00:00
TXN-000592,SO-100591,2026-04-22,2026-04-22T14:27:00+00:00,CUS-004,Blue Ridge Joint Institute,Hospital,NC,Southeast,REP-013,MAKO-HIP-KIT,Robotic Procedure Kit,Robotic-assisted hip,8,1465.10,11720.80,0.1400,1640.91,10079.89,5000.00,5079.89,USD,Direct,AGR-ORTHO-26-331,CPO-004-2026-0170,SI-880591,PAID,2026-04-23T17:27:00+00:00
TXN-000593,SO-100592,2025-11-13,2025-11-13T14:28:00+00:00,CUS-004,Blue Ridge Joint Institute,Hospital,NC,Southeast,REP-014,TRI-KNEE-PS-05,Triathlon Knee,Total knee arthroplasty,2,4921.50,9843.00,0.1200,1181.16,8661.84,5080.00,3581.84,USD,Direct,AGR-ORTHO-26-331,CPO-004-2025-0171,SI-880592,PAID,2025-11-14T17:28:00+00:00
TXN-000594,SO-100593,2026-02-22,2026-02-22T14:29:00+00:00,CUS-001,Atlantic Ortho Alliance,IDN,PA,Northeast,REP-006,TRI-KNEE-PS-05,Triathlon Knee,Total knee arthroplasty,4,4921.50,19686.00,0.1900,3740.34,15945.66,10160.00,5785.66,USD,Direct,AGR-ORTHO-26-310,CPO-001-2026-0172,SI-880593,OPEN,2026-02-22T17:29:00+00:00
TXN-000595,SO-100594,2026-01-26,2026-01-26T14:30:00+00:00,CUS-005,Lone Star Orthopedic Network,IDN,TX,South Central,REP-019,REV-FEM-STEM-12,Revision Hip,Revision arthroplasty,1,6291.60,6291.60,0.1950,1226.86,5064.74,3564.90,1499.84,USD,Direct,AGR-ORTHO-26-338,CPO-005-2026-0173,SI-880594,OPEN,2026-01-26T17:30:00+00:00
TXN-000596,SO-100595,2025-10-19,2025-10-19T14:31:00+00:00,CUS-012,New England Sports Medicine,Hospital,MA,Northeast,REP-034,SOM-PLATE-8H,Trauma Plating,Trauma fixation,2,866.25,1732.50,0.1400,242.55,1489.95,730.00,759.95,USD,Direct,AGR-ORTHO-26-317,CPO-012-2025-0174,SI-880595,OPEN,2025-10-19T17:31:00+00:00
TXN-000597,SO-100596,2026-04-10,2026-04-10T14:32:00+00:00,CUS-010,Prairie Orthopedics Cooperative,IDN,IL,Midwest,REP-029,ACC-HIP-CUP-56,Acetabular System,Total hip arthroplasty,1,3034.50,3034.50,0.1900,576.56,2457.94,1458.24,999.70,USD,ASC Program,AGR-ORTHO-26-338,CPO-010-2026-0175,SI-880596,PAID,2026-04-11T17:32:00+00:00
TXN-000598,SO-100597,2026-03-28,2026-03-28T14:33:00+00:00,CUS-006,Pacific Motion Surgery Partners,ASC,CA,West,REP-018,MAKO-KNEE-KIT,Robotic Procedure Kit,Robotic-assisted knee,4,1607.20,6428.80,0.1000,642.88,5785.92,2704.80,3081.12,USD,Direct,AGR-ORTHO-26-310,CPO-006-2026-0176,SI-880597,PAID,2026-03-30T17:33:00+00:00
TXN-000599,SO-100598,2026-04-21,2026-04-21T14:34:00+00:00,CUS-005,Lone Star Orthopedic Network,IDN,TX,South Central,REP-016,SPN-CAGE-LORD,Spine Interbody,Lumbar fusion,1,5365.20,5365.20,0.2000,1073.04,4292.16,2789.70,1502.46,USD,Direct,AGR-ORTHO-26-338,CPO-005-2026-0177,SI-880598,PAID,2026-04-21T17:34:00+00:00
TXN-000600,SO-100599,2026-05-26,2026-05-26T14:35:00+00:00,CUS-001,Atlantic Ortho Alliance,IDN,PA,Northeast,REP-005,MAKO-KNEE-KIT,Robotic Procedure Kit,Robotic-assisted knee,5,1672.80,8364.00,0.1800,1505.52,6858.48,3450.00,3408.48,USD,ASC Program,AGR-ORTHO-26-310,CPO-001-2026-0178,SI-880599,OPEN,2026-05-28T17:35:00+00:00
TXN-000601,SO-100600,2025-11-27,2025-11-27T14:36:00+00:00,CUS-003,Great Lakes University Hospital,Academic Medical Center,OH,Midwest,REP-012,TRI-KNEE-CR-04,Triathlon Knee,Total knee arthroplasty,1,4380.00,4380.00,0.1700,744.60,3635.40,2356.20,1279.20,USD,ASC Program,AGR-ORTHO-26-324,CPO-003-2025-0179,SI-880600,OPEN,2025-11-28T17:36:00+00:00
TXN-000602,SO-100601,2025-12-15,2025-12-15T14:37:00+00:00,CUS-005,Lone Star Orthopedic Network,IDN,TX,South Central,REP-019,ACC-HIP-LIN-36,Acetabular System,Total hip arthroplasty,2,1168.20,2336.40,0.1900,443.92,1892.48,1060.00,832.48,USD,ASC Program,AGR-ORTHO-26-338,CPO-005-2025-0180,SI-880601,PAID,2025-12-15T17:37:00+00:00
TXN-000603,SO-100602,2026-06-27,2026-06-27T14:38:00+00:00,CUS-005,Lone Star Orthopedic Network,IDN,TX,South Central,REP-013,ACC-HIP-CUP-56,Acetabular System,Total hip arthroplasty,1,2945.25,2945.25,0.1900,559.60,2385.65,1458.24,927.41,USD,Direct,AGR-ORTHO-26-338,CPO-005-2026-0181,SI-880602,PAID,2026-06-28T17:38:00+00:00
TXN-000604,SO-100603,2025-12-22,2025-12-22T14:39:00+00:00,CUS-004,Blue Ridge Joint Institute,Hospital,NC,Southeast,REP-011,TRI-KNEE-CR-04,Triathlon Knee,Total knee arthroplasty,2,4380.00,8760.00,0.1200,1051.20,7708.80,4620.00,3088.80,USD,Direct,AGR-ORTHO-26-331,CPO-004-2025-0182,SI-880603,PAID,2025-12-24T17:39:00+00:00
TXN-000605,SO-100604,2026-03-03,2026-03-03T14:40:00+00:00,CUS-005,Lone Star Orthopedic Network,IDN,TX,South Central,REP-015,MAKO-HIP-KIT,Robotic Procedure Kit,Robotic-assisted hip,3,1465.10,4395.30,0.1800,791.15,3604.15,1875.00,1729.15,USD,Distributor,AGR-ORTHO-26-338,CPO-005-2026-0183,SI-880604,PAID,2026-03-03T17:40:00+00:00
TXN-000606,SO-100605,2026-05-16,2026-05-16T14:41:00+00:00,CUS-001,Atlantic Ortho Alliance,IDN,PA,Northeast,REP-004,MAKO-KNEE-KIT,Robotic Procedure Kit,Robotic-assisted knee,2,1672.80,3345.60,0.2350,786.22,2559.38,1352.40,1206.98,USD,Direct,AGR-ORTHO-26-310,CPO-001-2026-0184,SI-880605,PARTIALLY_PAID,2026-05-18T17:41:00+00:00
TXN-000607,SO-100606,2026-03-30,2026-03-30T14:42:00+00:00,CUS-010,Prairie Orthopedics Cooperative,IDN,IL,Midwest,REP-032,ACC-HIP-CUP-56,Acetabular System,Total hip arthroplasty,2,3004.75,6009.50,0.1900,1141.81,4867.69,2976.00,1891.69,USD,ASC Program,AGR-ORTHO-26-338,CPO-010-2026-0185,SI-880606,OPEN,2026-03-31T17:42:00+00:00
TXN-000608,SO-100607,2026-02-27,2026-02-27T14:43:00+00:00,CUS-009,Northwest Specialty Distribution,Distributor,WA,West,REP-030,MAKO-KNEE-KIT,Robotic Procedure Kit,Robotic-assisted knee,4,1640.00,6560.00,0.2400,1574.40,4985.60,2760.00,2225.60,USD,Direct,AGR-ORTHO-26-331,CPO-009-2026-0186,SI-880607,OPEN,2026-03-01T17:43:00+00:00
TXN-000609,SO-100608,2025-12-24,2025-12-24T14:44:00+00:00,CUS-008,Gulf Coast Trauma Hospital,Hospital,FL,Southeast,REP-028,MAKO-HIP-KIT,Robotic Procedure Kit,Robotic-assisted hip,1,1495.00,1495.00,0.1300,194.35,1300.65,637.50,663.15,USD,Direct,AGR-ORTHO-26-324,CPO-008-2025-0187,SI-880608,DISPUTED,2025-12-25T17:44:00+00:00
TXN-000610,SO-100609,2026-04-24,2026-04-24T14:45:00+00:00,CUS-006,Pacific Motion Surgery Partners,ASC,CA,West,REP-016,REV-FEM-STEM-12,Revision Hip,Revision arthroplasty,3,6420.00,19260.00,0.1000,1926.00,17334.00,10485.00,6849.00,USD,Direct,AGR-ORTHO-26-310,CPO-006-2026-0188,SI-880609,PAID,2026-04-26T17:45:00+00:00
TXN-000611,SO-100610,2026-02-20,2026-02-20T14:46:00+00:00,CUS-001,Atlantic Ortho Alliance,IDN,PA,Northeast,REP-002,TRI-KNEE-PS-05,Triathlon Knee,Total knee arthroplasty,1,4873.25,4873.25,0.1800,877.19,3996.06,2590.80,1405.26,USD,Direct,AGR-ORTHO-26-310,CPO-001-2026-0189,SI-880610,OPEN,2026-02-22T17:46:00+00:00
TXN-000612,SO-100611,2026-06-02,2026-06-02T14:00:00+00:00,CUS-007,Front Range Medical Center,Hospital,CO,Mountain,REP-021,TRI-KNEE-CR-04,Triathlon Knee,Total knee arthroplasty,4,4336.20,17344.80,0.1200,2081.38,15263.42,9240.00,6023.42,USD,Direct,AGR-ORTHO-26-317,CPO-007-2026-0190,SI-880611,PAID,2026-06-04T17:00:00+00:00
TXN-000613,SO-100612,2026-03-29,2026-03-29T14:01:00+00:00,CUS-010,Prairie Orthopedics Cooperative,IDN,IL,Midwest,REP-031,SOM-SCREW-45,Trauma Plating,Trauma fixation,5,148.92,744.60,0.1800,134.03,610.57,205.80,404.77,USD,Direct,AGR-ORTHO-26-338,CPO-010-2026-0191,SI-880612,PAID,2026-03-30T17:01:00+00:00
TXN-000614,SO-100613,2026-04-16,2026-04-16T14:02:00+00:00,CUS-008,Gulf Coast Trauma Hospital,Hospital,FL,Southeast,REP-026,TRI-KNEE-PS-05,Triathlon Knee,Total knee arthroplasty,1,4921.50,4921.50,0.1300,639.80,4281.70,2540.00,1741.70,USD,Direct,AGR-ORTHO-26-324,CPO-008-2026-0192,SI-880613,PAID,2026-04-16T17:02:00+00:00
TXN-000615,SO-100614,2026-03-25,2026-03-25T14:03:00+00:00,CUS-003,Great Lakes University Hospital,Academic Medical Center,OH,Midwest,REP-012,ACC-HIP-LIN-36,Acetabular System,Total hip arthroplasty,5,1203.60,6018.00,0.1750,1053.15,4964.85,2597.00,2367.85,USD,Direct,AGR-ORTHO-26-324,CPO-003-2026-0193,SI-880614,OPEN,2026-03-27T17:03:00+00:00
TXN-000616,SO-100615,2026-05-01,2026-05-01T14:04:00+00:00,CUS-002,Hudson Valley Surgical Center,ASC,NY,Northeast,REP-010,REV-FEM-STEM-12,Revision Hip,Revision arthroplasty,5,6484.20,32421.00,0.1350,4376.84,28044.16,17475.00,10569.16,USD,Distributor,AGR-ORTHO-26-317,CPO-002-2026-0194,SI-880615,OPEN,2026-05-02T17:04:00+00:00
TXN-000617,SO-100616,2026-03-04,2026-03-04T14:05:00+00:00,CUS-001,Atlantic Ortho Alliance,IDN,PA,Northeast,REP-001,MAKO-KNEE-KIT,Robotic Procedure Kit,Robotic-assisted knee,1,1607.20,1607.20,0.1900,305.37,1301.83,690.00,611.83,USD,Distributor,AGR-ORTHO-26-310,CPO-001-2026-0195,SI-880616,PAID,2026-03-06T17:05:00+00:00
TXN-000618,SO-100617,2026-04-07,2026-04-07T14:06:00+00:00,CUS-001,Atlantic Ortho Alliance,IDN,PA,Northeast,REP-002,ACC-HIP-CUP-56,Acetabular System,Total hip arthroplasty,1,3034.50,3034.50,0.2350,713.11,2321.39,1488.00,833.39,USD,Direct,AGR-ORTHO-26-310,CPO-001-2026-0196,SI-880617,DISPUTED,2026-04-07T17:06:00+00:00
TXN-000619,SO-100618,2026-03-23,2026-03-23T14:07:00+00:00,CUS-005,Lone Star Orthopedic Network,IDN,TX,South Central,REP-015,ACC-HIP-CUP-56,Acetabular System,Total hip arthroplasty,1,3004.75,3004.75,0.1950,585.93,2418.82,1488.00,930.82,USD,Direct,AGR-ORTHO-26-338,CPO-005-2026-0197,SI-880618,PAID,2026-03-23T17:07:00+00:00
TXN-000620,SO-100619,2026-05-13,2026-05-13T14:08:00+00:00,CUS-009,Northwest Specialty Distribution,Distributor,WA,West,REP-028,MAKO-HIP-KIT,Robotic Procedure Kit,Robotic-assisted hip,3,1509.95,4529.85,0.2450,1109.81,3420.04,1875.00,1545.04,USD,Distributor,AGR-ORTHO-26-331,CPO-009-2026-0198,SI-880619,DISPUTED,2026-05-13T17:08:00+00:00
TXN-000621,SO-100620,2026-01-07,2026-01-07T14:09:00+00:00,CUS-009,Northwest Specialty Distribution,Distributor,WA,West,REP-029,SOM-SCREW-45,Trauma Plating,Trauma fixation,2,147.46,294.92,0.2500,73.73,221.19,85.68,135.51,USD,Direct,AGR-ORTHO-26-331,CPO-009-2026-0199,SI-880620,PAID,2026-01-07T17:09:00+00:00
TXN-000622,SO-100621,2026-05-01,2026-05-01T14:10:00+00:00,CUS-009,Northwest Specialty Distribution,Distributor,WA,West,REP-030,MAKO-KNEE-KIT,Robotic Procedure Kit,Robotic-assisted knee,1,1623.60,1623.60,0.2450,397.78,1225.82,676.20,549.62,USD,Direct,AGR-ORTHO-26-331,CPO-009-2026-0200,SI-880621,OPEN,2026-05-01T17:10:00+00:00
TXN-000623,SO-100622,2026-04-10,2026-04-10T14:11:00+00:00,CUS-005,Lone Star Orthopedic Network,IDN,TX,South Central,REP-019,MAKO-KNEE-KIT,Robotic Procedure Kit,Robotic-assisted knee,1,1672.80,1672.80,0.1900,317.83,1354.97,676.20,678.77,USD,Direct,AGR-ORTHO-26-338,CPO-005-2026-0201,SI-880622,OPEN,2026-04-10T17:11:00+00:00
TXN-000624,SO-100623,2026-06-17,2026-06-17T14:12:00+00:00,CUS-003,Great Lakes University Hospital,Academic Medical Center,OH,Midwest,REP-007,MAKO-KNEE-KIT,Robotic Procedure Kit,Robotic-assisted knee,2,1656.40,3312.80,0.1700,563.18,2749.62,1352.40,1397.22,USD,ASC Program,AGR-ORTHO-26-324,CPO-003-2026-0202,SI-880623,PAID,2026-06-17T17:12:00+00:00
TXN-000625,SO-100624,2026-04-15,2026-04-15T14:13:00+00:00,CUS-007,Front Range Medical Center,Hospital,CO,Mountain,REP-020,SOM-SCREW-45,Trauma Plating,Trauma fixation,1,144.54,144.54,0.1350,19.51,125.03,41.16,83.87,USD,Direct,AGR-ORTHO-26-317,CPO-007-2026-0203,SI-880624,PAID,2026-04-17T17:13:00+00:00
TXN-000626,SO-100625,2026-01-06,2026-01-06T14:14:00+00:00,CUS-006,Pacific Motion Surgery Partners,ASC,CA,West,REP-018,ACC-HIP-LIN-36,Acetabular System,Total hip arthroplasty,1,1203.60,1203.60,0.1100,132.40,1071.20,519.40,551.80,USD,Direct,AGR-ORTHO-26-310,CPO-006-2026-0204,SI-880625,PAID,2026-01-06T17:14:00+00:00
TXN-000627,SO-100626,2026-02-23,2026-02-23T14:15:00+00:00,CUS-005,Lone Star Orthopedic Network,IDN,TX,South Central,REP-016,MAKO-KNEE-KIT,Robotic Procedure Kit,Robotic-assisted knee,3,1640.00,4920.00,0.1900,934.80,3985.20,2111.40,1873.80,USD,Direct,AGR-ORTHO-26-338,CPO-005-2026-0205,SI-880626,PAID,2026-02-24T17:15:00+00:00
TXN-000628,SO-100627,2026-02-13,2026-02-13T14:16:00+00:00,CUS-001,Atlantic Ortho Alliance,IDN,PA,Northeast,REP-005,TRI-KNEE-PS-05,Triathlon Knee,Total knee arthroplasty,2,4825.00,9650.00,0.1800,1737.00,7913.00,5080.00,2833.00,USD,Direct,AGR-ORTHO-26-310,CPO-001-2026-0206,SI-880627,PAID,2026-02-13T17:16:00+00:00
TXN-000629,SO-100628,2025-12-02,2025-12-02T14:17:00+00:00,CUS-008,Gulf Coast Trauma Hospital,Hospital,FL,Southeast,REP-027,TRI-KNEE-PS-05,Triathlon Knee,Total knee arthroplasty,2,4825.00,9650.00,0.1400,1351.00,8299.00,4978.40,3320.60,USD,Direct,AGR-ORTHO-26-324,CPO-008-2025-0207,SI-880628,DISPUTED,2025-12-02T17:17:00+00:00
TXN-000630,SO-100629,2026-01-21,2026-01-21T14:18:00+00:00,CUS-001,Atlantic Ortho Alliance,IDN,PA,Northeast,REP-007,SOM-PLATE-8H,Trauma Plating,Trauma fixation,1,892.50,892.50,0.2000,178.50,714.00,357.70,356.30,USD,Distributor,AGR-ORTHO-26-310,CPO-001-2026-0208,SI-880629,PAID,2026-01-23T17:18:00+00:00
TXN-000631,SO-100630,2026-04-08,2026-04-08T14:19:00+00:00,CUS-002,Hudson Valley Surgical Center,ASC,NY,Northeast,REP-004,SOM-PLATE-8H,Trauma Plating,Trauma fixation,1,857.50,857.50,0.1450,124.34,733.16,365.00,368.16,USD,Direct,AGR-ORTHO-26-317,CPO-002-2026-0209,SI-880630,PAID,2026-04-08T17:19:00+00:00
TXN-000632,SO-100631,2026-06-28,2026-06-28T14:20:00+00:00,CUS-007,Front Range Medical Center,Hospital,CO,Mountain,REP-020,TRI-KNEE-CR-04,Triathlon Knee,Total knee arthroplasty,5,4380.00,21900.00,0.1300,2847.00,19053.00,11550.00,7503.00,USD,ASC Program,AGR-ORTHO-26-317,CPO-007-2026-0210,SI-880631,PAID,2026-06-29T17:20:00+00:00
TXN-000633,SO-100632,2026-06-05,2026-06-05T14:21:00+00:00,CUS-002,Hudson Valley Surgical Center,ASC,NY,Northeast,REP-006,TRI-KNEE-CR-04,Triathlon Knee,Total knee arthroplasty,1,4292.40,4292.40,0.1100,472.16,3820.24,2356.20,1464.04,USD,ASC Program,AGR-ORTHO-26-317,CPO-002-2026-0211,SI-880632,PAID,2026-06-06T17:21:00+00:00
TXN-000634,SO-100633,2026-04-02,2026-04-02T14:22:00+00:00,CUS-004,Blue Ridge Joint Institute,Hospital,NC,Southeast,REP-013,TRI-KNEE-PS-05,Triathlon Knee,Total knee arthroplasty,1,4873.25,4873.25,0.1350,657.89,4215.36,2540.00,1675.36,USD,Direct,AGR-ORTHO-26-331,CPO-004-2026-0001,SI-880633,PAID,2026-04-04T17:22:00+00:00
TXN-000635,SO-100634,2026-03-06,2026-03-06T14:23:00+00:00,CUS-003,Great Lakes University Hospital,Academic Medical Center,OH,Midwest,REP-011,ACC-HIP-CUP-56,Acetabular System,Total hip arthroplasty,1,3034.50,3034.50,0.1700,515.87,2518.63,1458.24,1060.39,USD,ASC Program,AGR-ORTHO-26-324,CPO-003-2026-0002,SI-880634,OPEN,2026-03-07T17:23:00+00:00
TXN-000636,SO-100635,2025-11-15,2025-11-15T14:24:00+00:00,CUS-010,Prairie Orthopedics Cooperative,IDN,IL,Midwest,REP-033,TRI-KNEE-PS-05,Triathlon Knee,Total knee arthroplasty,2,4728.50,9457.00,0.1800,1702.26,7754.74,5080.00,2674.74,USD,Direct,AGR-ORTHO-26-338,CPO-010-2025-0003,SI-880635,PARTIALLY_PAID,2025-11-16T17:24:00+00:00
TXN-000637,SO-100636,2026-03-29,2026-03-29T14:25:00+00:00,CUS-002,Hudson Valley Surgical Center,ASC,NY,Northeast,REP-010,MAKO-HIP-KIT,Robotic Procedure Kit,Robotic-assisted hip,1,1495.00,1495.00,0.1150,171.93,1323.07,637.50,685.57,USD,Direct,AGR-ORTHO-26-317,CPO-002-2026-0004,SI-880636,PAID,2026-03-29T17:25:00+00:00
TXN-000638,SO-100637,2026-01-06,2026-01-06T14:26:00+00:00,CUS-009,Northwest Specialty Distribution,Distributor,WA,West,REP-025,MAKO-HIP-KIT,Robotic Procedure Kit,Robotic-assisted hip,2,1495.00,2990.00,0.2400,717.60,2272.40,1250.00,1022.40,USD,Distributor,AGR-ORTHO-26-331,CPO-009-2026-0005,SI-880637,PAID,2026-01-06T17:26:00+00:00
TXN-000639,SO-100638,2026-04-02,2026-04-02T14:27:00+00:00,CUS-007,Front Range Medical Center,Hospital,CO,Mountain,REP-020,ACC-HIP-CUP-56,Acetabular System,Total hip arthroplasty,5,2975.00,14875.00,0.1200,1785.00,13090.00,7440.00,5650.00,USD,ASC Program,AGR-ORTHO-26-317,CPO-007-2026-0006,SI-880638,OPEN,2026-04-02T17:27:00+00:00
TXN-000640,SO-100639,2026-04-22,2026-04-22T14:28:00+00:00,CUS-006,Pacific Motion Surgery Partners,ASC,CA,West,REP-018,MAKO-HIP-KIT,Robotic Procedure Kit,Robotic-assisted hip,1,1495.00,1495.00,0.1100,164.45,1330.55,625.00,705.55,USD,Direct,AGR-ORTHO-26-310,CPO-006-2026-0007,SI-880639,PAID,2026-04-24T17:28:00+00:00
TXN-000641,SO-100640,2026-04-03,2026-04-03T14:29:00+00:00,CUS-006,Pacific Motion Surgery Partners,ASC,CA,West,REP-019,MAKO-HIP-KIT,Robotic Procedure Kit,Robotic-assisted hip,2,1509.95,3019.90,0.1150,347.29,2672.61,1275.00,1397.61,USD,Distributor,AGR-ORTHO-26-310,CPO-006-2026-0008,SI-880640,PAID,2026-04-03T17:29:00+00:00
TXN-000642,SO-100641,2026-03-07,2026-03-07T14:30:00+00:00,CUS-012,New England Sports Medicine,Hospital,MA,Northeast,REP-038,ACC-HIP-CUP-56,Acetabular System,Total hip arthroplasty,5,2945.25,14726.25,0.1350,1988.04,12738.21,7588.80,5149.41,USD,Direct,AGR-ORTHO-26-317,CPO-012-2026-0009,SI-880641,OPEN,2026-03-07T17:30:00+00:00
TXN-000643,SO-100642,2026-04-17,2026-04-17T14:31:00+00:00,CUS-009,Northwest Specialty Distribution,Distributor,WA,West,REP-030,TRI-KNEE-CR-04,Triathlon Knee,Total knee arthroplasty,5,4380.00,21900.00,0.2450,5365.50,16534.50,11781.00,4753.50,USD,Direct,AGR-ORTHO-26-331,CPO-009-2026-0010,SI-880642,OPEN,2026-04-18T17:31:00+00:00
TXN-000644,SO-100643,2025-12-22,2025-12-22T14:32:00+00:00,CUS-001,Atlantic Ortho Alliance,IDN,PA,Northeast,REP-007,ACC-HIP-CUP-56,Acetabular System,Total hip arthroplasty,2,2975.00,5950.00,0.1900,1130.50,4819.50,2976.00,1843.50,USD,Direct,AGR-ORTHO-26-310,CPO-001-2025-0011,SI-880643,OPEN,2025-12-22T17:32:00+00:00
TXN-000645,SO-100644,2026-02-27,2026-02-27T14:33:00+00:00,CUS-005,Lone Star Orthopedic Network,IDN,TX,South Central,REP-013,TRI-KNEE-PS-05,Triathlon Knee,Total knee arthroplasty,2,4728.50,9457.00,0.1950,1844.12,7612.88,4978.40,2634.48,USD,Direct,AGR-ORTHO-26-338,CPO-005-2026-0012,SI-880644,PAID,2026-03-01T17:33:00+00:00
TXN-000646,SO-100645,2026-05-08,2026-05-08T14:34:00+00:00,CUS-010,Prairie Orthopedics Cooperative,IDN,IL,Midwest,REP-029,SOM-SCREW-45,Trauma Plating,Trauma fixation,2,146.00,292.00,0.1900,55.48,236.52,82.32,154.20,USD,Direct,AGR-ORTHO-26-338,CPO-010-2026-0013,SI-880645,OPEN,2026-05-09T17:34:00+00:00
TXN-000647,SO-100646,2026-04-24,2026-04-24T14:35:00+00:00,CUS-003,Great Lakes University Hospital,Academic Medical Center,OH,Midwest,REP-009,MAKO-KNEE-KIT,Robotic Procedure Kit,Robotic-assisted knee,2,1607.20,3214.40,0.1700,546.45,2667.95,1352.40,1315.55,USD,Direct,AGR-ORTHO-26-324,CPO-003-2026-0014,SI-880646,PAID,2026-04-24T17:35:00+00:00
TXN-000648,SO-100647,2026-02-13,2026-02-13T14:36:00+00:00,CUS-003,Great Lakes University Hospital,Academic Medical Center,OH,Midwest,REP-010,TRI-KNEE-PS-05,Triathlon Knee,Total knee arthroplasty,2,4825.00,9650.00,0.1700,1640.50,8009.50,5080.00,2929.50,USD,Direct,AGR-ORTHO-26-324,CPO-003-2026-0015,SI-880647,PAID,2026-02-14T17:36:00+00:00
TXN-000649,SO-100648,2026-03-03,2026-03-03T14:37:00+00:00,CUS-006,Pacific Motion Surgery Partners,ASC,CA,West,REP-020,REV-FEM-STEM-12,Revision Hip,Revision arthroplasty,2,6291.60,12583.20,0.1000,1258.32,11324.88,6990.00,4334.88,USD,ASC Program,AGR-ORTHO-26-310,CPO-006-2026-0016,SI-880648,PAID,2026-03-03T17:37:00+00:00
TXN-000650,SO-100649,2026-03-29,2026-03-29T14:38:00+00:00,CUS-001,Atlantic Ortho Alliance,IDN,PA,Northeast,REP-006,ACC-HIP-CUP-56,Acetabular System,Total hip arthroplasty,2,2975.00,5950.00,0.1900,1130.50,4819.50,2976.00,1843.50,USD,ASC Program,AGR-ORTHO-26-310,CPO-001-2026-0017,SI-880649,PAID,2026-03-31T17:38:00+00:00
TXN-000651,SO-100650,2026-01-19,2026-01-19T14:39:00+00:00,CUS-001,Atlantic Ortho Alliance,IDN,PA,Northeast,REP-007,REV-FEM-STEM-12,Revision Hip,Revision arthroplasty,2,6420.00,12840.00,0.2000,2568.00,10272.00,6990.00,3282.00,USD,ASC Program,AGR-ORTHO-26-310,CPO-001-2026-0018,SI-880650,PAID,2026-01-20T17:39:00+00:00
TXN-000652,SO-100651,2026-05-04,2026-05-04T14:40:00+00:00,CUS-001,Atlantic Ortho Alliance,IDN,PA,Northeast,REP-001,ACC-HIP-CUP-56,Acetabular System,Total hip arthroplasty,2,3004.75,6009.50,0.2300,1382.19,4627.31,2916.48,1710.83,USD,Direct,AGR-ORTHO-26-310,CPO-001-2026-0019,SI-880651,PAID,2026-05-06T17:40:00+00:00
TXN-000653,SO-100652,2026-04-17,2026-04-17T14:41:00+00:00,CUS-001,Atlantic Ortho Alliance,IDN,PA,Northeast,REP-002,MAKO-HIP-KIT,Robotic Procedure Kit,Robotic-assisted hip,1,1524.90,1524.90,0.2300,350.73,1174.17,612.50,561.67,USD,ASC Program,AGR-ORTHO-26-310,CPO-001-2026-0020,SI-880652,PAID,2026-04-18T17:41:00+00:00
TXN-000654,SO-100653,2026-02-06,2026-02-06T14:42:00+00:00,CUS-009,Northwest Specialty Distribution,Distributor,WA,West,REP-027,ACC-HIP-LIN-36,Acetabular System,Total hip arthroplasty,3,1203.60,3610.80,0.2300,830.48,2780.32,1558.20,1222.12,USD,Direct,AGR-ORTHO-26-331,CPO-009-2026-0021,SI-880653,PAID,2026-02-08T17:42:00+00:00
TXN-000655,SO-100654,2026-04-21,2026-04-21T14:43:00+00:00,CUS-012,New England Sports Medicine,Hospital,MA,Northeast,REP-037,ACC-HIP-CUP-56,Acetabular System,Total hip arthroplasty,3,2945.25,8835.75,0.1650,1457.90,7377.85,4374.72,3003.13,USD,ASC Program,AGR-ORTHO-26-317,CPO-012-2026-0022,SI-880654,OPEN,2026-04-21T17:43:00+00:00
TXN-000656,SO-100655,2026-03-30,2026-03-30T14:44:00+00:00,CUS-007,Front Range Medical Center,Hospital,CO,Mountain,REP-023,SOM-PLATE-8H,Trauma Plating,Trauma fixation,2,857.50,1715.00,0.1300,222.95,1492.05,730.00,762.05,USD,Direct,AGR-ORTHO-26-317,CPO-007-2026-0023,SI-880655,PAID,2026-04-01T17:44:00+00:00
TXN-000657,SO-100656,2026-03-09,2026-03-09T14:45:00+00:00,CUS-005,Lone Star Orthopedic Network,IDN,TX,South Central,REP-018,ACC-HIP-CUP-56,Acetabular System,Total hip arthroplasty,1,2945.25,2945.25,0.1900,559.60,2385.65,1488.00,897.65,USD,Direct,AGR-ORTHO-26-338,CPO-005-2026-0024,SI-880656,PAID,2026-03-09T17:45:00+00:00
TXN-000658,SO-100657,2026-01-28,2026-01-28T14:46:00+00:00,CUS-011,Desert Ridge Ambulatory Surgery,ASC,AZ,Mountain,REP-037,ACC-HIP-LIN-36,Acetabular System,Total hip arthroplasty,1,1168.20,1168.20,0.1150,134.34,1033.86,519.40,514.46,USD,Distributor,AGR-ORTHO-26-310,CPO-011-2026-0025,SI-880657,PAID,2026-01-28T17:46:00+00:00
TXN-000659,SO-100658,2026-05-25,2026-05-25T14:00:00+00:00,CUS-008,Gulf Coast Trauma Hospital,Hospital,FL,Southeast,REP-022,REV-FEM-STEM-12,Revision Hip,Revision arthroplasty,5,6291.60,31458.00,0.1300,4089.54,27368.46,17475.00,9893.46,USD,Direct,AGR-ORTHO-26-324,CPO-008-2026-0026,SI-880658,OPEN,2026-05-25T17:00:00+00:00
TXN-000660,SO-100659,2025-12-08,2025-12-08T14:01:00+00:00,CUS-006,Pacific Motion Surgery Partners,ASC,CA,West,REP-017,MAKO-KNEE-KIT,Robotic Procedure Kit,Robotic-assisted knee,5,1607.20,8036.00,0.1000,803.60,7232.40,3519.00,3713.40,USD,Direct,AGR-ORTHO-26-310,CPO-006-2025-0027,SI-880659,PAID,2025-12-09T17:01:00+00:00
TXN-000661,SO-100660,2026-04-05,2026-04-05T14:02:00+00:00,CUS-003,Great Lakes University Hospital,Academic Medical Center,OH,Midwest,REP-009,ACC-HIP-CUP-56,Acetabular System,Total hip arthroplasty,1,2915.50,2915.50,0.1800,524.79,2390.71,1488.00,902.71,USD,Direct,AGR-ORTHO-26-324,CPO-003-2026-0028,SI-880660,PAID,2026-04-05T17:02:00+00:00
TXN-000662,SO-100661,2026-04-06,2026-04-06T14:03:00+00:00,CUS-006,Pacific Motion Surgery Partners,ASC,CA,West,REP-019,MAKO-KNEE-KIT,Robotic Procedure Kit,Robotic-assisted knee,1,1640.00,1640.00,0.1000,164.00,1476.00,690.00,786.00,USD,ASC Program,AGR-ORTHO-26-310,CPO-006-2026-0029,SI-880661,OPEN,2026-04-06T17:03:00+00:00
TXN-000663,SO-100662,2026-03-30,2026-03-30T14:04:00+00:00,CUS-011,Desert Ridge Ambulatory Surgery,ASC,AZ,Mountain,REP-035,ACC-HIP-LIN-36,Acetabular System,Total hip arthroplasty,5,1191.80,5959.00,0.1200,715.08,5243.92,2650.00,2593.92,USD,Distributor,AGR-ORTHO-26-310,CPO-011-2026-0030,SI-880662,PAID,2026-03-30T17:04:00+00:00
TXN-000664,SO-100663,2026-05-03,2026-05-03T14:05:00+00:00,CUS-010,Prairie Orthopedics Cooperative,IDN,IL,Midwest,REP-033,SPN-CAGE-LORD,Spine Interbody,Lumbar fusion,1,5312.60,5312.60,0.1900,1009.39,4303.21,2680.30,1622.91,USD,Direct,AGR-ORTHO-26-338,CPO-010-2026-0031,SI-880663,PAID,2026-05-03T17:05:00+00:00
TXN-000665,SO-100664,2026-04-09,2026-04-09T14:06:00+00:00,CUS-010,Prairie Orthopedics Cooperative,IDN,IL,Midwest,REP-034,ACC-HIP-LIN-36,Acetabular System,Total hip arthroplasty,3,1156.40,3469.20,0.1800,624.46,2844.74,1558.20,1286.54,USD,Direct,AGR-ORTHO-26-338,CPO-010-2026-0032,SI-880664,PAID,2026-04-10T17:06:00+00:00
TXN-000666,SO-100665,2026-03-26,2026-03-26T14:07:00+00:00,CUS-005,Lone Star Orthopedic Network,IDN,TX,South Central,REP-013,TRI-KNEE-CR-04,Triathlon Knee,Total knee arthroplasty,1,4336.20,4336.20,0.1900,823.88,3512.32,2263.80,1248.52,USD,Direct,AGR-ORTHO-26-338,CPO-005-2026-0033,SI-880665,PAID,2026-03-26T17:07:00+00:00
TXN-000667,SO-100666,2025-12-20,2025-12-20T14:08:00+00:00,CUS-003,Great Lakes University Hospital,Academic Medical Center,OH,Midwest,REP-008,ACC-HIP-LIN-36,Acetabular System,Total hip arthroplasty,4,1203.60,4814.40,0.1700,818.45,3995.95,2120.00,1875.95,USD,Direct,AGR-ORTHO-26-324,CPO-003-2025-0034,SI-880666,PAID,2025-12-22T17:08:00+00:00
TXN-000668,SO-100667,2026-02-08,2026-02-08T14:09:00+00:00,CUS-006,Pacific Motion Surgery Partners,ASC,CA,West,REP-018,REV-FEM-STEM-12,Revision Hip,Revision arthroplasty,1,6420.00,6420.00,0.1200,770.40,5649.60,3495.00,2154.60,USD,Direct,AGR-ORTHO-26-310,CPO-006-2026-0035,SI-880667,PAID,2026-02-08T17:09:00+00:00
TXN-000669,SO-100668,2026-06-04,2026-06-04T14:10:00+00:00,CUS-009,Northwest Specialty Distribution,Distributor,WA,West,REP-028,SOM-PLATE-8H,Trauma Plating,Trauma fixation,5,875.00,4375.00,0.2450,1071.88,3303.12,1825.00,1478.12,USD,Direct,AGR-ORTHO-26-331,CPO-009-2026-0036,SI-880668,OPEN,2026-06-05T17:10:00+00:00
TXN-000670,SO-100669,2026-03-09,2026-03-09T14:11:00+00:00,CUS-001,Atlantic Ortho Alliance,IDN,PA,Northeast,REP-005,SOM-PLATE-8H,Trauma Plating,Trauma fixation,2,875.00,1750.00,0.1800,315.00,1435.00,715.40,719.60,USD,Direct,AGR-ORTHO-26-310,CPO-001-2026-0037,SI-880669,PAID,2026-03-10T17:11:00+00:00
TXN-000671,SO-100670,2026-04-19,2026-04-19T14:12:00+00:00,CUS-006,Pacific Motion Surgery Partners,ASC,CA,West,REP-021,SPN-CAGE-LORD,Spine Interbody,Lumbar fusion,2,5260.00,10520.00,0.1100,1157.20,9362.80,5360.60,4002.20,USD,ASC Program,AGR-ORTHO-26-310,CPO-006-2026-0038,SI-880670,PAID,2026-04-19T17:12:00+00:00
TXN-000672,SO-100671,2026-06-17,2026-06-17T14:13:00+00:00,CUS-004,Blue Ridge Joint Institute,Hospital,NC,Southeast,REP-016,TRI-KNEE-PS-05,Triathlon Knee,Total knee arthroplasty,1,4825.00,4825.00,0.1300,627.25,4197.75,2540.00,1657.75,USD,Direct,AGR-ORTHO-26-331,CPO-004-2026-0039,SI-880671,PAID,2026-06-17T17:13:00+00:00
TXN-000673,SO-100672,2026-05-04,2026-05-04T14:14:00+00:00,CUS-007,Front Range Medical Center,Hospital,CO,Mountain,REP-019,ACC-HIP-CUP-56,Acetabular System,Total hip arthroplasty,1,2975.00,2975.00,0.1350,401.63,2573.37,1488.00,1085.37,USD,Distributor,AGR-ORTHO-26-317,CPO-007-2026-0040,SI-880672,OPEN,2026-05-06T17:14:00+00:00
TXN-000674,SO-100673,2026-02-21,2026-02-21T14:15:00+00:00,CUS-012,New England Sports Medicine,Hospital,MA,Northeast,REP-035,SOM-PLATE-8H,Trauma Plating,Trauma fixation,1,866.25,866.25,0.1200,103.95,762.30,372.30,390.00,USD,Distributor,AGR-ORTHO-26-317,CPO-012-2026-0041,SI-880673,OPEN,2026-02-21T17:15:00+00:00
TXN-000675,SO-100674,2026-04-10,2026-04-10T14:16:00+00:00,CUS-010,Prairie Orthopedics Cooperative,IDN,IL,Midwest,REP-030,ACC-HIP-LIN-36,Acetabular System,Total hip arthroplasty,4,1191.80,4767.20,0.1950,929.60,3837.60,2120.00,1717.60,USD,Direct,AGR-ORTHO-26-338,CPO-010-2026-0042,SI-880674,PAID,2026-04-10T17:16:00+00:00
TXN-000676,SO-100675,2026-02-12,2026-02-12T14:17:00+00:00,CUS-006,Pacific Motion Surgery Partners,ASC,CA,West,REP-019,TRI-KNEE-PS-05,Triathlon Knee,Total knee arthroplasty,2,4921.50,9843.00,0.1100,1082.73,8760.27,4978.40,3781.87,USD,Direct,AGR-ORTHO-26-310,CPO-006-2026-0043,SI-880675,OPEN,2026-02-12T17:17:00+00:00
TXN-000677,SO-100676,2026-03-06,2026-03-06T14:18:00+00:00,CUS-008,Gulf Coast Trauma Hospital,Hospital,FL,Southeast,REP-026,REV-FEM-STEM-12,Revision Hip,Revision arthroplasty,2,6548.40,13096.80,0.1200,1571.62,11525.18,6990.00,4535.18,USD,Distributor,AGR-ORTHO-26-324,CPO-008-2026-0044,SI-880676,OPEN,2026-03-06T17:18:00+00:00
TXN-000678,SO-100677,2026-01-18,2026-01-18T14:19:00+00:00,CUS-010,Prairie Orthopedics Cooperative,IDN,IL,Midwest,REP-033,ACC-HIP-CUP-56,Acetabular System,Total hip arthroplasty,4,2975.00,11900.00,0.1950,2320.50,9579.50,5952.00,3627.50,USD,Distributor,AGR-ORTHO-26-338,CPO-010-2026-0045,SI-880677,PAID,2026-01-19T17:19:00+00:00
TXN-000679,SO-100678,2025-12-28,2025-12-28T14:20:00+00:00,CUS-009,Northwest Specialty Distribution,Distributor,WA,West,REP-031,TRI-KNEE-CR-04,Triathlon Knee,Total knee arthroplasty,5,4380.00,21900.00,0.2450,5365.50,16534.50,11781.00,4753.50,USD,Direct,AGR-ORTHO-26-331,CPO-009-2025-0046,SI-880678,PAID,2025-12-28T17:20:00+00:00
TXN-000680,SO-100679,2026-03-02,2026-03-02T14:21:00+00:00,CUS-011,Desert Ridge Ambulatory Surgery,ASC,AZ,Mountain,REP-031,ACC-HIP-LIN-36,Acetabular System,Total hip arthroplasty,1,1180.00,1180.00,0.1150,135.70,1044.30,519.40,524.90,USD,Distributor,AGR-ORTHO-26-310,CPO-011-2026-0047,SI-880679,PAID,2026-03-02T17:21:00+00:00
TXN-000681,SO-100680,2025-12-18,2025-12-18T14:22:00+00:00,CUS-001,Atlantic Ortho Alliance,IDN,PA,Northeast,REP-002,ACC-HIP-LIN-36,Acetabular System,Total hip arthroplasty,3,1156.40,3469.20,0.1800,624.46,2844.74,1590.00,1254.74,USD,Direct,AGR-ORTHO-26-310,CPO-001-2025-0048,SI-880680,OPEN,2025-12-18T17:22:00+00:00
TXN-000682,SO-100681,2026-04-19,2026-04-19T14:23:00+00:00,CUS-001,Atlantic Ortho Alliance,IDN,PA,Northeast,REP-003,TRI-KNEE-PS-05,Triathlon Knee,Total knee arthroplasty,2,4873.25,9746.50,0.2250,2192.96,7553.54,5080.00,2473.54,USD,Direct,AGR-ORTHO-26-310,CPO-001-2026-0049,SI-880681,PAID,2026-04-19T17:23:00+00:00
TXN-000683,SO-100682,2026-05-25,2026-05-25T14:24:00+00:00,CUS-012,New England Sports Medicine,Hospital,MA,Northeast,REP-037,TRI-KNEE-PS-05,Triathlon Knee,Total knee arthroplasty,1,4825.00,4825.00,0.1200,579.00,4246.00,2590.80,1655.20,USD,Distributor,AGR-ORTHO-26-317,CPO-012-2026-0050,SI-880682,PAID,2026-05-26T17:24:00+00:00
TXN-000684,SO-100683,2026-04-11,2026-04-11T14:25:00+00:00,CUS-006,Pacific Motion Surgery Partners,ASC,CA,West,REP-020,ACC-HIP-LIN-36,Acetabular System,Total hip arthroplasty,1,1168.20,1168.20,0.1100,128.50,1039.70,540.60,499.10,USD,Direct,AGR-ORTHO-26-310,CPO-006-2026-0051,SI-880683,OPEN,2026-04-13T17:25:00+00:00
TXN-000685,SO-100684,2025-12-17,2025-12-17T14:26:00+00:00,CUS-005,Lone Star Orthopedic Network,IDN,TX,South Central,REP-018,MAKO-HIP-KIT,Robotic Procedure Kit,Robotic-assisted hip,1,1465.10,1465.10,0.1950,285.69,1179.41,625.00,554.41,USD,ASC Program,AGR-ORTHO-26-338,CPO-005-2025-0052,SI-880684,PAID,2025-12-17T17:26:00+00:00
TXN-000686,SO-100685,2026-02-01,2026-02-01T14:27:00+00:00,CUS-010,Prairie Orthopedics Cooperative,IDN,IL,Midwest,REP-034,ACC-HIP-LIN-36,Acetabular System,Total hip arthroplasty,1,1180.00,1180.00,0.1800,212.40,967.60,540.60,427.00,USD,ASC Program,AGR-ORTHO-26-338,CPO-010-2026-0053,SI-880685,PAID,2026-02-02T17:27:00+00:00
TXN-000687,SO-100686,2026-03-10,2026-03-10T14:28:00+00:00,CUS-004,Blue Ridge Joint Institute,Hospital,NC,Southeast,REP-010,MAKO-KNEE-KIT,Robotic Procedure Kit,Robotic-assisted knee,2,1623.60,3247.20,0.1350,438.37,2808.83,1352.40,1456.43,USD,Distributor,AGR-ORTHO-26-331,CPO-004-2026-0054,SI-880686,PAID,2026-03-10T17:28:00+00:00
TXN-000688,SO-100687,2026-06-01,2026-06-01T14:29:00+00:00,CUS-003,Great Lakes University Hospital,Academic Medical Center,OH,Midwest,REP-008,MAKO-KNEE-KIT,Robotic Procedure Kit,Robotic-assisted knee,2,1672.80,3345.60,0.1750,585.48,2760.12,1380.00,1380.12,USD,Distributor,AGR-ORTHO-26-324,CPO-003-2026-0055,SI-880687,OPEN,2026-06-02T17:29:00+00:00
TXN-000689,SO-100688,2026-01-13,2026-01-13T14:30:00+00:00,CUS-011,Desert Ridge Ambulatory Surgery,ASC,AZ,Mountain,REP-033,ACC-HIP-LIN-36,Acetabular System,Total hip arthroplasty,2,1156.40,2312.80,0.1150,265.97,2046.83,1060.00,986.83,USD,ASC Program,AGR-ORTHO-26-310,CPO-011-2026-0056,SI-880688,PAID,2026-01-13T17:30:00+00:00
TXN-000690,SO-100689,2026-03-08,2026-03-08T14:31:00+00:00,CUS-001,Atlantic Ortho Alliance,IDN,PA,Northeast,REP-004,TRI-KNEE-PS-05,Triathlon Knee,Total knee arthroplasty,4,4825.00,19300.00,0.1900,3667.00,15633.00,10160.00,5473.00,USD,Direct,AGR-ORTHO-26-310,CPO-001-2026-0057,SI-880689,OPEN,2026-03-09T17:31:00+00:00
TXN-000691,SO-100690,2026-04-07,2026-04-07T14:32:00+00:00,CUS-006,Pacific Motion Surgery Partners,ASC,CA,West,REP-020,MAKO-HIP-KIT,Robotic Procedure Kit,Robotic-assisted hip,2,1480.05,2960.10,0.1200,355.21,2604.89,1250.00,1354.89,USD,Distributor,AGR-ORTHO-26-310,CPO-006-2026-0058,SI-880690,PAID,2026-04-07T17:32:00+00:00
TXN-000692,SO-100691,2026-03-13,2026-03-13T14:33:00+00:00,CUS-007,Front Range Medical Center,Hospital,CO,Mountain,REP-024,SPN-CAGE-LORD,Spine Interbody,Lumbar fusion,2,5207.40,10414.80,0.1300,1353.92,9060.88,5470.00,3590.88,USD,Direct,AGR-ORTHO-26-317,CPO-007-2026-0059,SI-880691,OPEN,2026-03-13T17:33:00+00:00
TXN-000693,SO-100692,2026-04-24,2026-04-24T14:34:00+00:00,CUS-007,Front Range Medical Center,Hospital,CO,Mountain,REP-025,TRI-KNEE-CR-04,Triathlon Knee,Total knee arthroplasty,1,4336.20,4336.20,0.1200,520.34,3815.86,2263.80,1552.06,USD,Direct,AGR-ORTHO-26-317,CPO-007-2026-0060,SI-880692,PAID,2026-04-25T17:34:00+00:00
TXN-000694,SO-100693,2025-12-07,2025-12-07T14:35:00+00:00,CUS-010,Prairie Orthopedics Cooperative,IDN,IL,Midwest,REP-028,TRI-KNEE-PS-05,Triathlon Knee,Total knee arthroplasty,1,4728.50,4728.50,0.1900,898.42,3830.08,2489.20,1340.88,USD,Direct,AGR-ORTHO-26-338,CPO-010-2025-0061,SI-880693,PAID,2025-12-08T17:35:00+00:00
TXN-000695,SO-100694,2026-02-05,2026-02-05T14:36:00+00:00,CUS-003,Great Lakes University Hospital,Academic Medical Center,OH,Midwest,REP-008,ACC-HIP-CUP-56,Acetabular System,Total hip arthroplasty,5,3004.75,15023.75,0.1700,2554.04,12469.71,7588.80,4880.91,USD,Direct,AGR-ORTHO-26-324,CPO-003-2026-0062,SI-880694,OPEN,2026-02-05T17:36:00+00:00
TXN-000696,SO-100695,2025-12-15,2025-12-15T14:37:00+00:00,CUS-006,Pacific Motion Surgery Partners,ASC,CA,West,REP-018,SOM-PLATE-8H,Trauma Plating,Trauma fixation,1,875.00,875.00,0.1100,96.25,778.75,365.00,413.75,USD,Direct,AGR-ORTHO-26-310,CPO-006-2025-0063,SI-880695,OPEN,2025-12-15T17:37:00+00:00
TXN-000697,SO-100696,2026-05-25,2026-05-25T14:38:00+00:00,CUS-006,Pacific Motion Surgery Partners,ASC,CA,West,REP-019,SOM-SCREW-45,Trauma Plating,Trauma fixation,2,147.46,294.92,0.1200,35.39,259.53,84.00,175.53,USD,Direct,AGR-ORTHO-26-310,CPO-006-2026-0064,SI-880696,PARTIALLY_PAID,2026-05-25T17:38:00+00:00
TXN-000698,SO-100697,2026-03-20,2026-03-20T14:39:00+00:00,CUS-010,Prairie Orthopedics Cooperative,IDN,IL,Midwest,REP-032,MAKO-KNEE-KIT,Robotic Procedure Kit,Robotic-assisted knee,3,1672.80,5018.40,0.1950,978.59,4039.81,2028.60,2011.21,USD,Direct,AGR-ORTHO-26-338,CPO-010-2026-0065,SI-880697,PAID,2026-03-21T17:39:00+00:00
TXN-000699,SO-100698,2026-04-19,2026-04-19T14:40:00+00:00,CUS-001,Atlantic Ortho Alliance,IDN,PA,Northeast,REP-006,MAKO-HIP-KIT,Robotic Procedure Kit,Robotic-assisted hip,2,1495.00,2990.00,0.2250,672.75,2317.25,1250.00,1067.25,USD,Direct,AGR-ORTHO-26-310,CPO-001-2026-0066,SI-880698,PAID,2026-04-19T17:40:00+00:00
TXN-000700,SO-100699,2026-02-21,2026-02-21T14:41:00+00:00,CUS-008,Gulf Coast Trauma Hospital,Hospital,FL,Southeast,REP-028,SOM-PLATE-8H,Trauma Plating,Trauma fixation,2,857.50,1715.00,0.1200,205.80,1509.20,744.60,764.60,USD,Direct,AGR-ORTHO-26-324,CPO-008-2026-0067,SI-880699,PAID,2026-02-22T17:41:00+00:00
TXN-000701,SO-100700,2026-04-20,2026-04-20T14:42:00+00:00,CUS-006,Pacific Motion Surgery Partners,ASC,CA,West,REP-016,SPN-CAGE-LORD,Spine Interbody,Lumbar fusion,1,5365.20,5365.20,0.1150,617.00,4748.20,2735.00,2013.20,USD,ASC Program,AGR-ORTHO-26-310,CPO-006-2026-0068,SI-880700,PAID,2026-04-22T17:42:00+00:00
TXN-000702,SO-100701,2026-04-14,2026-04-14T14:43:00+00:00,CUS-006,Pacific Motion Surgery Partners,ASC,CA,West,REP-017,ACC-HIP-LIN-36,Acetabular System,Total hip arthroplasty,2,1180.00,2360.00,0.1100,259.60,2100.40,1081.20,1019.20,USD,Direct,AGR-ORTHO-26-310,CPO-006-2026-0069,SI-880701,PAID,2026-04-14T17:43:00+00:00
TXN-000703,SO-100702,2026-04-03,2026-04-03T14:44:00+00:00,CUS-009,Northwest Specialty Distribution,Distributor,WA,West,REP-027,TRI-KNEE-PS-05,Triathlon Knee,Total knee arthroplasty,1,4825.00,4825.00,0.2400,1158.00,3667.00,2489.20,1177.80,USD,Direct,AGR-ORTHO-26-331,CPO-009-2026-0070,SI-880702,PAID,2026-04-03T17:44:00+00:00
TXN-000704,SO-100703,2026-04-30,2026-04-30T14:45:00+00:00,CUS-001,Atlantic Ortho Alliance,IDN,PA,Northeast,REP-004,SOM-PLATE-8H,Trauma Plating,Trauma fixation,1,883.75,883.75,0.2150,190.01,693.74,372.30,321.44,USD,Direct,AGR-ORTHO-26-310,CPO-001-2026-0071,SI-880703,PAID,2026-05-01T17:45:00+00:00
TXN-000705,SO-100704,2026-03-14,2026-03-14T14:46:00+00:00,CUS-003,Great Lakes University Hospital,Academic Medical Center,OH,Midwest,REP-011,MAKO-HIP-KIT,Robotic Procedure Kit,Robotic-assisted hip,1,1495.00,1495.00,0.1600,239.20,1255.80,625.00,630.80,USD,Direct,AGR-ORTHO-26-324,CPO-003-2026-0072,SI-880704,PAID,2026-03-15T17:46:00+00:00
TXN-000706,SO-100705,2025-12-12,2025-12-12T14:00:00+00:00,CUS-003,Great Lakes University Hospital,Academic Medical Center,OH,Midwest,REP-012,SOM-PLATE-8H,Trauma Plating,Trauma fixation,3,892.50,2677.50,0.1700,455.18,2222.32,1095.00,1127.32,USD,Direct,AGR-ORTHO-26-324,CPO-003-2025-0073,SI-880705,OPEN,2025-12-12T17:00:00+00:00
TXN-000707,SO-100706,2025-10-11,2025-10-11T14:01:00+00:00,CUS-003,Great Lakes University Hospital,Academic Medical Center,OH,Midwest,REP-013,ACC-HIP-LIN-36,Acetabular System,Total hip arthroplasty,1,1180.00,1180.00,0.1800,212.40,967.60,519.40,448.20,USD,Direct,AGR-ORTHO-26-324,CPO-003-2025-0074,SI-880706,PARTIALLY_PAID,2025-10-12T17:01:00+00:00
TXN-000708,SO-100707,2026-03-12,2026-03-12T14:02:00+00:00,CUS-001,Atlantic Ortho Alliance,IDN,PA,Northeast,REP-001,MAKO-HIP-KIT,Robotic Procedure Kit,Robotic-assisted hip,1,1509.95,1509.95,0.2000,301.99,1207.96,625.00,582.96,USD,Direct,AGR-ORTHO-26-310,CPO-001-2026-0075,SI-880707,OPEN,2026-03-12T17:02:00+00:00
TXN-000709,SO-100708,2026-02-13,2026-02-13T14:03:00+00:00,CUS-003,Great Lakes University Hospital,Academic Medical Center,OH,Midwest,REP-008,TRI-KNEE-CR-04,Triathlon Knee,Total knee arthroplasty,3,4467.60,13402.80,0.1700,2278.48,11124.32,7068.60,4055.72,USD,Direct,AGR-ORTHO-26-324,CPO-003-2026-0076,SI-880708,PAID,2026-02-13T17:03:00+00:00
TXN-000710,SO-100709,2026-05-04,2026-05-04T14:04:00+00:00,CUS-006,Pacific Motion Surgery Partners,ASC,CA,West,REP-018,SPN-CAGE-LORD,Spine Interbody,Lumbar fusion,1,5207.40,5207.40,0.1200,624.89,4582.51,2680.30,1902.21,USD,Direct,AGR-ORTHO-26-310,CPO-006-2026-0077,SI-880709,PAID,2026-05-04T17:04:00+00:00
TXN-000711,SO-100710,2026-01-04,2026-01-04T14:05:00+00:00,CUS-004,Blue Ridge Joint Institute,Hospital,NC,Southeast,REP-013,ACC-HIP-LIN-36,Acetabular System,Total hip arthroplasty,2,1203.60,2407.20,0.1400,337.01,2070.19,1060.00,1010.19,USD,ASC Program,AGR-ORTHO-26-331,CPO-004-2026-0078,SI-880710,PARTIALLY_PAID,2026-01-06T17:05:00+00:00
TXN-000712,SO-100711,2026-05-07,2026-05-07T14:06:00+00:00,CUS-003,Great Lakes University Hospital,Academic Medical Center,OH,Midwest,REP-011,REV-FEM-STEM-12,Revision Hip,Revision arthroplasty,3,6420.00,19260.00,0.1700,3274.20,15985.80,10275.30,5710.50,USD,Direct,AGR-ORTHO-26-324,CPO-003-2026-0079,SI-880711,PAID,2026-05-07T17:06:00+00:00
TXN-000713,SO-100712,2025-12-27,2025-12-27T14:07:00+00:00,CUS-008,Gulf Coast Trauma Hospital,Hospital,FL,Southeast,REP-027,REV-FEM-STEM-12,Revision Hip,Revision arthroplasty,3,6355.80,19067.40,0.1300,2478.76,16588.64,10485.00,6103.64,USD,Distributor,AGR-ORTHO-26-324,CPO-008-2025-0080,SI-880712,PARTIALLY_PAID,2025-12-27T17:07:00+00:00
TXN-000714,SO-100713,2026-04-12,2026-04-12T14:08:00+00:00,CUS-007,Front Range Medical Center,Hospital,CO,Mountain,REP-025,MAKO-KNEE-KIT,Robotic Procedure Kit,Robotic-assisted knee,1,1656.40,1656.40,0.1300,215.33,1441.07,690.00,751.07,USD,Distributor,AGR-ORTHO-26-317,CPO-007-2026-0081,SI-880713,PAID,2026-04-13T17:08:00+00:00
TXN-000715,SO-100714,2026-04-28,2026-04-28T14:09:00+00:00,CUS-006,Pacific Motion Surgery Partners,ASC,CA,West,REP-016,SOM-PLATE-8H,Trauma Plating,Trauma fixation,1,857.50,857.50,0.1100,94.33,763.17,365.00,398.17,USD,Distributor,AGR-ORTHO-26-310,CPO-006-2026-0082,SI-880714,OPEN,2026-04-28T17:09:00+00:00
TXN-000716,SO-100715,2026-03-13,2026-03-13T14:10:00+00:00,CUS-001,Atlantic Ortho Alliance,IDN,PA,Northeast,REP-002,SOM-PLATE-8H,Trauma Plating,Trauma fixation,1,875.00,875.00,0.1900,166.25,708.75,357.70,351.05,USD,ASC Program,AGR-ORTHO-26-310,CPO-001-2026-0083,SI-880715,OPEN,2026-03-13T17:10:00+00:00
TXN-000717,SO-100716,2026-04-05,2026-04-05T14:11:00+00:00,CUS-001,Atlantic Ortho Alliance,IDN,PA,Northeast,REP-003,ACC-HIP-LIN-36,Acetabular System,Total hip arthroplasty,4,1168.20,4672.80,0.2250,1051.38,3621.42,2120.00,1501.42,USD,ASC Program,AGR-ORTHO-26-310,CPO-001-2026-0084,SI-880716,PAID,2026-04-07T17:11:00+00:00
TXN-000718,SO-100717,2026-04-15,2026-04-15T14:12:00+00:00,CUS-001,Atlantic Ortho Alliance,IDN,PA,Northeast,REP-004,TRI-KNEE-PS-05,Triathlon Knee,Total knee arthroplasty,1,4825.00,4825.00,0.2300,1109.75,3715.25,2590.80,1124.45,USD,Direct,AGR-ORTHO-26-310,CPO-001-2026-0085,SI-880717,OPEN,2026-04-17T17:12:00+00:00
TXN-000719,SO-100718,2026-04-12,2026-04-12T14:13:00+00:00,CUS-002,Hudson Valley Surgical Center,ASC,NY,Northeast,REP-008,ACC-HIP-CUP-56,Acetabular System,Total hip arthroplasty,1,3034.50,3034.50,0.1450,440.00,2594.50,1488.00,1106.50,USD,Direct,AGR-ORTHO-26-317,CPO-002-2026-0086,SI-880718,PAID,2026-04-13T17:13:00+00:00
TXN-000720,SO-100719,2026-01-23,2026-01-23T14:14:00+00:00,CUS-002,Hudson Valley Surgical Center,ASC,NY,Northeast,REP-009,ACC-HIP-CUP-56,Acetabular System,Total hip arthroplasty,2,2915.50,5831.00,0.1200,699.72,5131.28,2976.00,2155.28,USD,Distributor,AGR-ORTHO-26-317,CPO-002-2026-0087,SI-880719,PAID,2026-01-23T17:14:00+00:00
TXN-000721,SO-100720,2026-01-13,2026-01-13T14:15:00+00:00,CUS-011,Desert Ridge Ambulatory Surgery,ASC,AZ,Mountain,REP-037,TRI-KNEE-PS-05,Triathlon Knee,Total knee arthroplasty,3,4825.00,14475.00,0.1200,1737.00,12738.00,7620.00,5118.00,USD,Direct,AGR-ORTHO-26-310,CPO-011-2026-0088,SI-880720,PAID,2026-01-14T17:15:00+00:00
TXN-000722,SO-100721,2026-02-02,2026-02-02T14:16:00+00:00,CUS-005,Lone Star Orthopedic Network,IDN,TX,South Central,REP-013,SOM-PLATE-8H,Trauma Plating,Trauma fixation,3,857.50,2572.50,0.2000,514.50,2058.00,1095.00,963.00,USD,Direct,AGR-ORTHO-26-338,CPO-005-2026-0089,SI-880721,PAID,2026-02-02T17:16:00+00:00
TXN-000723,SO-100722,2026-04-23,2026-04-23T14:17:00+00:00,CUS-007,Front Range Medical Center,Hospital,CO,Mountain,REP-020,MAKO-HIP-KIT,Robotic Procedure Kit,Robotic-assisted hip,3,1465.10,4395.30,0.1300,571.39,3823.91,1875.00,1948.91,USD,Distributor,AGR-ORTHO-26-317,CPO-007-2026-0090,SI-880722,PAID,2026-04-23T17:17:00+00:00
TXN-000724,SO-100723,2026-01-30,2026-01-30T14:18:00+00:00,CUS-005,Lone Star Orthopedic Network,IDN,TX,South Central,REP-015,MAKO-HIP-KIT,Robotic Procedure Kit,Robotic-assisted hip,4,1509.95,6039.80,0.1800,1087.16,4952.64,2550.00,2402.64,USD,ASC Program,AGR-ORTHO-26-338,CPO-005-2026-0091,SI-880723,PAID,2026-01-30T17:18:00+00:00
TXN-000725,SO-100724,2026-03-21,2026-03-21T14:19:00+00:00,CUS-005,Lone Star Orthopedic Network,IDN,TX,South Central,REP-016,REV-FEM-STEM-12,Revision Hip,Revision arthroplasty,1,6291.60,6291.60,0.1900,1195.40,5096.20,3425.10,1671.10,USD,Direct,AGR-ORTHO-26-338,CPO-005-2026-0092,SI-880724,OPEN,2026-03-21T17:19:00+00:00
TXN-000726,SO-100725,2026-04-15,2026-04-15T14:20:00+00:00,CUS-001,Atlantic Ortho Alliance,IDN,PA,Northeast,REP-005,SOM-PLATE-8H,Trauma Plating,Trauma fixation,1,875.00,875.00,0.2250,196.88,678.12,365.00,313.12,USD,Direct,AGR-ORTHO-26-310,CPO-001-2026-0093,SI-880725,OPEN,2026-04-15T17:20:00+00:00
TXN-000727,SO-100726,2026-03-04,2026-03-04T14:21:00+00:00,CUS-003,Great Lakes University Hospital,Academic Medical Center,OH,Midwest,REP-012,ACC-HIP-CUP-56,Acetabular System,Total hip arthroplasty,1,3034.50,3034.50,0.1700,515.87,2518.63,1517.76,1000.87,USD,Distributor,AGR-ORTHO-26-324,CPO-003-2026-0094,SI-880726,OPEN,2026-03-04T17:21:00+00:00
TXN-000728,SO-100727,2026-04-11,2026-04-11T14:22:00+00:00,CUS-004,Blue Ridge Joint Institute,Hospital,NC,Southeast,REP-016,SOM-PLATE-8H,Trauma Plating,Trauma fixation,5,875.00,4375.00,0.1350,590.63,3784.37,1825.00,1959.37,USD,Distributor,AGR-ORTHO-26-331,CPO-004-2026-0095,SI-880727,PAID,2026-04-11T17:22:00+00:00
TXN-000729,SO-100728,2026-05-08,2026-05-08T14:23:00+00:00,CUS-010,Prairie Orthopedics Cooperative,IDN,IL,Midwest,REP-028,MAKO-KNEE-KIT,Robotic Procedure Kit,Robotic-assisted knee,2,1640.00,3280.00,0.1900,623.20,2656.80,1380.00,1276.80,USD,Direct,AGR-ORTHO-26-338,CPO-010-2026-0096,SI-880728,PAID,2026-05-09T17:23:00+00:00
TXN-000730,SO-100729,2026-05-16,2026-05-16T14:24:00+00:00,CUS-003,Great Lakes University Hospital,Academic Medical Center,OH,Midwest,REP-008,SOM-PLATE-8H,Trauma Plating,Trauma fixation,2,883.75,1767.50,0.1700,300.48,1467.02,730.00,737.02,USD,Direct,AGR-ORTHO-26-324,CPO-003-2026-0097,SI-880729,PAID,2026-05-17T17:24:00+00:00
TXN-000731,SO-100730,2026-03-11,2026-03-11T14:25:00+00:00,CUS-010,Prairie Orthopedics Cooperative,IDN,IL,Midwest,REP-030,MAKO-KNEE-KIT,Robotic Procedure Kit,Robotic-assisted knee,1,1623.60,1623.60,0.2000,324.72,1298.88,690.00,608.88,USD,ASC Program,AGR-ORTHO-26-338,CPO-010-2026-0098,SI-880730,PAID,2026-03-13T17:25:00+00:00
TXN-000732,SO-100731,2026-06-15,2026-06-15T14:26:00+00:00,CUS-002,Hudson Valley Surgical Center,ASC,NY,Northeast,REP-007,MAKO-KNEE-KIT,Robotic Procedure Kit,Robotic-assisted knee,4,1607.20,6428.80,0.1000,642.88,5785.92,2760.00,3025.92,USD,Direct,AGR-ORTHO-26-317,CPO-002-2026-0099,SI-880731,PAID,2026-06-15T17:26:00+00:00
TXN-000733,SO-100732,2025-10-29,2025-10-29T14:27:00+00:00,CUS-010,Prairie Orthopedics Cooperative,IDN,IL,Midwest,REP-032,TRI-KNEE-CR-04,Triathlon Knee,Total knee arthroplasty,1,4292.40,4292.40,0.1800,772.63,3519.77,2310.00,1209.77,USD,Direct,AGR-ORTHO-26-338,CPO-010-2025-0100,SI-880732,PAID,2025-10-29T17:27:00+00:00
TXN-000734,SO-100733,2026-01-17,2026-01-17T14:28:00+00:00,CUS-005,Lone Star Orthopedic Network,IDN,TX,South Central,REP-018,SOM-PLATE-8H,Trauma Plating,Trauma fixation,4,866.25,3465.00,0.1950,675.68,2789.32,1430.80,1358.52,USD,Direct,AGR-ORTHO-26-338,CPO-005-2026-0101,SI-880733,PAID,2026-01-18T17:28:00+00:00
TXN-000735,SO-100734,2025-12-19,2025-12-19T14:29:00+00:00,CUS-005,Lone Star Orthopedic Network,IDN,TX,South Central,REP-019,MAKO-KNEE-KIT,Robotic Procedure Kit,Robotic-assisted knee,1,1656.40,1656.40,0.2000,331.28,1325.12,690.00,635.12,USD,Direct,AGR-ORTHO-26-338,CPO-005-2025-0102,SI-880734,PAID,2025-12-19T17:29:00+00:00
TXN-000736,SO-100735,2026-02-03,2026-02-03T14:30:00+00:00,CUS-002,Hudson Valley Surgical Center,ASC,NY,Northeast,REP-004,TRI-KNEE-PS-05,Triathlon Knee,Total knee arthroplasty,1,4825.00,4825.00,0.1100,530.75,4294.25,2489.20,1805.05,USD,Direct,AGR-ORTHO-26-317,CPO-002-2026-0103,SI-880735,PAID,2026-02-04T17:30:00+00:00
TXN-000737,SO-100736,2026-05-19,2026-05-19T14:31:00+00:00,CUS-004,Blue Ridge Joint Institute,Hospital,NC,Southeast,REP-011,TRI-KNEE-CR-04,Triathlon Knee,Total knee arthroplasty,2,4467.60,8935.20,0.1300,1161.58,7773.62,4620.00,3153.62,USD,Direct,AGR-ORTHO-26-331,CPO-004-2026-0104,SI-880736,OPEN,2026-05-20T17:31:00+00:00
TXN-000738,SO-100737,2026-02-22,2026-02-22T14:32:00+00:00,CUS-012,New England Sports Medicine,Hospital,MA,Northeast,REP-036,TRI-KNEE-CR-04,Triathlon Knee,Total knee arthroplasty,2,4380.00,8760.00,0.1300,1138.80,7621.20,4620.00,3001.20,USD,Direct,AGR-ORTHO-26-317,CPO-012-2026-0105,SI-880737,PAID,2026-02-23T17:32:00+00:00
TXN-000739,SO-100738,2026-02-04,2026-02-04T14:33:00+00:00,CUS-001,Atlantic Ortho Alliance,IDN,PA,Northeast,REP-004,REV-FEM-STEM-12,Revision Hip,Revision arthroplasty,4,6420.00,25680.00,0.1900,4879.20,20800.80,13980.00,6820.80,USD,Direct,AGR-ORTHO-26-310,CPO-001-2026-0106,SI-880738,OPEN,2026-02-04T17:33:00+00:00
TXN-000740,SO-100739,2026-03-01,2026-03-01T14:34:00+00:00,CUS-008,Gulf Coast Trauma Hospital,Hospital,FL,Southeast,REP-026,MAKO-KNEE-KIT,Robotic Procedure Kit,Robotic-assisted knee,1,1640.00,1640.00,0.1300,213.20,1426.80,676.20,750.60,USD,Direct,AGR-ORTHO-26-324,CPO-008-2026-0107,SI-880739,PARTIALLY_PAID,2026-03-03T17:34:00+00:00
TXN-000741,SO-100740,2026-03-23,2026-03-23T14:35:00+00:00,CUS-012,New England Sports Medicine,Hospital,MA,Northeast,REP-039,SOM-PLATE-8H,Trauma Plating,Trauma fixation,3,875.00,2625.00,0.1300,341.25,2283.75,1095.00,1188.75,USD,Direct,AGR-ORTHO-26-317,CPO-012-2026-0108,SI-880740,PARTIALLY_PAID,2026-03-23T17:35:00+00:00
TXN-000742,SO-100741,2026-02-05,2026-02-05T14:36:00+00:00,CUS-006,Pacific Motion Surgery Partners,ASC,CA,West,REP-022,MAKO-HIP-KIT,Robotic Procedure Kit,Robotic-assisted hip,2,1509.95,3019.90,0.1150,347.29,2672.61,1250.00,1422.61,USD,Direct,AGR-ORTHO-26-310,CPO-006-2026-0109,SI-880741,PAID,2026-02-07T17:36:00+00:00
TXN-000743,SO-100742,2026-05-21,2026-05-21T14:37:00+00:00,CUS-011,Desert Ridge Ambulatory Surgery,ASC,AZ,Mountain,REP-031,MAKO-KNEE-KIT,Robotic Procedure Kit,Robotic-assisted knee,1,1672.80,1672.80,0.1200,200.74,1472.06,676.20,795.86,USD,ASC Program,AGR-ORTHO-26-310,CPO-011-2026-0110,SI-880742,OPEN,2026-05-23T17:37:00+00:00
TXN-000744,SO-100743,2026-01-23,2026-01-23T14:38:00+00:00,CUS-006,Pacific Motion Surgery Partners,ASC,CA,West,REP-017,TRI-KNEE-PS-05,Triathlon Knee,Total knee arthroplasty,2,4921.50,9843.00,0.1150,1131.95,8711.05,5080.00,3631.05,USD,ASC Program,AGR-ORTHO-26-310,CPO-006-2026-0111,SI-880743,OPEN,2026-01-23T17:38:00+00:00
TXN-000745,SO-100744,2026-02-28,2026-02-28T14:39:00+00:00,CUS-001,Atlantic Ortho Alliance,IDN,PA,Northeast,REP-003,ACC-HIP-CUP-56,Acetabular System,Total hip arthroplasty,2,2975.00,5950.00,0.2000,1190.00,4760.00,3035.52,1724.48,USD,Direct,AGR-ORTHO-26-310,CPO-001-2026-0112,SI-880744,PAID,2026-03-01T17:39:00+00:00
TXN-000746,SO-100745,2025-11-27,2025-11-27T14:40:00+00:00,CUS-004,Blue Ridge Joint Institute,Hospital,NC,Southeast,REP-013,MAKO-HIP-KIT,Robotic Procedure Kit,Robotic-assisted hip,3,1480.05,4440.15,0.1350,599.42,3840.73,1875.00,1965.73,USD,Direct,AGR-ORTHO-26-331,CPO-004-2025-0113,SI-880745,OPEN,2025-11-29T17:40:00+00:00
TXN-000747,SO-100746,2026-03-01,2026-03-01T14:41:00+00:00,CUS-001,Atlantic Ortho Alliance,IDN,PA,Northeast,REP-005,ACC-HIP-CUP-56,Acetabular System,Total hip arthroplasty,2,2975.00,5950.00,0.1900,1130.50,4819.50,2976.00,1843.50,USD,ASC Program,AGR-ORTHO-26-310,CPO-001-2026-0114,SI-880746,PAID,2026-03-01T17:41:00+00:00
TXN-000748,SO-100747,2025-12-23,2025-12-23T14:42:00+00:00,CUS-008,Gulf Coast Trauma Hospital,Hospital,FL,Southeast,REP-027,ACC-HIP-CUP-56,Acetabular System,Total hip arthroplasty,3,3034.50,9103.50,0.1300,1183.46,7920.04,4464.00,3456.04,USD,Direct,AGR-ORTHO-26-324,CPO-008-2025-0115,SI-880747,OPEN,2025-12-24T17:42:00+00:00
TXN-000749,SO-100748,2026-04-30,2026-04-30T14:43:00+00:00,CUS-005,Lone Star Orthopedic Network,IDN,TX,South Central,REP-019,ACC-HIP-CUP-56,Acetabular System,Total hip arthroplasty,1,2975.00,2975.00,0.1950,580.13,2394.87,1488.00,906.87,USD,Direct,AGR-ORTHO-26-338,CPO-005-2026-0116,SI-880748,PAID,2026-04-30T17:43:00+00:00
TXN-000750,SO-100749,2026-03-20,2026-03-20T14:44:00+00:00,CUS-001,Atlantic Ortho Alliance,IDN,PA,Northeast,REP-001,ACC-HIP-LIN-36,Acetabular System,Total hip arthroplasty,4,1180.00,4720.00,0.1900,896.80,3823.20,2120.00,1703.20,USD,Direct,AGR-ORTHO-26-310,CPO-001-2026-0117,SI-880749,PAID,2026-03-21T17:44:00+00:00
TXN-000751,SO-100750,2025-11-20,2025-11-20T14:45:00+00:00,CUS-001,Atlantic Ortho Alliance,IDN,PA,Northeast,REP-002,TRI-KNEE-PS-05,Triathlon Knee,Total knee arthroplasty,2,4728.50,9457.00,0.1800,1702.26,7754.74,5080.00,2674.74,USD,Direct,AGR-ORTHO-26-310,CPO-001-2025-0118,SI-880750,PAID,2025-11-21T17:45:00+00:00
TXN-000752,SO-100751,2026-02-18,2026-02-18T14:46:00+00:00,CUS-003,Great Lakes University Hospital,Academic Medical Center,OH,Midwest,REP-009,MAKO-HIP-KIT,Robotic Procedure Kit,Robotic-assisted hip,2,1509.95,3019.90,0.1750,528.48,2491.42,1250.00,1241.42,USD,Direct,AGR-ORTHO-26-324,CPO-003-2026-0119,SI-880751,OPEN,2026-02-19T17:46:00+00:00
TXN-000753,SO-100752,2026-01-13,2026-01-13T14:00:00+00:00,CUS-005,Lone Star Orthopedic Network,IDN,TX,South Central,REP-016,MAKO-HIP-KIT,Robotic Procedure Kit,Robotic-assisted hip,1,1524.90,1524.90,0.1950,297.36,1227.54,625.00,602.54,USD,Direct,AGR-ORTHO-26-338,CPO-005-2026-0120,SI-880752,PAID,2026-01-14T17:00:00+00:00
TXN-000754,SO-100753,2026-05-29,2026-05-29T14:01:00+00:00,CUS-001,Atlantic Ortho Alliance,IDN,PA,Northeast,REP-005,TRI-KNEE-PS-05,Triathlon Knee,Total knee arthroplasty,2,4825.00,9650.00,0.1800,1737.00,7913.00,4978.40,2934.60,USD,Direct,AGR-ORTHO-26-310,CPO-001-2026-0121,SI-880753,OPEN,2026-05-31T17:01:00+00:00
TXN-000755,SO-100754,2025-10-31,2025-10-31T14:02:00+00:00,CUS-010,Prairie Orthopedics Cooperative,IDN,IL,Midwest,REP-033,TRI-KNEE-CR-04,Triathlon Knee,Total knee arthroplasty,8,4380.00,35040.00,0.1900,6657.60,28382.40,18480.00,9902.40,USD,Direct,AGR-ORTHO-26-338,CPO-010-2025-0122,SI-880754,PAID,2025-11-01T17:02:00+00:00
TXN-000756,SO-100755,2026-04-16,2026-04-16T14:03:00+00:00,CUS-003,Great Lakes University Hospital,Academic Medical Center,OH,Midwest,REP-013,TRI-KNEE-PS-05,Triathlon Knee,Total knee arthroplasty,2,4825.00,9650.00,0.1700,1640.50,8009.50,5080.00,2929.50,USD,Distributor,AGR-ORTHO-26-324,CPO-003-2026-0123,SI-880755,OPEN,2026-04-18T17:03:00+00:00
TXN-000757,SO-100756,2025-10-19,2025-10-19T14:04:00+00:00,CUS-011,Desert Ridge Ambulatory Surgery,ASC,AZ,Mountain,REP-031,ACC-HIP-LIN-36,Acetabular System,Total hip arthroplasty,2,1168.20,2336.40,0.1100,257.00,2079.40,1060.00,1019.40,USD,Direct,AGR-ORTHO-26-310,CPO-011-2025-0124,SI-880756,PAID,2025-10-19T17:04:00+00:00
TXN-000758,SO-100757,2026-01-02,2026-01-02T14:05:00+00:00,CUS-004,Blue Ridge Joint Institute,Hospital,NC,Southeast,REP-011,MAKO-KNEE-KIT,Robotic Procedure Kit,Robotic-assisted knee,1,1656.40,1656.40,0.1300,215.33,1441.07,690.00,751.07,USD,ASC Program,AGR-ORTHO-26-331,CPO-004-2026-0125,SI-880757,PAID,2026-01-04T17:05:00+00:00
TXN-000759,SO-100758,2026-04-21,2026-04-21T14:06:00+00:00,CUS-001,Atlantic Ortho Alliance,IDN,PA,Northeast,REP-003,SPN-CAGE-LORD,Spine Interbody,Lumbar fusion,4,5207.40,20829.60,0.2250,4686.66,16142.94,10940.00,5202.94,USD,ASC Program,AGR-ORTHO-26-310,CPO-001-2026-0126,SI-880758,PAID,2026-04-22T17:06:00+00:00
TXN-000760,SO-100759,2026-04-15,2026-04-15T14:07:00+00:00,CUS-010,Prairie Orthopedics Cooperative,IDN,IL,Midwest,REP-031,ACC-HIP-CUP-56,Acetabular System,Total hip arthroplasty,1,2945.25,2945.25,0.1900,559.60,2385.65,1458.24,927.41,USD,Direct,AGR-ORTHO-26-338,CPO-010-2026-0127,SI-880759,PAID,2026-04-16T17:07:00+00:00
TXN-000761,SO-100760,2026-01-27,2026-01-27T14:08:00+00:00,CUS-006,Pacific Motion Surgery Partners,ASC,CA,West,REP-020,TRI-KNEE-PS-05,Triathlon Knee,Total knee arthroplasty,2,4825.00,9650.00,0.1100,1061.50,8588.50,4978.40,3610.10,USD,ASC Program,AGR-ORTHO-26-310,CPO-006-2026-0128,SI-880760,OPEN,2026-01-27T17:08:00+00:00
TXN-000762,SO-100761,2025-12-12,2025-12-12T14:09:00+00:00,CUS-012,New England Sports Medicine,Hospital,MA,Northeast,REP-039,MAKO-HIP-KIT,Robotic Procedure Kit,Robotic-assisted hip,2,1480.05,2960.10,0.1300,384.81,2575.29,1250.00,1325.29,USD,ASC Program,AGR-ORTHO-26-317,CPO-012-2025-0129,SI-880761,PAID,2025-12-12T17:09:00+00:00
TXN-000763,SO-100762,2026-01-22,2026-01-22T14:10:00+00:00,CUS-010,Prairie Orthopedics Cooperative,IDN,IL,Midwest,REP-034,MAKO-KNEE-KIT,Robotic Procedure Kit,Robotic-assisted knee,2,1607.20,3214.40,0.1950,626.81,2587.59,1380.00,1207.59,USD,Direct,AGR-ORTHO-26-338,CPO-010-2026-0130,SI-880762,PAID,2026-01-22T17:10:00+00:00
TXN-000764,SO-100763,2026-01-09,2026-01-09T14:11:00+00:00,CUS-010,Prairie Orthopedics Cooperative,IDN,IL,Midwest,REP-028,SOM-PLATE-8H,Trauma Plating,Trauma fixation,1,857.50,857.50,0.2000,171.50,686.00,365.00,321.00,USD,Direct,AGR-ORTHO-26-338,CPO-010-2026-0131,SI-880763,PAID,2026-01-09T17:11:00+00:00
TXN-000765,SO-100764,2026-01-02,2026-01-02T14:12:00+00:00,CUS-005,Lone Star Orthopedic Network,IDN,TX,South Central,REP-014,ACC-HIP-CUP-56,Acetabular System,Total hip arthroplasty,1,2975.00,2975.00,0.1900,565.25,2409.75,1458.24,951.51,USD,ASC Program,AGR-ORTHO-26-338,CPO-005-2026-0132,SI-880764,PAID,2026-01-03T17:12:00+00:00
TXN-000766,SO-100765,2026-04-21,2026-04-21T14:13:00+00:00,CUS-012,New England Sports Medicine,Hospital,MA,Northeast,REP-036,ACC-HIP-LIN-36,Acetabular System,Total hip arthroplasty,2,1180.00,2360.00,0.1650,389.40,1970.60,1060.00,910.60,USD,Direct,AGR-ORTHO-26-317,CPO-012-2026-0133,SI-880765,OPEN,2026-04-21T17:13:00+00:00
TXN-000767,SO-100766,2026-02-15,2026-02-15T14:14:00+00:00,CUS-002,Hudson Valley Surgical Center,ASC,NY,Northeast,REP-007,MAKO-KNEE-KIT,Robotic Procedure Kit,Robotic-assisted knee,2,1656.40,3312.80,0.1100,364.41,2948.39,1352.40,1595.99,USD,ASC Program,AGR-ORTHO-26-317,CPO-002-2026-0134,SI-880766,PAID,2026-02-15T17:14:00+00:00
TXN-000768,SO-100767,2025-11-30,2025-11-30T14:15:00+00:00,CUS-008,Gulf Coast Trauma Hospital,Hospital,FL,Southeast,REP-026,SPN-CAGE-LORD,Spine Interbody,Lumbar fusion,3,5207.40,15622.20,0.1400,2187.11,13435.09,8040.90,5394.19,USD,Direct,AGR-ORTHO-26-324,CPO-008-2025-0135,SI-880767,OPEN,2025-11-30T17:15:00+00:00
TXN-000769,SO-100768,2026-03-01,2026-03-01T14:16:00+00:00,CUS-003,Great Lakes University Hospital,Academic Medical Center,OH,Midwest,REP-012,SOM-PLATE-8H,Trauma Plating,Trauma fixation,2,857.50,1715.00,0.1600,274.40,1440.60,730.00,710.60,USD,Direct,AGR-ORTHO-26-324,CPO-003-2026-0136,SI-880768,PAID,2026-03-01T17:16:00+00:00
TXN-000770,SO-100769,2025-12-28,2025-12-28T14:17:00+00:00,CUS-011,Desert Ridge Ambulatory Surgery,ASC,AZ,Mountain,REP-037,TRI-KNEE-CR-04,Triathlon Knee,Total knee arthroplasty,2,4380.00,8760.00,0.1100,963.60,7796.40,4620.00,3176.40,USD,Direct,AGR-ORTHO-26-310,CPO-011-2025-0137,SI-880769,PAID,2025-12-30T17:17:00+00:00
TXN-000771,SO-100770,2026-01-11,2026-01-11T14:18:00+00:00,CUS-009,Northwest Specialty Distribution,Distributor,WA,West,REP-025,SPN-CAGE-LORD,Spine Interbody,Lumbar fusion,1,5260.00,5260.00,0.2450,1288.70,3971.30,2680.30,1291.00,USD,Direct,AGR-ORTHO-26-331,CPO-009-2026-0138,SI-880770,PAID,2026-01-12T17:18:00+00:00
TXN-000772,SO-100771,2025-11-24,2025-11-24T14:19:00+00:00,CUS-005,Lone Star Orthopedic Network,IDN,TX,South Central,REP-014,SPN-CAGE-LORD,Spine Interbody,Lumbar fusion,1,5154.80,5154.80,0.1900,979.41,4175.39,2789.70,1385.69,USD,Direct,AGR-ORTHO-26-338,CPO-005-2025-0139,SI-880771,PAID,2025-11-26T17:19:00+00:00
TXN-000773,SO-100772,2026-04-13,2026-04-13T14:20:00+00:00,CUS-008,Gulf Coast Trauma Hospital,Hospital,FL,Southeast,REP-024,SOM-PLATE-8H,Trauma Plating,Trauma fixation,3,866.25,2598.75,0.1350,350.83,2247.92,1095.00,1152.92,USD,Direct,AGR-ORTHO-26-324,CPO-008-2026-0140,SI-880772,OPEN,2026-04-13T17:20:00+00:00
TXN-000774,SO-100773,2026-02-01,2026-02-01T14:21:00+00:00,CUS-004,Blue Ridge Joint Institute,Hospital,NC,Southeast,REP-013,TRI-KNEE-CR-04,Triathlon Knee,Total knee arthroplasty,2,4423.80,8847.60,0.1300,1150.19,7697.41,4712.40,2985.01,USD,Direct,AGR-ORTHO-26-331,CPO-004-2026-0141,SI-880773,OPEN,2026-02-03T17:21:00+00:00
TXN-000775,SO-100774,2026-04-03,2026-04-03T14:22:00+00:00,CUS-010,Prairie Orthopedics Cooperative,IDN,IL,Midwest,REP-032,SOM-PLATE-8H,Trauma Plating,Trauma fixation,4,892.50,3570.00,0.1900,678.30,2891.70,1430.80,1460.90,USD,ASC Program,AGR-ORTHO-26-338,CPO-010-2026-0142,SI-880774,PAID,2026-04-03T17:22:00+00:00
TXN-000776,SO-100775,2026-04-22,2026-04-22T14:23:00+00:00,CUS-001,Atlantic Ortho Alliance,IDN,PA,Northeast,REP-006,ACC-HIP-CUP-56,Acetabular System,Total hip arthroplasty,2,2975.00,5950.00,0.2150,1279.25,4670.75,3035.52,1635.23,USD,Direct,AGR-ORTHO-26-310,CPO-001-2026-0143,SI-880775,PAID,2026-04-23T17:23:00+00:00
TXN-000777,SO-100776,2026-02-06,2026-02-06T14:24:00+00:00,CUS-011,Desert Ridge Ambulatory Surgery,ASC,AZ,Mountain,REP-037,SPN-CAGE-LORD,Spine Interbody,Lumbar fusion,1,5260.00,5260.00,0.1150,604.90,4655.10,2789.70,1865.40,USD,Direct,AGR-ORTHO-26-310,CPO-011-2026-0144,SI-880776,OPEN,2026-02-08T17:24:00+00:00
TXN-000778,SO-100777,2025-12-25,2025-12-25T14:25:00+00:00,CUS-001,Atlantic Ortho Alliance,IDN,PA,Northeast,REP-001,SOM-SCREW-45,Trauma Plating,Trauma fixation,4,148.92,595.68,0.2000,119.14,476.54,171.36,305.18,USD,Direct,AGR-ORTHO-26-310,CPO-001-2025-0145,SI-880777,PAID,2025-12-26T17:25:00+00:00
TXN-000779,SO-100778,2026-01-20,2026-01-20T14:26:00+00:00,CUS-006,Pacific Motion Surgery Partners,ASC,CA,West,REP-017,ACC-HIP-CUP-56,Acetabular System,Total hip arthroplasty,2,3034.50,6069.00,0.1100,667.59,5401.41,2976.00,2425.41,USD,Direct,AGR-ORTHO-26-310,CPO-006-2026-0146,SI-880778,OPEN,2026-01-20T17:26:00+00:00
TXN-000780,SO-100779,2026-04-25,2026-04-25T14:27:00+00:00,CUS-007,Front Range Medical Center,Hospital,CO,Mountain,REP-021,SOM-SCREW-45,Trauma Plating,Trauma fixation,1,144.54,144.54,0.1400,20.24,124.30,41.16,83.14,USD,ASC Program,AGR-ORTHO-26-317,CPO-007-2026-0147,SI-880779,PAID,2026-04-26T17:27:00+00:00
TXN-000781,SO-100780,2025-11-12,2025-11-12T14:28:00+00:00,CUS-001,Atlantic Ortho Alliance,IDN,PA,Northeast,REP-004,TRI-KNEE-CR-04,Triathlon Knee,Total knee arthroplasty,2,4423.80,8847.60,0.1800,1592.57,7255.03,4712.40,2542.63,USD,ASC Program,AGR-ORTHO-26-310,CPO-001-2025-0148,SI-880780,PAID,2025-11-12T17:28:00+00:00
TXN-000782,SO-100781,2026-04-24,2026-04-24T14:29:00+00:00,CUS-005,Lone Star Orthopedic Network,IDN,TX,South Central,REP-017,TRI-KNEE-CR-04,Triathlon Knee,Total knee arthroplasty,2,4423.80,8847.60,0.1950,1725.28,7122.32,4712.40,2409.92,USD,Direct,AGR-ORTHO-26-338,CPO-005-2026-0149,SI-880781,PAID,2026-04-24T17:29:00+00:00
TXN-000783,SO-100782,2026-05-28,2026-05-28T14:30:00+00:00,CUS-005,Lone Star Orthopedic Network,IDN,TX,South Central,REP-018,TRI-KNEE-PS-05,Triathlon Knee,Total knee arthroplasty,3,4825.00,14475.00,0.1950,2822.63,11652.37,7772.40,3879.97,USD,Direct,AGR-ORTHO-26-338,CPO-005-2026-0150,SI-880782,OPEN,2026-05-29T17:30:00+00:00
TXN-000784,SO-100783,2025-11-11,2025-11-11T14:31:00+00:00,CUS-008,Gulf Coast Trauma Hospital,Hospital,FL,Southeast,REP-028,MAKO-KNEE-KIT,Robotic Procedure Kit,Robotic-assisted knee,2,1640.00,3280.00,0.1350,442.80,2837.20,1380.00,1457.20,USD,Direct,AGR-ORTHO-26-324,CPO-008-2025-0151,SI-880783,PAID,2025-11-11T17:31:00+00:00
TXN-000785,SO-100784,2026-06-04,2026-06-04T14:32:00+00:00,CUS-006,Pacific Motion Surgery Partners,ASC,CA,West,REP-016,TRI-KNEE-CR-04,Triathlon Knee,Total knee arthroplasty,2,4292.40,8584.80,0.1150,987.25,7597.55,4712.40,2885.15,USD,ASC Program,AGR-ORTHO-26-310,CPO-006-2026-0152,SI-880784,PAID,2026-06-06T17:32:00+00:00
TXN-000786,SO-100785,2026-02-15,2026-02-15T14:33:00+00:00,CUS-010,Prairie Orthopedics Cooperative,IDN,IL,Midwest,REP-029,MAKO-KNEE-KIT,Robotic Procedure Kit,Robotic-assisted knee,1,1640.00,1640.00,0.1900,311.60,1328.40,676.20,652.20,USD,Direct,AGR-ORTHO-26-338,CPO-010-2026-0153,SI-880785,PAID,2026-02-15T17:33:00+00:00
TXN-000787,SO-100786,2026-05-20,2026-05-20T14:34:00+00:00,CUS-005,Lone Star Orthopedic Network,IDN,TX,South Central,REP-015,ACC-HIP-CUP-56,Acetabular System,Total hip arthroplasty,3,2945.25,8835.75,0.1900,1678.79,7156.96,4464.00,2692.96,USD,Direct,AGR-ORTHO-26-338,CPO-005-2026-0154,SI-880786,OPEN,2026-05-22T17:34:00+00:00
TXN-000788,SO-100787,2026-04-30,2026-04-30T14:35:00+00:00,CUS-001,Atlantic Ortho Alliance,IDN,PA,Northeast,REP-004,TRI-KNEE-PS-05,Triathlon Knee,Total knee arthroplasty,1,4921.50,4921.50,0.2300,1131.95,3789.55,2489.20,1300.35,USD,Direct,AGR-ORTHO-26-310,CPO-001-2026-0155,SI-880787,OPEN,2026-04-30T17:35:00+00:00
TXN-000789,SO-100788,2026-03-08,2026-03-08T14:36:00+00:00,CUS-001,Atlantic Ortho Alliance,IDN,PA,Northeast,REP-005,TRI-KNEE-CR-04,Triathlon Knee,Total knee arthroplasty,1,4423.80,4423.80,0.1900,840.52,3583.28,2310.00,1273.28,USD,Direct,AGR-ORTHO-26-310,CPO-001-2026-0156,SI-880788,PAID,2026-03-10T17:36:00+00:00
TXN-000790,SO-100789,2026-03-10,2026-03-10T14:37:00+00:00,CUS-002,Hudson Valley Surgical Center,ASC,NY,Northeast,REP-009,MAKO-HIP-KIT,Robotic Procedure Kit,Robotic-assisted hip,2,1480.05,2960.10,0.1200,355.21,2604.89,1250.00,1354.89,USD,ASC Program,AGR-ORTHO-26-317,CPO-002-2026-0157,SI-880789,PAID,2026-03-10T17:37:00+00:00
TXN-000791,SO-100790,2025-12-25,2025-12-25T14:38:00+00:00,CUS-003,Great Lakes University Hospital,Academic Medical Center,OH,Midwest,REP-013,SPN-CAGE-LORD,Spine Interbody,Lumbar fusion,5,5365.20,26826.00,0.1700,4560.42,22265.58,13948.50,8317.08,USD,Direct,AGR-ORTHO-26-324,CPO-003-2025-0158,SI-880790,PAID,2025-12-26T17:38:00+00:00
TXN-000792,SO-100791,2026-02-27,2026-02-27T14:39:00+00:00,CUS-004,Blue Ridge Joint Institute,Hospital,NC,Southeast,REP-010,TRI-KNEE-CR-04,Triathlon Knee,Total knee arthroplasty,1,4380.00,4380.00,0.1300,569.40,3810.60,2310.00,1500.60,USD,ASC Program,AGR-ORTHO-26-331,CPO-004-2026-0159,SI-880791,OPEN,2026-02-27T17:39:00+00:00
TXN-000793,SO-100792,2026-03-16,2026-03-16T14:40:00+00:00,CUS-005,Lone Star Orthopedic Network,IDN,TX,South Central,REP-014,REV-FEM-STEM-12,Revision Hip,Revision arthroplasty,3,6355.80,19067.40,0.1950,3718.14,15349.26,10485.00,4864.26,USD,Direct,AGR-ORTHO-26-338,CPO-005-2026-0160,SI-880792,PAID,2026-03-16T17:40:00+00:00
TXN-000794,SO-100793,2026-04-13,2026-04-13T14:41:00+00:00,CUS-005,Lone Star Orthopedic Network,IDN,TX,South Central,REP-015,TRI-KNEE-PS-05,Triathlon Knee,Total knee arthroplasty,2,4776.75,9553.50,0.2000,1910.70,7642.80,5080.00,2562.80,USD,Direct,AGR-ORTHO-26-338,CPO-005-2026-0161,SI-880793,PAID,2026-04-13T17:41:00+00:00
TXN-000795,SO-100794,2026-04-21,2026-04-21T14:42:00+00:00,CUS-004,Blue Ridge Joint Institute,Hospital,NC,Southeast,REP-013,MAKO-KNEE-KIT,Robotic Procedure Kit,Robotic-assisted knee,3,1672.80,5018.40,0.1200,602.21,4416.19,2028.60,2387.59,USD,Direct,AGR-ORTHO-26-331,CPO-004-2026-0162,SI-880794,PAID,2026-04-22T17:42:00+00:00
TXN-000796,SO-100795,2026-05-24,2026-05-24T14:43:00+00:00,CUS-003,Great Lakes University Hospital,Academic Medical Center,OH,Midwest,REP-011,TRI-KNEE-PS-05,Triathlon Knee,Total knee arthroplasty,1,4825.00,4825.00,0.1750,844.38,3980.62,2540.00,1440.62,USD,Direct,AGR-ORTHO-26-324,CPO-003-2026-0163,SI-880795,PAID,2026-05-24T17:43:00+00:00
TXN-000797,SO-100796,2026-03-21,2026-03-21T14:44:00+00:00,CUS-001,Atlantic Ortho Alliance,IDN,PA,Northeast,REP-006,TRI-KNEE-CR-04,Triathlon Knee,Total knee arthroplasty,2,4336.20,8672.40,0.1900,1647.76,7024.64,4527.60,2497.04,USD,ASC Program,AGR-ORTHO-26-310,CPO-001-2026-0164,SI-880796,PAID,2026-03-23T17:44:00+00:00
TXN-000798,SO-100797,2025-11-21,2025-11-21T14:45:00+00:00,CUS-005,Lone Star Orthopedic Network,IDN,TX,South Central,REP-019,ACC-HIP-CUP-56,Acetabular System,Total hip arthroplasty,2,3034.50,6069.00,0.1800,1092.42,4976.58,2916.48,2060.10,USD,Direct,AGR-ORTHO-26-338,CPO-005-2025-0165,SI-880797,PAID,2025-11-21T17:45:00+00:00
TXN-000799,SO-100798,2026-04-07,2026-04-07T14:46:00+00:00,CUS-009,Northwest Specialty Distribution,Distributor,WA,West,REP-025,TRI-KNEE-CR-04,Triathlon Knee,Total knee arthroplasty,4,4380.00,17520.00,0.2400,4204.80,13315.20,9240.00,4075.20,USD,Direct,AGR-ORTHO-26-331,CPO-009-2026-0166,SI-880798,PAID,2026-04-07T17:46:00+00:00
TXN-000800,SO-100799,2026-05-05,2026-05-05T14:00:00+00:00,CUS-006,Pacific Motion Surgery Partners,ASC,CA,West,REP-017,TRI-KNEE-PS-05,Triathlon Knee,Total knee arthroplasty,3,4776.75,14330.25,0.1100,1576.33,12753.92,7620.00,5133.92,USD,Direct,AGR-ORTHO-26-310,CPO-006-2026-0167,SI-880799,PAID,2026-05-05T17:00:00+00:00
TXN-000801,SO-100800,2025-12-04,2025-12-04T14:01:00+00:00,CUS-001,Atlantic Ortho Alliance,IDN,PA,Northeast,REP-003,TRI-KNEE-CR-04,Triathlon Knee,Total knee arthroplasty,5,4423.80,22119.00,0.2000,4423.80,17695.20,11550.00,6145.20,USD,Direct,AGR-ORTHO-26-310,CPO-001-2025-0168,SI-880800,PAID,2025-12-05T17:01:00+00:00
TXN-000802,SO-100801,2025-12-03,2025-12-03T14:02:00+00:00,CUS-004,Blue Ridge Joint Institute,Hospital,NC,Southeast,REP-013,REV-FEM-STEM-12,Revision Hip,Revision arthroplasty,4,6420.00,25680.00,0.1300,3338.40,22341.60,14259.60,8082.00,USD,Distributor,AGR-ORTHO-26-331,CPO-004-2025-0169,SI-880801,OPEN,2025-12-04T17:02:00+00:00
TXN-000803,SO-100802,2026-03-22,2026-03-22T14:03:00+00:00,CUS-001,Atlantic Ortho Alliance,IDN,PA,Northeast,REP-005,MAKO-HIP-KIT,Robotic Procedure Kit,Robotic-assisted hip,5,1480.05,7400.25,0.1900,1406.05,5994.20,3062.50,2931.70,USD,ASC Program,AGR-ORTHO-26-310,CPO-001-2026-0170,SI-880802,PAID,2026-03-23T17:03:00+00:00
TXN-000804,SO-100803,2026-01-08,2026-01-08T14:04:00+00:00,CUS-010,Prairie Orthopedics Cooperative,IDN,IL,Midwest,REP-033,SOM-PLATE-8H,Trauma Plating,Trauma fixation,2,875.00,1750.00,0.1900,332.50,1417.50,730.00,687.50,USD,Direct,AGR-ORTHO-26-338,CPO-010-2026-0171,SI-880803,PAID,2026-01-08T17:04:00+00:00
TXN-000805,SO-100804,2026-03-08,2026-03-08T14:05:00+00:00,CUS-003,Great Lakes University Hospital,Academic Medical Center,OH,Midwest,REP-013,TRI-KNEE-CR-04,Triathlon Knee,Total knee arthroplasty,1,4380.00,4380.00,0.1700,744.60,3635.40,2356.20,1279.20,USD,Direct,AGR-ORTHO-26-324,CPO-003-2026-0172,SI-880804,PAID,2026-03-08T17:05:00+00:00
TXN-000806,SO-100805,2026-06-02,2026-06-02T14:06:00+00:00,CUS-005,Lone Star Orthopedic Network,IDN,TX,South Central,REP-013,TRI-KNEE-CR-04,Triathlon Knee,Total knee arthroplasty,1,4423.80,4423.80,0.1800,796.28,3627.52,2263.80,1363.72,USD,Direct,AGR-ORTHO-26-338,CPO-005-2026-0173,SI-880805,PAID,2026-06-04T17:06:00+00:00
TXN-000807,SO-100806,2026-01-12,2026-01-12T14:07:00+00:00,CUS-002,Hudson Valley Surgical Center,ASC,NY,Northeast,REP-005,MAKO-KNEE-KIT,Robotic Procedure Kit,Robotic-assisted knee,1,1656.40,1656.40,0.1150,190.49,1465.91,690.00,775.91,USD,ASC Program,AGR-ORTHO-26-317,CPO-002-2026-0174,SI-880806,PARTIALLY_PAID,2026-01-12T17:07:00+00:00
TXN-000808,SO-100807,2026-03-02,2026-03-02T14:08:00+00:00,CUS-004,Blue Ridge Joint Institute,Hospital,NC,Southeast,REP-012,TRI-KNEE-PS-05,Triathlon Knee,Total knee arthroplasty,1,4873.25,4873.25,0.1200,584.79,4288.46,2489.20,1799.26,USD,Direct,AGR-ORTHO-26-331,CPO-004-2026-0175,SI-880807,PAID,2026-03-02T17:08:00+00:00
TXN-000809,SO-100808,2026-05-04,2026-05-04T14:09:00+00:00,CUS-010,Prairie Orthopedics Cooperative,IDN,IL,Midwest,REP-031,MAKO-KNEE-KIT,Robotic Procedure Kit,Robotic-assisted knee,2,1640.00,3280.00,0.2000,656.00,2624.00,1407.60,1216.40,USD,ASC Program,AGR-ORTHO-26-338,CPO-010-2026-0176,SI-880808,OPEN,2026-05-05T17:09:00+00:00
TXN-000810,SO-100809,2026-01-23,2026-01-23T14:10:00+00:00,CUS-002,Hudson Valley Surgical Center,ASC,NY,Northeast,REP-008,MAKO-KNEE-KIT,Robotic Procedure Kit,Robotic-assisted knee,2,1672.80,3345.60,0.1100,368.02,2977.58,1352.40,1625.18,USD,Direct,AGR-ORTHO-26-317,CPO-002-2026-0177,SI-880809,PAID,2026-01-23T17:10:00+00:00
TXN-000811,SO-100810,2025-11-25,2025-11-25T14:11:00+00:00,CUS-008,Gulf Coast Trauma Hospital,Hospital,FL,Southeast,REP-027,MAKO-KNEE-KIT,Robotic Procedure Kit,Robotic-assisted knee,2,1640.00,3280.00,0.1200,393.60,2886.40,1407.60,1478.80,USD,Direct,AGR-ORTHO-26-324,CPO-008-2025-0178,SI-880810,PARTIALLY_PAID,2025-11-25T17:11:00+00:00
TXN-000812,SO-100811,2026-04-13,2026-04-13T14:12:00+00:00,CUS-003,Great Lakes University Hospital,Academic Medical Center,OH,Midwest,REP-013,REV-FEM-STEM-12,Revision Hip,Revision arthroplasty,2,6420.00,12840.00,0.1750,2247.00,10593.00,6990.00,3603.00,USD,Direct,AGR-ORTHO-26-324,CPO-003-2026-0179,SI-880811,OPEN,2026-04-13T17:12:00+00:00
TXN-000813,SO-100812,2026-03-15,2026-03-15T14:13:00+00:00,CUS-009,Northwest Specialty Distribution,Distributor,WA,West,REP-025,SPN-CAGE-LORD,Spine Interbody,Lumbar fusion,4,5260.00,21040.00,0.2400,5049.60,15990.40,10940.00,5050.40,USD,Direct,AGR-ORTHO-26-331,CPO-009-2026-0180,SI-880812,OPEN,2026-03-17T17:13:00+00:00
TXN-000814,SO-100813,2025-12-20,2025-12-20T14:14:00+00:00,CUS-006,Pacific Motion Surgery Partners,ASC,CA,West,REP-017,SPN-CAGE-LORD,Spine Interbody,Lumbar fusion,2,5312.60,10625.20,0.1200,1275.02,9350.18,5360.60,3989.58,USD,Direct,AGR-ORTHO-26-310,CPO-006-2025-0181,SI-880813,PAID,2025-12-21T17:14:00+00:00
TXN-000815,SO-100814,2025-12-17,2025-12-17T14:15:00+00:00,CUS-010,Prairie Orthopedics Cooperative,IDN,IL,Midwest,REP-030,TRI-KNEE-CR-04,Triathlon Knee,Total knee arthroplasty,4,4467.60,17870.40,0.1900,3395.38,14475.02,9055.20,5419.82,USD,Direct,AGR-ORTHO-26-338,CPO-010-2025-0182,SI-880814,PAID,2025-12-19T17:15:00+00:00
TXN-000816,SO-100815,2025-12-15,2025-12-15T14:16:00+00:00,CUS-007,Front Range Medical Center,Hospital,CO,Mountain,REP-022,MAKO-HIP-KIT,Robotic Procedure Kit,Robotic-assisted hip,2,1524.90,3049.80,0.1300,396.47,2653.33,1275.00,1378.33,USD,Direct,AGR-ORTHO-26-317,CPO-007-2025-0183,SI-880815,PAID,2025-12-17T17:16:00+00:00
TXN-000817,SO-100816,2026-01-22,2026-01-22T14:17:00+00:00,CUS-006,Pacific Motion Surgery Partners,ASC,CA,West,REP-020,ACC-HIP-LIN-36,Acetabular System,Total hip arthroplasty,3,1203.60,3610.80,0.1200,433.30,3177.50,1621.80,1555.70,USD,Direct,AGR-ORTHO-26-310,CPO-006-2026-0184,SI-880816,PAID,2026-01-22T17:17:00+00:00
TXN-000818,SO-100817,2026-05-11,2026-05-11T14:18:00+00:00,CUS-006,Pacific Motion Surgery Partners,ASC,CA,West,REP-021,MAKO-HIP-KIT,Robotic Procedure Kit,Robotic-assisted hip,1,1465.10,1465.10,0.1150,168.49,1296.61,612.50,684.11,USD,Direct,AGR-ORTHO-26-310,CPO-006-2026-0185,SI-880817,OPEN,2026-05-11T17:18:00+00:00
TXN-000819,SO-100818,2025-12-17,2025-12-17T14:19:00+00:00,CUS-006,Pacific Motion Surgery Partners,ASC,CA,West,REP-022,ACC-HIP-LIN-36,Acetabular System,Total hip arthroplasty,1,1191.80,1191.80,0.1200,143.02,1048.78,519.40,529.38,USD,Direct,AGR-ORTHO-26-310,CPO-006-2025-0186,SI-880818,OPEN,2025-12-17T17:19:00+00:00
TXN-000820,SO-100819,2025-10-22,2025-10-22T14:20:00+00:00,CUS-001,Atlantic Ortho Alliance,IDN,PA,Northeast,REP-001,MAKO-KNEE-KIT,Robotic Procedure Kit,Robotic-assisted knee,2,1656.40,3312.80,0.1800,596.30,2716.50,1380.00,1336.50,USD,Direct,AGR-ORTHO-26-310,CPO-001-2025-0187,SI-880819,PAID,2025-10-24T17:20:00+00:00
TXN-000821,SO-100820,2026-04-27,2026-04-27T14:21:00+00:00,CUS-001,Atlantic Ortho Alliance,IDN,PA,Northeast,REP-002,TRI-KNEE-CR-04,Triathlon Knee,Total knee arthroplasty,3,4423.80,13271.40,0.2250,2986.07,10285.33,6791.40,3493.93,USD,Distributor,AGR-ORTHO-26-310,CPO-001-2026-0188,SI-880820,OPEN,2026-04-27T17:21:00+00:00
TXN-000822,SO-100821,2026-04-19,2026-04-19T14:22:00+00:00,CUS-005,Lone Star Orthopedic Network,IDN,TX,South Central,REP-015,SPN-CAGE-LORD,Spine Interbody,Lumbar fusion,1,5260.00,5260.00,0.1950,1025.70,4234.30,2680.30,1554.00,USD,Distributor,AGR-ORTHO-26-338,CPO-005-2026-0189,SI-880821,PAID,2026-04-20T17:22:00+00:00
TXN-000823,SO-100822,2025-11-01,2025-11-01T14:23:00+00:00,CUS-004,Blue Ridge Joint Institute,Hospital,NC,Southeast,REP-013,TRI-KNEE-CR-04,Triathlon Knee,Total knee arthroplasty,2,4380.00,8760.00,0.1400,1226.40,7533.60,4527.60,3006.00,USD,Direct,AGR-ORTHO-26-331,CPO-004-2025-0190,SI-880822,OPEN,2025-11-01T17:23:00+00:00
TXN-000824,SO-100823,2026-04-19,2026-04-19T14:24:00+00:00,CUS-005,Lone Star Orthopedic Network,IDN,TX,South Central,REP-017,ACC-HIP-CUP-56,Acetabular System,Total hip arthroplasty,3,3034.50,9103.50,0.2000,1820.70,7282.80,4464.00,2818.80,USD,Direct,AGR-ORTHO-26-338,CPO-005-2026-0191,SI-880823,PAID,2026-04-21T17:24:00+00:00
TXN-000825,SO-100824,2026-04-18,2026-04-18T14:25:00+00:00,CUS-010,Prairie Orthopedics Cooperative,IDN,IL,Midwest,REP-033,ACC-HIP-CUP-56,Acetabular System,Total hip arthroplasty,2,2915.50,5831.00,0.1900,1107.89,4723.11,2976.00,1747.11,USD,Direct,AGR-ORTHO-26-338,CPO-010-2026-0192,SI-880824,PAID,2026-04-19T17:25:00+00:00
TXN-000826,SO-100825,2026-04-24,2026-04-24T14:26:00+00:00,CUS-004,Blue Ridge Joint Institute,Hospital,NC,Southeast,REP-016,TRI-KNEE-CR-04,Triathlon Knee,Total knee arthroplasty,3,4380.00,13140.00,0.1200,1576.80,11563.20,6791.40,4771.80,USD,Direct,AGR-ORTHO-26-331,CPO-004-2026-0193,SI-880825,PAID,2026-04-24T17:26:00+00:00
TXN-000827,SO-100826,2025-12-22,2025-12-22T14:27:00+00:00,CUS-011,Desert Ridge Ambulatory Surgery,ASC,AZ,Mountain,REP-031,ACC-HIP-CUP-56,Acetabular System,Total hip arthroplasty,1,2975.00,2975.00,0.1150,342.13,2632.87,1488.00,1144.87,USD,Direct,AGR-ORTHO-26-310,CPO-011-2025-0194,SI-880826,PAID,2025-12-22T17:27:00+00:00
TXN-000828,SO-100827,2026-05-11,2026-05-11T14:28:00+00:00,CUS-003,Great Lakes University Hospital,Academic Medical Center,OH,Midwest,REP-008,SPN-CAGE-LORD,Spine Interbody,Lumbar fusion,1,5154.80,5154.80,0.1750,902.09,4252.71,2680.30,1572.41,USD,Distributor,AGR-ORTHO-26-324,CPO-003-2026-0195,SI-880827,PAID,2026-05-13T17:28:00+00:00
TXN-000829,SO-100828,2026-02-06,2026-02-06T14:29:00+00:00,CUS-009,Northwest Specialty Distribution,Distributor,WA,West,REP-027,ACC-HIP-CUP-56,Acetabular System,Total hip arthroplasty,1,2915.50,2915.50,0.2300,670.57,2244.93,1488.00,756.93,USD,Distributor,AGR-ORTHO-26-331,CPO-009-2026-0196,SI-880828,PAID,2026-02-06T17:29:00+00:00
TXN-000830,SO-100829,2026-01-28,2026-01-28T14:30:00+00:00,CUS-004,Blue Ridge Joint Institute,Hospital,NC,Southeast,REP-013,MAKO-KNEE-KIT,Robotic Procedure Kit,Robotic-assisted knee,1,1640.00,1640.00,0.1200,196.80,1443.20,703.80,739.40,USD,Direct,AGR-ORTHO-26-331,CPO-004-2026-0197,SI-880829,PAID,2026-01-30T17:30:00+00:00
TXN-000831,SO-100830,2026-05-25,2026-05-25T14:31:00+00:00,CUS-009,Northwest Specialty Distribution,Distributor,WA,West,REP-029,TRI-KNEE-CR-04,Triathlon Knee,Total knee arthroplasty,8,4467.60,35740.80,0.2450,8756.50,26984.30,18480.00,8504.30,USD,Direct,AGR-ORTHO-26-331,CPO-009-2026-0198,SI-880830,OPEN,2026-05-27T17:31:00+00:00
TXN-000832,SO-100831,2026-05-17,2026-05-17T14:32:00+00:00,CUS-008,Gulf Coast Trauma Hospital,Hospital,FL,Southeast,REP-027,TRI-KNEE-CR-04,Triathlon Knee,Total knee arthroplasty,1,4467.60,4467.60,0.1300,580.79,3886.81,2310.00,1576.81,USD,Direct,AGR-ORTHO-26-324,CPO-008-2026-0199,SI-880831,PAID,2026-05-19T17:32:00+00:00
TXN-000833,SO-100832,2025-11-30,2025-11-30T14:33:00+00:00,CUS-005,Lone Star Orthopedic Network,IDN,TX,South Central,REP-019,ACC-HIP-CUP-56,Acetabular System,Total hip arthroplasty,1,3004.75,3004.75,0.1950,585.93,2418.82,1488.00,930.82,USD,Distributor,AGR-ORTHO-26-338,CPO-005-2025-0200,SI-880832,OPEN,2025-12-02T17:33:00+00:00
TXN-000834,SO-100833,2026-04-02,2026-04-02T14:34:00+00:00,CUS-010,Prairie Orthopedics Cooperative,IDN,IL,Midwest,REP-028,SPN-CAGE-LORD,Spine Interbody,Lumbar fusion,1,5312.60,5312.60,0.1900,1009.39,4303.21,2735.00,1568.21,USD,Direct,AGR-ORTHO-26-338,CPO-010-2026-0201,SI-880833,OPEN,2026-04-04T17:34:00+00:00
TXN-000835,SO-100834,2026-04-20,2026-04-20T14:35:00+00:00,CUS-012,New England Sports Medicine,Hospital,MA,Northeast,REP-035,MAKO-KNEE-KIT,Robotic Procedure Kit,Robotic-assisted knee,3,1656.40,4969.20,0.1700,844.76,4124.44,2028.60,2095.84,USD,Direct,AGR-ORTHO-26-317,CPO-012-2026-0202,SI-880834,PAID,2026-04-22T17:35:00+00:00
TXN-000836,SO-100835,2025-11-17,2025-11-17T14:36:00+00:00,CUS-005,Lone Star Orthopedic Network,IDN,TX,South Central,REP-015,REV-FEM-STEM-12,Revision Hip,Revision arthroplasty,1,6355.80,6355.80,0.1800,1144.04,5211.76,3425.10,1786.66,USD,Direct,AGR-ORTHO-26-338,CPO-005-2025-0203,SI-880835,OPEN,2025-11-19T17:36:00+00:00
TXN-000837,SO-100836,2026-03-02,2026-03-02T14:37:00+00:00,CUS-004,Blue Ridge Joint Institute,Hospital,NC,Southeast,REP-013,REV-FEM-STEM-12,Revision Hip,Revision arthroplasty,1,6420.00,6420.00,0.1300,834.60,5585.40,3495.00,2090.40,USD,Direct,AGR-ORTHO-26-331,CPO-004-2026-0204,SI-880836,PAID,2026-03-02T17:37:00+00:00
TXN-000838,SO-100837,2026-03-12,2026-03-12T14:38:00+00:00,CUS-005,Lone Star Orthopedic Network,IDN,TX,South Central,REP-017,TRI-KNEE-CR-04,Triathlon Knee,Total knee arthroplasty,3,4380.00,13140.00,0.1900,2496.60,10643.40,6930.00,3713.40,USD,Direct,AGR-ORTHO-26-338,CPO-005-2026-0205,SI-880837,PAID,2026-03-12T17:38:00+00:00
TXN-000839,SO-100838,2026-04-19,2026-04-19T14:39:00+00:00,CUS-009,Northwest Specialty Distribution,Distributor,WA,West,REP-030,TRI-KNEE-CR-04,Triathlon Knee,Total knee arthroplasty,1,4380.00,4380.00,0.2400,1051.20,3328.80,2356.20,972.60,USD,Direct,AGR-ORTHO-26-331,CPO-009-2026-0206,SI-880838,OPEN,2026-04-21T17:39:00+00:00
TXN-000840,SO-100839,2026-01-09,2026-01-09T14:40:00+00:00,CUS-008,Gulf Coast Trauma Hospital,Hospital,FL,Southeast,REP-028,SPN-CAGE-LORD,Spine Interbody,Lumbar fusion,1,5365.20,5365.20,0.1300,697.48,4667.72,2680.30,1987.42,USD,ASC Program,AGR-ORTHO-26-324,CPO-008-2026-0207,SI-880839,OPEN,2026-01-10T17:40:00+00:00
TXN-000841,SO-100840,2026-01-02,2026-01-02T14:41:00+00:00,CUS-002,Hudson Valley Surgical Center,ASC,NY,Northeast,REP-004,TRI-KNEE-PS-05,Triathlon Knee,Total knee arthroplasty,4,4776.75,19107.00,0.1100,2101.77,17005.23,10160.00,6845.23,USD,Direct,AGR-ORTHO-26-317,CPO-002-2026-0208,SI-880840,PAID,2026-01-04T17:41:00+00:00
TXN-000842,SO-100841,2026-03-16,2026-03-16T14:42:00+00:00,CUS-005,Lone Star Orthopedic Network,IDN,TX,South Central,REP-014,ACC-HIP-CUP-56,Acetabular System,Total hip arthroplasty,4,3034.50,12138.00,0.1800,2184.84,9953.16,5952.00,4001.16,USD,Direct,AGR-ORTHO-26-338,CPO-005-2026-0209,SI-880841,OPEN,2026-03-16T17:42:00+00:00
TXN-000843,SO-100842,2026-04-29,2026-04-29T14:43:00+00:00,CUS-009,Northwest Specialty Distribution,Distributor,WA,West,REP-027,ACC-HIP-CUP-56,Acetabular System,Total hip arthroplasty,1,3004.75,3004.75,0.2400,721.14,2283.61,1458.24,825.37,USD,Direct,AGR-ORTHO-26-331,CPO-009-2026-0210,SI-880842,PAID,2026-05-01T17:43:00+00:00
TXN-000844,SO-100843,2026-04-07,2026-04-07T14:44:00+00:00,CUS-012,New England Sports Medicine,Hospital,MA,Northeast,REP-037,ACC-HIP-CUP-56,Acetabular System,Total hip arthroplasty,1,2975.00,2975.00,0.1650,490.88,2484.12,1488.00,996.12,USD,Distributor,AGR-ORTHO-26-317,CPO-012-2026-0211,SI-880843,PAID,2026-04-08T17:44:00+00:00
TXN-000845,SO-100844,2026-02-24,2026-02-24T14:45:00+00:00,CUS-010,Prairie Orthopedics Cooperative,IDN,IL,Midwest,REP-032,SOM-PLATE-8H,Trauma Plating,Trauma fixation,4,866.25,3465.00,0.1800,623.70,2841.30,1460.00,1381.30,USD,Direct,AGR-ORTHO-26-338,CPO-010-2026-0001,SI-880844,PAID,2026-02-24T17:45:00+00:00
TXN-000846,SO-100845,2025-12-24,2025-12-24T14:46:00+00:00,CUS-005,Lone Star Orthopedic Network,IDN,TX,South Central,REP-018,SOM-SCREW-45,Trauma Plating,Trauma fixation,1,146.00,146.00,0.1900,27.74,118.26,42.00,76.26,USD,ASC Program,AGR-ORTHO-26-338,CPO-005-2025-0002,SI-880845,PAID,2025-12-24T17:46:00+00:00
TXN-000847,SO-100846,2026-06-09,2026-06-09T14:00:00+00:00,CUS-003,Great Lakes University Hospital,Academic Medical Center,OH,Midwest,REP-013,TRI-KNEE-PS-05,Triathlon Knee,Total knee arthroplasty,3,4921.50,14764.50,0.1600,2362.32,12402.18,7620.00,4782.18,USD,ASC Program,AGR-ORTHO-26-324,CPO-003-2026-0003,SI-880846,PAID,2026-06-09T17:00:00+00:00
TXN-000848,SO-100847,2026-05-11,2026-05-11T14:01:00+00:00,CUS-006,Pacific Motion Surgery Partners,ASC,CA,West,REP-016,TRI-KNEE-CR-04,Triathlon Knee,Total knee arthroplasty,1,4336.20,4336.20,0.1000,433.62,3902.58,2310.00,1592.58,USD,ASC Program,AGR-ORTHO-26-310,CPO-006-2026-0004,SI-880847,PAID,2026-05-11T17:01:00+00:00
TXN-000849,SO-100848,2025-12-28,2025-12-28T14:02:00+00:00,CUS-008,Gulf Coast Trauma Hospital,Hospital,FL,Southeast,REP-023,ACC-HIP-CUP-56,Acetabular System,Total hip arthroplasty,1,3004.75,3004.75,0.1350,405.64,2599.11,1458.24,1140.87,USD,Direct,AGR-ORTHO-26-324,CPO-008-2025-0005,SI-880848,PAID,2025-12-30T17:02:00+00:00
TXN-000850,SO-100849,2025-11-30,2025-11-30T14:03:00+00:00,CUS-007,Front Range Medical Center,Hospital,CO,Mountain,REP-021,TRI-KNEE-PS-05,Triathlon Knee,Total knee arthroplasty,4,4776.75,19107.00,0.1350,2579.45,16527.55,9956.80,6570.75,USD,Direct,AGR-ORTHO-26-317,CPO-007-2025-0006,SI-880849,PAID,2025-12-01T17:03:00+00:00
TXN-000851,SO-100850,2026-01-14,2026-01-14T14:04:00+00:00,CUS-005,Lone Star Orthopedic Network,IDN,TX,South Central,REP-016,SOM-PLATE-8H,Trauma Plating,Trauma fixation,4,875.00,3500.00,0.1900,665.00,2835.00,1460.00,1375.00,USD,Direct,AGR-ORTHO-26-338,CPO-005-2026-0007,SI-880850,PAID,2026-01-15T17:04:00+00:00
TXN-000852,SO-100851,2026-02-14,2026-02-14T14:05:00+00:00,CUS-001,Atlantic Ortho Alliance,IDN,PA,Northeast,REP-005,ACC-HIP-CUP-56,Acetabular System,Total hip arthroplasty,1,2945.25,2945.25,0.1800,530.15,2415.10,1488.00,927.10,USD,Direct,AGR-ORTHO-26-310,CPO-001-2026-0008,SI-880851,PAID,2026-02-14T17:05:00+00:00
TXN-000853,SO-100852,2026-05-06,2026-05-06T14:06:00+00:00,CUS-009,Northwest Specialty Distribution,Distributor,WA,West,REP-030,MAKO-HIP-KIT,Robotic Procedure Kit,Robotic-assisted hip,1,1495.00,1495.00,0.2500,373.75,1121.25,637.50,483.75,USD,Direct,AGR-ORTHO-26-331,CPO-009-2026-0009,SI-880852,PAID,2026-05-06T17:06:00+00:00
TXN-000854,SO-100853,2026-01-19,2026-01-19T14:07:00+00:00,CUS-001,Atlantic Ortho Alliance,IDN,PA,Northeast,REP-007,REV-FEM-STEM-12,Revision Hip,Revision arthroplasty,2,6484.20,12968.40,0.2000,2593.68,10374.72,6850.20,3524.52,USD,Direct,AGR-ORTHO-26-310,CPO-001-2026-0010,SI-880853,PAID,2026-01-19T17:07:00+00:00
TXN-000855,SO-100854,2026-01-18,2026-01-18T14:08:00+00:00,CUS-011,Desert Ridge Ambulatory Surgery,ASC,AZ,Mountain,REP-031,SOM-PLATE-8H,Trauma Plating,Trauma fixation,3,875.00,2625.00,0.1100,288.75,2336.25,1073.10,1263.15,USD,ASC Program,AGR-ORTHO-26-310,CPO-011-2026-0011,SI-880854,OPEN,2026-01-18T17:08:00+00:00
TXN-000856,SO-100855,2025-12-28,2025-12-28T14:09:00+00:00,CUS-009,Northwest Specialty Distribution,Distributor,WA,West,REP-026,ACC-HIP-CUP-56,Acetabular System,Total hip arthroplasty,2,3034.50,6069.00,0.2450,1486.91,4582.09,3035.52,1546.57,USD,Distributor,AGR-ORTHO-26-331,CPO-009-2025-0012,SI-880855,PAID,2025-12-29T17:09:00+00:00
TXN-000857,SO-100856,2026-04-29,2026-04-29T14:10:00+00:00,CUS-003,Great Lakes University Hospital,Academic Medical Center,OH,Midwest,REP-009,SOM-PLATE-8H,Trauma Plating,Trauma fixation,1,883.75,883.75,0.1600,141.40,742.35,357.70,384.65,USD,Direct,AGR-ORTHO-26-324,CPO-003-2026-0013,SI-880856,OPEN,2026-04-29T17:10:00+00:00
TXN-000858,SO-100857,2026-02-08,2026-02-08T14:11:00+00:00,CUS-006,Pacific Motion Surgery Partners,ASC,CA,West,REP-019,MAKO-KNEE-KIT,Robotic Procedure Kit,Robotic-assisted knee,4,1623.60,6494.40,0.1100,714.38,5780.02,2815.20,2964.82,USD,Direct,AGR-ORTHO-26-310,CPO-006-2026-0014,SI-880857,OPEN,2026-02-08T17:11:00+00:00
TXN-000859,SO-100858,2026-03-03,2026-03-03T14:12:00+00:00,CUS-009,Northwest Specialty Distribution,Distributor,WA,West,REP-029,MAKO-HIP-KIT,Robotic Procedure Kit,Robotic-assisted hip,4,1524.90,6099.60,0.2500,1524.90,4574.70,2450.00,2124.70,USD,Direct,AGR-ORTHO-26-331,CPO-009-2026-0015,SI-880858,PAID,2026-03-04T17:12:00+00:00
TXN-000860,SO-100859,2026-04-26,2026-04-26T14:13:00+00:00,CUS-004,Blue Ridge Joint Institute,Hospital,NC,Southeast,REP-015,TRI-KNEE-PS-05,Triathlon Knee,Total knee arthroplasty,1,4825.00,4825.00,0.1300,627.25,4197.75,2540.00,1657.75,USD,Direct,AGR-ORTHO-26-331,CPO-004-2026-0016,SI-880859,PARTIALLY_PAID,2026-04-26T17:13:00+00:00
TXN-000861,SO-100860,2026-05-08,2026-05-08T14:14:00+00:00,CUS-004,Blue Ridge Joint Institute,Hospital,NC,Southeast,REP-016,SPN-CAGE-LORD,Spine Interbody,Lumbar fusion,1,5154.80,5154.80,0.1350,695.90,4458.90,2735.00,1723.90,USD,Direct,AGR-ORTHO-26-331,CPO-004-2026-0017,SI-880860,OPEN,2026-05-08T17:14:00+00:00
TXN-000862,SO-100861,2026-02-03,2026-02-03T14:15:00+00:00,CUS-005,Lone Star Orthopedic Network,IDN,TX,South Central,REP-013,SOM-PLATE-8H,Trauma Plating,Trauma fixation,1,892.50,892.50,0.1800,160.65,731.85,365.00,366.85,USD,ASC Program,AGR-ORTHO-26-338,CPO-005-2026-0018,SI-880861,OPEN,2026-02-03T17:15:00+00:00
TXN-000863,SO-100862,2026-05-09,2026-05-09T14:16:00+00:00,CUS-004,Blue Ridge Joint Institute,Hospital,NC,Southeast,REP-011,ACC-HIP-CUP-56,Acetabular System,Total hip arthroplasty,1,2915.50,2915.50,0.1300,379.02,2536.48,1488.00,1048.48,USD,Distributor,AGR-ORTHO-26-331,CPO-004-2026-0019,SI-880862,OPEN,2026-05-10T17:16:00+00:00
TXN-000864,SO-100863,2026-01-18,2026-01-18T14:17:00+00:00,CUS-007,Front Range Medical Center,Hospital,CO,Mountain,REP-021,TRI-KNEE-PS-05,Triathlon Knee,Total knee arthroplasty,2,4825.00,9650.00,0.1300,1254.50,8395.50,5181.60,3213.90,USD,ASC Program,AGR-ORTHO-26-317,CPO-007-2026-0020,SI-880863,PAID,2026-01-20T17:17:00+00:00
TXN-000865,SO-100864,2025-10-31,2025-10-31T14:18:00+00:00,CUS-001,Atlantic Ortho Alliance,IDN,PA,Northeast,REP-004,ACC-HIP-LIN-36,Acetabular System,Total hip arthroplasty,2,1180.00,2360.00,0.2000,472.00,1888.00,1038.80,849.20,USD,Direct,AGR-ORTHO-26-310,CPO-001-2025-0021,SI-880864,PAID,2025-11-01T17:18:00+00:00
TXN-000866,SO-100865,2026-02-13,2026-02-13T14:19:00+00:00,CUS-008,Gulf Coast Trauma Hospital,Hospital,FL,Southeast,REP-026,TRI-KNEE-PS-05,Triathlon Knee,Total knee arthroplasty,2,4825.00,9650.00,0.1200,1158.00,8492.00,5181.60,3310.40,USD,Direct,AGR-ORTHO-26-324,CPO-008-2026-0022,SI-880865,OPEN,2026-02-14T17:19:00+00:00
TXN-000867,SO-100866,2026-01-21,2026-01-21T14:20:00+00:00,CUS-012,New England Sports Medicine,Hospital,MA,Northeast,REP-039,SOM-PLATE-8H,Trauma Plating,Trauma fixation,2,875.00,1750.00,0.1200,210.00,1540.00,730.00,810.00,USD,Direct,AGR-ORTHO-26-317,CPO-012-2026-0023,SI-880866,PAID,2026-01-22T17:20:00+00:00
TXN-000868,SO-100867,2026-03-29,2026-03-29T14:21:00+00:00,CUS-012,New England Sports Medicine,Hospital,MA,Northeast,REP-040,TRI-KNEE-PS-05,Triathlon Knee,Total knee arthroplasty,1,4873.25,4873.25,0.1300,633.52,4239.73,2540.00,1699.73,USD,Distributor,AGR-ORTHO-26-317,CPO-012-2026-0024,SI-880867,OPEN,2026-03-29T17:21:00+00:00
TXN-000869,SO-100868,2026-02-24,2026-02-24T14:22:00+00:00,CUS-008,Gulf Coast Trauma Hospital,Hospital,FL,Southeast,REP-022,TRI-KNEE-PS-05,Triathlon Knee,Total knee arthroplasty,1,4825.00,4825.00,0.1400,675.50,4149.50,2540.00,1609.50,USD,Distributor,AGR-ORTHO-26-324,CPO-008-2026-0025,SI-880868,PAID,2026-02-24T17:22:00+00:00
TXN-000870,SO-100869,2026-03-05,2026-03-05T14:23:00+00:00,CUS-008,Gulf Coast Trauma Hospital,Hospital,FL,Southeast,REP-023,TRI-KNEE-CR-04,Triathlon Knee,Total knee arthroplasty,1,4292.40,4292.40,0.1400,600.94,3691.46,2310.00,1381.46,USD,Direct,AGR-ORTHO-26-324,CPO-008-2026-0026,SI-880869,PAID,2026-03-07T17:23:00+00:00
TXN-000871,SO-100870,2026-05-25,2026-05-25T14:24:00+00:00,CUS-012,New England Sports Medicine,Hospital,MA,Northeast,REP-036,TRI-KNEE-CR-04,Triathlon Knee,Total knee arthroplasty,5,4336.20,21681.00,0.1300,2818.53,18862.47,11550.00,7312.47,USD,Direct,AGR-ORTHO-26-317,CPO-012-2026-0027,SI-880870,OPEN,2026-05-26T17:24:00+00:00
TXN-000872,SO-100871,2025-12-11,2025-12-11T14:25:00+00:00,CUS-001,Atlantic Ortho Alliance,IDN,PA,Northeast,REP-004,TRI-KNEE-CR-04,Triathlon Knee,Total knee arthroplasty,3,4467.60,13402.80,0.1900,2546.53,10856.27,7068.60,3787.67,USD,Direct,AGR-ORTHO-26-310,CPO-001-2025-0028,SI-880871,PAID,2025-12-12T17:25:00+00:00
TXN-000873,SO-100872,2026-03-21,2026-03-21T14:26:00+00:00,CUS-001,Atlantic Ortho Alliance,IDN,PA,Northeast,REP-005,SOM-SCREW-45,Trauma Plating,Trauma fixation,8,147.46,1179.68,0.1900,224.14,955.54,329.28,626.26,USD,Direct,AGR-ORTHO-26-310,CPO-001-2026-0029,SI-880872,PAID,2026-03-23T17:26:00+00:00
TXN-000874,SO-100873,2025-11-08,2025-11-08T14:27:00+00:00,CUS-008,Gulf Coast Trauma Hospital,Hospital,FL,Southeast,REP-027,SOM-PLATE-8H,Trauma Plating,Trauma fixation,1,866.25,866.25,0.1300,112.61,753.64,365.00,388.64,USD,ASC Program,AGR-ORTHO-26-324,CPO-008-2025-0030,SI-880873,PAID,2025-11-08T17:27:00+00:00
TXN-000875,SO-100874,2026-02-14,2026-02-14T14:28:00+00:00,CUS-012,New England Sports Medicine,Hospital,MA,Northeast,REP-040,MAKO-HIP-KIT,Robotic Procedure Kit,Robotic-assisted hip,2,1495.00,2990.00,0.1400,418.60,2571.40,1225.00,1346.40,USD,Direct,AGR-ORTHO-26-317,CPO-012-2026-0031,SI-880874,OPEN,2026-02-14T17:28:00+00:00
TXN-000876,SO-100875,2026-04-08,2026-04-08T14:29:00+00:00,CUS-005,Lone Star Orthopedic Network,IDN,TX,South Central,REP-013,TRI-KNEE-PS-05,Triathlon Knee,Total knee arthroplasty,1,4776.75,4776.75,0.1900,907.58,3869.17,2489.20,1379.97,USD,Direct,AGR-ORTHO-26-338,CPO-005-2026-0032,SI-880875,OPEN,2026-04-09T17:29:00+00:00
TXN-000877,SO-100876,2026-01-12,2026-01-12T14:30:00+00:00,CUS-005,Lone Star Orthopedic Network,IDN,TX,South Central,REP-014,ACC-HIP-CUP-56,Acetabular System,Total hip arthroplasty,1,2915.50,2915.50,0.1950,568.52,2346.98,1517.76,829.22,USD,Distributor,AGR-ORTHO-26-338,CPO-005-2026-0033,SI-880876,PAID,2026-01-13T17:30:00+00:00
TXN-000878,SO-100877,2025-11-07,2025-11-07T14:31:00+00:00,CUS-006,Pacific Motion Surgery Partners,ASC,CA,West,REP-018,MAKO-KNEE-KIT,Robotic Procedure Kit,Robotic-assisted knee,4,1607.20,6428.80,0.1100,707.17,5721.63,2760.00,2961.63,USD,Direct,AGR-ORTHO-26-310,CPO-006-2025-0034,SI-880877,PAID,2025-11-08T17:31:00+00:00
TXN-000879,SO-100878,2026-03-19,2026-03-19T14:32:00+00:00,CUS-002,Hudson Valley Surgical Center,ASC,NY,Northeast,REP-007,MAKO-HIP-KIT,Robotic Procedure Kit,Robotic-assisted hip,2,1495.00,2990.00,0.1200,358.80,2631.20,1225.00,1406.20,USD,Direct,AGR-ORTHO-26-317,CPO-002-2026-0035,SI-880878,PAID,2026-03-20T17:32:00+00:00
TXN-000880,SO-100879,2025-12-18,2025-12-18T14:33:00+00:00,CUS-003,Great Lakes University Hospital,Academic Medical Center,OH,Midwest,REP-011,MAKO-KNEE-KIT,Robotic Procedure Kit,Robotic-assisted knee,4,1640.00,6560.00,0.1600,1049.60,5510.40,2760.00,2750.40,USD,Direct,AGR-ORTHO-26-324,CPO-003-2025-0036,SI-880879,PAID,2025-12-18T17:33:00+00:00
TXN-000881,SO-100880,2026-01-09,2026-01-09T14:34:00+00:00,CUS-010,Prairie Orthopedics Cooperative,IDN,IL,Midwest,REP-033,ACC-HIP-LIN-36,Acetabular System,Total hip arthroplasty,4,1156.40,4625.60,0.1900,878.86,3746.74,2120.00,1626.74,USD,Direct,AGR-ORTHO-26-338,CPO-010-2026-0037,SI-880880,OPEN,2026-01-09T17:34:00+00:00
TXN-000882,SO-100881,2026-06-01,2026-06-01T14:35:00+00:00,CUS-005,Lone Star Orthopedic Network,IDN,TX,South Central,REP-019,TRI-KNEE-CR-04,Triathlon Knee,Total knee arthroplasty,3,4336.20,13008.60,0.1800,2341.55,10667.05,6930.00,3737.05,USD,Direct,AGR-ORTHO-26-338,CPO-005-2026-0038,SI-880881,PAID,2026-06-03T17:35:00+00:00
TXN-000883,SO-100882,2026-01-08,2026-01-08T14:36:00+00:00,CUS-012,New England Sports Medicine,Hospital,MA,Northeast,REP-034,TRI-KNEE-PS-05,Triathlon Knee,Total knee arthroplasty,1,4873.25,4873.25,0.1300,633.52,4239.73,2489.20,1750.53,USD,Distributor,AGR-ORTHO-26-317,CPO-012-2026-0039,SI-880882,OPEN,2026-01-10T17:36:00+00:00
TXN-000884,SO-100883,2025-11-21,2025-11-21T14:37:00+00:00,CUS-008,Gulf Coast Trauma Hospital,Hospital,FL,Southeast,REP-023,MAKO-KNEE-KIT,Robotic Procedure Kit,Robotic-assisted knee,1,1623.60,1623.60,0.1300,211.07,1412.53,690.00,722.53,USD,Direct,AGR-ORTHO-26-324,CPO-008-2025-0040,SI-880883,PAID,2025-11-21T17:37:00+00:00
TXN-000885,SO-100884,2026-03-26,2026-03-26T14:38:00+00:00,CUS-002,Hudson Valley Surgical Center,ASC,NY,Northeast,REP-006,SOM-PLATE-8H,Trauma Plating,Trauma fixation,3,857.50,2572.50,0.1100,282.98,2289.52,1073.10,1216.42,USD,Direct,AGR-ORTHO-26-317,CPO-002-2026-0041,SI-880884,OPEN,2026-03-26T17:38:00+00:00
TXN-000886,SO-100885,2025-12-14,2025-12-14T14:39:00+00:00,CUS-001,Atlantic Ortho Alliance,IDN,PA,Northeast,REP-004,REV-FEM-STEM-12,Revision Hip,Revision arthroplasty,4,6484.20,25936.80,0.1900,4927.99,21008.81,14259.60,6749.21,USD,Direct,AGR-ORTHO-26-310,CPO-001-2025-0042,SI-880885,PAID,2025-12-16T17:39:00+00:00
TXN-000887,SO-100886,2026-05-14,2026-05-14T14:40:00+00:00,CUS-005,Lone Star Orthopedic Network,IDN,TX,South Central,REP-017,TRI-KNEE-CR-04,Triathlon Knee,Total knee arthroplasty,1,4380.00,4380.00,0.2000,876.00,3504.00,2310.00,1194.00,USD,ASC Program,AGR-ORTHO-26-338,CPO-005-2026-0043,SI-880886,OPEN,2026-05-16T17:40:00+00:00
TXN-000888,SO-100887,2026-04-15,2026-04-15T14:41:00+00:00,CUS-012,New England Sports Medicine,Hospital,MA,Northeast,REP-039,REV-FEM-STEM-12,Revision Hip,Revision arthroplasty,1,6484.20,6484.20,0.1550,1005.05,5479.15,3495.00,1984.15,USD,Direct,AGR-ORTHO-26-317,CPO-012-2026-0044,SI-880887,OPEN,2026-04-17T17:41:00+00:00
TXN-000889,SO-100888,2026-05-19,2026-05-19T14:42:00+00:00,CUS-001,Atlantic Ortho Alliance,IDN,PA,Northeast,REP-007,TRI-KNEE-PS-05,Triathlon Knee,Total knee arthroplasty,2,4873.25,9746.50,0.2300,2241.70,7504.80,4978.40,2526.40,USD,ASC Program,AGR-ORTHO-26-310,CPO-001-2026-0045,SI-880888,OPEN,2026-05-19T17:42:00+00:00
TXN-000890,SO-100889,2025-11-28,2025-11-28T14:43:00+00:00,CUS-007,Front Range Medical Center,Hospital,CO,Mountain,REP-019,ACC-HIP-LIN-36,Acetabular System,Total hip arthroplasty,1,1156.40,1156.40,0.1300,150.33,1006.07,530.00,476.07,USD,Distributor,AGR-ORTHO-26-317,CPO-007-2025-0046,SI-880889,DISPUTED,2025-11-28T17:43:00+00:00
TXN-000891,SO-100890,2026-03-10,2026-03-10T14:44:00+00:00,CUS-006,Pacific Motion Surgery Partners,ASC,CA,West,REP-017,TRI-KNEE-PS-05,Triathlon Knee,Total knee arthroplasty,2,4776.75,9553.50,0.1100,1050.89,8502.61,5080.00,3422.61,USD,Direct,AGR-ORTHO-26-310,CPO-006-2026-0047,SI-880890,PAID,2026-03-11T17:44:00+00:00
TXN-000892,SO-100891,2026-05-09,2026-05-09T14:45:00+00:00,CUS-003,Great Lakes University Hospital,Academic Medical Center,OH,Midwest,REP-009,MAKO-KNEE-KIT,Robotic Procedure Kit,Robotic-assisted knee,3,1640.00,4920.00,0.1600,787.20,4132.80,2111.40,2021.40,USD,Direct,AGR-ORTHO-26-324,CPO-003-2026-0048,SI-880891,PAID,2026-05-10T17:45:00+00:00
TXN-000893,SO-100892,2025-11-17,2025-11-17T14:46:00+00:00,CUS-001,Atlantic Ortho Alliance,IDN,PA,Northeast,REP-004,SOM-PLATE-8H,Trauma Plating,Trauma fixation,2,892.50,1785.00,0.1900,339.15,1445.85,715.40,730.45,USD,ASC Program,AGR-ORTHO-26-310,CPO-001-2025-0049,SI-880892,PAID,2025-11-19T17:46:00+00:00
TXN-000894,SO-100893,2026-06-07,2026-06-07T14:00:00+00:00,CUS-002,Hudson Valley Surgical Center,ASC,NY,Northeast,REP-008,ACC-HIP-CUP-56,Acetabular System,Total hip arthroplasty,4,2945.25,11781.00,0.1100,1295.91,10485.09,5952.00,4533.09,USD,ASC Program,AGR-ORTHO-26-317,CPO-002-2026-0050,SI-880893,PAID,2026-06-07T17:00:00+00:00
TXN-000895,SO-100894,2026-05-09,2026-05-09T14:01:00+00:00,CUS-004,Blue Ridge Joint Institute,Hospital,NC,Southeast,REP-015,ACC-HIP-LIN-36,Acetabular System,Total hip arthroplasty,2,1180.00,2360.00,0.1300,306.80,2053.20,1060.00,993.20,USD,Distributor,AGR-ORTHO-26-331,CPO-004-2026-0051,SI-880894,OPEN,2026-05-09T17:01:00+00:00
TXN-000896,SO-100895,2025-11-28,2025-11-28T14:02:00+00:00,CUS-002,Hudson Valley Surgical Center,ASC,NY,Northeast,REP-010,TRI-KNEE-CR-04,Triathlon Knee,Total knee arthroplasty,4,4380.00,17520.00,0.1150,2014.80,15505.20,9055.20,6450.00,USD,Direct,AGR-ORTHO-26-317,CPO-002-2025-0052,SI-880895,PAID,2025-11-28T17:02:00+00:00
TXN-000897,SO-100896,2026-03-21,2026-03-21T14:03:00+00:00,CUS-001,Atlantic Ortho Alliance,IDN,PA,Northeast,REP-001,SPN-CAGE-LORD,Spine Interbody,Lumbar fusion,3,5260.00,15780.00,0.1900,2998.20,12781.80,8369.10,4412.70,USD,Direct,AGR-ORTHO-26-310,CPO-001-2026-0053,SI-880896,PAID,2026-03-23T17:03:00+00:00
TXN-000898,SO-100897,2026-05-08,2026-05-08T14:04:00+00:00,CUS-008,Gulf Coast Trauma Hospital,Hospital,FL,Southeast,REP-023,ACC-HIP-CUP-56,Acetabular System,Total hip arthroplasty,2,3034.50,6069.00,0.1400,849.66,5219.34,2976.00,2243.34,USD,Direct,AGR-ORTHO-26-324,CPO-008-2026-0054,SI-880897,OPEN,2026-05-08T17:04:00+00:00
TXN-000899,SO-100898,2025-12-18,2025-12-18T14:05:00+00:00,CUS-001,Atlantic Ortho Alliance,IDN,PA,Northeast,REP-003,ACC-HIP-CUP-56,Acetabular System,Total hip arthroplasty,1,2915.50,2915.50,0.2000,583.10,2332.40,1517.76,814.64,USD,Direct,AGR-ORTHO-26-310,CPO-001-2025-0055,SI-880898,PAID,2025-12-19T17:05:00+00:00
TXN-000900,SO-100899,2025-11-30,2025-11-30T14:06:00+00:00,CUS-006,Pacific Motion Surgery Partners,ASC,CA,West,REP-019,MAKO-HIP-KIT,Robotic Procedure Kit,Robotic-assisted hip,2,1495.00,2990.00,0.1200,358.80,2631.20,1250.00,1381.20,USD,Direct,AGR-ORTHO-26-310,CPO-006-2025-0056,SI-880899,PAID,2025-11-30T17:06:00+00:00
TXN-000901,SO-100900,2026-01-01,2026-01-01T14:07:00+00:00,CUS-009,Northwest Specialty Distribution,Distributor,WA,West,REP-029,SPN-CAGE-LORD,Spine Interbody,Lumbar fusion,8,5260.00,42080.00,0.2300,9678.40,32401.60,21880.00,10521.60,USD,Direct,AGR-ORTHO-26-331,CPO-009-2026-0057,SI-880900,OPEN,2026-01-01T17:07:00+00:00
TXN-000902,SO-100901,2026-04-20,2026-04-20T14:08:00+00:00,CUS-010,Prairie Orthopedics Cooperative,IDN,IL,Midwest,REP-033,TRI-KNEE-CR-04,Triathlon Knee,Total knee arthroplasty,3,4292.40,12877.20,0.2000,2575.44,10301.76,6791.40,3510.36,USD,Direct,AGR-ORTHO-26-338,CPO-010-2026-0058,SI-880901,PAID,2026-04-20T17:08:00+00:00
TXN-000903,SO-100902,2026-05-20,2026-05-20T14:09:00+00:00,CUS-010,Prairie Orthopedics Cooperative,IDN,IL,Midwest,REP-034,ACC-HIP-LIN-36,Acetabular System,Total hip arthroplasty,5,1191.80,5959.00,0.1900,1132.21,4826.79,2703.00,2123.79,USD,ASC Program,AGR-ORTHO-26-338,CPO-010-2026-0059,SI-880902,PAID,2026-05-20T17:09:00+00:00
TXN-000904,SO-100903,2026-03-11,2026-03-11T14:10:00+00:00,CUS-010,Prairie Orthopedics Cooperative,IDN,IL,Midwest,REP-028,REV-FEM-STEM-12,Revision Hip,Revision arthroplasty,1,6420.00,6420.00,0.1950,1251.90,5168.10,3425.10,1743.00,USD,Direct,AGR-ORTHO-26-338,CPO-010-2026-0060,SI-880903,OPEN,2026-03-13T17:10:00+00:00
TXN-000905,SO-100904,2026-03-22,2026-03-22T14:11:00+00:00,CUS-010,Prairie Orthopedics Cooperative,IDN,IL,Midwest,REP-029,ACC-HIP-CUP-56,Acetabular System,Total hip arthroplasty,2,3004.75,6009.50,0.2000,1201.90,4807.60,3035.52,1772.08,USD,Direct,AGR-ORTHO-26-338,CPO-010-2026-0061,SI-880904,PAID,2026-03-24T17:11:00+00:00
TXN-000906,SO-100905,2025-11-15,2025-11-15T14:12:00+00:00,CUS-002,Hudson Valley Surgical Center,ASC,NY,Northeast,REP-006,MAKO-KNEE-KIT,Robotic Procedure Kit,Robotic-assisted knee,2,1640.00,3280.00,0.1100,360.80,2919.20,1380.00,1539.20,USD,ASC Program,AGR-ORTHO-26-317,CPO-002-2025-0062,SI-880905,OPEN,2025-11-17T17:12:00+00:00
TXN-000907,SO-100906,2025-11-16,2025-11-16T14:13:00+00:00,CUS-012,New England Sports Medicine,Hospital,MA,Northeast,REP-037,TRI-KNEE-PS-05,Triathlon Knee,Total knee arthroplasty,8,4873.25,38986.00,0.1300,5068.18,33917.82,20726.40,13191.42,USD,ASC Program,AGR-ORTHO-26-317,CPO-012-2025-0063,SI-880906,OPEN,2025-11-17T17:13:00+00:00
TXN-000908,SO-100907,2026-03-03,2026-03-03T14:14:00+00:00,CUS-001,Atlantic Ortho Alliance,IDN,PA,Northeast,REP-005,TRI-KNEE-CR-04,Triathlon Knee,Total knee arthroplasty,4,4467.60,17870.40,0.1950,3484.73,14385.67,9055.20,5330.47,USD,Direct,AGR-ORTHO-26-310,CPO-001-2026-0064,SI-880907,OPEN,2026-03-05T17:14:00+00:00
TXN-000909,SO-100908,2026-03-22,2026-03-22T14:15:00+00:00,CUS-006,Pacific Motion Surgery Partners,ASC,CA,West,REP-021,MAKO-KNEE-KIT,Robotic Procedure Kit,Robotic-assisted knee,1,1672.80,1672.80,0.1100,184.01,1488.79,676.20,812.59,USD,Distributor,AGR-ORTHO-26-310,CPO-006-2026-0065,SI-880908,PAID,2026-03-22T17:15:00+00:00
TXN-000910,SO-100909,2026-03-30,2026-03-30T14:16:00+00:00,CUS-004,Blue Ridge Joint Institute,Hospital,NC,Southeast,REP-016,ACC-HIP-CUP-56,Acetabular System,Total hip arthroplasty,2,2975.00,5950.00,0.1300,773.50,5176.50,2976.00,2200.50,USD,Direct,AGR-ORTHO-26-331,CPO-004-2026-0066,SI-880909,PAID,2026-03-31T17:16:00+00:00
TXN-000911,SO-100910,2026-02-26,2026-02-26T14:17:00+00:00,CUS-004,Blue Ridge Joint Institute,Hospital,NC,Southeast,REP-010,MAKO-KNEE-KIT,Robotic Procedure Kit,Robotic-assisted knee,3,1607.20,4821.60,0.1400,675.02,4146.58,2070.00,2076.58,USD,Distributor,AGR-ORTHO-26-331,CPO-004-2026-0067,SI-880910,PAID,2026-02-28T17:17:00+00:00
TXN-000912,SO-100911,2026-04-28,2026-04-28T14:18:00+00:00,CUS-010,Prairie Orthopedics Cooperative,IDN,IL,Midwest,REP-029,TRI-KNEE-PS-05,Triathlon Knee,Total knee arthroplasty,1,4873.25,4873.25,0.1900,925.92,3947.33,2540.00,1407.33,USD,Direct,AGR-ORTHO-26-338,CPO-010-2026-0068,SI-880911,PAID,2026-04-30T17:18:00+00:00
TXN-000913,SO-100912,2026-04-16,2026-04-16T14:19:00+00:00,CUS-002,Hudson Valley Surgical Center,ASC,NY,Northeast,REP-006,TRI-KNEE-PS-05,Triathlon Knee,Total knee arthroplasty,2,4776.75,9553.50,0.1550,1480.79,8072.71,5080.00,2992.71,USD,Direct,AGR-ORTHO-26-317,CPO-002-2026-0069,SI-880912,PAID,2026-04-17T17:19:00+00:00
TXN-000914,SO-100913,2026-01-17,2026-01-17T14:20:00+00:00,CUS-008,Gulf Coast Trauma Hospital,Hospital,FL,Southeast,REP-025,MAKO-HIP-KIT,Robotic Procedure Kit,Robotic-assisted hip,2,1495.00,2990.00,0.1400,418.60,2571.40,1250.00,1321.40,USD,Direct,AGR-ORTHO-26-324,CPO-008-2026-0070,SI-880913,DISPUTED,2026-01-19T17:20:00+00:00
TXN-000915,SO-100914,2026-04-23,2026-04-23T14:21:00+00:00,CUS-011,Desert Ridge Ambulatory Surgery,ASC,AZ,Mountain,REP-035,TRI-KNEE-PS-05,Triathlon Knee,Total knee arthroplasty,1,4873.25,4873.25,0.1150,560.42,4312.83,2540.00,1772.83,USD,Distributor,AGR-ORTHO-26-310,CPO-011-2026-0071,SI-880914,PAID,2026-04-24T17:21:00+00:00
TXN-000916,SO-100915,2026-05-10,2026-05-10T14:22:00+00:00,CUS-003,Great Lakes University Hospital,Academic Medical Center,OH,Midwest,REP-012,ACC-HIP-CUP-56,Acetabular System,Total hip arthroplasty,1,2945.25,2945.25,0.1750,515.42,2429.83,1458.24,971.59,USD,Direct,AGR-ORTHO-26-324,CPO-003-2026-0072,SI-880915,OPEN,2026-05-11T17:22:00+00:00
TXN-000917,SO-100916,2025-12-01,2025-12-01T14:23:00+00:00,CUS-005,Lone Star Orthopedic Network,IDN,TX,South Central,REP-019,ACC-HIP-CUP-56,Acetabular System,Total hip arthroplasty,2,2915.50,5831.00,0.1900,1107.89,4723.11,2976.00,1747.11,USD,Direct,AGR-ORTHO-26-338,CPO-005-2025-0073,SI-880916,OPEN,2025-12-03T17:23:00+00:00
TXN-000918,SO-100917,2026-02-22,2026-02-22T14:24:00+00:00,CUS-001,Atlantic Ortho Alliance,IDN,PA,Northeast,REP-001,MAKO-KNEE-KIT,Robotic Procedure Kit,Robotic-assisted knee,2,1640.00,3280.00,0.1900,623.20,2656.80,1380.00,1276.80,USD,ASC Program,AGR-ORTHO-26-310,CPO-001-2026-0074,SI-880917,PAID,2026-02-23T17:24:00+00:00
TXN-000919,SO-100918,2026-03-16,2026-03-16T14:25:00+00:00,CUS-001,Atlantic Ortho Alliance,IDN,PA,Northeast,REP-002,TRI-KNEE-PS-05,Triathlon Knee,Total knee arthroplasty,4,4825.00,19300.00,0.2000,3860.00,15440.00,10363.20,5076.80,USD,Distributor,AGR-ORTHO-26-310,CPO-001-2026-0075,SI-880918,PAID,2026-03-18T17:25:00+00:00
TXN-000920,SO-100919,2026-01-27,2026-01-27T14:26:00+00:00,CUS-001,Atlantic Ortho Alliance,IDN,PA,Northeast,REP-003,SPN-CAGE-LORD,Spine Interbody,Lumbar fusion,1,5260.00,5260.00,0.1900,999.40,4260.60,2789.70,1470.90,USD,Direct,AGR-ORTHO-26-310,CPO-001-2026-0076,SI-880919,PAID,2026-01-28T17:26:00+00:00
TXN-000921,SO-100920,2026-04-03,2026-04-03T14:27:00+00:00,CUS-008,Gulf Coast Trauma Hospital,Hospital,FL,Southeast,REP-025,TRI-KNEE-PS-05,Triathlon Knee,Total knee arthroplasty,1,4728.50,4728.50,0.1300,614.71,4113.79,2590.80,1522.99,USD,Direct,AGR-ORTHO-26-324,CPO-008-2026-0077,SI-880920,PAID,2026-04-03T17:27:00+00:00
TXN-000922,SO-100921,2026-04-01,2026-04-01T14:28:00+00:00,CUS-010,Prairie Orthopedics Cooperative,IDN,IL,Midwest,REP-032,SOM-PLATE-8H,Trauma Plating,Trauma fixation,1,866.25,866.25,0.1950,168.92,697.33,372.30,325.03,USD,Direct,AGR-ORTHO-26-338,CPO-010-2026-0078,SI-880921,PAID,2026-04-03T17:28:00+00:00
TXN-000923,SO-100922,2026-05-02,2026-05-02T14:29:00+00:00,CUS-006,Pacific Motion Surgery Partners,ASC,CA,West,REP-021,ACC-HIP-CUP-56,Acetabular System,Total hip arthroplasty,1,3004.75,3004.75,0.1200,360.57,2644.18,1458.24,1185.94,USD,Direct,AGR-ORTHO-26-310,CPO-006-2026-0079,SI-880922,PAID,2026-05-02T17:29:00+00:00
TXN-000924,SO-100923,2026-03-28,2026-03-28T14:30:00+00:00,CUS-012,New England Sports Medicine,Hospital,MA,Northeast,REP-040,TRI-KNEE-CR-04,Triathlon Knee,Total knee arthroplasty,4,4292.40,17169.60,0.1300,2232.05,14937.55,9240.00,5697.55,USD,Direct,AGR-ORTHO-26-317,CPO-012-2026-0080,SI-880923,PAID,2026-03-29T17:30:00+00:00
TXN-000925,SO-100924,2026-04-20,2026-04-20T14:31:00+00:00,CUS-009,Northwest Specialty Distribution,Distributor,WA,West,REP-025,MAKO-KNEE-KIT,Robotic Procedure Kit,Robotic-assisted knee,1,1640.00,1640.00,0.2400,393.60,1246.40,676.20,570.20,USD,Direct,AGR-ORTHO-26-331,CPO-009-2026-0081,SI-880924,OPEN,2026-04-22T17:31:00+00:00
TXN-000926,SO-100925,2026-04-16,2026-04-16T14:32:00+00:00,CUS-008,Gulf Coast Trauma Hospital,Hospital,FL,Southeast,REP-023,REV-FEM-STEM-12,Revision Hip,Revision arthroplasty,1,6420.00,6420.00,0.1300,834.60,5585.40,3495.00,2090.40,USD,Direct,AGR-ORTHO-26-324,CPO-008-2026-0082,SI-880925,PAID,2026-04-18T17:32:00+00:00
TXN-000927,SO-100926,2026-05-16,2026-05-16T14:33:00+00:00,CUS-007,Front Range Medical Center,Hospital,CO,Mountain,REP-021,SOM-PLATE-8H,Trauma Plating,Trauma fixation,2,892.50,1785.00,0.1300,232.05,1552.95,730.00,822.95,USD,Direct,AGR-ORTHO-26-317,CPO-007-2026-0083,SI-880926,PAID,2026-05-16T17:33:00+00:00
TXN-000928,SO-100927,2026-05-10,2026-05-10T14:34:00+00:00,CUS-005,Lone Star Orthopedic Network,IDN,TX,South Central,REP-016,ACC-HIP-CUP-56,Acetabular System,Total hip arthroplasty,2,2945.25,5890.50,0.1900,1119.20,4771.30,2916.48,1854.82,USD,Direct,AGR-ORTHO-26-338,CPO-005-2026-0084,SI-880927,PARTIALLY_PAID,2026-05-12T17:34:00+00:00
TXN-000929,SO-100928,2026-05-10,2026-05-10T14:35:00+00:00,CUS-003,Great Lakes University Hospital,Academic Medical Center,OH,Midwest,REP-011,TRI-KNEE-PS-05,Triathlon Knee,Total knee arthroplasty,1,4728.50,4728.50,0.1700,803.85,3924.65,2540.00,1384.65,USD,Direct,AGR-ORTHO-26-324,CPO-003-2026-0085,SI-880928,PARTIALLY_PAID,2026-05-10T17:35:00+00:00
TXN-000930,SO-100929,2026-01-28,2026-01-28T14:36:00+00:00,CUS-005,Lone Star Orthopedic Network,IDN,TX,South Central,REP-018,MAKO-KNEE-KIT,Robotic Procedure Kit,Robotic-assisted knee,3,1640.00,4920.00,0.1950,959.40,3960.60,2111.40,1849.20,USD,Distributor,AGR-ORTHO-26-338,CPO-005-2026-0086,SI-880929,PAID,2026-01-28T17:36:00+00:00
TXN-000931,SO-100930,2026-03-14,2026-03-14T14:37:00+00:00,CUS-001,Atlantic Ortho Alliance,IDN,PA,Northeast,REP-007,SPN-CAGE-LORD,Spine Interbody,Lumbar fusion,3,5154.80,15464.40,0.1900,2938.24,12526.16,8369.10,4157.06,USD,Direct,AGR-ORTHO-26-310,CPO-001-2026-0087,SI-880930,OPEN,2026-03-14T17:37:00+00:00
TXN-000932,SO-100931,2026-02-13,2026-02-13T14:38:00+00:00,CUS-003,Great Lakes University Hospital,Academic Medical Center,OH,Midwest,REP-007,TRI-KNEE-CR-04,Triathlon Knee,Total knee arthroplasty,1,4423.80,4423.80,0.1700,752.05,3671.75,2310.00,1361.75,USD,Direct,AGR-ORTHO-26-324,CPO-003-2026-0088,SI-880931,PARTIALLY_PAID,2026-02-13T17:38:00+00:00
TXN-000933,SO-100932,2026-03-25,2026-03-25T14:39:00+00:00,CUS-009,Northwest Specialty Distribution,Distributor,WA,West,REP-026,SOM-PLATE-8H,Trauma Plating,Trauma fixation,2,892.50,1785.00,0.2300,410.55,1374.45,715.40,659.05,USD,Distributor,AGR-ORTHO-26-331,CPO-009-2026-0089,SI-880932,PAID,2026-03-25T17:39:00+00:00
TXN-000934,SO-100933,2026-05-01,2026-05-01T14:40:00+00:00,CUS-005,Lone Star Orthopedic Network,IDN,TX,South Central,REP-015,REV-FEM-STEM-12,Revision Hip,Revision arthroplasty,1,6548.40,6548.40,0.2000,1309.68,5238.72,3495.00,1743.72,USD,Direct,AGR-ORTHO-26-338,CPO-005-2026-0090,SI-880933,PAID,2026-05-01T17:40:00+00:00
TXN-000935,SO-100934,2026-04-16,2026-04-16T14:41:00+00:00,CUS-008,Gulf Coast Trauma Hospital,Hospital,FL,Southeast,REP-025,ACC-HIP-LIN-36,Acetabular System,Total hip arthroplasty,2,1203.60,2407.20,0.1300,312.94,2094.26,1038.80,1055.46,USD,ASC Program,AGR-ORTHO-26-324,CPO-008-2026-0091,SI-880934,PAID,2026-04-17T17:41:00+00:00
TXN-000936,SO-100935,2026-02-26,2026-02-26T14:42:00+00:00,CUS-009,Northwest Specialty Distribution,Distributor,WA,West,REP-029,ACC-HIP-CUP-56,Acetabular System,Total hip arthroplasty,1,3034.50,3034.50,0.2500,758.63,2275.87,1488.00,787.87,USD,Direct,AGR-ORTHO-26-331,CPO-009-2026-0092,SI-880935,PAID,2026-02-27T17:42:00+00:00
TXN-000937,SO-100936,2026-05-13,2026-05-13T14:43:00+00:00,CUS-010,Prairie Orthopedics Cooperative,IDN,IL,Midwest,REP-033,ACC-HIP-LIN-36,Acetabular System,Total hip arthroplasty,3,1156.40,3469.20,0.1950,676.49,2792.71,1621.80,1170.91,USD,ASC Program,AGR-ORTHO-26-338,CPO-010-2026-0093,SI-880936,PAID,2026-05-14T17:43:00+00:00
TXN-000938,SO-100937,2026-03-27,2026-03-27T14:44:00+00:00,CUS-006,Pacific Motion Surgery Partners,ASC,CA,West,REP-022,ACC-HIP-CUP-56,Acetabular System,Total hip arthroplasty,3,2975.00,8925.00,0.1150,1026.38,7898.62,4464.00,3434.62,USD,ASC Program,AGR-ORTHO-26-310,CPO-006-2026-0094,SI-880937,OPEN,2026-03-27T17:44:00+00:00
TXN-000939,SO-100938,2026-05-30,2026-05-30T14:45:00+00:00,CUS-008,Gulf Coast Trauma Hospital,Hospital,FL,Southeast,REP-022,MAKO-HIP-KIT,Robotic Procedure Kit,Robotic-assisted hip,1,1524.90,1524.90,0.1300,198.24,1326.66,625.00,701.66,USD,Direct,AGR-ORTHO-26-324,CPO-008-2026-0095,SI-880938,PAID,2026-05-30T17:45:00+00:00
TXN-000940,SO-100939,2025-12-16,2025-12-16T14:46:00+00:00,CUS-007,Front Range Medical Center,Hospital,CO,Mountain,REP-020,ACC-HIP-CUP-56,Acetabular System,Total hip arthroplasty,1,2915.50,2915.50,0.1200,349.86,2565.64,1488.00,1077.64,USD,ASC Program,AGR-ORTHO-26-317,CPO-007-2025-0096,SI-880939,PAID,2025-12-16T17:46:00+00:00
TXN-000941,SO-100940,2026-03-21,2026-03-21T14:00:00+00:00,CUS-001,Atlantic Ortho Alliance,IDN,PA,Northeast,REP-003,ACC-HIP-CUP-56,Acetabular System,Total hip arthroplasty,1,2975.00,2975.00,0.1950,580.13,2394.87,1488.00,906.87,USD,Distributor,AGR-ORTHO-26-310,CPO-001-2026-0097,SI-880940,OPEN,2026-03-21T17:00:00+00:00
TXN-000942,SO-100941,2026-03-04,2026-03-04T14:01:00+00:00,CUS-001,Atlantic Ortho Alliance,IDN,PA,Northeast,REP-004,SPN-CAGE-LORD,Spine Interbody,Lumbar fusion,1,5260.00,5260.00,0.1800,946.80,4313.20,2680.30,1632.90,USD,ASC Program,AGR-ORTHO-26-310,CPO-001-2026-0098,SI-880941,PAID,2026-03-06T17:01:00+00:00
TXN-000943,SO-100942,2026-02-15,2026-02-15T14:02:00+00:00,CUS-005,Lone Star Orthopedic Network,IDN,TX,South Central,REP-017,TRI-KNEE-PS-05,Triathlon Knee,Total knee arthroplasty,2,4921.50,9843.00,0.1800,1771.74,8071.26,4978.40,3092.86,USD,ASC Program,AGR-ORTHO-26-338,CPO-005-2026-0099,SI-880942,PAID,2026-02-15T17:02:00+00:00
TXN-000944,SO-100943,2026-02-27,2026-02-27T14:03:00+00:00,CUS-003,Great Lakes University Hospital,Academic Medical Center,OH,Midwest,REP-012,REV-FEM-STEM-12,Revision Hip,Revision arthroplasty,2,6355.80,12711.60,0.1700,2160.97,10550.63,6990.00,3560.63,USD,Direct,AGR-ORTHO-26-324,CPO-003-2026-0100,SI-880943,OPEN,2026-02-27T17:03:00+00:00
TXN-000945,SO-100944,2026-03-14,2026-03-14T14:04:00+00:00,CUS-005,Lone Star Orthopedic Network,IDN,TX,South Central,REP-019,SOM-PLATE-8H,Trauma Plating,Trauma fixation,3,883.75,2651.25,0.1800,477.23,2174.02,1073.10,1100.92,USD,ASC Program,AGR-ORTHO-26-338,CPO-005-2026-0101,SI-880944,OPEN,2026-03-15T17:04:00+00:00
TXN-000946,SO-100945,2026-05-17,2026-05-17T14:05:00+00:00,CUS-003,Great Lakes University Hospital,Academic Medical Center,OH,Midwest,REP-007,ACC-HIP-LIN-36,Acetabular System,Total hip arthroplasty,3,1191.80,3575.40,0.1750,625.70,2949.70,1590.00,1359.70,USD,Direct,AGR-ORTHO-26-324,CPO-003-2026-0102,SI-880945,OPEN,2026-05-18T17:05:00+00:00
TXN-000947,SO-100946,2026-06-13,2026-06-13T14:06:00+00:00,CUS-004,Blue Ridge Joint Institute,Hospital,NC,Southeast,REP-011,ACC-HIP-LIN-36,Acetabular System,Total hip arthroplasty,2,1180.00,2360.00,0.1300,306.80,2053.20,1060.00,993.20,USD,Distributor,AGR-ORTHO-26-331,CPO-004-2026-0103,SI-880946,OPEN,2026-06-15T17:06:00+00:00
TXN-000948,SO-100947,2026-04-28,2026-04-28T14:07:00+00:00,CUS-003,Great Lakes University Hospital,Academic Medical Center,OH,Midwest,REP-009,MAKO-HIP-KIT,Robotic Procedure Kit,Robotic-assisted hip,2,1465.10,2930.20,0.1750,512.79,2417.41,1250.00,1167.41,USD,ASC Program,AGR-ORTHO-26-324,CPO-003-2026-0104,SI-880947,PAID,2026-04-28T17:07:00+00:00
TXN-000949,SO-100948,2026-03-15,2026-03-15T14:08:00+00:00,CUS-007,Front Range Medical Center,Hospital,CO,Mountain,REP-022,ACC-HIP-CUP-56,Acetabular System,Total hip arthroplasty,2,3034.50,6069.00,0.1350,819.32,5249.68,2976.00,2273.68,USD,Direct,AGR-ORTHO-26-317,CPO-007-2026-0105,SI-880948,PAID,2026-03-15T17:08:00+00:00
TXN-000950,SO-100949,2026-03-06,2026-03-06T14:09:00+00:00,CUS-006,Pacific Motion Surgery Partners,ASC,CA,West,REP-020,TRI-KNEE-PS-05,Triathlon Knee,Total knee arthroplasty,2,4825.00,9650.00,0.1200,1158.00,8492.00,5181.60,3310.40,USD,Direct,AGR-ORTHO-26-310,CPO-006-2026-0106,SI-880949,PAID,2026-03-07T17:09:00+00:00
TXN-000951,SO-100950,2026-03-02,2026-03-02T14:10:00+00:00,CUS-007,Front Range Medical Center,Hospital,CO,Mountain,REP-024,SOM-PLATE-8H,Trauma Plating,Trauma fixation,1,866.25,866.25,0.1300,112.61,753.64,372.30,381.34,USD,Direct,AGR-ORTHO-26-317,CPO-007-2026-0107,SI-880950,PAID,2026-03-02T17:10:00+00:00
TXN-000952,SO-100951,2026-03-26,2026-03-26T14:11:00+00:00,CUS-011,Desert Ridge Ambulatory Surgery,ASC,AZ,Mountain,REP-037,ACC-HIP-CUP-56,Acetabular System,Total hip arthroplasty,2,3034.50,6069.00,0.1000,606.90,5462.10,3035.52,2426.58,USD,Distributor,AGR-ORTHO-26-310,CPO-011-2026-0108,SI-880951,PAID,2026-03-27T17:11:00+00:00
TXN-000953,SO-100952,2026-05-08,2026-05-08T14:12:00+00:00,CUS-004,Blue Ridge Joint Institute,Hospital,NC,Southeast,REP-010,TRI-KNEE-CR-04,Triathlon Knee,Total knee arthroplasty,2,4380.00,8760.00,0.1200,1051.20,7708.80,4527.60,3181.20,USD,Distributor,AGR-ORTHO-26-331,CPO-004-2026-0109,SI-880952,PAID,2026-05-08T17:12:00+00:00
TXN-000954,SO-100953,2026-05-29,2026-05-29T14:13:00+00:00,CUS-001,Atlantic Ortho Alliance,IDN,PA,Northeast,REP-002,TRI-KNEE-CR-04,Triathlon Knee,Total knee arthroplasty,2,4380.00,8760.00,0.1900,1664.40,7095.60,4620.00,2475.60,USD,ASC Program,AGR-ORTHO-26-310,CPO-001-2026-0110,SI-880953,PAID,2026-05-31T17:13:00+00:00
TXN-000955,SO-100954,2025-11-18,2025-11-18T14:14:00+00:00,CUS-006,Pacific Motion Surgery Partners,ASC,CA,West,REP-018,ACC-HIP-LIN-36,Acetabular System,Total hip arthroplasty,3,1156.40,3469.20,0.1200,416.30,3052.90,1590.00,1462.90,USD,Direct,AGR-ORTHO-26-310,CPO-006-2025-0111,SI-880954,OPEN,2025-11-20T17:14:00+00:00
TXN-000956,SO-100955,2026-03-19,2026-03-19T14:15:00+00:00,CUS-005,Lone Star Orthopedic Network,IDN,TX,South Central,REP-016,ACC-HIP-CUP-56,Acetabular System,Total hip arthroplasty,1,2915.50,2915.50,0.1900,553.95,2361.55,1517.76,843.79,USD,ASC Program,AGR-ORTHO-26-338,CPO-005-2026-0112,SI-880955,OPEN,2026-03-20T17:15:00+00:00
TXN-000957,SO-100956,2026-04-20,2026-04-20T14:16:00+00:00,CUS-007,Front Range Medical Center,Hospital,CO,Mountain,REP-023,SOM-PLATE-8H,Trauma Plating,Trauma fixation,4,875.00,3500.00,0.1400,490.00,3010.00,1489.20,1520.80,USD,ASC Program,AGR-ORTHO-26-317,CPO-007-2026-0113,SI-880956,PAID,2026-04-22T17:16:00+00:00
TXN-000958,SO-100957,2026-04-30,2026-04-30T14:17:00+00:00,CUS-006,Pacific Motion Surgery Partners,ASC,CA,West,REP-021,TRI-KNEE-PS-05,Triathlon Knee,Total knee arthroplasty,1,4825.00,4825.00,0.1100,530.75,4294.25,2540.00,1754.25,USD,Direct,AGR-ORTHO-26-310,CPO-006-2026-0114,SI-880957,PAID,2026-05-01T17:17:00+00:00
TXN-000959,SO-100958,2026-02-23,2026-02-23T14:18:00+00:00,CUS-004,Blue Ridge Joint Institute,Hospital,NC,Southeast,REP-016,MAKO-KNEE-KIT,Robotic Procedure Kit,Robotic-assisted knee,4,1607.20,6428.80,0.1300,835.74,5593.06,2760.00,2833.06,USD,Distributor,AGR-ORTHO-26-331,CPO-004-2026-0115,SI-880958,OPEN,2026-02-25T17:18:00+00:00
TXN-000960,SO-100959,2025-12-19,2025-12-19T14:19:00+00:00,CUS-009,Northwest Specialty Distribution,Distributor,WA,West,REP-025,SOM-SCREW-45,Trauma Plating,Trauma fixation,2,146.00,292.00,0.2300,67.16,224.84,84.00,140.84,USD,Direct,AGR-ORTHO-26-331,CPO-009-2025-0116,SI-880959,OPEN,2025-12-21T17:19:00+00:00
TXN-000961,SO-100960,2026-06-04,2026-06-04T14:20:00+00:00,CUS-010,Prairie Orthopedics Cooperative,IDN,IL,Midwest,REP-029,SOM-SCREW-45,Trauma Plating,Trauma fixation,2,146.00,292.00,0.1950,56.94,235.06,84.00,151.06,USD,Direct,AGR-ORTHO-26-338,CPO-010-2026-0117,SI-880960,PAID,2026-06-06T17:20:00+00:00
TXN-000962,SO-100961,2026-05-22,2026-05-22T14:21:00+00:00,CUS-010,Prairie Orthopedics Cooperative,IDN,IL,Midwest,REP-030,TRI-KNEE-PS-05,Triathlon Knee,Total knee arthroplasty,2,4825.00,9650.00,0.1950,1881.75,7768.25,5080.00,2688.25,USD,Direct,AGR-ORTHO-26-338,CPO-010-2026-0118,SI-880961,OPEN,2026-05-22T17:21:00+00:00
TXN-000963,SO-100962,2026-03-04,2026-03-04T14:22:00+00:00,CUS-012,New England Sports Medicine,Hospital,MA,Northeast,REP-037,MAKO-HIP-KIT,Robotic Procedure Kit,Robotic-assisted hip,1,1495.00,1495.00,0.1400,209.30,1285.70,625.00,660.70,USD,ASC Program,AGR-ORTHO-26-317,CPO-012-2026-0119,SI-880962,PAID,2026-03-04T17:22:00+00:00
TXN-000964,SO-100963,2026-02-08,2026-02-08T14:23:00+00:00,CUS-005,Lone Star Orthopedic Network,IDN,TX,South Central,REP-017,SOM-PLATE-8H,Trauma Plating,Trauma fixation,1,866.25,866.25,0.1950,168.92,697.33,365.00,332.33,USD,Distributor,AGR-ORTHO-26-338,CPO-005-2026-0120,SI-880963,PAID,2026-02-08T17:23:00+00:00
TXN-000965,SO-100964,2026-02-26,2026-02-26T14:24:00+00:00,CUS-008,Gulf Coast Trauma Hospital,Hospital,FL,Southeast,REP-027,ACC-HIP-CUP-56,Acetabular System,Total hip arthroplasty,3,3004.75,9014.25,0.1300,1171.85,7842.40,4464.00,3378.40,USD,Direct,AGR-ORTHO-26-324,CPO-008-2026-0121,SI-880964,PAID,2026-02-28T17:24:00+00:00
TXN-000966,SO-100965,2026-06-10,2026-06-10T14:25:00+00:00,CUS-003,Great Lakes University Hospital,Academic Medical Center,OH,Midwest,REP-013,MAKO-HIP-KIT,Robotic Procedure Kit,Robotic-assisted hip,3,1465.10,4395.30,0.1600,703.25,3692.05,1912.50,1779.55,USD,Direct,AGR-ORTHO-26-324,CPO-003-2026-0122,SI-880965,PARTIALLY_PAID,2026-06-10T17:25:00+00:00
TXN-000967,SO-100966,2026-01-17,2026-01-17T14:26:00+00:00,CUS-004,Blue Ridge Joint Institute,Hospital,NC,Southeast,REP-010,REV-FEM-STEM-12,Revision Hip,Revision arthroplasty,1,6355.80,6355.80,0.1300,826.25,5529.55,3425.10,2104.45,USD,ASC Program,AGR-ORTHO-26-331,CPO-004-2026-0123,SI-880966,OPEN,2026-01-17T17:26:00+00:00
TXN-000968,SO-100967,2026-01-06,2026-01-06T14:27:00+00:00,CUS-003,Great Lakes University Hospital,Academic Medical Center,OH,Midwest,REP-008,ACC-HIP-LIN-36,Acetabular System,Total hip arthroplasty,1,1180.00,1180.00,0.1750,206.50,973.50,540.60,432.90,USD,ASC Program,AGR-ORTHO-26-324,CPO-003-2026-0124,SI-880967,PAID,2026-01-06T17:27:00+00:00
TXN-000969,SO-100968,2026-05-19,2026-05-19T14:28:00+00:00,CUS-007,Front Range Medical Center,Hospital,CO,Mountain,REP-021,MAKO-KNEE-KIT,Robotic Procedure Kit,Robotic-assisted knee,2,1607.20,3214.40,0.1400,450.02,2764.38,1380.00,1384.38,USD,Direct,AGR-ORTHO-26-317,CPO-007-2026-0125,SI-880968,PAID,2026-05-19T17:28:00+00:00
TXN-000970,SO-100969,2026-04-08,2026-04-08T14:29:00+00:00,CUS-011,Desert Ridge Ambulatory Surgery,ASC,AZ,Mountain,REP-034,TRI-KNEE-CR-04,Triathlon Knee,Total knee arthroplasty,5,4423.80,22119.00,0.1200,2654.28,19464.72,11319.00,8145.72,USD,Direct,AGR-ORTHO-26-310,CPO-011-2026-0126,SI-880969,OPEN,2026-04-08T17:29:00+00:00
TXN-000971,SO-100970,2026-02-10,2026-02-10T14:30:00+00:00,CUS-006,Pacific Motion Surgery Partners,ASC,CA,West,REP-020,SPN-CAGE-LORD,Spine Interbody,Lumbar fusion,4,5365.20,21460.80,0.1150,2467.99,18992.81,10940.00,8052.81,USD,Direct,AGR-ORTHO-26-310,CPO-006-2026-0127,SI-880970,PAID,2026-02-11T17:30:00+00:00
TXN-000972,SO-100971,2026-02-23,2026-02-23T14:31:00+00:00,CUS-001,Atlantic Ortho Alliance,IDN,PA,Northeast,REP-006,MAKO-KNEE-KIT,Robotic Procedure Kit,Robotic-assisted knee,2,1640.00,3280.00,0.1950,639.60,2640.40,1380.00,1260.40,USD,Direct,AGR-ORTHO-26-310,CPO-001-2026-0128,SI-880971,PAID,2026-02-23T17:31:00+00:00
TXN-000973,SO-100972,2026-05-08,2026-05-08T14:32:00+00:00,CUS-008,Gulf Coast Trauma Hospital,Hospital,FL,Southeast,REP-028,SPN-CAGE-LORD,Spine Interbody,Lumbar fusion,3,5365.20,16095.60,0.1300,2092.43,14003.17,8205.00,5798.17,USD,Distributor,AGR-ORTHO-26-324,CPO-008-2026-0129,SI-880972,OPEN,2026-05-08T17:32:00+00:00
TXN-000974,SO-100973,2026-05-07,2026-05-07T14:33:00+00:00,CUS-003,Great Lakes University Hospital,Academic Medical Center,OH,Midwest,REP-007,TRI-KNEE-CR-04,Triathlon Knee,Total knee arthroplasty,1,4336.20,4336.20,0.1700,737.15,3599.05,2263.80,1335.25,USD,ASC Program,AGR-ORTHO-26-324,CPO-003-2026-0130,SI-880973,PAID,2026-05-09T17:33:00+00:00
TXN-000975,SO-100974,2026-03-15,2026-03-15T14:34:00+00:00,CUS-002,Hudson Valley Surgical Center,ASC,NY,Northeast,REP-005,MAKO-HIP-KIT,Robotic Procedure Kit,Robotic-assisted hip,1,1480.05,1480.05,0.1200,177.61,1302.44,625.00,677.44,USD,ASC Program,AGR-ORTHO-26-317,CPO-002-2026-0131,SI-880974,PAID,2026-03-17T17:34:00+00:00
TXN-000976,SO-100975,2025-12-23,2025-12-23T14:35:00+00:00,CUS-005,Lone Star Orthopedic Network,IDN,TX,South Central,REP-015,TRI-KNEE-PS-05,Triathlon Knee,Total knee arthroplasty,4,4921.50,19686.00,0.1900,3740.34,15945.66,10160.00,5785.66,USD,Distributor,AGR-ORTHO-26-338,CPO-005-2025-0132,SI-880975,PAID,2025-12-24T17:35:00+00:00
TXN-000977,SO-100976,2026-04-09,2026-04-09T14:36:00+00:00,CUS-008,Gulf Coast Trauma Hospital,Hospital,FL,Southeast,REP-025,ACC-HIP-LIN-36,Acetabular System,Total hip arthroplasty,8,1156.40,9251.20,0.1350,1248.91,8002.29,4324.80,3677.49,USD,Direct,AGR-ORTHO-26-324,CPO-008-2026-0133,SI-880976,PAID,2026-04-09T17:36:00+00:00
TXN-000978,SO-100977,2026-04-22,2026-04-22T14:37:00+00:00,CUS-003,Great Lakes University Hospital,Academic Medical Center,OH,Midwest,REP-011,REV-FEM-STEM-12,Revision Hip,Revision arthroplasty,3,6420.00,19260.00,0.1700,3274.20,15985.80,10275.30,5710.50,USD,Direct,AGR-ORTHO-26-324,CPO-003-2026-0134,SI-880977,PAID,2026-04-22T17:37:00+00:00
TXN-000979,SO-100978,2026-04-21,2026-04-21T14:38:00+00:00,CUS-007,Front Range Medical Center,Hospital,CO,Mountain,REP-024,TRI-KNEE-PS-05,Triathlon Knee,Total knee arthroplasty,1,4921.50,4921.50,0.1300,639.80,4281.70,2590.80,1690.90,USD,Direct,AGR-ORTHO-26-317,CPO-007-2026-0135,SI-880978,PAID,2026-04-21T17:38:00+00:00
TXN-000980,SO-100979,2026-05-17,2026-05-17T14:39:00+00:00,CUS-012,New England Sports Medicine,Hospital,MA,Northeast,REP-040,TRI-KNEE-PS-05,Triathlon Knee,Total knee arthroplasty,3,4776.75,14330.25,0.1650,2364.49,11965.76,7620.00,4345.76,USD,Direct,AGR-ORTHO-26-317,CPO-012-2026-0136,SI-880979,PAID,2026-05-18T17:39:00+00:00
TXN-000981,SO-100980,2026-02-13,2026-02-13T14:40:00+00:00,CUS-001,Atlantic Ortho Alliance,IDN,PA,Northeast,REP-001,MAKO-KNEE-KIT,Robotic Procedure Kit,Robotic-assisted knee,1,1640.00,1640.00,0.1900,311.60,1328.40,690.00,638.40,USD,Direct,AGR-ORTHO-26-310,CPO-001-2026-0137,SI-880980,PAID,2026-02-13T17:40:00+00:00
TXN-000982,SO-100981,2026-03-18,2026-03-18T14:41:00+00:00,CUS-003,Great Lakes University Hospital,Academic Medical Center,OH,Midwest,REP-008,TRI-KNEE-PS-05,Triathlon Knee,Total knee arthroplasty,2,4825.00,9650.00,0.1600,1544.00,8106.00,5181.60,2924.40,USD,Direct,AGR-ORTHO-26-324,CPO-003-2026-0138,SI-880981,OPEN,2026-03-18T17:41:00+00:00
TXN-000983,SO-100982,2026-01-18,2026-01-18T14:42:00+00:00,CUS-004,Blue Ridge Joint Institute,Hospital,NC,Southeast,REP-012,ACC-HIP-LIN-36,Acetabular System,Total hip arthroplasty,2,1180.00,2360.00,0.1300,306.80,2053.20,1081.20,972.00,USD,Direct,AGR-ORTHO-26-331,CPO-004-2026-0139,SI-880982,PAID,2026-01-19T17:42:00+00:00
TXN-000984,SO-100983,2026-05-05,2026-05-05T14:43:00+00:00,CUS-001,Atlantic Ortho Alliance,IDN,PA,Northeast,REP-004,SOM-SCREW-45,Trauma Plating,Trauma fixation,1,146.00,146.00,0.2350,34.31,111.69,41.16,70.53,USD,Direct,AGR-ORTHO-26-310,CPO-001-2026-0140,SI-880983,PAID,2026-05-05T17:43:00+00:00
TXN-000985,SO-100984,2026-03-17,2026-03-17T14:44:00+00:00,CUS-002,Hudson Valley Surgical Center,ASC,NY,Northeast,REP-008,TRI-KNEE-PS-05,Triathlon Knee,Total knee arthroplasty,1,4825.00,4825.00,0.1200,579.00,4246.00,2540.00,1706.00,USD,ASC Program,AGR-ORTHO-26-317,CPO-002-2026-0141,SI-880984,OPEN,2026-03-18T17:44:00+00:00
TXN-000986,SO-100985,2026-02-26,2026-02-26T14:45:00+00:00,CUS-007,Front Range Medical Center,Hospital,CO,Mountain,REP-024,TRI-KNEE-CR-04,Triathlon Knee,Total knee arthroplasty,2,4292.40,8584.80,0.1350,1158.95,7425.85,4527.60,2898.25,USD,Direct,AGR-ORTHO-26-317,CPO-007-2026-0142,SI-880985,PAID,2026-02-26T17:45:00+00:00
TXN-000987,SO-100986,2026-04-17,2026-04-17T14:46:00+00:00,CUS-010,Prairie Orthopedics Cooperative,IDN,IL,Midwest,REP-034,TRI-KNEE-PS-05,Triathlon Knee,Total knee arthroplasty,2,4921.50,9843.00,0.1950,1919.39,7923.61,5181.60,2742.01,USD,Direct,AGR-ORTHO-26-338,CPO-010-2026-0143,SI-880986,OPEN,2026-04-17T17:46:00+00:00
TXN-000988,SO-100987,2026-05-02,2026-05-02T14:00:00+00:00,CUS-003,Great Lakes University Hospital,Academic Medical Center,OH,Midwest,REP-007,SOM-PLATE-8H,Trauma Plating,Trauma fixation,2,866.25,1732.50,0.1700,294.53,1437.97,744.60,693.37,USD,Direct,AGR-ORTHO-26-324,CPO-003-2026-0144,SI-880987,PAID,2026-05-02T17:00:00+00:00
TXN-000989,SO-100988,2026-01-05,2026-01-05T14:01:00+00:00,CUS-003,Great Lakes University Hospital,Academic Medical Center,OH,Midwest,REP-008,ACC-HIP-CUP-56,Acetabular System,Total hip arthroplasty,2,3034.50,6069.00,0.1800,1092.42,4976.58,2976.00,2000.58,USD,ASC Program,AGR-ORTHO-26-324,CPO-003-2026-0145,SI-880988,PAID,2026-01-06T17:01:00+00:00
TXN-000990,SO-100989,2026-04-20,2026-04-20T14:02:00+00:00,CUS-005,Lone Star Orthopedic Network,IDN,TX,South Central,REP-015,TRI-KNEE-CR-04,Triathlon Knee,Total knee arthroplasty,1,4423.80,4423.80,0.1900,840.52,3583.28,2356.20,1227.08,USD,Direct,AGR-ORTHO-26-338,CPO-005-2026-0146,SI-880989,OPEN,2026-04-21T17:02:00+00:00
TXN-000991,SO-100990,2026-02-21,2026-02-21T14:03:00+00:00,CUS-010,Prairie Orthopedics Cooperative,IDN,IL,Midwest,REP-031,SOM-PLATE-8H,Trauma Plating,Trauma fixation,3,892.50,2677.50,0.1900,508.73,2168.77,1095.00,1073.77,USD,Direct,AGR-ORTHO-26-338,CPO-010-2026-0147,SI-880990,PAID,2026-02-23T17:03:00+00:00
TXN-000992,SO-100991,2026-06-04,2026-06-04T14:04:00+00:00,CUS-003,Great Lakes University Hospital,Academic Medical Center,OH,Midwest,REP-011,MAKO-KNEE-KIT,Robotic Procedure Kit,Robotic-assisted knee,2,1640.00,3280.00,0.1750,574.00,2706.00,1352.40,1353.60,USD,ASC Program,AGR-ORTHO-26-324,CPO-003-2026-0148,SI-880991,PAID,2026-06-04T17:04:00+00:00
TXN-000993,SO-100992,2026-06-14,2026-06-14T14:05:00+00:00,CUS-012,New England Sports Medicine,Hospital,MA,Northeast,REP-039,ACC-HIP-LIN-36,Acetabular System,Total hip arthroplasty,1,1156.40,1156.40,0.1350,156.11,1000.29,519.40,480.89,USD,Direct,AGR-ORTHO-26-317,CPO-012-2026-0149,SI-880992,PAID,2026-06-14T17:05:00+00:00
TXN-000994,SO-100993,2026-03-12,2026-03-12T14:06:00+00:00,CUS-004,Blue Ridge Joint Institute,Hospital,NC,Southeast,REP-016,TRI-KNEE-CR-04,Triathlon Knee,Total knee arthroplasty,2,4380.00,8760.00,0.1200,1051.20,7708.80,4620.00,3088.80,USD,Direct,AGR-ORTHO-26-331,CPO-004-2026-0150,SI-880993,PAID,2026-03-13T17:06:00+00:00
TXN-000995,SO-100994,2026-03-06,2026-03-06T14:07:00+00:00,CUS-005,Lone Star Orthopedic Network,IDN,TX,South Central,REP-013,MAKO-HIP-KIT,Robotic Procedure Kit,Robotic-assisted hip,3,1524.90,4574.70,0.1900,869.19,3705.51,1912.50,1793.01,USD,Direct,AGR-ORTHO-26-338,CPO-005-2026-0151,SI-880994,DISPUTED,2026-03-07T17:07:00+00:00
TXN-000996,SO-100995,2026-02-28,2026-02-28T14:08:00+00:00,CUS-001,Atlantic Ortho Alliance,IDN,PA,Northeast,REP-002,ACC-HIP-CUP-56,Acetabular System,Total hip arthroplasty,1,2915.50,2915.50,0.1900,553.95,2361.55,1488.00,873.55,USD,Direct,AGR-ORTHO-26-310,CPO-001-2026-0152,SI-880995,PAID,2026-02-28T17:08:00+00:00
TXN-000997,SO-100996,2026-02-14,2026-02-14T14:09:00+00:00,CUS-006,Pacific Motion Surgery Partners,ASC,CA,West,REP-018,ACC-HIP-CUP-56,Acetabular System,Total hip arthroplasty,3,3034.50,9103.50,0.1100,1001.39,8102.11,4464.00,3638.11,USD,Direct,AGR-ORTHO-26-310,CPO-006-2026-0153,SI-880996,PAID,2026-02-14T17:09:00+00:00
TXN-000998,SO-100997,2026-02-23,2026-02-23T14:10:00+00:00,CUS-001,Atlantic Ortho Alliance,IDN,PA,Northeast,REP-004,MAKO-KNEE-KIT,Robotic Procedure Kit,Robotic-assisted knee,2,1656.40,3312.80,0.1900,629.43,2683.37,1407.60,1275.77,USD,Direct,AGR-ORTHO-26-310,CPO-001-2026-0154,SI-880997,PARTIALLY_PAID,2026-02-24T17:10:00+00:00
TXN-000999,SO-100998,2025-12-26,2025-12-26T14:11:00+00:00,CUS-010,Prairie Orthopedics Cooperative,IDN,IL,Midwest,REP-032,TRI-KNEE-CR-04,Triathlon Knee,Total knee arthroplasty,1,4292.40,4292.40,0.2000,858.48,3433.92,2310.00,1123.92,USD,Direct,AGR-ORTHO-26-338,CPO-010-2025-0155,SI-880998,PAID,2025-12-27T17:11:00+00:00
TXN-001000,SO-100999,2026-02-25,2026-02-25T14:12:00+00:00,CUS-004,Blue Ridge Joint Institute,Hospital,NC,Southeast,REP-015,TRI-KNEE-PS-05,Triathlon Knee,Total knee arthroplasty,1,4873.25,4873.25,0.1300,633.52,4239.73,2489.20,1750.53,USD,Direct,AGR-ORTHO-26-331,CPO-004-2026-0156,SI-880999,DISPUTED,2026-02-25T17:12:00+00:00
TXN-001001,SO-101000,2026-06-15,2026-06-15T14:13:00+00:00,CUS-007,Front Range Medical Center,Hospital,CO,Mountain,REP-025,ACC-HIP-LIN-36,Acetabular System,Total hip arthroplasty,3,1168.20,3504.60,0.1300,455.60,3049.00,1590.00,1459.00,USD,Direct,AGR-ORTHO-26-317,CPO-007-2026-0157,SI-881000,OPEN,2026-06-15T17:13:00+00:00
TXN-001002,SO-101001,2026-03-08,2026-03-08T14:14:00+00:00,CUS-007,Front Range Medical Center,Hospital,CO,Mountain,REP-019,SOM-PLATE-8H,Trauma Plating,Trauma fixation,2,866.25,1732.50,0.1300,225.23,1507.27,730.00,777.27,USD,Direct,AGR-ORTHO-26-317,CPO-007-2026-0158,SI-881001,OPEN,2026-03-08T17:14:00+00:00
TXN-001003,SO-101002,2026-05-16,2026-05-16T14:15:00+00:00,CUS-010,Prairie Orthopedics Cooperative,IDN,IL,Midwest,REP-029,ACC-HIP-LIN-36,Acetabular System,Total hip arthroplasty,1,1156.40,1156.40,0.1900,219.72,936.68,530.00,406.68,USD,Direct,AGR-ORTHO-26-338,CPO-010-2026-0159,SI-881002,PAID,2026-05-16T17:15:00+00:00
TXN-001004,SO-101003,2026-04-16,2026-04-16T14:16:00+00:00,CUS-003,Great Lakes University Hospital,Academic Medical Center,OH,Midwest,REP-009,ACC-HIP-CUP-56,Acetabular System,Total hip arthroplasty,4,2945.25,11781.00,0.1600,1884.96,9896.04,5952.00,3944.04,USD,Direct,AGR-ORTHO-26-324,CPO-003-2026-0160,SI-881003,PAID,2026-04-16T17:16:00+00:00
TXN-001005,SO-101004,2026-04-27,2026-04-27T14:17:00+00:00,CUS-011,Desert Ridge Ambulatory Surgery,ASC,AZ,Mountain,REP-034,MAKO-KNEE-KIT,Robotic Procedure Kit,Robotic-assisted knee,2,1672.80,3345.60,0.1000,334.56,3011.04,1352.40,1658.64,USD,ASC Program,AGR-ORTHO-26-310,CPO-011-2026-0161,SI-881004,PAID,2026-04-27T17:17:00+00:00
TXN-001006,SO-101005,2026-01-27,2026-01-27T14:18:00+00:00,CUS-003,Great Lakes University Hospital,Academic Medical Center,OH,Midwest,REP-011,REV-FEM-STEM-12,Revision Hip,Revision arthroplasty,8,6484.20,51873.60,0.1600,8299.78,43573.82,28519.20,15054.62,USD,Distributor,AGR-ORTHO-26-324,CPO-003-2026-0162,SI-881005,PAID,2026-01-27T17:18:00+00:00
TXN-001007,SO-101006,2025-12-23,2025-12-23T14:19:00+00:00,CUS-005,Lone Star Orthopedic Network,IDN,TX,South Central,REP-018,MAKO-KNEE-KIT,Robotic Procedure Kit,Robotic-assisted knee,1,1640.00,1640.00,0.2000,328.00,1312.00,690.00,622.00,USD,Direct,AGR-ORTHO-26-338,CPO-005-2025-0163,SI-881006,PAID,2025-12-23T17:19:00+00:00
TXN-001008,SO-101007,2025-12-24,2025-12-24T14:20:00+00:00,CUS-005,Lone Star Orthopedic Network,IDN,TX,South Central,REP-019,MAKO-KNEE-KIT,Robotic Procedure Kit,Robotic-assisted knee,1,1623.60,1623.60,0.2000,324.72,1298.88,703.80,595.08,USD,Direct,AGR-ORTHO-26-338,CPO-005-2025-0164,SI-881007,PAID,2025-12-24T17:20:00+00:00
TXN-001009,SO-101008,2026-03-14,2026-03-14T14:21:00+00:00,CUS-003,Great Lakes University Hospital,Academic Medical Center,OH,Midwest,REP-007,MAKO-KNEE-KIT,Robotic Procedure Kit,Robotic-assisted knee,3,1640.00,4920.00,0.1600,787.20,4132.80,2070.00,2062.80,USD,Direct,AGR-ORTHO-26-324,CPO-003-2026-0165,SI-881008,PAID,2026-03-14T17:21:00+00:00
TXN-001010,SO-101009,2026-02-18,2026-02-18T14:22:00+00:00,CUS-003,Great Lakes University Hospital,Academic Medical Center,OH,Midwest,REP-008,MAKO-HIP-KIT,Robotic Procedure Kit,Robotic-assisted hip,1,1495.00,1495.00,0.1750,261.63,1233.37,625.00,608.37,USD,Direct,AGR-ORTHO-26-324,CPO-003-2026-0166,SI-881009,DISPUTED,2026-02-19T17:22:00+00:00
TXN-001011,SO-101010,2025-12-15,2025-12-15T14:23:00+00:00,CUS-001,Atlantic Ortho Alliance,IDN,PA,Northeast,REP-003,MAKO-KNEE-KIT,Robotic Procedure Kit,Robotic-assisted knee,3,1672.80,5018.40,0.1950,978.59,4039.81,2070.00,1969.81,USD,Direct,AGR-ORTHO-26-310,CPO-001-2025-0167,SI-881010,PAID,2025-12-17T17:23:00+00:00
TXN-001012,SO-101011,2026-06-08,2026-06-08T14:24:00+00:00,CUS-004,Blue Ridge Joint Institute,Hospital,NC,Southeast,REP-013,ACC-HIP-LIN-36,Acetabular System,Total hip arthroplasty,2,1180.00,2360.00,0.1300,306.80,2053.20,1060.00,993.20,USD,ASC Program,AGR-ORTHO-26-331,CPO-004-2026-0168,SI-881011,OPEN,2026-06-10T17:24:00+00:00
TXN-001013,SO-101012,2026-01-29,2026-01-29T14:25:00+00:00,CUS-002,Hudson Valley Surgical Center,ASC,NY,Northeast,REP-008,ACC-HIP-LIN-36,Acetabular System,Total hip arthroplasty,1,1203.60,1203.60,0.1100,132.40,1071.20,530.00,541.20,USD,Direct,AGR-ORTHO-26-317,CPO-002-2026-0169,SI-881012,PAID,2026-01-31T17:25:00+00:00
TXN-001014,SO-101013,2026-03-06,2026-03-06T14:26:00+00:00,CUS-004,Blue Ridge Joint Institute,Hospital,NC,Southeast,REP-015,MAKO-HIP-KIT,Robotic Procedure Kit,Robotic-assisted hip,2,1480.05,2960.10,0.1300,384.81,2575.29,1250.00,1325.29,USD,Direct,AGR-ORTHO-26-331,CPO-004-2026-0170,SI-881013,PAID,2026-03-06T17:26:00+00:00
TXN-001015,SO-101014,2026-03-23,2026-03-23T14:27:00+00:00,CUS-012,New England Sports Medicine,Hospital,MA,Northeast,REP-040,ACC-HIP-LIN-36,Acetabular System,Total hip arthroplasty,2,1191.80,2383.60,0.1350,321.79,2061.81,1060.00,1001.81,USD,Direct,AGR-ORTHO-26-317,CPO-012-2026-0171,SI-881014,OPEN,2026-03-23T17:27:00+00:00
TXN-001016,SO-101015,2026-04-08,2026-04-08T14:28:00+00:00,CUS-006,Pacific Motion Surgery Partners,ASC,CA,West,REP-016,MAKO-KNEE-KIT,Robotic Procedure Kit,Robotic-assisted knee,2,1672.80,3345.60,0.1000,334.56,3011.04,1380.00,1631.04,USD,Direct,AGR-ORTHO-26-310,CPO-006-2026-0172,SI-881015,PAID,2026-04-10T17:28:00+00:00
TXN-001017,SO-101016,2026-02-07,2026-02-07T14:29:00+00:00,CUS-010,Prairie Orthopedics Cooperative,IDN,IL,Midwest,REP-029,MAKO-KNEE-KIT,Robotic Procedure Kit,Robotic-assisted knee,1,1640.00,1640.00,0.1950,319.80,1320.20,690.00,630.20,USD,Direct,AGR-ORTHO-26-338,CPO-010-2026-0173,SI-881016,OPEN,2026-02-07T17:29:00+00:00
TXN-001018,SO-101017,2025-11-24,2025-11-24T14:30:00+00:00,CUS-001,Atlantic Ortho Alliance,IDN,PA,Northeast,REP-003,MAKO-KNEE-KIT,Robotic Procedure Kit,Robotic-assisted knee,2,1640.00,3280.00,0.1900,623.20,2656.80,1407.60,1249.20,USD,Direct,AGR-ORTHO-26-310,CPO-001-2025-0174,SI-881017,OPEN,2025-11-24T17:30:00+00:00
TXN-001019,SO-101018,2026-05-16,2026-05-16T14:31:00+00:00,CUS-008,Gulf Coast Trauma Hospital,Hospital,FL,Southeast,REP-025,TRI-KNEE-CR-04,Triathlon Knee,Total knee arthroplasty,1,4423.80,4423.80,0.1200,530.86,3892.94,2310.00,1582.94,USD,Direct,AGR-ORTHO-26-324,CPO-008-2026-0175,SI-881018,PAID,2026-05-16T17:31:00+00:00
TXN-001020,SO-101019,2026-04-29,2026-04-29T14:32:00+00:00,CUS-007,Front Range Medical Center,Hospital,CO,Mountain,REP-023,ACC-HIP-CUP-56,Acetabular System,Total hip arthroplasty,3,2945.25,8835.75,0.1200,1060.29,7775.46,4464.00,3311.46,USD,ASC Program,AGR-ORTHO-26-317,CPO-007-2026-0176,SI-881019,PAID,2026-05-01T17:32:00+00:00
TXN-001021,SO-101020,2026-03-04,2026-03-04T14:33:00+00:00,CUS-001,Atlantic Ortho Alliance,IDN,PA,Northeast,REP-006,MAKO-KNEE-KIT,Robotic Procedure Kit,Robotic-assisted knee,2,1672.80,3345.60,0.1900,635.66,2709.94,1380.00,1329.94,USD,Direct,AGR-ORTHO-26-310,CPO-001-2026-0177,SI-881020,PAID,2026-03-04T17:33:00+00:00
TXN-001022,SO-101021,2026-02-20,2026-02-20T14:34:00+00:00,CUS-006,Pacific Motion Surgery Partners,ASC,CA,West,REP-022,ACC-HIP-LIN-36,Acetabular System,Total hip arthroplasty,3,1180.00,3540.00,0.1150,407.10,3132.90,1558.20,1574.70,USD,Direct,AGR-ORTHO-26-310,CPO-006-2026-0178,SI-881021,PAID,2026-02-20T17:34:00+00:00
TXN-001023,SO-101022,2026-05-26,2026-05-26T14:35:00+00:00,CUS-003,Great Lakes University Hospital,Academic Medical Center,OH,Midwest,REP-007,SOM-PLATE-8H,Trauma Plating,Trauma fixation,1,875.00,875.00,0.1700,148.75,726.25,365.00,361.25,USD,ASC Program,AGR-ORTHO-26-324,CPO-003-2026-0179,SI-881022,PAID,2026-05-26T17:35:00+00:00
TXN-001024,SO-101023,2026-01-26,2026-01-26T14:36:00+00:00,CUS-007,Front Range Medical Center,Hospital,CO,Mountain,REP-020,TRI-KNEE-PS-05,Triathlon Knee,Total knee arthroplasty,1,4873.25,4873.25,0.1350,657.89,4215.36,2590.80,1624.56,USD,Direct,AGR-ORTHO-26-317,CPO-007-2026-0180,SI-881023,DISPUTED,2026-01-27T17:36:00+00:00
TXN-001025,SO-101024,2026-05-24,2026-05-24T14:37:00+00:00,CUS-002,Hudson Valley Surgical Center,ASC,NY,Northeast,REP-006,ACC-HIP-CUP-56,Acetabular System,Total hip arthroplasty,5,2975.00,14875.00,0.1100,1636.25,13238.75,7440.00,5798.75,USD,ASC Program,AGR-ORTHO-26-317,CPO-002-2026-0181,SI-881024,OPEN,2026-05-25T17:37:00+00:00
TXN-001026,SO-101025,2026-04-16,2026-04-16T14:38:00+00:00,CUS-005,Lone Star Orthopedic Network,IDN,TX,South Central,REP-016,MAKO-HIP-KIT,Robotic Procedure Kit,Robotic-assisted hip,1,1465.10,1465.10,0.1800,263.72,1201.38,625.00,576.38,USD,Direct,AGR-ORTHO-26-338,CPO-005-2026-0182,SI-881025,PAID,2026-04-16T17:38:00+00:00
TXN-001027,SO-101026,2025-11-02,2025-11-02T14:39:00+00:00,CUS-001,Atlantic Ortho Alliance,IDN,PA,Northeast,REP-005,REV-FEM-STEM-12,Revision Hip,Revision arthroplasty,1,6420.00,6420.00,0.1950,1251.90,5168.10,3564.90,1603.20,USD,Distributor,AGR-ORTHO-26-310,CPO-001-2025-0183,SI-881026,OPEN,2025-11-03T17:39:00+00:00
TXN-001028,SO-101027,2026-04-11,2026-04-11T14:40:00+00:00,CUS-010,Prairie Orthopedics Cooperative,IDN,IL,Midwest,REP-033,SPN-CAGE-LORD,Spine Interbody,Lumbar fusion,8,5365.20,42921.60,0.1950,8369.71,34551.89,21880.00,12671.89,USD,Direct,AGR-ORTHO-26-338,CPO-010-2026-0184,SI-881027,OPEN,2026-04-12T17:40:00+00:00
TXN-001029,SO-101028,2026-05-02,2026-05-02T14:41:00+00:00,CUS-007,Front Range Medical Center,Hospital,CO,Mountain,REP-025,MAKO-KNEE-KIT,Robotic Procedure Kit,Robotic-assisted knee,2,1623.60,3247.20,0.1400,454.61,2792.59,1407.60,1384.99,USD,Distributor,AGR-ORTHO-26-317,CPO-007-2026-0185,SI-881028,PAID,2026-05-02T17:41:00+00:00
TXN-001030,SO-101029,2026-04-26,2026-04-26T14:42:00+00:00,CUS-004,Blue Ridge Joint Institute,Hospital,NC,Southeast,REP-010,ACC-HIP-LIN-36,Acetabular System,Total hip arthroplasty,1,1156.40,1156.40,0.1300,150.33,1006.07,540.60,465.47,USD,ASC Program,AGR-ORTHO-26-331,CPO-004-2026-0186,SI-881029,OPEN,2026-04-27T17:42:00+00:00
TXN-001031,SO-101030,2026-03-22,2026-03-22T14:43:00+00:00,CUS-011,Desert Ridge Ambulatory Surgery,ASC,AZ,Mountain,REP-032,TRI-KNEE-CR-04,Triathlon Knee,Total knee arthroplasty,1,4423.80,4423.80,0.1000,442.38,3981.42,2263.80,1717.62,USD,Direct,AGR-ORTHO-26-310,CPO-011-2026-0187,SI-881030,PARTIALLY_PAID,2026-03-24T17:43:00+00:00
TXN-001032,SO-101031,2026-03-13,2026-03-13T14:44:00+00:00,CUS-012,New England Sports Medicine,Hospital,MA,Northeast,REP-036,MAKO-HIP-KIT,Robotic Procedure Kit,Robotic-assisted hip,2,1480.05,2960.10,0.1400,414.41,2545.69,1250.00,1295.69,USD,Direct,AGR-ORTHO-26-317,CPO-012-2026-0188,SI-881031,PAID,2026-03-13T17:44:00+00:00
TXN-001033,SO-101032,2025-12-30,2025-12-30T14:45:00+00:00,CUS-005,Lone Star Orthopedic Network,IDN,TX,South Central,REP-016,MAKO-KNEE-KIT,Robotic Procedure Kit,Robotic-assisted knee,2,1623.60,3247.20,0.2000,649.44,2597.76,1380.00,1217.76,USD,Direct,AGR-ORTHO-26-338,CPO-005-2025-0189,SI-881032,PAID,2025-12-30T17:45:00+00:00
TXN-001034,SO-101033,2026-03-06,2026-03-06T14:46:00+00:00,CUS-005,Lone Star Orthopedic Network,IDN,TX,South Central,REP-017,MAKO-KNEE-KIT,Robotic Procedure Kit,Robotic-assisted knee,1,1640.00,1640.00,0.1900,311.60,1328.40,703.80,624.60,USD,Direct,AGR-ORTHO-26-338,CPO-005-2026-0190,SI-881033,PARTIALLY_PAID,2026-03-07T17:46:00+00:00
TXN-001035,SO-101034,2026-01-05,2026-01-05T14:00:00+00:00,CUS-009,Northwest Specialty Distribution,Distributor,WA,West,REP-030,REV-FEM-STEM-12,Revision Hip,Revision arthroplasty,1,6484.20,6484.20,0.2300,1491.37,4992.83,3495.00,1497.83,USD,Direct,AGR-ORTHO-26-331,CPO-009-2026-0191,SI-881034,PAID,2026-01-07T17:00:00+00:00
TXN-001036,SO-101035,2026-05-13,2026-05-13T14:01:00+00:00,CUS-006,Pacific Motion Surgery Partners,ASC,CA,West,REP-022,SPN-CAGE-LORD,Spine Interbody,Lumbar fusion,1,5154.80,5154.80,0.1100,567.03,4587.77,2735.00,1852.77,USD,Direct,AGR-ORTHO-26-310,CPO-006-2026-0192,SI-881035,PAID,2026-05-14T17:01:00+00:00
TXN-001037,SO-101036,2026-03-26,2026-03-26T14:02:00+00:00,CUS-010,Prairie Orthopedics Cooperative,IDN,IL,Midwest,REP-028,MAKO-HIP-KIT,Robotic Procedure Kit,Robotic-assisted hip,1,1495.00,1495.00,0.1900,284.05,1210.95,625.00,585.95,USD,ASC Program,AGR-ORTHO-26-338,CPO-010-2026-0193,SI-881036,PAID,2026-03-28T17:02:00+00:00
TXN-001038,SO-101037,2026-06-05,2026-06-05T14:03:00+00:00,CUS-006,Pacific Motion Surgery Partners,ASC,CA,West,REP-017,TRI-KNEE-PS-05,Triathlon Knee,Total knee arthroplasty,4,4728.50,18914.00,0.1000,1891.40,17022.60,10363.20,6659.40,USD,Direct,AGR-ORTHO-26-310,CPO-006-2026-0194,SI-881037,PAID,2026-06-05T17:03:00+00:00
TXN-001039,SO-101038,2026-03-17,2026-03-17T14:04:00+00:00,CUS-002,Hudson Valley Surgical Center,ASC,NY,Northeast,REP-006,TRI-KNEE-PS-05,Triathlon Knee,Total knee arthroplasty,2,4921.50,9843.00,0.1150,1131.95,8711.05,5080.00,3631.05,USD,Direct,AGR-ORTHO-26-317,CPO-002-2026-0195,SI-881038,PAID,2026-03-18T17:04:00+00:00
TXN-001040,SO-101039,2026-04-13,2026-04-13T14:05:00+00:00,CUS-007,Front Range Medical Center,Hospital,CO,Mountain,REP-022,SPN-CAGE-LORD,Spine Interbody,Lumbar fusion,2,5207.40,10414.80,0.1300,1353.92,9060.88,5579.40,3481.48,USD,Direct,AGR-ORTHO-26-317,CPO-007-2026-0196,SI-881039,PARTIALLY_PAID,2026-04-15T17:05:00+00:00
TXN-001041,SO-101040,2026-06-22,2026-06-22T14:06:00+00:00,CUS-007,Front Range Medical Center,Hospital,CO,Mountain,REP-023,SPN-CAGE-LORD,Spine Interbody,Lumbar fusion,3,5260.00,15780.00,0.1300,2051.40,13728.60,8040.90,5687.70,USD,Direct,AGR-ORTHO-26-317,CPO-007-2026-0197,SI-881040,PARTIALLY_PAID,2026-06-24T17:06:00+00:00
TXN-001042,SO-101041,2025-12-26,2025-12-26T14:07:00+00:00,CUS-003,Great Lakes University Hospital,Academic Medical Center,OH,Midwest,REP-012,SPN-CAGE-LORD,Spine Interbody,Lumbar fusion,1,5154.80,5154.80,0.1700,876.32,4278.48,2789.70,1488.78,USD,Direct,AGR-ORTHO-26-324,CPO-003-2025-0198,SI-881041,PAID,2025-12-26T17:07:00+00:00
TXN-001043,SO-101042,2026-02-27,2026-02-27T14:08:00+00:00,CUS-009,Northwest Specialty Distribution,Distributor,WA,West,REP-031,TRI-KNEE-CR-04,Triathlon Knee,Total knee arthroplasty,1,4380.00,4380.00,0.2400,1051.20,3328.80,2356.20,972.60,USD,ASC Program,AGR-ORTHO-26-331,CPO-009-2026-0199,SI-881042,PAID,2026-02-27T17:08:00+00:00
TXN-001044,SO-101043,2026-04-12,2026-04-12T14:09:00+00:00,CUS-005,Lone Star Orthopedic Network,IDN,TX,South Central,REP-013,MAKO-KNEE-KIT,Robotic Procedure Kit,Robotic-assisted knee,3,1607.20,4821.60,0.1800,867.89,3953.71,2028.60,1925.11,USD,ASC Program,AGR-ORTHO-26-338,CPO-005-2026-0200,SI-881043,OPEN,2026-04-13T17:09:00+00:00
TXN-001045,SO-101044,2026-05-14,2026-05-14T14:10:00+00:00,CUS-011,Desert Ridge Ambulatory Surgery,ASC,AZ,Mountain,REP-032,REV-FEM-STEM-12,Revision Hip,Revision arthroplasty,2,6420.00,12840.00,0.1150,1476.60,11363.40,6990.00,4373.40,USD,Direct,AGR-ORTHO-26-310,CPO-011-2026-0201,SI-881044,PAID,2026-05-14T17:10:00+00:00
TXN-001046,SO-101045,2026-02-27,2026-02-27T14:11:00+00:00,CUS-012,New England Sports Medicine,Hospital,MA,Northeast,REP-036,ACC-HIP-LIN-36,Acetabular System,Total hip arthroplasty,2,1168.20,2336.40,0.1350,315.41,2020.99,1060.00,960.99,USD,Direct,AGR-ORTHO-26-317,CPO-012-2026-0202,SI-881045,OPEN,2026-02-27T17:11:00+00:00
TXN-001047,SO-101046,2026-05-06,2026-05-06T14:12:00+00:00,CUS-001,Atlantic Ortho Alliance,IDN,PA,Northeast,REP-004,TRI-KNEE-PS-05,Triathlon Knee,Total knee arthroplasty,3,4776.75,14330.25,0.2350,3367.61,10962.64,7772.40,3190.24,USD,Direct,AGR-ORTHO-26-310,CPO-001-2026-0203,SI-881046,PAID,2026-05-06T17:12:00+00:00
TXN-001048,SO-101047,2026-03-25,2026-03-25T14:13:00+00:00,CUS-002,Hudson Valley Surgical Center,ASC,NY,Northeast,REP-008,ACC-HIP-CUP-56,Acetabular System,Total hip arthroplasty,3,3004.75,9014.25,0.1100,991.57,8022.68,4464.00,3558.68,USD,Direct,AGR-ORTHO-26-317,CPO-002-2026-0204,SI-881047,PAID,2026-03-26T17:13:00+00:00
TXN-001049,SO-101048,2026-01-25,2026-01-25T14:14:00+00:00,CUS-002,Hudson Valley Surgical Center,ASC,NY,Northeast,REP-009,TRI-KNEE-CR-04,Triathlon Knee,Total knee arthroplasty,2,4292.40,8584.80,0.1100,944.33,7640.47,4712.40,2928.07,USD,Distributor,AGR-ORTHO-26-317,CPO-002-2026-0205,SI-881048,PAID,2026-01-25T17:14:00+00:00
TXN-001050,SO-101049,2026-05-23,2026-05-23T14:15:00+00:00,CUS-011,Desert Ridge Ambulatory Surgery,ASC,AZ,Mountain,REP-037,SOM-SCREW-45,Trauma Plating,Trauma fixation,2,148.92,297.84,0.1100,32.76,265.08,84.00,181.08,USD,Direct,AGR-ORTHO-26-310,CPO-011-2026-0206,SI-881049,PAID,2026-05-24T17:15:00+00:00
TXN-001051,SO-101050,2026-03-24,2026-03-24T14:16:00+00:00,CUS-001,Atlantic Ortho Alliance,IDN,PA,Northeast,REP-001,MAKO-HIP-KIT,Robotic Procedure Kit,Robotic-assisted hip,3,1524.90,4574.70,0.1900,869.19,3705.51,1875.00,1830.51,USD,Distributor,AGR-ORTHO-26-310,CPO-001-2026-0207,SI-881050,OPEN,2026-03-24T17:16:00+00:00
TXN-001052,SO-101051,2026-04-29,2026-04-29T14:17:00+00:00,CUS-011,Desert Ridge Ambulatory Surgery,ASC,AZ,Mountain,REP-032,ACC-HIP-CUP-56,Acetabular System,Total hip arthroplasty,8,3034.50,24276.00,0.1000,2427.60,21848.40,11665.92,10182.48,USD,Distributor,AGR-ORTHO-26-310,CPO-011-2026-0208,SI-881051,PAID,2026-04-29T17:17:00+00:00
TXN-001053,SO-101052,2026-04-09,2026-04-09T14:18:00+00:00,CUS-012,New England Sports Medicine,Hospital,MA,Northeast,REP-036,TRI-KNEE-PS-05,Triathlon Knee,Total knee arthroplasty,2,4728.50,9457.00,0.1650,1560.41,7896.59,4978.40,2918.19,USD,Distributor,AGR-ORTHO-26-317,CPO-012-2026-0209,SI-881052,OPEN,2026-04-09T17:18:00+00:00
TXN-001054,SO-101053,2026-04-28,2026-04-28T14:19:00+00:00,CUS-001,Atlantic Ortho Alliance,IDN,PA,Northeast,REP-004,ACC-HIP-LIN-36,Acetabular System,Total hip arthroplasty,2,1180.00,2360.00,0.2150,507.40,1852.60,1060.00,792.60,USD,Direct,AGR-ORTHO-26-310,CPO-001-2026-0210,SI-881053,PAID,2026-04-28T17:19:00+00:00
TXN-001055,SO-101054,2026-04-21,2026-04-21T14:20:00+00:00,CUS-002,Hudson Valley Surgical Center,ASC,NY,Northeast,REP-008,SOM-PLATE-8H,Trauma Plating,Trauma fixation,2,875.00,1750.00,0.1450,253.75,1496.25,730.00,766.25,USD,Direct,AGR-ORTHO-26-317,CPO-002-2026-0211,SI-881054,PARTIALLY_PAID,2026-04-21T17:20:00+00:00
TXN-001056,SO-101055,2026-04-19,2026-04-19T14:21:00+00:00,CUS-001,Atlantic Ortho Alliance,IDN,PA,Northeast,REP-006,TRI-KNEE-CR-04,Triathlon Knee,Total knee arthroplasty,4,4336.20,17344.80,0.2300,3989.30,13355.50,9240.00,4115.50,USD,Direct,AGR-ORTHO-26-310,CPO-001-2026-0001,SI-881055,OPEN,2026-04-21T17:21:00+00:00
TXN-001057,SO-101056,2026-03-24,2026-03-24T14:22:00+00:00,CUS-008,Gulf Coast Trauma Hospital,Hospital,FL,Southeast,REP-028,TRI-KNEE-PS-05,Triathlon Knee,Total knee arthroplasty,5,4776.75,23883.75,0.1350,3224.31,20659.44,12700.00,7959.44,USD,Direct,AGR-ORTHO-26-324,CPO-008-2026-0002,SI-881056,PAID,2026-03-24T17:22:00+00:00
TXN-001058,SO-101057,2026-03-24,2026-03-24T14:23:00+00:00,CUS-006,Pacific Motion Surgery Partners,ASC,CA,West,REP-016,ACC-HIP-CUP-56,Acetabular System,Total hip arthroplasty,2,2945.25,5890.50,0.1100,647.96,5242.54,2976.00,2266.54,USD,Direct,AGR-ORTHO-26-310,CPO-006-2026-0003,SI-881057,OPEN,2026-03-25T17:23:00+00:00
TXN-001059,SO-101058,2026-01-01,2026-01-01T14:24:00+00:00,CUS-001,Atlantic Ortho Alliance,IDN,PA,Northeast,REP-002,MAKO-KNEE-KIT,Robotic Procedure Kit,Robotic-assisted knee,3,1623.60,4870.80,0.1900,925.45,3945.35,2111.40,1833.95,USD,Distributor,AGR-ORTHO-26-310,CPO-001-2026-0004,SI-881058,PAID,2026-01-03T17:24:00+00:00
TXN-001060,SO-101059,2026-04-28,2026-04-28T14:25:00+00:00,CUS-001,Atlantic Ortho Alliance,IDN,PA,Northeast,REP-003,ACC-HIP-LIN-36,Acetabular System,Total hip arthroplasty,2,1180.00,2360.00,0.2250,531.00,1829.00,1060.00,769.00,USD,Distributor,AGR-ORTHO-26-310,CPO-001-2026-0005,SI-881059,PAID,2026-04-30T17:25:00+00:00
TXN-001061,SO-101060,2026-04-15,2026-04-15T14:26:00+00:00,CUS-010,Prairie Orthopedics Cooperative,IDN,IL,Midwest,REP-031,ACC-HIP-LIN-36,Acetabular System,Total hip arthroplasty,3,1203.60,3610.80,0.1800,649.94,2960.86,1590.00,1370.86,USD,Direct,AGR-ORTHO-26-338,CPO-010-2026-0006,SI-881060,OPEN,2026-04-15T17:26:00+00:00
TXN-001062,SO-101061,2026-01-29,2026-01-29T14:27:00+00:00,CUS-004,Blue Ridge Joint Institute,Hospital,NC,Southeast,REP-014,ACC-HIP-CUP-56,Acetabular System,Total hip arthroplasty,1,2975.00,2975.00,0.1350,401.63,2573.37,1517.76,1055.61,USD,Direct,AGR-ORTHO-26-331,CPO-004-2026-0007,SI-881061,PAID,2026-01-30T17:27:00+00:00
TXN-001063,SO-101062,2026-02-27,2026-02-27T14:28:00+00:00,CUS-002,Hudson Valley Surgical Center,ASC,NY,Northeast,REP-009,SOM-PLATE-8H,Trauma Plating,Trauma fixation,1,875.00,875.00,0.1000,87.50,787.50,365.00,422.50,USD,Distributor,AGR-ORTHO-26-317,CPO-002-2026-0008,SI-881062,PAID,2026-02-27T17:28:00+00:00
TXN-001064,SO-101063,2026-05-17,2026-05-17T14:29:00+00:00,CUS-008,Gulf Coast Trauma Hospital,Hospital,FL,Southeast,REP-028,MAKO-KNEE-KIT,Robotic Procedure Kit,Robotic-assisted knee,1,1672.80,1672.80,0.1200,200.74,1472.06,703.80,768.26,USD,ASC Program,AGR-ORTHO-26-324,CPO-008-2026-0009,SI-881063,PAID,2026-05-17T17:29:00+00:00
TXN-001065,SO-101064,2025-12-15,2025-12-15T14:30:00+00:00,CUS-003,Great Lakes University Hospital,Academic Medical Center,OH,Midwest,REP-007,SOM-PLATE-8H,Trauma Plating,Trauma fixation,2,875.00,1750.00,0.1700,297.50,1452.50,744.60,707.90,USD,Direct,AGR-ORTHO-26-324,CPO-003-2025-0010,SI-881064,OPEN,2025-12-16T17:30:00+00:00
TXN-001066,SO-101065,2025-10-15,2025-10-15T14:31:00+00:00,CUS-004,Blue Ridge Joint Institute,Hospital,NC,Southeast,REP-011,ACC-HIP-LIN-36,Acetabular System,Total hip arthroplasty,1,1203.60,1203.60,0.1300,156.47,1047.13,540.60,506.53,USD,Direct,AGR-ORTHO-26-331,CPO-004-2025-0011,SI-881065,OPEN,2025-10-15T17:31:00+00:00
TXN-001067,SO-101066,2026-02-05,2026-02-05T14:32:00+00:00,CUS-003,Great Lakes University Hospital,Academic Medical Center,OH,Midwest,REP-009,MAKO-KNEE-KIT,Robotic Procedure Kit,Robotic-assisted knee,1,1672.80,1672.80,0.1700,284.38,1388.42,676.20,712.22,USD,Direct,AGR-ORTHO-26-324,CPO-003-2026-0012,SI-881066,PAID,2026-02-05T17:32:00+00:00
TXN-001068,SO-101067,2026-03-29,2026-03-29T14:33:00+00:00,CUS-001,Atlantic Ortho Alliance,IDN,PA,Northeast,REP-004,TRI-KNEE-PS-05,Triathlon Knee,Total knee arthroplasty,1,4825.00,4825.00,0.1950,940.88,3884.12,2540.00,1344.12,USD,ASC Program,AGR-ORTHO-26-310,CPO-001-2026-0013,SI-881067,PAID,2026-03-29T17:33:00+00:00
TXN-001069,SO-101068,2026-05-23,2026-05-23T14:34:00+00:00,CUS-001,Atlantic Ortho Alliance,IDN,PA,Northeast,REP-005,MAKO-HIP-KIT,Robotic Procedure Kit,Robotic-assisted hip,2,1509.95,3019.90,0.1800,543.58,2476.32,1250.00,1226.32,USD,Direct,AGR-ORTHO-26-310,CPO-001-2026-0014,SI-881068,PAID,2026-05-24T17:34:00+00:00
TXN-001070,SO-101069,2026-02-27,2026-02-27T14:35:00+00:00,CUS-006,Pacific Motion Surgery Partners,ASC,CA,West,REP-021,TRI-KNEE-PS-05,Triathlon Knee,Total knee arthroplasty,3,4921.50,14764.50,0.1150,1697.92,13066.58,7467.60,5598.98,USD,Direct,AGR-ORTHO-26-310,CPO-006-2026-0015,SI-881069,OPEN,2026-02-27T17:35:00+00:00
TXN-001071,SO-101070,2026-04-06,2026-04-06T14:36:00+00:00,CUS-005,Lone Star Orthopedic Network,IDN,TX,South Central,REP-019,MAKO-KNEE-KIT,Robotic Procedure Kit,Robotic-assisted knee,2,1672.80,3345.60,0.1800,602.21,2743.39,1380.00,1363.39,USD,Direct,AGR-ORTHO-26-338,CPO-005-2026-0016,SI-881070,PAID,2026-04-08T17:36:00+00:00
TXN-001072,SO-101071,2026-03-12,2026-03-12T14:37:00+00:00,CUS-001,Atlantic Ortho Alliance,IDN,PA,Northeast,REP-001,ACC-HIP-LIN-36,Acetabular System,Total hip arthroplasty,4,1180.00,4720.00,0.1900,896.80,3823.20,2077.60,1745.60,USD,Direct,AGR-ORTHO-26-310,CPO-001-2026-0017,SI-881071,OPEN,2026-03-12T17:37:00+00:00
TXN-001073,SO-101072,2025-12-02,2025-12-02T14:38:00+00:00,CUS-005,Lone Star Orthopedic Network,IDN,TX,South Central,REP-014,TRI-KNEE-CR-04,Triathlon Knee,Total knee arthroplasty,4,4467.60,17870.40,0.1900,3395.38,14475.02,9240.00,5235.02,USD,Direct,AGR-ORTHO-26-338,CPO-005-2025-0018,SI-881072,PAID,2025-12-03T17:38:00+00:00
TXN-001074,SO-101073,2026-01-11,2026-01-11T14:39:00+00:00,CUS-002,Hudson Valley Surgical Center,ASC,NY,Northeast,REP-006,TRI-KNEE-CR-04,Triathlon Knee,Total knee arthroplasty,4,4380.00,17520.00,0.1000,1752.00,15768.00,9240.00,6528.00,USD,Direct,AGR-ORTHO-26-317,CPO-002-2026-0019,SI-881073,PAID,2026-01-13T17:39:00+00:00
TXN-001075,SO-101074,2026-03-18,2026-03-18T14:40:00+00:00,CUS-005,Lone Star Orthopedic Network,IDN,TX,South Central,REP-016,MAKO-KNEE-KIT,Robotic Procedure Kit,Robotic-assisted knee,2,1640.00,3280.00,0.1900,623.20,2656.80,1407.60,1249.20,USD,ASC Program,AGR-ORTHO-26-338,CPO-005-2026-0020,SI-881074,PAID,2026-03-18T17:40:00+00:00
TXN-001076,SO-101075,2025-11-22,2025-11-22T14:41:00+00:00,CUS-005,Lone Star Orthopedic Network,IDN,TX,South Central,REP-017,ACC-HIP-CUP-56,Acetabular System,Total hip arthroplasty,1,2975.00,2975.00,0.2000,595.00,2380.00,1488.00,892.00,USD,Direct,AGR-ORTHO-26-338,CPO-005-2025-0021,SI-881075,PAID,2025-11-24T17:41:00+00:00
TXN-001077,SO-101076,2025-11-17,2025-11-17T14:42:00+00:00,CUS-004,Blue Ridge Joint Institute,Hospital,NC,Southeast,REP-015,MAKO-HIP-KIT,Robotic Procedure Kit,Robotic-assisted hip,1,1495.00,1495.00,0.1300,194.35,1300.65,612.50,688.15,USD,ASC Program,AGR-ORTHO-26-331,CPO-004-2025-0022,SI-881076,PAID,2025-11-17T17:42:00+00:00
TXN-001078,SO-101077,2026-01-29,2026-01-29T14:43:00+00:00,CUS-004,Blue Ridge Joint Institute,Hospital,NC,Southeast,REP-016,ACC-HIP-LIN-36,Acetabular System,Total hip arthroplasty,3,1168.20,3504.60,0.1300,455.60,3049.00,1621.80,1427.20,USD,ASC Program,AGR-ORTHO-26-331,CPO-004-2026-0023,SI-881077,PAID,2026-01-29T17:43:00+00:00
TXN-001079,SO-101078,2026-03-23,2026-03-23T14:44:00+00:00,CUS-006,Pacific Motion Surgery Partners,ASC,CA,West,REP-016,MAKO-HIP-KIT,Robotic Procedure Kit,Robotic-assisted hip,1,1524.90,1524.90,0.1150,175.36,1349.54,625.00,724.54,USD,Distributor,AGR-ORTHO-26-310,CPO-006-2026-0024,SI-881078,PAID,2026-03-23T17:44:00+00:00
TXN-001080,SO-101079,2026-02-25,2026-02-25T14:45:00+00:00,CUS-001,Atlantic Ortho Alliance,IDN,PA,Northeast,REP-002,REV-FEM-STEM-12,Revision Hip,Revision arthroplasty,1,6420.00,6420.00,0.1950,1251.90,5168.10,3495.00,1673.10,USD,Distributor,AGR-ORTHO-26-310,CPO-001-2026-0025,SI-881079,PAID,2026-02-25T17:45:00+00:00
TXN-001081,SO-101080,2026-03-30,2026-03-30T14:46:00+00:00,CUS-010,Prairie Orthopedics Cooperative,IDN,IL,Midwest,REP-030,TRI-KNEE-PS-05,Triathlon Knee,Total knee arthroplasty,1,4728.50,4728.50,0.2000,945.70,3782.80,2540.00,1242.80,USD,Direct,AGR-ORTHO-26-338,CPO-010-2026-0026,SI-881080,PARTIALLY_PAID,2026-03-30T17:46:00+00:00
TXN-001082,SO-101081,2025-12-23,2025-12-23T14:00:00+00:00,CUS-007,Front Range Medical Center,Hospital,CO,Mountain,REP-022,MAKO-KNEE-KIT,Robotic Procedure Kit,Robotic-assisted knee,8,1640.00,13120.00,0.1300,1705.60,11414.40,5630.40,5784.00,USD,ASC Program,AGR-ORTHO-26-317,CPO-007-2025-0027,SI-881081,PAID,2025-12-23T17:00:00+00:00
TXN-001083,SO-101082,2026-04-23,2026-04-23T14:01:00+00:00,CUS-008,Gulf Coast Trauma Hospital,Hospital,FL,Southeast,REP-026,MAKO-HIP-KIT,Robotic Procedure Kit,Robotic-assisted hip,4,1480.05,5920.20,0.1350,799.23,5120.97,2500.00,2620.97,USD,ASC Program,AGR-ORTHO-26-324,CPO-008-2026-0028,SI-881082,PAID,2026-04-23T17:01:00+00:00
TXN-001084,SO-101083,2026-01-09,2026-01-09T14:02:00+00:00,CUS-008,Gulf Coast Trauma Hospital,Hospital,FL,Southeast,REP-027,SOM-SCREW-45,Trauma Plating,Trauma fixation,2,144.54,289.08,0.1350,39.03,250.05,82.32,167.73,USD,Direct,AGR-ORTHO-26-324,CPO-008-2026-0029,SI-881083,PAID,2026-01-09T17:02:00+00:00
TXN-001085,SO-101084,2026-03-15,2026-03-15T14:03:00+00:00,CUS-012,New England Sports Medicine,Hospital,MA,Northeast,REP-040,ACC-HIP-LIN-36,Acetabular System,Total hip arthroplasty,2,1180.00,2360.00,0.1300,306.80,2053.20,1060.00,993.20,USD,Direct,AGR-ORTHO-26-317,CPO-012-2026-0030,SI-881084,PAID,2026-03-15T17:03:00+00:00
TXN-001086,SO-101085,2026-02-02,2026-02-02T14:04:00+00:00,CUS-010,Prairie Orthopedics Cooperative,IDN,IL,Midwest,REP-028,ACC-HIP-LIN-36,Acetabular System,Total hip arthroplasty,2,1203.60,2407.20,0.1950,469.40,1937.80,1060.00,877.80,USD,Direct,AGR-ORTHO-26-338,CPO-010-2026-0031,SI-881085,PAID,2026-02-02T17:04:00+00:00
TXN-001087,SO-101086,2026-04-21,2026-04-21T14:05:00+00:00,CUS-003,Great Lakes University Hospital,Academic Medical Center,OH,Midwest,REP-008,MAKO-KNEE-KIT,Robotic Procedure Kit,Robotic-assisted knee,1,1640.00,1640.00,0.1600,262.40,1377.60,690.00,687.60,USD,Direct,AGR-ORTHO-26-324,CPO-003-2026-0032,SI-881086,PAID,2026-04-23T17:05:00+00:00
TXN-001088,SO-101087,2026-05-04,2026-05-04T14:06:00+00:00,CUS-012,New England Sports Medicine,Hospital,MA,Northeast,REP-036,MAKO-KNEE-KIT,Robotic Procedure Kit,Robotic-assisted knee,4,1640.00,6560.00,0.1700,1115.20,5444.80,2815.20,2629.60,USD,ASC Program,AGR-ORTHO-26-317,CPO-012-2026-0033,SI-881087,PAID,2026-05-05T17:06:00+00:00
TXN-001089,SO-101088,2026-01-26,2026-01-26T14:07:00+00:00,CUS-004,Blue Ridge Joint Institute,Hospital,NC,Southeast,REP-013,TRI-KNEE-CR-04,Triathlon Knee,Total knee arthroplasty,1,4467.60,4467.60,0.1400,625.46,3842.14,2310.00,1532.14,USD,Direct,AGR-ORTHO-26-331,CPO-004-2026-0034,SI-881088,OPEN,2026-01-26T17:07:00+00:00
TXN-001090,SO-101089,2025-12-29,2025-12-29T14:08:00+00:00,CUS-004,Blue Ridge Joint Institute,Hospital,NC,Southeast,REP-014,TRI-KNEE-CR-04,Triathlon Knee,Total knee arthroplasty,2,4292.40,8584.80,0.1300,1116.02,7468.78,4712.40,2756.38,USD,Direct,AGR-ORTHO-26-331,CPO-004-2025-0035,SI-881089,PAID,2025-12-31T17:08:00+00:00
TXN-001091,SO-101090,2026-02-21,2026-02-21T14:09:00+00:00,CUS-005,Lone Star Orthopedic Network,IDN,TX,South Central,REP-018,ACC-HIP-LIN-36,Acetabular System,Total hip arthroplasty,2,1191.80,2383.60,0.1800,429.05,1954.55,1081.20,873.35,USD,Direct,AGR-ORTHO-26-338,CPO-005-2026-0036,SI-881090,PAID,2026-02-23T17:09:00+00:00
TXN-001092,SO-101091,2026-02-14,2026-02-14T14:10:00+00:00,CUS-009,Northwest Specialty Distribution,Distributor,WA,West,REP-031,TRI-KNEE-PS-05,Triathlon Knee,Total knee arthroplasty,5,4921.50,24607.50,0.2300,5659.73,18947.77,12954.00,5993.77,USD,Direct,AGR-ORTHO-26-331,CPO-009-2026-0037,SI-881091,PAID,2026-02-16T17:10:00+00:00
TXN-001093,SO-101092,2026-03-10,2026-03-10T14:11:00+00:00,CUS-005,Lone Star Orthopedic Network,IDN,TX,South Central,REP-013,SOM-SCREW-45,Trauma Plating,Trauma fixation,5,148.92,744.60,0.1800,134.03,610.57,210.00,400.57,USD,Direct,AGR-ORTHO-26-338,CPO-005-2026-0038,SI-881092,OPEN,2026-03-11T17:11:00+00:00
TXN-001094,SO-101093,2026-01-24,2026-01-24T14:12:00+00:00,CUS-007,Front Range Medical Center,Hospital,CO,Mountain,REP-020,SOM-SCREW-45,Trauma Plating,Trauma fixation,2,147.46,294.92,0.1300,38.34,256.58,85.68,170.90,USD,Direct,AGR-ORTHO-26-317,CPO-007-2026-0039,SI-881093,PAID,2026-01-24T17:12:00+00:00
TXN-001095,SO-101094,2026-03-19,2026-03-19T14:13:00+00:00,CUS-003,Great Lakes University Hospital,Academic Medical Center,OH,Midwest,REP-009,TRI-KNEE-PS-05,Triathlon Knee,Total knee arthroplasty,2,4728.50,9457.00,0.1700,1607.69,7849.31,4978.40,2870.91,USD,Direct,AGR-ORTHO-26-324,CPO-003-2026-0040,SI-881094,OPEN,2026-03-19T17:13:00+00:00
TXN-001096,SO-101095,2026-05-05,2026-05-05T14:14:00+00:00,CUS-003,Great Lakes University Hospital,Academic Medical Center,OH,Midwest,REP-010,SOM-PLATE-8H,Trauma Plating,Trauma fixation,5,875.00,4375.00,0.1800,787.50,3587.50,1825.00,1762.50,USD,Direct,AGR-ORTHO-26-324,CPO-003-2026-0041,SI-881095,PAID,2026-05-06T17:14:00+00:00
TXN-001097,SO-101096,2026-05-10,2026-05-10T14:15:00+00:00,CUS-005,Lone Star Orthopedic Network,IDN,TX,South Central,REP-017,TRI-KNEE-PS-05,Triathlon Knee,Total knee arthroplasty,1,4921.50,4921.50,0.1950,959.69,3961.81,2540.00,1421.81,USD,Direct,AGR-ORTHO-26-338,CPO-005-2026-0042,SI-881096,PAID,2026-05-10T17:15:00+00:00
TXN-001098,SO-101097,2026-02-16,2026-02-16T14:16:00+00:00,CUS-005,Lone Star Orthopedic Network,IDN,TX,South Central,REP-018,SOM-PLATE-8H,Trauma Plating,Trauma fixation,2,866.25,1732.50,0.1900,329.18,1403.32,730.00,673.32,USD,Direct,AGR-ORTHO-26-338,CPO-005-2026-0043,SI-881097,PAID,2026-02-16T17:16:00+00:00
TXN-001099,SO-101098,2026-03-22,2026-03-22T14:17:00+00:00,CUS-012,New England Sports Medicine,Hospital,MA,Northeast,REP-040,TRI-KNEE-PS-05,Triathlon Knee,Total knee arthroplasty,5,4921.50,24607.50,0.1300,3198.98,21408.52,12700.00,8708.52,USD,Distributor,AGR-ORTHO-26-317,CPO-012-2026-0044,SI-881098,PAID,2026-03-23T17:17:00+00:00
TXN-001100,SO-101099,2026-05-09,2026-05-09T14:18:00+00:00,CUS-012,New England Sports Medicine,Hospital,MA,Northeast,REP-034,ACC-HIP-LIN-36,Acetabular System,Total hip arthroplasty,1,1156.40,1156.40,0.1750,202.37,954.03,540.60,413.43,USD,Direct,AGR-ORTHO-26-317,CPO-012-2026-0045,SI-881099,PAID,2026-05-09T17:18:00+00:00
TXN-001101,SO-101100,2026-05-13,2026-05-13T14:19:00+00:00,CUS-004,Blue Ridge Joint Institute,Hospital,NC,Southeast,REP-011,TRI-KNEE-PS-05,Triathlon Knee,Total knee arthroplasty,3,4825.00,14475.00,0.1300,1881.75,12593.25,7620.00,4973.25,USD,Distributor,AGR-ORTHO-26-331,CPO-004-2026-0046,SI-881100,PAID,2026-05-14T17:19:00+00:00
TXN-001102,SO-101101,2025-10-30,2025-10-30T14:20:00+00:00,CUS-005,Lone Star Orthopedic Network,IDN,TX,South Central,REP-015,TRI-KNEE-PS-05,Triathlon Knee,Total knee arthroplasty,3,4776.75,14330.25,0.1900,2722.75,11607.50,7620.00,3987.50,USD,Direct,AGR-ORTHO-26-338,CPO-005-2025-0047,SI-881101,PAID,2025-11-01T17:20:00+00:00
TXN-001103,SO-101102,2025-12-08,2025-12-08T14:21:00+00:00,CUS-008,Gulf Coast Trauma Hospital,Hospital,FL,Southeast,REP-025,SOM-PLATE-8H,Trauma Plating,Trauma fixation,1,883.75,883.75,0.1300,114.89,768.86,372.30,396.56,USD,Direct,AGR-ORTHO-26-324,CPO-008-2025-0048,SI-881102,OPEN,2025-12-08T17:21:00+00:00
TXN-001104,SO-101103,2025-10-16,2025-10-16T14:22:00+00:00,CUS-004,Blue Ridge Joint Institute,Hospital,NC,Southeast,REP-014,SOM-SCREW-45,Trauma Plating,Trauma fixation,1,146.00,146.00,0.1300,18.98,127.02,42.84,84.18,USD,Direct,AGR-ORTHO-26-331,CPO-004-2025-0049,SI-881103,PAID,2025-10-17T17:22:00+00:00
TXN-001105,SO-101104,2026-04-19,2026-04-19T14:23:00+00:00,CUS-011,Desert Ridge Ambulatory Surgery,ASC,AZ,Mountain,REP-036,ACC-HIP-LIN-36,Acetabular System,Total hip arthroplasty,4,1180.00,4720.00,0.1200,566.40,4153.60,2120.00,2033.60,USD,ASC Program,AGR-ORTHO-26-310,CPO-011-2026-0050,SI-881104,PAID,2026-04-19T17:23:00+00:00
TXN-001106,SO-101105,2025-11-14,2025-11-14T14:24:00+00:00,CUS-004,Blue Ridge Joint Institute,Hospital,NC,Southeast,REP-016,MAKO-HIP-KIT,Robotic Procedure Kit,Robotic-assisted hip,1,1524.90,1524.90,0.1300,198.24,1326.66,612.50,714.16,USD,Direct,AGR-ORTHO-26-331,CPO-004-2025-0051,SI-881105,PAID,2025-11-14T17:24:00+00:00
TXN-001107,SO-101106,2026-05-03,2026-05-03T14:25:00+00:00,CUS-004,Blue Ridge Joint Institute,Hospital,NC,Southeast,REP-010,SOM-PLATE-8H,Trauma Plating,Trauma fixation,1,875.00,875.00,0.1300,113.75,761.25,372.30,388.95,USD,Direct,AGR-ORTHO-26-331,CPO-004-2026-0052,SI-881106,PAID,2026-05-05T17:25:00+00:00
TXN-001108,SO-101107,2026-04-06,2026-04-06T14:26:00+00:00,CUS-004,Blue Ridge Joint Institute,Hospital,NC,Southeast,REP-011,REV-FEM-STEM-12,Revision Hip,Revision arthroplasty,1,6548.40,6548.40,0.1400,916.78,5631.62,3495.00,2136.62,USD,Direct,AGR-ORTHO-26-331,CPO-004-2026-0053,SI-881107,PARTIALLY_PAID,2026-04-06T17:26:00+00:00
TXN-001109,SO-101108,2025-12-20,2025-12-20T14:27:00+00:00,CUS-003,Great Lakes University Hospital,Academic Medical Center,OH,Midwest,REP-009,MAKO-KNEE-KIT,Robotic Procedure Kit,Robotic-assisted knee,1,1607.20,1607.20,0.1700,273.22,1333.98,703.80,630.18,USD,Direct,AGR-ORTHO-26-324,CPO-003-2025-0054,SI-881108,PARTIALLY_PAID,2025-12-20T17:27:00+00:00
TXN-001110,SO-101109,2026-02-05,2026-02-05T14:28:00+00:00,CUS-005,Lone Star Orthopedic Network,IDN,TX,South Central,REP-016,MAKO-KNEE-KIT,Robotic Procedure Kit,Robotic-assisted knee,2,1640.00,3280.00,0.1800,590.40,2689.60,1352.40,1337.20,USD,Direct,AGR-ORTHO-26-338,CPO-005-2026-0055,SI-881109,PARTIALLY_PAID,2026-02-06T17:28:00+00:00
TXN-001111,SO-101110,2026-03-14,2026-03-14T14:29:00+00:00,CUS-006,Pacific Motion Surgery Partners,ASC,CA,West,REP-020,MAKO-KNEE-KIT,Robotic Procedure Kit,Robotic-assisted knee,3,1607.20,4821.60,0.1100,530.38,4291.22,2070.00,2221.22,USD,Direct,AGR-ORTHO-26-310,CPO-006-2026-0056,SI-881110,PAID,2026-03-15T17:29:00+00:00
TXN-001112,SO-101111,2026-04-24,2026-04-24T14:30:00+00:00,CUS-004,Blue Ridge Joint Institute,Hospital,NC,Southeast,REP-015,TRI-KNEE-CR-04,Triathlon Knee,Total knee arthroplasty,3,4292.40,12877.20,0.1350,1738.42,11138.78,6930.00,4208.78,USD,Direct,AGR-ORTHO-26-331,CPO-004-2026-0057,SI-881111,OPEN,2026-04-24T17:30:00+00:00
TXN-001113,SO-101112,2026-02-03,2026-02-03T14:31:00+00:00,CUS-001,Atlantic Ortho Alliance,IDN,PA,Northeast,REP-007,MAKO-HIP-KIT,Robotic Procedure Kit,Robotic-assisted hip,2,1480.05,2960.10,0.1900,562.42,2397.68,1225.00,1172.68,USD,Direct,AGR-ORTHO-26-310,CPO-001-2026-0058,SI-881112,PAID,2026-02-05T17:31:00+00:00
TXN-001114,SO-101113,2026-01-24,2026-01-24T14:32:00+00:00,CUS-003,Great Lakes University Hospital,Academic Medical Center,OH,Midwest,REP-007,TRI-KNEE-CR-04,Triathlon Knee,Total knee arthroplasty,1,4292.40,4292.40,0.1600,686.78,3605.62,2310.00,1295.62,USD,Distributor,AGR-ORTHO-26-324,CPO-003-2026-0059,SI-881113,PAID,2026-01-25T17:32:00+00:00
TXN-001115,SO-101114,2026-02-15,2026-02-15T14:33:00+00:00,CUS-009,Northwest Specialty Distribution,Distributor,WA,West,REP-026,TRI-KNEE-PS-05,Triathlon Knee,Total knee arthroplasty,2,4921.50,9843.00,0.2400,2362.32,7480.68,5181.60,2299.08,USD,Direct,AGR-ORTHO-26-331,CPO-009-2026-0060,SI-881114,OPEN,2026-02-17T17:33:00+00:00
TXN-001116,SO-101115,2025-11-10,2025-11-10T14:34:00+00:00,CUS-009,Northwest Specialty Distribution,Distributor,WA,West,REP-027,TRI-KNEE-CR-04,Triathlon Knee,Total knee arthroplasty,3,4423.80,13271.40,0.2400,3185.14,10086.26,6930.00,3156.26,USD,Direct,AGR-ORTHO-26-331,CPO-009-2025-0061,SI-881115,PAID,2025-11-12T17:34:00+00:00
TXN-001117,SO-101116,2026-06-15,2026-06-15T14:35:00+00:00,CUS-006,Pacific Motion Surgery Partners,ASC,CA,West,REP-019,ACC-HIP-LIN-36,Acetabular System,Total hip arthroplasty,1,1191.80,1191.80,0.1100,131.10,1060.70,540.60,520.10,USD,Direct,AGR-ORTHO-26-310,CPO-006-2026-0062,SI-881116,PAID,2026-06-15T17:35:00+00:00
TXN-001118,SO-101117,2026-03-06,2026-03-06T14:36:00+00:00,CUS-012,New England Sports Medicine,Hospital,MA,Northeast,REP-038,ACC-HIP-CUP-56,Acetabular System,Total hip arthroplasty,3,3034.50,9103.50,0.1400,1274.49,7829.01,4464.00,3365.01,USD,Direct,AGR-ORTHO-26-317,CPO-012-2026-0063,SI-881117,PAID,2026-03-06T17:36:00+00:00
TXN-001119,SO-101118,2026-04-22,2026-04-22T14:37:00+00:00,CUS-001,Atlantic Ortho Alliance,IDN,PA,Northeast,REP-006,TRI-KNEE-PS-05,Triathlon Knee,Total knee arthroplasty,1,4728.50,4728.50,0.2350,1111.20,3617.30,2590.80,1026.50,USD,Direct,AGR-ORTHO-26-310,CPO-001-2026-0064,SI-881118,PAID,2026-04-24T17:37:00+00:00
TXN-001120,SO-101119,2026-05-04,2026-05-04T14:38:00+00:00,CUS-012,New England Sports Medicine,Hospital,MA,Northeast,REP-040,SOM-PLATE-8H,Trauma Plating,Trauma fixation,1,875.00,875.00,0.1700,148.75,726.25,365.00,361.25,USD,Direct,AGR-ORTHO-26-317,CPO-012-2026-0065,SI-881119,OPEN,2026-05-06T17:38:00+00:00
TXN-001121,SO-101120,2026-04-17,2026-04-17T14:39:00+00:00,CUS-010,Prairie Orthopedics Cooperative,IDN,IL,Midwest,REP-028,REV-FEM-STEM-12,Revision Hip,Revision arthroplasty,1,6355.80,6355.80,0.1800,1144.04,5211.76,3564.90,1646.86,USD,ASC Program,AGR-ORTHO-26-338,CPO-010-2026-0066,SI-881120,PAID,2026-04-17T17:39:00+00:00
TXN-001122,SO-101121,2026-03-07,2026-03-07T14:40:00+00:00,CUS-011,Desert Ridge Ambulatory Surgery,ASC,AZ,Mountain,REP-032,ACC-HIP-CUP-56,Acetabular System,Total hip arthroplasty,3,2915.50,8746.50,0.1100,962.12,7784.38,4553.28,3231.10,USD,Direct,AGR-ORTHO-26-310,CPO-011-2026-0067,SI-881121,PARTIALLY_PAID,2026-03-07T17:40:00+00:00
TXN-001123,SO-101122,2026-04-08,2026-04-08T14:41:00+00:00,CUS-005,Lone Star Orthopedic Network,IDN,TX,South Central,REP-015,TRI-KNEE-CR-04,Triathlon Knee,Total knee arthroplasty,2,4380.00,8760.00,0.1800,1576.80,7183.20,4527.60,2655.60,USD,Distributor,AGR-ORTHO-26-338,CPO-005-2026-0068,SI-881122,PAID,2026-04-08T17:41:00+00:00
TXN-001124,SO-101123,2026-02-19,2026-02-19T14:42:00+00:00,CUS-003,Great Lakes University Hospital,Academic Medical Center,OH,Midwest,REP-010,REV-FEM-STEM-12,Revision Hip,Revision arthroplasty,1,6484.20,6484.20,0.1800,1167.16,5317.04,3495.00,1822.04,USD,Direct,AGR-ORTHO-26-324,CPO-003-2026-0069,SI-881123,DISPUTED,2026-02-19T17:42:00+00:00
TXN-001125,SO-101124,2025-12-21,2025-12-21T14:43:00+00:00,CUS-003,Great Lakes University Hospital,Academic Medical Center,OH,Midwest,REP-011,MAKO-KNEE-KIT,Robotic Procedure Kit,Robotic-assisted knee,3,1607.20,4821.60,0.1750,843.78,3977.82,2111.40,1866.42,USD,Distributor,AGR-ORTHO-26-324,CPO-003-2025-0070,SI-881124,PAID,2025-12-22T17:43:00+00:00
TXN-001126,SO-101125,2026-04-16,2026-04-16T14:44:00+00:00,CUS-005,Lone Star Orthopedic Network,IDN,TX,South Central,REP-018,ACC-HIP-CUP-56,Acetabular System,Total hip arthroplasty,2,2915.50,5831.00,0.1900,1107.89,4723.11,2976.00,1747.11,USD,Distributor,AGR-ORTHO-26-338,CPO-005-2026-0071,SI-881125,PAID,2026-04-17T17:44:00+00:00
TXN-001127,SO-101126,2026-04-23,2026-04-23T14:45:00+00:00,CUS-009,Northwest Specialty Distribution,Distributor,WA,West,REP-031,TRI-KNEE-CR-04,Triathlon Knee,Total knee arthroplasty,1,4423.80,4423.80,0.2450,1083.83,3339.97,2356.20,983.77,USD,Direct,AGR-ORTHO-26-331,CPO-009-2026-0072,SI-881126,PAID,2026-04-23T17:45:00+00:00
TXN-001128,SO-101127,2026-01-23,2026-01-23T14:46:00+00:00,CUS-005,Lone Star Orthopedic Network,IDN,TX,South Central,REP-013,ACC-HIP-LIN-36,Acetabular System,Total hip arthroplasty,1,1180.00,1180.00,0.2000,236.00,944.00,530.00,414.00,USD,Direct,AGR-ORTHO-26-338,CPO-005-2026-0073,SI-881127,OPEN,2026-01-23T17:46:00+00:00
TXN-001129,SO-101128,2026-02-18,2026-02-18T14:00:00+00:00,CUS-002,Hudson Valley Surgical Center,ASC,NY,Northeast,REP-005,SPN-CAGE-LORD,Spine Interbody,Lumbar fusion,3,5260.00,15780.00,0.1150,1814.70,13965.30,8205.00,5760.30,USD,Direct,AGR-ORTHO-26-317,CPO-002-2026-0074,SI-881128,DISPUTED,2026-02-20T17:00:00+00:00
TXN-001130,SO-101129,2025-12-30,2025-12-30T14:01:00+00:00,CUS-002,Hudson Valley Surgical Center,ASC,NY,Northeast,REP-006,TRI-KNEE-PS-05,Triathlon Knee,Total knee arthroplasty,2,4825.00,9650.00,0.1100,1061.50,8588.50,4978.40,3610.10,USD,Direct,AGR-ORTHO-26-317,CPO-002-2025-0075,SI-881129,OPEN,2025-12-30T17:01:00+00:00
TXN-001131,SO-101130,2026-01-15,2026-01-15T14:02:00+00:00,CUS-001,Atlantic Ortho Alliance,IDN,PA,Northeast,REP-004,MAKO-HIP-KIT,Robotic Procedure Kit,Robotic-assisted hip,1,1524.90,1524.90,0.2000,304.98,1219.92,625.00,594.92,USD,Direct,AGR-ORTHO-26-310,CPO-001-2026-0076,SI-881130,PAID,2026-01-15T17:02:00+00:00
TXN-001132,SO-101131,2025-12-09,2025-12-09T14:03:00+00:00,CUS-004,Blue Ridge Joint Institute,Hospital,NC,Southeast,REP-014,ACC-HIP-LIN-36,Acetabular System,Total hip arthroplasty,5,1180.00,5900.00,0.1300,767.00,5133.00,2650.00,2483.00,USD,Direct,AGR-ORTHO-26-331,CPO-004-2025-0077,SI-881131,PAID,2025-12-09T17:03:00+00:00
TXN-001133,SO-101132,2025-12-07,2025-12-07T14:04:00+00:00,CUS-006,Pacific Motion Surgery Partners,ASC,CA,West,REP-021,ACC-HIP-LIN-36,Acetabular System,Total hip arthroplasty,1,1203.60,1203.60,0.1100,132.40,1071.20,530.00,541.20,USD,Direct,AGR-ORTHO-26-310,CPO-006-2025-0078,SI-881132,PAID,2025-12-08T17:04:00+00:00
TXN-001134,SO-101133,2026-04-08,2026-04-08T14:05:00+00:00,CUS-010,Prairie Orthopedics Cooperative,IDN,IL,Midwest,REP-034,TRI-KNEE-CR-04,Triathlon Knee,Total knee arthroplasty,2,4380.00,8760.00,0.1900,1664.40,7095.60,4620.00,2475.60,USD,ASC Program,AGR-ORTHO-26-338,CPO-010-2026-0079,SI-881133,PAID,2026-04-09T17:05:00+00:00
TXN-001135,SO-101134,2026-05-21,2026-05-21T14:06:00+00:00,CUS-011,Desert Ridge Ambulatory Surgery,ASC,AZ,Mountain,REP-031,MAKO-KNEE-KIT,Robotic Procedure Kit,Robotic-assisted knee,1,1656.40,1656.40,0.1200,198.77,1457.63,703.80,753.83,USD,Direct,AGR-ORTHO-26-310,CPO-011-2026-0080,SI-881134,DISPUTED,2026-05-21T17:06:00+00:00
TXN-001136,SO-101135,2026-04-05,2026-04-05T14:07:00+00:00,CUS-001,Atlantic Ortho Alliance,IDN,PA,Northeast,REP-002,ACC-HIP-LIN-36,Acetabular System,Total hip arthroplasty,2,1156.40,2312.80,0.2350,543.51,1769.29,1060.00,709.29,USD,Direct,AGR-ORTHO-26-310,CPO-001-2026-0081,SI-881135,PAID,2026-04-05T17:07:00+00:00
TXN-001137,SO-101136,2026-03-20,2026-03-20T14:08:00+00:00,CUS-004,Blue Ridge Joint Institute,Hospital,NC,Southeast,REP-012,SOM-PLATE-8H,Trauma Plating,Trauma fixation,2,866.25,1732.50,0.1350,233.89,1498.61,730.00,768.61,USD,Direct,AGR-ORTHO-26-331,CPO-004-2026-0082,SI-881136,OPEN,2026-03-20T17:08:00+00:00
TXN-001138,SO-101137,2026-05-08,2026-05-08T14:09:00+00:00,CUS-003,Great Lakes University Hospital,Academic Medical Center,OH,Midwest,REP-010,MAKO-KNEE-KIT,Robotic Procedure Kit,Robotic-assisted knee,4,1656.40,6625.60,0.1700,1126.35,5499.25,2815.20,2684.05,USD,Direct,AGR-ORTHO-26-324,CPO-003-2026-0083,SI-881137,PAID,2026-05-08T17:09:00+00:00
TXN-001139,SO-101138,2026-03-23,2026-03-23T14:10:00+00:00,CUS-004,Blue Ridge Joint Institute,Hospital,NC,Southeast,REP-014,TRI-KNEE-CR-04,Triathlon Knee,Total knee arthroplasty,2,4380.00,8760.00,0.1400,1226.40,7533.60,4527.60,3006.00,USD,Direct,AGR-ORTHO-26-331,CPO-004-2026-0084,SI-881138,PARTIALLY_PAID,2026-03-23T17:10:00+00:00
TXN-001140,SO-101139,2026-04-15,2026-04-15T14:11:00+00:00,CUS-009,Northwest Specialty Distribution,Distributor,WA,West,REP-030,SOM-SCREW-45,Trauma Plating,Trauma fixation,3,146.00,438.00,0.2300,100.74,337.26,128.52,208.74,USD,Direct,AGR-ORTHO-26-331,CPO-009-2026-0085,SI-881139,PAID,2026-04-16T17:11:00+00:00
TXN-001141,SO-101140,2026-03-01,2026-03-01T14:12:00+00:00,CUS-012,New England Sports Medicine,Hospital,MA,Northeast,REP-040,TRI-KNEE-CR-04,Triathlon Knee,Total knee arthroplasty,1,4380.00,4380.00,0.1350,591.30,3788.70,2310.00,1478.70,USD,Direct,AGR-ORTHO-26-317,CPO-012-2026-0086,SI-881140,PAID,2026-03-01T17:12:00+00:00
TXN-001142,SO-101141,2026-02-05,2026-02-05T14:13:00+00:00,CUS-005,Lone Star Orthopedic Network,IDN,TX,South Central,REP-013,TRI-KNEE-PS-05,Triathlon Knee,Total knee arthroplasty,1,4825.00,4825.00,0.1900,916.75,3908.25,2540.00,1368.25,USD,Direct,AGR-ORTHO-26-338,CPO-005-2026-0087,SI-881141,OPEN,2026-02-06T17:13:00+00:00
TXN-001143,SO-101142,2026-02-19,2026-02-19T14:14:00+00:00,CUS-004,Blue Ridge Joint Institute,Hospital,NC,Southeast,REP-011,MAKO-HIP-KIT,Robotic Procedure Kit,Robotic-assisted hip,4,1524.90,6099.60,0.1400,853.94,5245.66,2550.00,2695.66,USD,ASC Program,AGR-ORTHO-26-331,CPO-004-2026-0088,SI-881142,PAID,2026-02-21T17:14:00+00:00
TXN-001144,SO-101143,2026-03-03,2026-03-03T14:15:00+00:00,CUS-011,Desert Ridge Ambulatory Surgery,ASC,AZ,Mountain,REP-033,REV-FEM-STEM-12,Revision Hip,Revision arthroplasty,2,6291.60,12583.20,0.1100,1384.15,11199.05,6850.20,4348.85,USD,Distributor,AGR-ORTHO-26-310,CPO-011-2026-0089,SI-881143,PAID,2026-03-03T17:15:00+00:00
TXN-001145,SO-101144,2026-05-26,2026-05-26T14:16:00+00:00,CUS-011,Desert Ridge Ambulatory Surgery,ASC,AZ,Mountain,REP-034,SOM-PLATE-8H,Trauma Plating,Trauma fixation,1,883.75,883.75,0.1000,88.38,795.37,357.70,437.67,USD,Direct,AGR-ORTHO-26-310,CPO-011-2026-0090,SI-881144,PARTIALLY_PAID,2026-05-26T17:16:00+00:00
TXN-001146,SO-101145,2026-03-31,2026-03-31T14:17:00+00:00,CUS-002,Hudson Valley Surgical Center,ASC,NY,Northeast,REP-008,TRI-KNEE-CR-04,Triathlon Knee,Total knee arthroplasty,2,4423.80,8847.60,0.1100,973.24,7874.36,4620.00,3254.36,USD,Direct,AGR-ORTHO-26-317,CPO-002-2026-0091,SI-881145,PAID,2026-04-02T17:17:00+00:00
TXN-001147,SO-101146,2026-02-07,2026-02-07T14:18:00+00:00,CUS-004,Blue Ridge Joint Institute,Hospital,NC,Southeast,REP-015,TRI-KNEE-PS-05,Triathlon Knee,Total knee arthroplasty,1,4728.50,4728.50,0.1300,614.71,4113.79,2590.80,1522.99,USD,ASC Program,AGR-ORTHO-26-331,CPO-004-2026-0092,SI-881146,OPEN,2026-02-07T17:18:00+00:00
TXN-001148,SO-101147,2025-12-31,2025-12-31T14:19:00+00:00,CUS-005,Lone Star Orthopedic Network,IDN,TX,South Central,REP-019,ACC-HIP-LIN-36,Acetabular System,Total hip arthroplasty,1,1168.20,1168.20,0.1900,221.96,946.24,540.60,405.64,USD,Direct,AGR-ORTHO-26-338,CPO-005-2025-0093,SI-881147,PAID,2026-01-02T17:19:00+00:00
TXN-001149,SO-101148,2026-05-20,2026-05-20T14:20:00+00:00,CUS-005,Lone Star Orthopedic Network,IDN,TX,South Central,REP-013,MAKO-HIP-KIT,Robotic Procedure Kit,Robotic-assisted hip,5,1480.05,7400.25,0.2000,1480.05,5920.20,3062.50,2857.70,USD,Direct,AGR-ORTHO-26-338,CPO-005-2026-0094,SI-881148,PAID,2026-05-21T17:20:00+00:00
TXN-001150,SO-101149,2026-02-05,2026-02-05T14:21:00+00:00,CUS-003,Great Lakes University Hospital,Academic Medical Center,OH,Midwest,REP-008,MAKO-HIP-KIT,Robotic Procedure Kit,Robotic-assisted hip,2,1480.05,2960.10,0.1700,503.22,2456.88,1225.00,1231.88,USD,ASC Program,AGR-ORTHO-26-324,CPO-003-2026-0095,SI-881149,PAID,2026-02-05T17:21:00+00:00
TXN-001151,SO-101150,2026-01-15,2026-01-15T14:22:00+00:00,CUS-006,Pacific Motion Surgery Partners,ASC,CA,West,REP-018,REV-FEM-STEM-12,Revision Hip,Revision arthroplasty,3,6548.40,19645.20,0.1100,2160.97,17484.23,10694.70,6789.53,USD,Direct,AGR-ORTHO-26-310,CPO-006-2026-0096,SI-881150,OPEN,2026-01-16T17:22:00+00:00
TXN-001152,SO-101151,2026-01-29,2026-01-29T14:23:00+00:00,CUS-003,Great Lakes University Hospital,Academic Medical Center,OH,Midwest,REP-010,TRI-KNEE-CR-04,Triathlon Knee,Total knee arthroplasty,2,4336.20,8672.40,0.1800,1561.03,7111.37,4620.00,2491.37,USD,Direct,AGR-ORTHO-26-324,CPO-003-2026-0097,SI-881151,PAID,2026-01-29T17:23:00+00:00
TXN-001153,SO-101152,2026-06-01,2026-06-01T14:24:00+00:00,CUS-004,Blue Ridge Joint Institute,Hospital,NC,Southeast,REP-014,ACC-HIP-CUP-56,Acetabular System,Total hip arthroplasty,1,3004.75,3004.75,0.1400,420.67,2584.08,1488.00,1096.08,USD,Direct,AGR-ORTHO-26-331,CPO-004-2026-0098,SI-881152,PAID,2026-06-02T17:24:00+00:00
TXN-001154,SO-101153,2026-04-20,2026-04-20T14:25:00+00:00,CUS-010,Prairie Orthopedics Cooperative,IDN,IL,Midwest,REP-033,TRI-KNEE-PS-05,Triathlon Knee,Total knee arthroplasty,1,4825.00,4825.00,0.1950,940.88,3884.12,2489.20,1394.92,USD,Direct,AGR-ORTHO-26-338,CPO-010-2026-0099,SI-881153,OPEN,2026-04-20T17:25:00+00:00
TXN-001155,SO-101154,2026-03-29,2026-03-29T14:26:00+00:00,CUS-004,Blue Ridge Joint Institute,Hospital,NC,Southeast,REP-016,MAKO-KNEE-KIT,Robotic Procedure Kit,Robotic-assisted knee,1,1607.20,1607.20,0.1200,192.86,1414.34,676.20,738.14,USD,Direct,AGR-ORTHO-26-331,CPO-004-2026-0100,SI-881154,OPEN,2026-03-29T17:26:00+00:00
TXN-001156,SO-101155,2026-04-16,2026-04-16T14:27:00+00:00,CUS-001,Atlantic Ortho Alliance,IDN,PA,Northeast,REP-001,TRI-KNEE-CR-04,Triathlon Knee,Total knee arthroplasty,8,4380.00,35040.00,0.2150,7533.60,27506.40,18849.60,8656.80,USD,Direct,AGR-ORTHO-26-310,CPO-001-2026-0101,SI-881155,OPEN,2026-04-17T17:27:00+00:00
TXN-001157,SO-101156,2026-06-06,2026-06-06T14:28:00+00:00,CUS-001,Atlantic Ortho Alliance,IDN,PA,Northeast,REP-002,ACC-HIP-LIN-36,Acetabular System,Total hip arthroplasty,2,1156.40,2312.80,0.1900,439.43,1873.37,1081.20,792.17,USD,Direct,AGR-ORTHO-26-310,CPO-001-2026-0102,SI-881156,OPEN,2026-06-06T17:28:00+00:00
TXN-001158,SO-101157,2026-02-20,2026-02-20T14:29:00+00:00,CUS-011,Desert Ridge Ambulatory Surgery,ASC,AZ,Mountain,REP-033,MAKO-HIP-KIT,Robotic Procedure Kit,Robotic-assisted hip,1,1480.05,1480.05,0.1200,177.61,1302.44,612.50,689.94,USD,Direct,AGR-ORTHO-26-310,CPO-011-2026-0103,SI-881157,OPEN,2026-02-20T17:29:00+00:00
TXN-001159,SO-101158,2026-05-19,2026-05-19T14:30:00+00:00,CUS-009,Northwest Specialty Distribution,Distributor,WA,West,REP-028,TRI-KNEE-CR-04,Triathlon Knee,Total knee arthroplasty,4,4423.80,17695.20,0.2400,4246.85,13448.35,9240.00,4208.35,USD,Direct,AGR-ORTHO-26-331,CPO-009-2026-0104,SI-881158,OPEN,2026-05-20T17:30:00+00:00
TXN-001160,SO-101159,2026-03-16,2026-03-16T14:31:00+00:00,CUS-010,Prairie Orthopedics Cooperative,IDN,IL,Midwest,REP-032,TRI-KNEE-CR-04,Triathlon Knee,Total knee arthroplasty,2,4467.60,8935.20,0.1900,1697.69,7237.51,4620.00,2617.51,USD,Direct,AGR-ORTHO-26-338,CPO-010-2026-0105,SI-881159,PAID,2026-03-17T17:31:00+00:00
TXN-001161,SO-101160,2026-02-09,2026-02-09T14:32:00+00:00,CUS-006,Pacific Motion Surgery Partners,ASC,CA,West,REP-021,ACC-HIP-LIN-36,Acetabular System,Total hip arthroplasty,2,1168.20,2336.40,0.1150,268.69,2067.71,1060.00,1007.71,USD,Direct,AGR-ORTHO-26-310,CPO-006-2026-0106,SI-881160,PAID,2026-02-09T17:32:00+00:00
TXN-001162,SO-101161,2026-01-28,2026-01-28T14:33:00+00:00,CUS-005,Lone Star Orthopedic Network,IDN,TX,South Central,REP-019,MAKO-HIP-KIT,Robotic Procedure Kit,Robotic-assisted hip,1,1509.95,1509.95,0.2000,301.99,1207.96,612.50,595.46,USD,Direct,AGR-ORTHO-26-338,CPO-005-2026-0107,SI-881161,PAID,2026-01-28T17:33:00+00:00
TXN-001163,SO-101162,2026-04-02,2026-04-02T14:34:00+00:00,CUS-006,Pacific Motion Surgery Partners,ASC,CA,West,REP-016,SPN-CAGE-LORD,Spine Interbody,Lumbar fusion,5,5154.80,25774.00,0.1100,2835.14,22938.86,13675.00,9263.86,USD,ASC Program,AGR-ORTHO-26-310,CPO-006-2026-0108,SI-881162,PAID,2026-04-02T17:34:00+00:00
TXN-001164,SO-101163,2025-12-30,2025-12-30T14:35:00+00:00,CUS-010,Prairie Orthopedics Cooperative,IDN,IL,Midwest,REP-029,MAKO-HIP-KIT,Robotic Procedure Kit,Robotic-assisted hip,3,1465.10,4395.30,0.1900,835.11,3560.19,1912.50,1647.69,USD,ASC Program,AGR-ORTHO-26-338,CPO-010-2025-0109,SI-881163,PAID,2025-12-30T17:35:00+00:00
TXN-001165,SO-101164,2026-02-20,2026-02-20T14:36:00+00:00,CUS-006,Pacific Motion Surgery Partners,ASC,CA,West,REP-018,SOM-SCREW-45,Trauma Plating,Trauma fixation,1,148.92,148.92,0.1100,16.38,132.54,42.00,90.54,USD,ASC Program,AGR-ORTHO-26-310,CPO-006-2026-0110,SI-881164,PAID,2026-02-20T17:36:00+00:00
TXN-001166,SO-101165,2025-11-07,2025-11-07T14:37:00+00:00,CUS-006,Pacific Motion Surgery Partners,ASC,CA,West,REP-019,MAKO-KNEE-KIT,Robotic Procedure Kit,Robotic-assisted knee,2,1640.00,3280.00,0.1200,393.60,2886.40,1352.40,1534.00,USD,Direct,AGR-ORTHO-26-310,CPO-006-2025-0111,SI-881165,OPEN,2025-11-09T17:37:00+00:00
TXN-001167,SO-101166,2026-02-02,2026-02-02T14:38:00+00:00,CUS-006,Pacific Motion Surgery Partners,ASC,CA,West,REP-020,MAKO-HIP-KIT,Robotic Procedure Kit,Robotic-assisted hip,1,1495.00,1495.00,0.1150,171.93,1323.07,612.50,710.57,USD,Direct,AGR-ORTHO-26-310,CPO-006-2026-0112,SI-881166,PAID,2026-02-02T17:38:00+00:00
TXN-001168,SO-101167,2026-05-25,2026-05-25T14:39:00+00:00,CUS-001,Atlantic Ortho Alliance,IDN,PA,Northeast,REP-006,TRI-KNEE-PS-05,Triathlon Knee,Total knee arthroplasty,1,4825.00,4825.00,0.1800,868.50,3956.50,2489.20,1467.30,USD,Direct,AGR-ORTHO-26-310,CPO-001-2026-0113,SI-881167,PAID,2026-05-26T17:39:00+00:00
TXN-001169,SO-101168,2026-02-23,2026-02-23T14:40:00+00:00,CUS-007,Front Range Medical Center,Hospital,CO,Mountain,REP-025,SOM-PLATE-8H,Trauma Plating,Trauma fixation,2,892.50,1785.00,0.1300,232.05,1552.95,715.40,837.55,USD,Direct,AGR-ORTHO-26-317,CPO-007-2026-0114,SI-881168,DISPUTED,2026-02-23T17:40:00+00:00
TXN-001170,SO-101169,2026-06-06,2026-06-06T14:41:00+00:00,CUS-012,New England Sports Medicine,Hospital,MA,Northeast,REP-034,SOM-PLATE-8H,Trauma Plating,Trauma fixation,2,883.75,1767.50,0.1300,229.78,1537.72,715.40,822.32,USD,Direct,AGR-ORTHO-26-317,CPO-012-2026-0115,SI-881169,PAID,2026-06-07T17:41:00+00:00
TXN-001171,SO-101170,2026-02-17,2026-02-17T14:42:00+00:00,CUS-005,Lone Star Orthopedic Network,IDN,TX,South Central,REP-014,TRI-KNEE-CR-04,Triathlon Knee,Total knee arthroplasty,1,4380.00,4380.00,0.1800,788.40,3591.60,2310.00,1281.60,USD,Direct,AGR-ORTHO-26-338,CPO-005-2026-0116,SI-881170,PAID,2026-02-17T17:42:00+00:00
TXN-001172,SO-101171,2026-02-14,2026-02-14T14:43:00+00:00,CUS-006,Pacific Motion Surgery Partners,ASC,CA,West,REP-018,REV-FEM-STEM-12,Revision Hip,Revision arthroplasty,1,6291.60,6291.60,0.1100,692.08,5599.52,3425.10,2174.42,USD,ASC Program,AGR-ORTHO-26-310,CPO-006-2026-0117,SI-881171,PAID,2026-02-14T17:43:00+00:00
TXN-001173,SO-101172,2026-05-12,2026-05-12T14:44:00+00:00,CUS-009,Northwest Specialty Distribution,Distributor,WA,West,REP-028,SOM-SCREW-45,Trauma Plating,Trauma fixation,1,143.08,143.08,0.2300,32.91,110.17,41.16,69.01,USD,Direct,AGR-ORTHO-26-331,CPO-009-2026-0118,SI-881172,OPEN,2026-05-12T17:44:00+00:00
TXN-001174,SO-101173,2026-02-18,2026-02-18T14:45:00+00:00,CUS-005,Lone Star Orthopedic Network,IDN,TX,South Central,REP-017,ACC-HIP-LIN-36,Acetabular System,Total hip arthroplasty,1,1191.80,1191.80,0.2000,238.36,953.44,519.40,434.04,USD,Direct,AGR-ORTHO-26-338,CPO-005-2026-0119,SI-881173,PAID,2026-02-20T17:45:00+00:00
TXN-001175,SO-101174,2026-03-23,2026-03-23T14:46:00+00:00,CUS-009,Northwest Specialty Distribution,Distributor,WA,West,REP-030,ACC-HIP-CUP-56,Acetabular System,Total hip arthroplasty,2,2915.50,5831.00,0.2300,1341.13,4489.87,2976.00,1513.87,USD,ASC Program,AGR-ORTHO-26-331,CPO-009-2026-0120,SI-881174,PAID,2026-03-23T17:46:00+00:00
TXN-001176,SO-101175,2025-12-16,2025-12-16T14:00:00+00:00,CUS-010,Prairie Orthopedics Cooperative,IDN,IL,Midwest,REP-034,SOM-SCREW-45,Trauma Plating,Trauma fixation,1,143.08,143.08,0.1950,27.90,115.18,41.16,74.02,USD,Direct,AGR-ORTHO-26-338,CPO-010-2025-0121,SI-881175,PAID,2025-12-16T17:00:00+00:00
TXN-001177,SO-101176,2026-03-08,2026-03-08T14:01:00+00:00,CUS-006,Pacific Motion Surgery Partners,ASC,CA,West,REP-016,TRI-KNEE-PS-05,Triathlon Knee,Total knee arthroplasty,4,4776.75,19107.00,0.1100,2101.77,17005.23,10160.00,6845.23,USD,Direct,AGR-ORTHO-26-310,CPO-006-2026-0122,SI-881176,PAID,2026-03-09T17:01:00+00:00
TXN-001178,SO-101177,2026-04-15,2026-04-15T14:02:00+00:00,CUS-002,Hudson Valley Surgical Center,ASC,NY,Northeast,REP-005,SPN-CAGE-LORD,Spine Interbody,Lumbar fusion,2,5260.00,10520.00,0.1450,1525.40,8994.60,5360.60,3634.00,USD,Distributor,AGR-ORTHO-26-317,CPO-002-2026-0123,SI-881177,PAID,2026-04-15T17:02:00+00:00
TXN-001179,SO-101178,2025-12-30,2025-12-30T14:03:00+00:00,CUS-002,Hudson Valley Surgical Center,ASC,NY,Northeast,REP-006,REV-FEM-STEM-12,Revision Hip,Revision arthroplasty,1,6548.40,6548.40,0.1100,720.32,5828.08,3495.00,2333.08,USD,Direct,AGR-ORTHO-26-317,CPO-002-2025-0124,SI-881178,PAID,2025-12-30T17:03:00+00:00
TXN-001180,SO-101179,2026-04-09,2026-04-09T14:04:00+00:00,CUS-007,Front Range Medical Center,Hospital,CO,Mountain,REP-022,ACC-HIP-CUP-56,Acetabular System,Total hip arthroplasty,1,2945.25,2945.25,0.1200,353.43,2591.82,1488.00,1103.82,USD,Direct,AGR-ORTHO-26-317,CPO-007-2026-0125,SI-881179,PAID,2026-04-10T17:04:00+00:00
TXN-001181,SO-101180,2026-04-21,2026-04-21T14:05:00+00:00,CUS-004,Blue Ridge Joint Institute,Hospital,NC,Southeast,REP-014,ACC-HIP-CUP-56,Acetabular System,Total hip arthroplasty,1,3034.50,3034.50,0.1300,394.49,2640.01,1517.76,1122.25,USD,Direct,AGR-ORTHO-26-331,CPO-004-2026-0126,SI-881180,PAID,2026-04-21T17:05:00+00:00
TXN-001182,SO-101181,2026-04-09,2026-04-09T14:06:00+00:00,CUS-001,Atlantic Ortho Alliance,IDN,PA,Northeast,REP-006,REV-FEM-STEM-12,Revision Hip,Revision arthroplasty,1,6484.20,6484.20,0.2250,1458.95,5025.25,3425.10,1600.15,USD,Distributor,AGR-ORTHO-26-310,CPO-001-2026-0127,SI-881181,PAID,2026-04-11T17:06:00+00:00
TXN-001183,SO-101182,2026-06-02,2026-06-02T14:07:00+00:00,CUS-001,Atlantic Ortho Alliance,IDN,PA,Northeast,REP-007,REV-FEM-STEM-12,Revision Hip,Revision arthroplasty,2,6420.00,12840.00,0.1900,2439.60,10400.40,6990.00,3410.40,USD,Direct,AGR-ORTHO-26-310,CPO-001-2026-0128,SI-881182,PARTIALLY_PAID,2026-06-04T17:07:00+00:00
TXN-001184,SO-101183,2026-05-08,2026-05-08T14:08:00+00:00,CUS-005,Lone Star Orthopedic Network,IDN,TX,South Central,REP-013,ACC-HIP-CUP-56,Acetabular System,Total hip arthroplasty,1,3034.50,3034.50,0.1900,576.56,2457.94,1517.76,940.18,USD,Direct,AGR-ORTHO-26-338,CPO-005-2026-0129,SI-881183,DISPUTED,2026-05-10T17:08:00+00:00
TXN-001185,SO-101184,2025-12-03,2025-12-03T14:09:00+00:00,CUS-001,Atlantic Ortho Alliance,IDN,PA,Northeast,REP-002,TRI-KNEE-CR-04,Triathlon Knee,Total knee arthroplasty,1,4380.00,4380.00,0.1800,788.40,3591.60,2263.80,1327.80,USD,Direct,AGR-ORTHO-26-310,CPO-001-2025-0130,SI-881184,OPEN,2025-12-03T17:09:00+00:00
TXN-001186,SO-101185,2026-03-28,2026-03-28T14:10:00+00:00,CUS-004,Blue Ridge Joint Institute,Hospital,NC,Southeast,REP-012,SOM-PLATE-8H,Trauma Plating,Trauma fixation,1,857.50,857.50,0.1200,102.90,754.60,372.30,382.30,USD,Distributor,AGR-ORTHO-26-331,CPO-004-2026-0131,SI-881185,PAID,2026-03-30T17:10:00+00:00
TXN-001187,SO-101186,2026-05-28,2026-05-28T14:11:00+00:00,CUS-003,Great Lakes University Hospital,Academic Medical Center,OH,Midwest,REP-010,SOM-PLATE-8H,Trauma Plating,Trauma fixation,2,866.25,1732.50,0.1800,311.85,1420.65,730.00,690.65,USD,ASC Program,AGR-ORTHO-26-324,CPO-003-2026-0132,SI-881186,OPEN,2026-05-28T17:11:00+00:00
TXN-001188,SO-101187,2026-01-18,2026-01-18T14:12:00+00:00,CUS-007,Front Range Medical Center,Hospital,CO,Mountain,REP-023,REV-FEM-STEM-12,Revision Hip,Revision arthroplasty,4,6420.00,25680.00,0.1400,3595.20,22084.80,13700.40,8384.40,USD,Direct,AGR-ORTHO-26-317,CPO-007-2026-0133,SI-881187,PAID,2026-01-18T17:12:00+00:00
TXN-001189,SO-101188,2026-01-21,2026-01-21T14:13:00+00:00,CUS-006,Pacific Motion Surgery Partners,ASC,CA,West,REP-021,SOM-PLATE-8H,Trauma Plating,Trauma fixation,2,892.50,1785.00,0.1100,196.35,1588.65,730.00,858.65,USD,Direct,AGR-ORTHO-26-310,CPO-006-2026-0134,SI-881188,PAID,2026-01-22T17:13:00+00:00
TXN-001190,SO-101189,2026-03-20,2026-03-20T14:14:00+00:00,CUS-005,Lone Star Orthopedic Network,IDN,TX,South Central,REP-019,MAKO-HIP-KIT,Robotic Procedure Kit,Robotic-assisted hip,2,1495.00,2990.00,0.1950,583.05,2406.95,1275.00,1131.95,USD,Direct,AGR-ORTHO-26-338,CPO-005-2026-0135,SI-881189,OPEN,2026-03-22T17:14:00+00:00
TXN-001191,SO-101190,2026-02-28,2026-02-28T14:15:00+00:00,CUS-009,Northwest Specialty Distribution,Distributor,WA,West,REP-025,SOM-PLATE-8H,Trauma Plating,Trauma fixation,2,857.50,1715.00,0.2500,428.75,1286.25,730.00,556.25,USD,Direct,AGR-ORTHO-26-331,CPO-009-2026-0136,SI-881190,PAID,2026-03-01T17:15:00+00:00
TXN-001192,SO-101191,2026-03-29,2026-03-29T14:16:00+00:00,CUS-004,Blue Ridge Joint Institute,Hospital,NC,Southeast,REP-011,TRI-KNEE-CR-04,Triathlon Knee,Total knee arthroplasty,1,4380.00,4380.00,0.1300,569.40,3810.60,2310.00,1500.60,USD,Direct,AGR-ORTHO-26-331,CPO-004-2026-0137,SI-881191,OPEN,2026-03-31T17:16:00+00:00
TXN-001193,SO-101192,2026-03-08,2026-03-08T14:17:00+00:00,CUS-003,Great Lakes University Hospital,Academic Medical Center,OH,Midwest,REP-009,REV-FEM-STEM-12,Revision Hip,Revision arthroplasty,2,6484.20,12968.40,0.1600,2074.94,10893.46,7129.80,3763.66,USD,Distributor,AGR-ORTHO-26-324,CPO-003-2026-0138,SI-881192,PAID,2026-03-08T17:17:00+00:00
TXN-001194,SO-101193,2026-03-22,2026-03-22T14:18:00+00:00,CUS-004,Blue Ridge Joint Institute,Hospital,NC,Southeast,REP-013,MAKO-HIP-KIT,Robotic Procedure Kit,Robotic-assisted hip,1,1495.00,1495.00,0.1350,201.83,1293.17,625.00,668.17,USD,Direct,AGR-ORTHO-26-331,CPO-004-2026-0139,SI-881193,OPEN,2026-03-22T17:18:00+00:00
TXN-001195,SO-101194,2026-05-12,2026-05-12T14:19:00+00:00,CUS-003,Great Lakes University Hospital,Academic Medical Center,OH,Midwest,REP-011,SOM-PLATE-8H,Trauma Plating,Trauma fixation,1,857.50,857.50,0.1600,137.20,720.30,357.70,362.60,USD,Direct,AGR-ORTHO-26-324,CPO-003-2026-0140,SI-881194,PAID,2026-05-13T17:19:00+00:00
TXN-001196,SO-101195,2026-02-26,2026-02-26T14:20:00+00:00,CUS-005,Lone Star Orthopedic Network,IDN,TX,South Central,REP-018,MAKO-KNEE-KIT,Robotic Procedure Kit,Robotic-assisted knee,3,1656.40,4969.20,0.1900,944.15,4025.05,2070.00,1955.05,USD,Direct,AGR-ORTHO-26-338,CPO-005-2026-0141,SI-881195,PAID,2026-02-26T17:20:00+00:00
TXN-001197,SO-101196,2026-02-18,2026-02-18T14:21:00+00:00,CUS-011,Desert Ridge Ambulatory Surgery,ASC,AZ,Mountain,REP-037,TRI-KNEE-CR-04,Triathlon Knee,Total knee arthroplasty,1,4467.60,4467.60,0.1100,491.44,3976.16,2310.00,1666.16,USD,Distributor,AGR-ORTHO-26-310,CPO-011-2026-0142,SI-881196,DISPUTED,2026-02-20T17:21:00+00:00
TXN-001198,SO-101197,2026-05-05,2026-05-05T14:22:00+00:00,CUS-002,Hudson Valley Surgical Center,ASC,NY,Northeast,REP-004,MAKO-KNEE-KIT,Robotic Procedure Kit,Robotic-assisted knee,3,1640.00,4920.00,0.1450,713.40,4206.60,2070.00,2136.60,USD,ASC Program,AGR-ORTHO-26-317,CPO-002-2026-0143,SI-881197,DISPUTED,2026-05-05T17:22:00+00:00
TXN-001199,SO-101198,2026-02-08,2026-02-08T14:23:00+00:00,CUS-008,Gulf Coast Trauma Hospital,Hospital,FL,Southeast,REP-023,ACC-HIP-CUP-56,Acetabular System,Total hip arthroplasty,3,2975.00,8925.00,0.1400,1249.50,7675.50,4553.28,3122.22,USD,Direct,AGR-ORTHO-26-324,CPO-008-2026-0144,SI-881198,PAID,2026-02-09T17:23:00+00:00
TXN-001200,SO-101199,2026-04-20,2026-04-20T14:24:00+00:00,CUS-009,Northwest Specialty Distribution,Distributor,WA,West,REP-027,ACC-HIP-CUP-56,Acetabular System,Total hip arthroplasty,1,3004.75,3004.75,0.2450,736.16,2268.59,1458.24,810.35,USD,Direct,AGR-ORTHO-26-331,CPO-009-2026-0145,SI-881199,PAID,2026-04-22T17:24:00+00:00
TXN-001201,SO-101200,2025-12-20,2025-12-20T14:25:00+00:00,CUS-010,Prairie Orthopedics Cooperative,IDN,IL,Midwest,REP-031,ACC-HIP-CUP-56,Acetabular System,Total hip arthroplasty,2,2975.00,5950.00,0.1800,1071.00,4879.00,2916.48,1962.52,USD,Direct,AGR-ORTHO-26-338,CPO-010-2025-0146,SI-881200,PAID,2025-12-20T17:25:00+00:00
TXN-001202,SO-101201,2026-05-18,2026-05-18T14:26:00+00:00,CUS-007,Front Range Medical Center,Hospital,CO,Mountain,REP-023,MAKO-KNEE-KIT,Robotic Procedure Kit,Robotic-assisted knee,1,1623.60,1623.60,0.1400,227.30,1396.30,690.00,706.30,USD,Direct,AGR-ORTHO-26-317,CPO-007-2026-0147,SI-881201,OPEN,2026-05-19T17:26:00+00:00
TXN-001203,SO-101202,2026-05-24,2026-05-24T14:27:00+00:00,CUS-008,Gulf Coast Trauma Hospital,Hospital,FL,Southeast,REP-027,TRI-KNEE-CR-04,Triathlon Knee,Total knee arthroplasty,2,4423.80,8847.60,0.1300,1150.19,7697.41,4712.40,2985.01,USD,Direct,AGR-ORTHO-26-324,CPO-008-2026-0148,SI-881202,PAID,2026-05-24T17:27:00+00:00
TXN-001204,SO-101203,2026-02-17,2026-02-17T14:28:00+00:00,CUS-001,Atlantic Ortho Alliance,IDN,PA,Northeast,REP-007,SOM-SCREW-45,Trauma Plating,Trauma fixation,5,146.00,730.00,0.1900,138.70,591.30,210.00,381.30,USD,Distributor,AGR-ORTHO-26-310,CPO-001-2026-0149,SI-881203,PAID,2026-02-18T17:28:00+00:00
TXN-001205,SO-101204,2026-05-04,2026-05-04T14:29:00+00:00,CUS-003,Great Lakes University Hospital,Academic Medical Center,OH,Midwest,REP-007,MAKO-KNEE-KIT,Robotic Procedure Kit,Robotic-assisted knee,3,1640.00,4920.00,0.1700,836.40,4083.60,2070.00,2013.60,USD,Direct,AGR-ORTHO-26-324,CPO-003-2026-0150,SI-881204,OPEN,2026-05-06T17:29:00+00:00
TXN-001206,SO-101205,2026-04-03,2026-04-03T14:30:00+00:00,CUS-003,Great Lakes University Hospital,Academic Medical Center,OH,Midwest,REP-008,ACC-HIP-CUP-56,Acetabular System,Total hip arthroplasty,4,3034.50,12138.00,0.1750,2124.15,10013.85,5952.00,4061.85,USD,Direct,AGR-ORTHO-26-324,CPO-003-2026-0151,SI-881205,PAID,2026-04-03T17:30:00+00:00
TXN-001207,SO-101206,2026-01-04,2026-01-04T14:31:00+00:00,CUS-002,Hudson Valley Surgical Center,ASC,NY,Northeast,REP-006,REV-FEM-STEM-12,Revision Hip,Revision arthroplasty,2,6484.20,12968.40,0.1150,1491.37,11477.03,6990.00,4487.03,USD,ASC Program,AGR-ORTHO-26-317,CPO-002-2026-0152,SI-881206,OPEN,2026-01-04T17:31:00+00:00
TXN-001208,SO-101207,2026-05-07,2026-05-07T14:32:00+00:00,CUS-003,Great Lakes University Hospital,Academic Medical Center,OH,Midwest,REP-010,SOM-PLATE-8H,Trauma Plating,Trauma fixation,2,892.50,1785.00,0.1700,303.45,1481.55,730.00,751.55,USD,ASC Program,AGR-ORTHO-26-324,CPO-003-2026-0153,SI-881207,OPEN,2026-05-07T17:32:00+00:00
TXN-001209,SO-101208,2026-04-15,2026-04-15T14:33:00+00:00,CUS-003,Great Lakes University Hospital,Academic Medical Center,OH,Midwest,REP-011,TRI-KNEE-PS-05,Triathlon Knee,Total knee arthroplasty,1,4873.25,4873.25,0.1700,828.45,4044.80,2590.80,1454.00,USD,Direct,AGR-ORTHO-26-324,CPO-003-2026-0154,SI-881208,PAID,2026-04-15T17:33:00+00:00
TXN-001210,SO-101209,2026-03-30,2026-03-30T14:34:00+00:00,CUS-003,Great Lakes University Hospital,Academic Medical Center,OH,Midwest,REP-012,MAKO-KNEE-KIT,Robotic Procedure Kit,Robotic-assisted knee,1,1672.80,1672.80,0.1700,284.38,1388.42,703.80,684.62,USD,Direct,AGR-ORTHO-26-324,CPO-003-2026-0155,SI-881209,OPEN,2026-03-31T17:34:00+00:00
TXN-001211,SO-101210,2026-03-26,2026-03-26T14:35:00+00:00,CUS-012,New England Sports Medicine,Hospital,MA,Northeast,REP-040,MAKO-HIP-KIT,Robotic Procedure Kit,Robotic-assisted hip,1,1480.05,1480.05,0.1200,177.61,1302.44,625.00,677.44,USD,Direct,AGR-ORTHO-26-317,CPO-012-2026-0156,SI-881210,OPEN,2026-03-28T17:35:00+00:00
TXN-001212,SO-101211,2026-04-09,2026-04-09T14:36:00+00:00,CUS-004,Blue Ridge Joint Institute,Hospital,NC,Southeast,REP-010,ACC-HIP-CUP-56,Acetabular System,Total hip arthroplasty,2,3034.50,6069.00,0.1300,788.97,5280.03,2976.00,2304.03,USD,Direct,AGR-ORTHO-26-331,CPO-004-2026-0157,SI-881211,OPEN,2026-04-09T17:36:00+00:00
TXN-001213,SO-101212,2026-02-24,2026-02-24T14:37:00+00:00,CUS-011,Desert Ridge Ambulatory Surgery,ASC,AZ,Mountain,REP-032,ACC-HIP-LIN-36,Acetabular System,Total hip arthroplasty,1,1168.20,1168.20,0.1150,134.34,1033.86,540.60,493.26,USD,Direct,AGR-ORTHO-26-310,CPO-011-2026-0158,SI-881212,PAID,2026-02-24T17:37:00+00:00
TXN-001214,SO-101213,2026-06-16,2026-06-16T14:38:00+00:00,CUS-003,Great Lakes University Hospital,Academic Medical Center,OH,Midwest,REP-009,SOM-PLATE-8H,Trauma Plating,Trauma fixation,3,875.00,2625.00,0.1800,472.50,2152.50,1116.90,1035.60,USD,Direct,AGR-ORTHO-26-324,CPO-003-2026-0159,SI-881213,PAID,2026-06-16T17:38:00+00:00
TXN-001215,SO-101214,2026-03-13,2026-03-13T14:39:00+00:00,CUS-001,Atlantic Ortho Alliance,IDN,PA,Northeast,REP-004,TRI-KNEE-PS-05,Triathlon Knee,Total knee arthroplasty,2,4873.25,9746.50,0.1950,1900.57,7845.93,5181.60,2664.33,USD,Direct,AGR-ORTHO-26-310,CPO-001-2026-0160,SI-881214,PAID,2026-03-13T17:39:00+00:00
TXN-001216,SO-101215,2026-06-08,2026-06-08T14:40:00+00:00,CUS-004,Blue Ridge Joint Institute,Hospital,NC,Southeast,REP-014,MAKO-KNEE-KIT,Robotic Procedure Kit,Robotic-assisted knee,2,1607.20,3214.40,0.1200,385.73,2828.67,1380.00,1448.67,USD,Direct,AGR-ORTHO-26-331,CPO-004-2026-0161,SI-881215,OPEN,2026-06-08T17:40:00+00:00
TXN-001217,SO-101216,2026-03-27,2026-03-27T14:41:00+00:00,CUS-004,Blue Ridge Joint Institute,Hospital,NC,Southeast,REP-015,SOM-PLATE-8H,Trauma Plating,Trauma fixation,1,883.75,883.75,0.1350,119.31,764.44,365.00,399.44,USD,Direct,AGR-ORTHO-26-331,CPO-004-2026-0162,SI-881216,PAID,2026-03-27T17:41:00+00:00
TXN-001218,SO-101217,2026-04-02,2026-04-02T14:42:00+00:00,CUS-005,Lone Star Orthopedic Network,IDN,TX,South Central,REP-019,REV-FEM-STEM-12,Revision Hip,Revision arthroplasty,1,6420.00,6420.00,0.1800,1155.60,5264.40,3564.90,1699.50,USD,Direct,AGR-ORTHO-26-338,CPO-005-2026-0163,SI-881217,PAID,2026-04-04T17:42:00+00:00
TXN-001219,SO-101218,2026-03-25,2026-03-25T14:43:00+00:00,CUS-012,New England Sports Medicine,Hospital,MA,Northeast,REP-034,TRI-KNEE-CR-04,Triathlon Knee,Total knee arthroplasty,4,4380.00,17520.00,0.1400,2452.80,15067.20,9055.20,6012.00,USD,Direct,AGR-ORTHO-26-317,CPO-012-2026-0164,SI-881218,PAID,2026-03-25T17:43:00+00:00
TXN-001220,SO-101219,2026-04-12,2026-04-12T14:44:00+00:00,CUS-004,Blue Ridge Joint Institute,Hospital,NC,Southeast,REP-011,TRI-KNEE-CR-04,Triathlon Knee,Total knee arthroplasty,1,4380.00,4380.00,0.1300,569.40,3810.60,2356.20,1454.40,USD,Direct,AGR-ORTHO-26-331,CPO-004-2026-0165,SI-881219,OPEN,2026-04-14T17:44:00+00:00
TXN-001221,SO-101220,2026-02-27,2026-02-27T14:45:00+00:00,CUS-003,Great Lakes University Hospital,Academic Medical Center,OH,Midwest,REP-009,MAKO-HIP-KIT,Robotic Procedure Kit,Robotic-assisted hip,1,1509.95,1509.95,0.1800,271.79,1238.16,612.50,625.66,USD,ASC Program,AGR-ORTHO-26-324,CPO-003-2026-0166,SI-881220,OPEN,2026-02-27T17:45:00+00:00
TXN-001222,SO-101221,2026-03-18,2026-03-18T14:46:00+00:00,CUS-003,Great Lakes University Hospital,Academic Medical Center,OH,Midwest,REP-010,MAKO-HIP-KIT,Robotic Procedure Kit,Robotic-assisted hip,2,1465.10,2930.20,0.1750,512.79,2417.41,1275.00,1142.41,USD,Distributor,AGR-ORTHO-26-324,CPO-003-2026-0167,SI-881221,PAID,2026-03-18T17:46:00+00:00
TXN-001223,SO-101222,2026-03-04,2026-03-04T14:00:00+00:00,CUS-009,Northwest Specialty Distribution,Distributor,WA,West,REP-029,TRI-KNEE-PS-05,Triathlon Knee,Total knee arthroplasty,1,4776.75,4776.75,0.2400,1146.42,3630.33,2540.00,1090.33,USD,Direct,AGR-ORTHO-26-331,CPO-009-2026-0168,SI-881222,PAID,2026-03-05T17:00:00+00:00
TXN-001224,SO-101223,2026-05-15,2026-05-15T14:01:00+00:00,CUS-004,Blue Ridge Joint Institute,Hospital,NC,Southeast,REP-015,SOM-SCREW-45,Trauma Plating,Trauma fixation,4,144.54,578.16,0.1200,69.38,508.78,164.64,344.14,USD,Direct,AGR-ORTHO-26-331,CPO-004-2026-0169,SI-881223,PAID,2026-05-17T17:01:00+00:00
TXN-001225,SO-101224,2026-03-07,2026-03-07T14:02:00+00:00,CUS-002,Hudson Valley Surgical Center,ASC,NY,Northeast,REP-010,ACC-HIP-CUP-56,Acetabular System,Total hip arthroplasty,1,2945.25,2945.25,0.1100,323.98,2621.27,1517.76,1103.51,USD,Direct,AGR-ORTHO-26-317,CPO-002-2026-0170,SI-881224,PAID,2026-03-08T17:02:00+00:00
TXN-001226,SO-101225,2026-06-07,2026-06-07T14:03:00+00:00,CUS-007,Front Range Medical Center,Hospital,CO,Mountain,REP-019,ACC-HIP-CUP-56,Acetabular System,Total hip arthroplasty,2,2975.00,5950.00,0.1300,773.50,5176.50,2976.00,2200.50,USD,Direct,AGR-ORTHO-26-317,CPO-007-2026-0171,SI-881225,OPEN,2026-06-08T17:03:00+00:00
TXN-001227,SO-101226,2026-01-15,2026-01-15T14:04:00+00:00,CUS-005,Lone Star Orthopedic Network,IDN,TX,South Central,REP-014,MAKO-HIP-KIT,Robotic Procedure Kit,Robotic-assisted hip,1,1495.00,1495.00,0.1900,284.05,1210.95,625.00,585.95,USD,Direct,AGR-ORTHO-26-338,CPO-005-2026-0172,SI-881226,PAID,2026-01-15T17:04:00+00:00
TXN-001228,SO-101227,2026-03-11,2026-03-11T14:05:00+00:00,CUS-003,Great Lakes University Hospital,Academic Medical Center,OH,Midwest,REP-009,SPN-CAGE-LORD,Spine Interbody,Lumbar fusion,3,5260.00,15780.00,0.1800,2840.40,12939.60,8205.00,4734.60,USD,Direct,AGR-ORTHO-26-324,CPO-003-2026-0173,SI-881227,PAID,2026-03-11T17:05:00+00:00
TXN-001229,SO-101228,2026-05-12,2026-05-12T14:06:00+00:00,CUS-001,Atlantic Ortho Alliance,IDN,PA,Northeast,REP-004,SOM-SCREW-45,Trauma Plating,Trauma fixation,3,147.46,442.38,0.2300,101.75,340.63,126.00,214.63,USD,ASC Program,AGR-ORTHO-26-310,CPO-001-2026-0174,SI-881228,PAID,2026-05-14T17:06:00+00:00
TXN-001230,SO-101229,2026-04-14,2026-04-14T14:07:00+00:00,CUS-001,Atlantic Ortho Alliance,IDN,PA,Northeast,REP-005,TRI-KNEE-PS-05,Triathlon Knee,Total knee arthroplasty,5,4776.75,23883.75,0.2150,5135.01,18748.74,12954.00,5794.74,USD,Direct,AGR-ORTHO-26-310,CPO-001-2026-0175,SI-881229,PAID,2026-04-14T17:07:00+00:00
TXN-001231,SO-101230,2025-12-03,2025-12-03T14:08:00+00:00,CUS-005,Lone Star Orthopedic Network,IDN,TX,South Central,REP-018,TRI-KNEE-CR-04,Triathlon Knee,Total knee arthroplasty,1,4467.60,4467.60,0.1800,804.17,3663.43,2310.00,1353.43,USD,Direct,AGR-ORTHO-26-338,CPO-005-2025-0176,SI-881230,OPEN,2025-12-03T17:08:00+00:00
TXN-001232,SO-101231,2026-04-20,2026-04-20T14:09:00+00:00,CUS-003,Great Lakes University Hospital,Academic Medical Center,OH,Midwest,REP-013,MAKO-KNEE-KIT,Robotic Procedure Kit,Robotic-assisted knee,1,1640.00,1640.00,0.1600,262.40,1377.60,690.00,687.60,USD,Direct,AGR-ORTHO-26-324,CPO-003-2026-0177,SI-881231,PAID,2026-04-21T17:09:00+00:00
TXN-001233,SO-101232,2026-05-13,2026-05-13T14:10:00+00:00,CUS-004,Blue Ridge Joint Institute,Hospital,NC,Southeast,REP-010,ACC-HIP-CUP-56,Acetabular System,Total hip arthroplasty,2,3034.50,6069.00,0.1200,728.28,5340.72,2916.48,2424.24,USD,Direct,AGR-ORTHO-26-331,CPO-004-2026-0178,SI-881232,OPEN,2026-05-13T17:10:00+00:00
TXN-001234,SO-101233,2026-04-23,2026-04-23T14:11:00+00:00,CUS-002,Hudson Valley Surgical Center,ASC,NY,Northeast,REP-005,ACC-HIP-CUP-56,Acetabular System,Total hip arthroplasty,1,2945.25,2945.25,0.1450,427.06,2518.19,1488.00,1030.19,USD,Direct,AGR-ORTHO-26-317,CPO-002-2026-0179,SI-881233,PAID,2026-04-25T17:11:00+00:00
TXN-001235,SO-101234,2026-01-02,2026-01-02T14:12:00+00:00,CUS-005,Lone Star Orthopedic Network,IDN,TX,South Central,REP-015,MAKO-KNEE-KIT,Robotic Procedure Kit,Robotic-assisted knee,3,1623.60,4870.80,0.2000,974.16,3896.64,2028.60,1868.04,USD,Direct,AGR-ORTHO-26-338,CPO-005-2026-0180,SI-881234,PAID,2026-01-02T17:12:00+00:00
TXN-001236,SO-101235,2026-02-20,2026-02-20T14:13:00+00:00,CUS-002,Hudson Valley Surgical Center,ASC,NY,Northeast,REP-007,ACC-HIP-CUP-56,Acetabular System,Total hip arthroplasty,2,2975.00,5950.00,0.1100,654.50,5295.50,2916.48,2379.02,USD,Direct,AGR-ORTHO-26-317,CPO-002-2026-0181,SI-881235,PAID,2026-02-20T17:13:00+00:00
TXN-001237,SO-101236,2026-06-02,2026-06-02T14:14:00+00:00,CUS-001,Atlantic Ortho Alliance,IDN,PA,Northeast,REP-005,TRI-KNEE-PS-05,Triathlon Knee,Total knee arthroplasty,1,4825.00,4825.00,0.1800,868.50,3956.50,2540.00,1416.50,USD,Direct,AGR-ORTHO-26-310,CPO-001-2026-0182,SI-881236,PARTIALLY_PAID,2026-06-02T17:14:00+00:00
TXN-001238,SO-101237,2025-12-30,2025-12-30T14:15:00+00:00,CUS-006,Pacific Motion Surgery Partners,ASC,CA,West,REP-021,MAKO-KNEE-KIT,Robotic Procedure Kit,Robotic-assisted knee,1,1640.00,1640.00,0.1100,180.40,1459.60,676.20,783.40,USD,ASC Program,AGR-ORTHO-26-310,CPO-006-2025-0183,SI-881237,OPEN,2025-12-30T17:15:00+00:00
TXN-001239,SO-101238,2026-01-24,2026-01-24T14:16:00+00:00,CUS-005,Lone Star Orthopedic Network,IDN,TX,South Central,REP-019,SOM-SCREW-45,Trauma Plating,Trauma fixation,1,143.08,143.08,0.1800,25.75,117.33,42.00,75.33,USD,Direct,AGR-ORTHO-26-338,CPO-005-2026-0184,SI-881238,PAID,2026-01-25T17:16:00+00:00
TXN-001240,SO-101239,2026-01-10,2026-01-10T14:17:00+00:00,CUS-010,Prairie Orthopedics Cooperative,IDN,IL,Midwest,REP-028,ACC-HIP-LIN-36,Acetabular System,Total hip arthroplasty,2,1156.40,2312.80,0.2000,462.56,1850.24,1060.00,790.24,USD,Distributor,AGR-ORTHO-26-338,CPO-010-2026-0185,SI-881239,PARTIALLY_PAID,2026-01-10T17:17:00+00:00
TXN-001241,SO-101240,2026-04-06,2026-04-06T14:18:00+00:00,CUS-006,Pacific Motion Surgery Partners,ASC,CA,West,REP-017,ACC-HIP-CUP-56,Acetabular System,Total hip arthroplasty,3,3034.50,9103.50,0.1000,910.35,8193.15,4464.00,3729.15,USD,Direct,AGR-ORTHO-26-310,CPO-006-2026-0186,SI-881240,PARTIALLY_PAID,2026-04-07T17:18:00+00:00
TXN-001242,SO-101241,2026-03-29,2026-03-29T14:19:00+00:00,CUS-010,Prairie Orthopedics Cooperative,IDN,IL,Midwest,REP-030,TRI-KNEE-CR-04,Triathlon Knee,Total knee arthroplasty,1,4380.00,4380.00,0.2000,876.00,3504.00,2310.00,1194.00,USD,Distributor,AGR-ORTHO-26-338,CPO-010-2026-0187,SI-881241,PAID,2026-03-29T17:19:00+00:00
TXN-001243,SO-101242,2026-05-05,2026-05-05T14:20:00+00:00,CUS-003,Great Lakes University Hospital,Academic Medical Center,OH,Midwest,REP-010,TRI-KNEE-CR-04,Triathlon Knee,Total knee arthroplasty,1,4292.40,4292.40,0.1750,751.17,3541.23,2263.80,1277.43,USD,Direct,AGR-ORTHO-26-324,CPO-003-2026-0188,SI-881242,PAID,2026-05-06T17:20:00+00:00
TXN-001244,SO-101243,2026-03-09,2026-03-09T14:21:00+00:00,CUS-001,Atlantic Ortho Alliance,IDN,PA,Northeast,REP-005,ACC-HIP-CUP-56,Acetabular System,Total hip arthroplasty,1,3004.75,3004.75,0.1900,570.90,2433.85,1488.00,945.85,USD,Direct,AGR-ORTHO-26-310,CPO-001-2026-0189,SI-881243,PAID,2026-03-09T17:21:00+00:00
TXN-001245,SO-101244,2026-05-01,2026-05-01T14:22:00+00:00,CUS-010,Prairie Orthopedics Cooperative,IDN,IL,Midwest,REP-033,TRI-KNEE-CR-04,Triathlon Knee,Total knee arthroplasty,1,4423.80,4423.80,0.2000,884.76,3539.04,2356.20,1182.84,USD,Direct,AGR-ORTHO-26-338,CPO-010-2026-0190,SI-881244,PAID,2026-05-01T17:22:00+00:00
TXN-001246,SO-101245,2026-03-28,2026-03-28T14:23:00+00:00,CUS-008,Gulf Coast Trauma Hospital,Hospital,FL,Southeast,REP-028,TRI-KNEE-PS-05,Triathlon Knee,Total knee arthroplasty,3,4921.50,14764.50,0.1300,1919.39,12845.11,7772.40,5072.71,USD,Direct,AGR-ORTHO-26-324,CPO-008-2026-0191,SI-881245,OPEN,2026-03-30T17:23:00+00:00
TXN-001247,SO-101246,2026-01-12,2026-01-12T14:24:00+00:00,CUS-012,New England Sports Medicine,Hospital,MA,Northeast,REP-034,SOM-SCREW-45,Trauma Plating,Trauma fixation,2,146.00,292.00,0.1300,37.96,254.04,84.00,170.04,USD,Direct,AGR-ORTHO-26-317,CPO-012-2026-0192,SI-881246,OPEN,2026-01-14T17:24:00+00:00
TXN-001248,SO-101247,2026-05-11,2026-05-11T14:25:00+00:00,CUS-011,Desert Ridge Ambulatory Surgery,ASC,AZ,Mountain,REP-032,TRI-KNEE-PS-05,Triathlon Knee,Total knee arthroplasty,3,4776.75,14330.25,0.1200,1719.63,12610.62,7620.00,4990.62,USD,Distributor,AGR-ORTHO-26-310,CPO-011-2026-0193,SI-881247,OPEN,2026-05-11T17:25:00+00:00
TXN-001249,SO-101248,2026-02-11,2026-02-11T14:26:00+00:00,CUS-002,Hudson Valley Surgical Center,ASC,NY,Northeast,REP-006,TRI-KNEE-CR-04,Triathlon Knee,Total knee arthroplasty,1,4336.20,4336.20,0.1100,476.98,3859.22,2263.80,1595.42,USD,Direct,AGR-ORTHO-26-317,CPO-002-2026-0194,SI-881248,PAID,2026-02-12T17:26:00+00:00
TXN-001250,SO-101249,2026-01-21,2026-01-21T14:27:00+00:00,CUS-009,Northwest Specialty Distribution,Distributor,WA,West,REP-028,REV-FEM-STEM-12,Revision Hip,Revision arthroplasty,1,6484.20,6484.20,0.2400,1556.21,4927.99,3495.00,1432.99,USD,Direct,AGR-ORTHO-26-331,CPO-009-2026-0195,SI-881249,PAID,2026-01-22T17:27:00+00:00
TXN-001251,SO-101250,2026-02-09,2026-02-09T14:28:00+00:00,CUS-008,Gulf Coast Trauma Hospital,Hospital,FL,Southeast,REP-026,MAKO-HIP-KIT,Robotic Procedure Kit,Robotic-assisted hip,8,1495.00,11960.00,0.1300,1554.80,10405.20,4900.00,5505.20,USD,Direct,AGR-ORTHO-26-324,CPO-008-2026-0196,SI-881250,PAID,2026-02-09T17:28:00+00:00
TXN-001252,SO-101251,2026-02-23,2026-02-23T14:29:00+00:00,CUS-005,Lone Star Orthopedic Network,IDN,TX,South Central,REP-018,MAKO-KNEE-KIT,Robotic Procedure Kit,Robotic-assisted knee,3,1607.20,4821.60,0.1800,867.89,3953.71,2028.60,1925.11,USD,Distributor,AGR-ORTHO-26-338,CPO-005-2026-0197,SI-881251,OPEN,2026-02-24T17:29:00+00:00
TXN-001253,SO-101252,2026-01-15,2026-01-15T14:30:00+00:00,CUS-001,Atlantic Ortho Alliance,IDN,PA,Northeast,REP-007,ACC-HIP-LIN-36,Acetabular System,Total hip arthroplasty,1,1191.80,1191.80,0.2000,238.36,953.44,530.00,423.44,USD,Direct,AGR-ORTHO-26-310,CPO-001-2026-0198,SI-881252,PAID,2026-01-15T17:30:00+00:00
TXN-001254,SO-101253,2026-03-25,2026-03-25T14:31:00+00:00,CUS-003,Great Lakes University Hospital,Academic Medical Center,OH,Midwest,REP-007,SOM-SCREW-45,Trauma Plating,Trauma fixation,3,144.54,433.62,0.1600,69.38,364.24,126.00,238.24,USD,Distributor,AGR-ORTHO-26-324,CPO-003-2026-0199,SI-881253,OPEN,2026-03-25T17:31:00+00:00
TXN-001255,SO-101254,2025-11-23,2025-11-23T14:32:00+00:00,CUS-001,Atlantic Ortho Alliance,IDN,PA,Northeast,REP-002,ACC-HIP-CUP-56,Acetabular System,Total hip arthroplasty,1,2945.25,2945.25,0.2000,589.05,2356.20,1458.24,897.96,USD,Direct,AGR-ORTHO-26-310,CPO-001-2025-0200,SI-881254,PAID,2025-11-24T17:32:00+00:00
TXN-001256,SO-101255,2026-04-12,2026-04-12T14:33:00+00:00,CUS-009,Northwest Specialty Distribution,Distributor,WA,West,REP-027,MAKO-HIP-KIT,Robotic Procedure Kit,Robotic-assisted hip,3,1524.90,4574.70,0.2500,1143.68,3431.02,1875.00,1556.02,USD,Direct,AGR-ORTHO-26-331,CPO-009-2026-0201,SI-881255,PAID,2026-04-12T17:33:00+00:00
TXN-001257,SO-101256,2026-01-11,2026-01-11T14:34:00+00:00,CUS-001,Atlantic Ortho Alliance,IDN,PA,Northeast,REP-004,SPN-CAGE-LORD,Spine Interbody,Lumbar fusion,1,5365.20,5365.20,0.1900,1019.39,4345.81,2735.00,1610.81,USD,Direct,AGR-ORTHO-26-310,CPO-001-2026-0202,SI-881256,PAID,2026-01-12T17:34:00+00:00
TXN-001258,SO-101257,2026-02-09,2026-02-09T14:35:00+00:00,CUS-011,Desert Ridge Ambulatory Surgery,ASC,AZ,Mountain,REP-035,SOM-PLATE-8H,Trauma Plating,Trauma fixation,1,857.50,857.50,0.1100,94.33,763.17,365.00,398.17,USD,Direct,AGR-ORTHO-26-310,CPO-011-2026-0203,SI-881257,PAID,2026-02-11T17:35:00+00:00
TXN-001259,SO-101258,2026-05-02,2026-05-02T14:36:00+00:00,CUS-002,Hudson Valley Surgical Center,ASC,NY,Northeast,REP-009,TRI-KNEE-CR-04,Triathlon Knee,Total knee arthroplasty,3,4467.60,13402.80,0.1500,2010.42,11392.38,6930.00,4462.38,USD,Distributor,AGR-ORTHO-26-317,CPO-002-2026-0204,SI-881258,PAID,2026-05-04T17:36:00+00:00
TXN-001260,SO-101259,2026-04-07,2026-04-07T14:37:00+00:00,CUS-002,Hudson Valley Surgical Center,ASC,NY,Northeast,REP-010,MAKO-KNEE-KIT,Robotic Procedure Kit,Robotic-assisted knee,5,1640.00,8200.00,0.1350,1107.00,7093.00,3450.00,3643.00,USD,Direct,AGR-ORTHO-26-317,CPO-002-2026-0205,SI-881259,PAID,2026-04-07T17:37:00+00:00
TXN-001261,SO-101260,2026-04-06,2026-04-06T14:38:00+00:00,CUS-008,Gulf Coast Trauma Hospital,Hospital,FL,Southeast,REP-022,TRI-KNEE-PS-05,Triathlon Knee,Total knee arthroplasty,1,4776.75,4776.75,0.1350,644.86,4131.89,2540.00,1591.89,USD,ASC Program,AGR-ORTHO-26-324,CPO-008-2026-0206,SI-881260,PAID,2026-04-08T17:38:00+00:00
TXN-001262,SO-101261,2025-12-28,2025-12-28T14:39:00+00:00,CUS-009,Northwest Specialty Distribution,Distributor,WA,West,REP-026,SOM-SCREW-45,Trauma Plating,Trauma fixation,5,146.00,730.00,0.2400,175.20,554.80,205.80,349.00,USD,Direct,AGR-ORTHO-26-331,CPO-009-2025-0207,SI-881261,OPEN,2025-12-29T17:39:00+00:00
TXN-001263,SO-101262,2026-02-03,2026-02-03T14:40:00+00:00,CUS-012,New England Sports Medicine,Hospital,MA,Northeast,REP-036,TRI-KNEE-PS-05,Triathlon Knee,Total knee arthroplasty,1,4921.50,4921.50,0.1350,664.40,4257.10,2540.00,1717.10,USD,Direct,AGR-ORTHO-26-317,CPO-012-2026-0208,SI-881262,OPEN,2026-02-04T17:40:00+00:00
TXN-001264,SO-101263,2026-04-18,2026-04-18T14:41:00+00:00,CUS-001,Atlantic Ortho Alliance,IDN,PA,Northeast,REP-004,TRI-KNEE-PS-05,Triathlon Knee,Total knee arthroplasty,2,4921.50,9843.00,0.2150,2116.25,7726.75,4978.40,2748.35,USD,Direct,AGR-ORTHO-26-310,CPO-001-2026-0209,SI-881263,OPEN,2026-04-18T17:41:00+00:00
TXN-001265,SO-101264,2026-05-02,2026-05-02T14:42:00+00:00,CUS-005,Lone Star Orthopedic Network,IDN,TX,South Central,REP-017,ACC-HIP-CUP-56,Acetabular System,Total hip arthroplasty,1,3034.50,3034.50,0.2000,606.90,2427.60,1517.76,909.84,USD,ASC Program,AGR-ORTHO-26-338,CPO-005-2026-0210,SI-881264,PAID,2026-05-02T17:42:00+00:00
TXN-001266,SO-101265,2026-02-26,2026-02-26T14:43:00+00:00,CUS-005,Lone Star Orthopedic Network,IDN,TX,South Central,REP-018,SOM-SCREW-45,Trauma Plating,Trauma fixation,4,144.54,578.16,0.1900,109.85,468.31,168.00,300.31,USD,Direct,AGR-ORTHO-26-338,CPO-005-2026-0211,SI-881265,PAID,2026-02-28T17:43:00+00:00
TXN-001267,SO-101266,2025-11-30,2025-11-30T14:44:00+00:00,CUS-006,Pacific Motion Surgery Partners,ASC,CA,West,REP-022,SOM-PLATE-8H,Trauma Plating,Trauma fixation,1,857.50,857.50,0.1100,94.33,763.17,365.00,398.17,USD,ASC Program,AGR-ORTHO-26-310,CPO-006-2025-0001,SI-881266,PAID,2025-12-01T17:44:00+00:00
TXN-001268,SO-101267,2025-11-17,2025-11-17T14:45:00+00:00,CUS-006,Pacific Motion Surgery Partners,ASC,CA,West,REP-016,ACC-HIP-CUP-56,Acetabular System,Total hip arthroplasty,1,2975.00,2975.00,0.1100,327.25,2647.75,1488.00,1159.75,USD,ASC Program,AGR-ORTHO-26-310,CPO-006-2025-0002,SI-881267,OPEN,2025-11-18T17:45:00+00:00
TXN-001269,SO-101268,2026-04-05,2026-04-05T14:46:00+00:00,CUS-007,Front Range Medical Center,Hospital,CO,Mountain,REP-020,TRI-KNEE-PS-05,Triathlon Knee,Total knee arthroplasty,1,4873.25,4873.25,0.1400,682.26,4190.99,2489.20,1701.79,USD,Direct,AGR-ORTHO-26-317,CPO-007-2026-0003,SI-881268,OPEN,2026-04-05T17:46:00+00:00
TXN-001270,SO-101269,2026-03-05,2026-03-05T14:00:00+00:00,CUS-003,Great Lakes University Hospital,Academic Medical Center,OH,Midwest,REP-009,SOM-PLATE-8H,Trauma Plating,Trauma fixation,1,866.25,866.25,0.1700,147.26,718.99,365.00,353.99,USD,Direct,AGR-ORTHO-26-324,CPO-003-2026-0004,SI-881269,PAID,2026-03-07T17:00:00+00:00
TXN-001271,SO-101270,2026-01-12,2026-01-12T14:01:00+00:00,CUS-001,Atlantic Ortho Alliance,IDN,PA,Northeast,REP-004,ACC-HIP-CUP-56,Acetabular System,Total hip arthroplasty,1,3004.75,3004.75,0.1900,570.90,2433.85,1517.76,916.09,USD,Distributor,AGR-ORTHO-26-310,CPO-001-2026-0005,SI-881270,PAID,2026-01-12T17:01:00+00:00
TXN-001272,SO-101271,2026-03-24,2026-03-24T14:02:00+00:00,CUS-005,Lone Star Orthopedic Network,IDN,TX,South Central,REP-017,ACC-HIP-CUP-56,Acetabular System,Total hip arthroplasty,1,3004.75,3004.75,0.1800,540.86,2463.89,1488.00,975.89,USD,ASC Program,AGR-ORTHO-26-338,CPO-005-2026-0006,SI-881271,PAID,2026-03-24T17:02:00+00:00
TXN-001273,SO-101272,2025-12-04,2025-12-04T14:03:00+00:00,CUS-002,Hudson Valley Surgical Center,ASC,NY,Northeast,REP-009,ACC-HIP-CUP-56,Acetabular System,Total hip arthroplasty,3,3004.75,9014.25,0.1100,991.57,8022.68,4464.00,3558.68,USD,Distributor,AGR-ORTHO-26-317,CPO-002-2025-0007,SI-881272,PAID,2025-12-06T17:03:00+00:00
TXN-001274,SO-101273,2026-04-27,2026-04-27T14:04:00+00:00,CUS-003,Great Lakes University Hospital,Academic Medical Center,OH,Midwest,REP-013,ACC-HIP-LIN-36,Acetabular System,Total hip arthroplasty,3,1180.00,3540.00,0.1700,601.80,2938.20,1621.80,1316.40,USD,ASC Program,AGR-ORTHO-26-324,CPO-003-2026-0008,SI-881273,OPEN,2026-04-27T17:04:00+00:00
TXN-001275,SO-101274,2026-03-17,2026-03-17T14:05:00+00:00,CUS-005,Lone Star Orthopedic Network,IDN,TX,South Central,REP-013,SOM-PLATE-8H,Trauma Plating,Trauma fixation,2,875.00,1750.00,0.1800,315.00,1435.00,744.60,690.40,USD,Direct,AGR-ORTHO-26-338,CPO-005-2026-0009,SI-881274,PAID,2026-03-17T17:05:00+00:00
TXN-001276,SO-101275,2025-12-21,2025-12-21T14:06:00+00:00,CUS-009,Northwest Specialty Distribution,Distributor,WA,West,REP-026,SOM-PLATE-8H,Trauma Plating,Trauma fixation,8,875.00,7000.00,0.2400,1680.00,5320.00,2978.40,2341.60,USD,Direct,AGR-ORTHO-26-331,CPO-009-2025-0010,SI-881275,PAID,2025-12-23T17:06:00+00:00
TXN-001277,SO-101276,2026-03-22,2026-03-22T14:07:00+00:00,CUS-005,Lone Star Orthopedic Network,IDN,TX,South Central,REP-015,SPN-CAGE-LORD,Spine Interbody,Lumbar fusion,1,5312.60,5312.60,0.1950,1035.96,4276.64,2680.30,1596.34,USD,Direct,AGR-ORTHO-26-338,CPO-005-2026-0011,SI-881276,PAID,2026-03-23T17:07:00+00:00
TXN-001278,SO-101277,2025-12-06,2025-12-06T14:08:00+00:00,CUS-001,Atlantic Ortho Alliance,IDN,PA,Northeast,REP-004,SPN-CAGE-LORD,Spine Interbody,Lumbar fusion,3,5154.80,15464.40,0.1900,2938.24,12526.16,8369.10,4157.06,USD,ASC Program,AGR-ORTHO-26-310,CPO-001-2025-0012,SI-881277,PAID,2025-12-07T17:08:00+00:00
TXN-001279,SO-101278,2026-03-02,2026-03-02T14:09:00+00:00,CUS-004,Blue Ridge Joint Institute,Hospital,NC,Southeast,REP-014,ACC-HIP-CUP-56,Acetabular System,Total hip arthroplasty,2,3004.75,6009.50,0.1400,841.33,5168.17,2916.48,2251.69,USD,Direct,AGR-ORTHO-26-331,CPO-004-2026-0013,SI-881278,PAID,2026-03-04T17:09:00+00:00
TXN-001280,SO-101279,2026-03-05,2026-03-05T14:10:00+00:00,CUS-003,Great Lakes University Hospital,Academic Medical Center,OH,Midwest,REP-012,REV-FEM-STEM-12,Revision Hip,Revision arthroplasty,1,6420.00,6420.00,0.1800,1155.60,5264.40,3495.00,1769.40,USD,Direct,AGR-ORTHO-26-324,CPO-003-2026-0014,SI-881279,OPEN,2026-03-05T17:10:00+00:00
TXN-001281,SO-101280,2026-02-16,2026-02-16T14:11:00+00:00,CUS-003,Great Lakes University Hospital,Academic Medical Center,OH,Midwest,REP-013,SOM-SCREW-45,Trauma Plating,Trauma fixation,3,146.00,438.00,0.1750,76.65,361.35,126.00,235.35,USD,Distributor,AGR-ORTHO-26-324,CPO-003-2026-0015,SI-881280,PAID,2026-02-16T17:11:00+00:00
TXN-001282,SO-101281,2026-01-30,2026-01-30T14:12:00+00:00,CUS-001,Atlantic Ortho Alliance,IDN,PA,Northeast,REP-001,ACC-HIP-CUP-56,Acetabular System,Total hip arthroplasty,2,2975.00,5950.00,0.2000,1190.00,4760.00,2916.48,1843.52,USD,ASC Program,AGR-ORTHO-26-310,CPO-001-2026-0016,SI-881281,PAID,2026-02-01T17:12:00+00:00
TXN-001283,SO-101282,2025-11-27,2025-11-27T14:13:00+00:00,CUS-008,Gulf Coast Trauma Hospital,Hospital,FL,Southeast,REP-023,SPN-CAGE-LORD,Spine Interbody,Lumbar fusion,2,5260.00,10520.00,0.1400,1472.80,9047.20,5579.40,3467.80,USD,ASC Program,AGR-ORTHO-26-324,CPO-008-2025-0017,SI-881282,PAID,2025-11-27T17:13:00+00:00
TXN-001284,SO-101283,2026-04-25,2026-04-25T14:14:00+00:00,CUS-001,Atlantic Ortho Alliance,IDN,PA,Northeast,REP-003,TRI-KNEE-CR-04,Triathlon Knee,Total knee arthroplasty,4,4380.00,17520.00,0.2250,3942.00,13578.00,9240.00,4338.00,USD,Direct,AGR-ORTHO-26-310,CPO-001-2026-0018,SI-881283,OPEN,2026-04-25T17:14:00+00:00
TXN-001285,SO-101284,2026-06-21,2026-06-21T14:15:00+00:00,CUS-011,Desert Ridge Ambulatory Surgery,ASC,AZ,Mountain,REP-034,SPN-CAGE-LORD,Spine Interbody,Lumbar fusion,1,5365.20,5365.20,0.1100,590.17,4775.03,2680.30,2094.73,USD,Direct,AGR-ORTHO-26-310,CPO-011-2026-0019,SI-881284,PAID,2026-06-21T17:15:00+00:00
TXN-001286,SO-101285,2026-04-28,2026-04-28T14:16:00+00:00,CUS-012,New England Sports Medicine,Hospital,MA,Northeast,REP-038,REV-FEM-STEM-12,Revision Hip,Revision arthroplasty,1,6484.20,6484.20,0.1750,1134.74,5349.46,3495.00,1854.46,USD,Direct,AGR-ORTHO-26-317,CPO-012-2026-0020,SI-881285,PARTIALLY_PAID,2026-04-29T17:16:00+00:00
TXN-001287,SO-101286,2025-12-22,2025-12-22T14:17:00+00:00,CUS-001,Atlantic Ortho Alliance,IDN,PA,Northeast,REP-006,ACC-HIP-LIN-36,Acetabular System,Total hip arthroplasty,1,1168.20,1168.20,0.1950,227.80,940.40,530.00,410.40,USD,Direct,AGR-ORTHO-26-310,CPO-001-2025-0021,SI-881286,PAID,2025-12-22T17:17:00+00:00
TXN-001288,SO-101287,2025-12-16,2025-12-16T14:18:00+00:00,CUS-002,Hudson Valley Surgical Center,ASC,NY,Northeast,REP-010,SPN-CAGE-LORD,Spine Interbody,Lumbar fusion,1,5260.00,5260.00,0.1100,578.60,4681.40,2680.30,2001.10,USD,Direct,AGR-ORTHO-26-317,CPO-002-2025-0022,SI-881287,PAID,2025-12-17T17:18:00+00:00
TXN-001289,SO-101288,2026-05-31,2026-05-31T14:19:00+00:00,CUS-007,Front Range Medical Center,Hospital,CO,Mountain,REP-019,TRI-KNEE-CR-04,Triathlon Knee,Total knee arthroplasty,3,4380.00,13140.00,0.1200,1576.80,11563.20,7068.60,4494.60,USD,Direct,AGR-ORTHO-26-317,CPO-007-2026-0023,SI-881288,PAID,2026-05-31T17:19:00+00:00
TXN-001290,SO-101289,2026-04-08,2026-04-08T14:20:00+00:00,CUS-008,Gulf Coast Trauma Hospital,Hospital,FL,Southeast,REP-023,ACC-HIP-LIN-36,Acetabular System,Total hip arthroplasty,1,1180.00,1180.00,0.1200,141.60,1038.40,530.00,508.40,USD,Direct,AGR-ORTHO-26-324,CPO-008-2026-0024,SI-881289,PAID,2026-04-08T17:20:00+00:00
TXN-001291,SO-101290,2026-05-07,2026-05-07T14:21:00+00:00,CUS-005,Lone Star Orthopedic Network,IDN,TX,South Central,REP-015,REV-FEM-STEM-12,Revision Hip,Revision arthroplasty,1,6291.60,6291.60,0.1900,1195.40,5096.20,3495.00,1601.20,USD,Direct,AGR-ORTHO-26-338,CPO-005-2026-0025,SI-881290,PAID,2026-05-07T17:21:00+00:00
TXN-001292,SO-101291,2026-04-18,2026-04-18T14:22:00+00:00,CUS-005,Lone Star Orthopedic Network,IDN,TX,South Central,REP-016,TRI-KNEE-PS-05,Triathlon Knee,Total knee arthroplasty,2,4728.50,9457.00,0.1900,1796.83,7660.17,5181.60,2478.57,USD,Direct,AGR-ORTHO-26-338,CPO-005-2026-0026,SI-881291,OPEN,2026-04-18T17:22:00+00:00
TXN-001293,SO-101292,2026-03-25,2026-03-25T14:23:00+00:00,CUS-010,Prairie Orthopedics Cooperative,IDN,IL,Midwest,REP-032,TRI-KNEE-CR-04,Triathlon Knee,Total knee arthroplasty,1,4423.80,4423.80,0.1800,796.28,3627.52,2356.20,1271.32,USD,Direct,AGR-ORTHO-26-338,CPO-010-2026-0027,SI-881292,OPEN,2026-03-25T17:23:00+00:00
TXN-001294,SO-101293,2026-03-23,2026-03-23T14:24:00+00:00,CUS-009,Northwest Specialty Distribution,Distributor,WA,West,REP-030,REV-FEM-STEM-12,Revision Hip,Revision arthroplasty,4,6291.60,25166.40,0.2500,6291.60,18874.80,13980.00,4894.80,USD,Distributor,AGR-ORTHO-26-331,CPO-009-2026-0028,SI-881293,OPEN,2026-03-25T17:24:00+00:00
TXN-001295,SO-101294,2025-12-14,2025-12-14T14:25:00+00:00,CUS-008,Gulf Coast Trauma Hospital,Hospital,FL,Southeast,REP-028,TRI-KNEE-PS-05,Triathlon Knee,Total knee arthroplasty,2,4921.50,9843.00,0.1300,1279.59,8563.41,4978.40,3585.01,USD,Direct,AGR-ORTHO-26-324,CPO-008-2025-0029,SI-881294,OPEN,2025-12-16T17:25:00+00:00
TXN-001296,SO-101295,2026-05-05,2026-05-05T14:26:00+00:00,CUS-002,Hudson Valley Surgical Center,ASC,NY,Northeast,REP-004,TRI-KNEE-CR-04,Triathlon Knee,Total knee arthroplasty,1,4292.40,4292.40,0.1450,622.40,3670.00,2310.00,1360.00,USD,Direct,AGR-ORTHO-26-317,CPO-002-2026-0030,SI-881295,PAID,2026-05-05T17:26:00+00:00
TXN-001297,SO-101296,2026-04-27,2026-04-27T14:27:00+00:00,CUS-002,Hudson Valley Surgical Center,ASC,NY,Northeast,REP-005,ACC-HIP-LIN-36,Acetabular System,Total hip arthroplasty,2,1180.00,2360.00,0.1450,342.20,2017.80,1081.20,936.60,USD,ASC Program,AGR-ORTHO-26-317,CPO-002-2026-0031,SI-881296,PAID,2026-04-27T17:27:00+00:00
TXN-001298,SO-101297,2026-04-20,2026-04-20T14:28:00+00:00,CUS-005,Lone Star Orthopedic Network,IDN,TX,South Central,REP-015,REV-FEM-STEM-12,Revision Hip,Revision arthroplasty,1,6484.20,6484.20,0.1950,1264.42,5219.78,3564.90,1654.88,USD,Direct,AGR-ORTHO-26-338,CPO-005-2026-0032,SI-881297,PAID,2026-04-20T17:28:00+00:00
TXN-001299,SO-101298,2026-04-15,2026-04-15T14:29:00+00:00,CUS-007,Front Range Medical Center,Hospital,CO,Mountain,REP-022,TRI-KNEE-CR-04,Triathlon Knee,Total knee arthroplasty,1,4467.60,4467.60,0.1350,603.13,3864.47,2263.80,1600.67,USD,Direct,AGR-ORTHO-26-317,CPO-007-2026-0033,SI-881298,PAID,2026-04-17T17:29:00+00:00
TXN-001300,SO-101299,2026-05-18,2026-05-18T14:30:00+00:00,CUS-010,Prairie Orthopedics Cooperative,IDN,IL,Midwest,REP-032,TRI-KNEE-PS-05,Triathlon Knee,Total knee arthroplasty,2,4921.50,9843.00,0.1900,1870.17,7972.83,5080.00,2892.83,USD,Direct,AGR-ORTHO-26-338,CPO-010-2026-0034,SI-881299,OPEN,2026-05-20T17:30:00+00:00
TXN-001301,SO-101300,2025-11-08,2025-11-08T14:31:00+00:00,CUS-005,Lone Star Orthopedic Network,IDN,TX,South Central,REP-018,ACC-HIP-LIN-36,Acetabular System,Total hip arthroplasty,1,1180.00,1180.00,0.1900,224.20,955.80,540.60,415.20,USD,Direct,AGR-ORTHO-26-338,CPO-005-2025-0035,SI-881300,PAID,2025-11-09T17:31:00+00:00
TXN-001302,SO-101301,2026-02-13,2026-02-13T14:32:00+00:00,CUS-007,Front Range Medical Center,Hospital,CO,Mountain,REP-025,ACC-HIP-CUP-56,Acetabular System,Total hip arthroplasty,2,2915.50,5831.00,0.1300,758.03,5072.97,3035.52,2037.45,USD,Direct,AGR-ORTHO-26-317,CPO-007-2026-0036,SI-881301,OPEN,2026-02-13T17:32:00+00:00
TXN-001303,SO-101302,2026-05-22,2026-05-22T14:33:00+00:00,CUS-007,Front Range Medical Center,Hospital,CO,Mountain,REP-019,SOM-PLATE-8H,Trauma Plating,Trauma fixation,1,866.25,866.25,0.1200,103.95,762.30,372.30,390.00,USD,Direct,AGR-ORTHO-26-317,CPO-007-2026-0037,SI-881302,PAID,2026-05-22T17:33:00+00:00
TXN-001304,SO-101303,2026-05-16,2026-05-16T14:34:00+00:00,CUS-010,Prairie Orthopedics Cooperative,IDN,IL,Midwest,REP-029,REV-FEM-STEM-12,Revision Hip,Revision arthroplasty,3,6548.40,19645.20,0.1950,3830.81,15814.39,10275.30,5539.09,USD,ASC Program,AGR-ORTHO-26-338,CPO-010-2026-0038,SI-881303,PARTIALLY_PAID,2026-05-16T17:34:00+00:00
TXN-001305,SO-101304,2026-05-05,2026-05-05T14:35:00+00:00,CUS-003,Great Lakes University Hospital,Academic Medical Center,OH,Midwest,REP-009,TRI-KNEE-PS-05,Triathlon Knee,Total knee arthroplasty,3,4776.75,14330.25,0.1600,2292.84,12037.41,7620.00,4417.41,USD,ASC Program,AGR-ORTHO-26-324,CPO-003-2026-0039,SI-881304,PAID,2026-05-05T17:35:00+00:00
TXN-001306,SO-101305,2026-01-09,2026-01-09T14:36:00+00:00,CUS-002,Hudson Valley Surgical Center,ASC,NY,Northeast,REP-007,MAKO-HIP-KIT,Robotic Procedure Kit,Robotic-assisted hip,1,1480.05,1480.05,0.1100,162.81,1317.24,612.50,704.74,USD,Distributor,AGR-ORTHO-26-317,CPO-002-2026-0040,SI-881305,PAID,2026-01-11T17:36:00+00:00
TXN-001307,SO-101306,2026-04-28,2026-04-28T14:37:00+00:00,CUS-009,Northwest Specialty Distribution,Distributor,WA,West,REP-029,MAKO-KNEE-KIT,Robotic Procedure Kit,Robotic-assisted knee,1,1640.00,1640.00,0.2400,393.60,1246.40,703.80,542.60,USD,Direct,AGR-ORTHO-26-331,CPO-009-2026-0041,SI-881306,OPEN,2026-04-28T17:37:00+00:00
TXN-001308,SO-101307,2025-12-03,2025-12-03T14:38:00+00:00,CUS-002,Hudson Valley Surgical Center,ASC,NY,Northeast,REP-009,ACC-HIP-LIN-36,Acetabular System,Total hip arthroplasty,2,1203.60,2407.20,0.1000,240.72,2166.48,1081.20,1085.28,USD,ASC Program,AGR-ORTHO-26-317,CPO-002-2025-0042,SI-881307,PARTIALLY_PAID,2025-12-03T17:38:00+00:00
TXN-001309,SO-101308,2026-04-01,2026-04-01T14:39:00+00:00,CUS-009,Northwest Specialty Distribution,Distributor,WA,West,REP-031,REV-FEM-STEM-12,Revision Hip,Revision arthroplasty,2,6355.80,12711.60,0.2450,3114.34,9597.26,7129.80,2467.46,USD,Direct,AGR-ORTHO-26-331,CPO-009-2026-0043,SI-881308,OPEN,2026-04-02T17:39:00+00:00
TXN-001310,SO-101309,2026-04-12,2026-04-12T14:40:00+00:00,CUS-006,Pacific Motion Surgery Partners,ASC,CA,West,REP-016,MAKO-KNEE-KIT,Robotic Procedure Kit,Robotic-assisted knee,3,1640.00,4920.00,0.1100,541.20,4378.80,2070.00,2308.80,USD,Direct,AGR-ORTHO-26-310,CPO-006-2026-0044,SI-881309,OPEN,2026-04-12T17:40:00+00:00
TXN-001311,SO-101310,2026-05-14,2026-05-14T14:41:00+00:00,CUS-003,Great Lakes University Hospital,Academic Medical Center,OH,Midwest,REP-008,TRI-KNEE-CR-04,Triathlon Knee,Total knee arthroplasty,2,4336.20,8672.40,0.1800,1561.03,7111.37,4620.00,2491.37,USD,Direct,AGR-ORTHO-26-324,CPO-003-2026-0045,SI-881310,PAID,2026-05-16T17:41:00+00:00
TXN-001312,SO-101311,2026-02-14,2026-02-14T14:42:00+00:00,CUS-012,New England Sports Medicine,Hospital,MA,Northeast,REP-036,SOM-SCREW-45,Trauma Plating,Trauma fixation,1,146.00,146.00,0.1200,17.52,128.48,42.84,85.64,USD,Distributor,AGR-ORTHO-26-317,CPO-012-2026-0046,SI-881311,PAID,2026-02-14T17:42:00+00:00
TXN-001313,SO-101312,2026-05-12,2026-05-12T14:43:00+00:00,CUS-012,New England Sports Medicine,Hospital,MA,Northeast,REP-037,MAKO-HIP-KIT,Robotic Procedure Kit,Robotic-assisted hip,8,1495.00,11960.00,0.1650,1973.40,9986.60,5000.00,4986.60,USD,ASC Program,AGR-ORTHO-26-317,CPO-012-2026-0047,SI-881312,PAID,2026-05-14T17:43:00+00:00
TXN-001314,SO-101313,2025-12-01,2025-12-01T14:44:00+00:00,CUS-002,Hudson Valley Surgical Center,ASC,NY,Northeast,REP-008,ACC-HIP-LIN-36,Acetabular System,Total hip arthroplasty,2,1180.00,2360.00,0.1100,259.60,2100.40,1060.00,1040.40,USD,Direct,AGR-ORTHO-26-317,CPO-002-2025-0048,SI-881313,DISPUTED,2025-12-01T17:44:00+00:00
TXN-001315,SO-101314,2026-05-08,2026-05-08T14:45:00+00:00,CUS-004,Blue Ridge Joint Institute,Hospital,NC,Southeast,REP-015,TRI-KNEE-PS-05,Triathlon Knee,Total knee arthroplasty,1,4921.50,4921.50,0.1200,590.58,4330.92,2540.00,1790.92,USD,Distributor,AGR-ORTHO-26-331,CPO-004-2026-0049,SI-881314,PAID,2026-05-08T17:45:00+00:00
TXN-001316,SO-101315,2026-02-26,2026-02-26T14:46:00+00:00,CUS-003,Great Lakes University Hospital,Academic Medical Center,OH,Midwest,REP-013,ACC-HIP-CUP-56,Acetabular System,Total hip arthroplasty,5,2915.50,14577.50,0.1700,2478.18,12099.32,7440.00,4659.32,USD,Direct,AGR-ORTHO-26-324,CPO-003-2026-0050,SI-881315,PAID,2026-02-27T17:46:00+00:00
TXN-001317,SO-101316,2026-03-14,2026-03-14T14:00:00+00:00,CUS-004,Blue Ridge Joint Institute,Hospital,NC,Southeast,REP-010,MAKO-KNEE-KIT,Robotic Procedure Kit,Robotic-assisted knee,2,1623.60,3247.20,0.1300,422.14,2825.06,1380.00,1445.06,USD,Direct,AGR-ORTHO-26-331,CPO-004-2026-0051,SI-881316,PARTIALLY_PAID,2026-03-14T17:00:00+00:00
TXN-001318,SO-101317,2025-11-07,2025-11-07T14:01:00+00:00,CUS-009,Northwest Specialty Distribution,Distributor,WA,West,REP-026,SPN-CAGE-LORD,Spine Interbody,Lumbar fusion,3,5365.20,16095.60,0.2400,3862.94,12232.66,8040.90,4191.76,USD,Direct,AGR-ORTHO-26-331,CPO-009-2025-0052,SI-881317,PAID,2025-11-07T17:01:00+00:00
TXN-001319,SO-101318,2026-03-07,2026-03-07T14:02:00+00:00,CUS-001,Atlantic Ortho Alliance,IDN,PA,Northeast,REP-003,TRI-KNEE-PS-05,Triathlon Knee,Total knee arthroplasty,2,4776.75,9553.50,0.1900,1815.17,7738.33,5080.00,2658.33,USD,ASC Program,AGR-ORTHO-26-310,CPO-001-2026-0053,SI-881318,PAID,2026-03-08T17:02:00+00:00
TXN-001320,SO-101319,2025-12-23,2025-12-23T14:03:00+00:00,CUS-009,Northwest Specialty Distribution,Distributor,WA,West,REP-028,MAKO-KNEE-KIT,Robotic Procedure Kit,Robotic-assisted knee,3,1656.40,4969.20,0.2400,1192.61,3776.59,2111.40,1665.19,USD,Direct,AGR-ORTHO-26-331,CPO-009-2025-0054,SI-881319,OPEN,2025-12-24T17:03:00+00:00
TXN-001321,SO-101320,2026-05-06,2026-05-06T14:04:00+00:00,CUS-005,Lone Star Orthopedic Network,IDN,TX,South Central,REP-017,TRI-KNEE-PS-05,Triathlon Knee,Total knee arthroplasty,1,4776.75,4776.75,0.1900,907.58,3869.17,2590.80,1278.37,USD,Direct,AGR-ORTHO-26-338,CPO-005-2026-0055,SI-881320,PARTIALLY_PAID,2026-05-07T17:04:00+00:00
TXN-001322,SO-101321,2026-04-07,2026-04-07T14:05:00+00:00,CUS-005,Lone Star Orthopedic Network,IDN,TX,South Central,REP-018,SOM-SCREW-45,Trauma Plating,Trauma fixation,5,143.08,715.40,0.1950,139.50,575.90,205.80,370.10,USD,Direct,AGR-ORTHO-26-338,CPO-005-2026-0056,SI-881321,PAID,2026-04-07T17:05:00+00:00
TXN-001323,SO-101322,2026-04-25,2026-04-25T14:06:00+00:00,CUS-005,Lone Star Orthopedic Network,IDN,TX,South Central,REP-019,ACC-HIP-CUP-56,Acetabular System,Total hip arthroplasty,1,3034.50,3034.50,0.2000,606.90,2427.60,1488.00,939.60,USD,Direct,AGR-ORTHO-26-338,CPO-005-2026-0057,SI-881322,PAID,2026-04-25T17:06:00+00:00
TXN-001324,SO-101323,2026-03-08,2026-03-08T14:07:00+00:00,CUS-001,Atlantic Ortho Alliance,IDN,PA,Northeast,REP-001,REV-FEM-STEM-12,Revision Hip,Revision arthroplasty,1,6291.60,6291.60,0.1900,1195.40,5096.20,3495.00,1601.20,USD,ASC Program,AGR-ORTHO-26-310,CPO-001-2026-0058,SI-881323,PAID,2026-03-09T17:07:00+00:00
TXN-001325,SO-101324,2026-02-25,2026-02-25T14:08:00+00:00,CUS-003,Great Lakes University Hospital,Academic Medical Center,OH,Midwest,REP-008,TRI-KNEE-CR-04,Triathlon Knee,Total knee arthroplasty,1,4423.80,4423.80,0.1600,707.81,3715.99,2263.80,1452.19,USD,ASC Program,AGR-ORTHO-26-324,CPO-003-2026-0059,SI-881324,OPEN,2026-02-26T17:08:00+00:00
TXN-001326,SO-101325,2026-04-12,2026-04-12T14:09:00+00:00,CUS-006,Pacific Motion Surgery Partners,ASC,CA,West,REP-018,REV-FEM-STEM-12,Revision Hip,Revision arthroplasty,1,6420.00,6420.00,0.1100,706.20,5713.80,3425.10,2288.70,USD,Direct,AGR-ORTHO-26-310,CPO-006-2026-0060,SI-881325,PAID,2026-04-14T17:09:00+00:00
TXN-001327,SO-101326,2025-11-17,2025-11-17T14:10:00+00:00,CUS-005,Lone Star Orthopedic Network,IDN,TX,South Central,REP-016,MAKO-KNEE-KIT,Robotic Procedure Kit,Robotic-assisted knee,1,1640.00,1640.00,0.1800,295.20,1344.80,676.20,668.60,USD,Direct,AGR-ORTHO-26-338,CPO-005-2025-0061,SI-881326,PAID,2025-11-17T17:10:00+00:00
TXN-001328,SO-101327,2026-05-11,2026-05-11T14:11:00+00:00,CUS-005,Lone Star Orthopedic Network,IDN,TX,South Central,REP-017,SPN-CAGE-LORD,Spine Interbody,Lumbar fusion,3,5312.60,15937.80,0.2000,3187.56,12750.24,8040.90,4709.34,USD,Direct,AGR-ORTHO-26-338,CPO-005-2026-0062,SI-881327,OPEN,2026-05-11T17:11:00+00:00
TXN-001329,SO-101328,2026-01-01,2026-01-01T14:12:00+00:00,CUS-010,Prairie Orthopedics Cooperative,IDN,IL,Midwest,REP-033,MAKO-KNEE-KIT,Robotic Procedure Kit,Robotic-assisted knee,8,1640.00,13120.00,0.1900,2492.80,10627.20,5630.40,4996.80,USD,Direct,AGR-ORTHO-26-338,CPO-010-2026-0063,SI-881328,PAID,2026-01-03T17:12:00+00:00
TXN-001330,SO-101329,2026-03-12,2026-03-12T14:13:00+00:00,CUS-006,Pacific Motion Surgery Partners,ASC,CA,West,REP-022,TRI-KNEE-CR-04,Triathlon Knee,Total knee arthroplasty,2,4380.00,8760.00,0.1150,1007.40,7752.60,4527.60,3225.00,USD,Direct,AGR-ORTHO-26-310,CPO-006-2026-0064,SI-881329,PAID,2026-03-13T17:13:00+00:00
TXN-001331,SO-101330,2026-01-03,2026-01-03T14:14:00+00:00,CUS-006,Pacific Motion Surgery Partners,ASC,CA,West,REP-016,TRI-KNEE-CR-04,Triathlon Knee,Total knee arthroplasty,2,4292.40,8584.80,0.1100,944.33,7640.47,4620.00,3020.47,USD,ASC Program,AGR-ORTHO-26-310,CPO-006-2026-0065,SI-881330,PAID,2026-01-03T17:14:00+00:00
TXN-001332,SO-101331,2025-12-06,2025-12-06T14:15:00+00:00,CUS-009,Northwest Specialty Distribution,Distributor,WA,West,REP-026,ACC-HIP-CUP-56,Acetabular System,Total hip arthroplasty,1,2975.00,2975.00,0.2500,743.75,2231.25,1458.24,773.01,USD,Distributor,AGR-ORTHO-26-331,CPO-009-2025-0066,SI-881331,OPEN,2025-12-06T17:15:00+00:00
TXN-001333,SO-101332,2026-02-15,2026-02-15T14:16:00+00:00,CUS-005,Lone Star Orthopedic Network,IDN,TX,South Central,REP-015,REV-FEM-STEM-12,Revision Hip,Revision arthroplasty,2,6355.80,12711.60,0.1900,2415.20,10296.40,6850.20,3446.20,USD,Distributor,AGR-ORTHO-26-338,CPO-005-2026-0067,SI-881332,PAID,2026-02-17T17:16:00+00:00
TXN-001334,SO-101333,2025-11-14,2025-11-14T14:17:00+00:00,CUS-002,Hudson Valley Surgical Center,ASC,NY,Northeast,REP-007,REV-FEM-STEM-12,Revision Hip,Revision arthroplasty,1,6291.60,6291.60,0.1150,723.53,5568.07,3495.00,2073.07,USD,Direct,AGR-ORTHO-26-317,CPO-002-2025-0068,SI-881333,PAID,2025-11-16T17:17:00+00:00
TXN-001335,SO-101334,2026-05-07,2026-05-07T14:18:00+00:00,CUS-001,Atlantic Ortho Alliance,IDN,PA,Northeast,REP-005,MAKO-KNEE-KIT,Robotic Procedure Kit,Robotic-assisted knee,2,1640.00,3280.00,0.2350,770.80,2509.20,1407.60,1101.60,USD,Direct,AGR-ORTHO-26-310,CPO-001-2026-0069,SI-881334,PAID,2026-05-08T17:18:00+00:00
TXN-001336,SO-101335,2026-03-14,2026-03-14T14:19:00+00:00,CUS-002,Hudson Valley Surgical Center,ASC,NY,Northeast,REP-009,TRI-KNEE-CR-04,Triathlon Knee,Total knee arthroplasty,2,4380.00,8760.00,0.1100,963.60,7796.40,4620.00,3176.40,USD,Direct,AGR-ORTHO-26-317,CPO-002-2026-0070,SI-881335,PARTIALLY_PAID,2026-03-14T17:19:00+00:00
TXN-001337,SO-101336,2026-04-12,2026-04-12T14:20:00+00:00,CUS-010,Prairie Orthopedics Cooperative,IDN,IL,Midwest,REP-034,ACC-HIP-LIN-36,Acetabular System,Total hip arthroplasty,1,1203.60,1203.60,0.1800,216.65,986.95,540.60,446.35,USD,Direct,AGR-ORTHO-26-338,CPO-010-2026-0071,SI-881336,PAID,2026-04-13T17:20:00+00:00
TXN-001338,SO-101337,2026-02-13,2026-02-13T14:21:00+00:00,CUS-003,Great Lakes University Hospital,Academic Medical Center,OH,Midwest,REP-007,TRI-KNEE-PS-05,Triathlon Knee,Total knee arthroplasty,1,4825.00,4825.00,0.1700,820.25,4004.75,2540.00,1464.75,USD,Direct,AGR-ORTHO-26-324,CPO-003-2026-0072,SI-881337,PAID,2026-02-13T17:21:00+00:00
TXN-001339,SO-101338,2026-01-09,2026-01-09T14:22:00+00:00,CUS-004,Blue Ridge Joint Institute,Hospital,NC,Southeast,REP-011,REV-FEM-STEM-12,Revision Hip,Revision arthroplasty,5,6420.00,32100.00,0.1350,4333.50,27766.50,17475.00,10291.50,USD,ASC Program,AGR-ORTHO-26-331,CPO-004-2026-0073,SI-881338,PAID,2026-01-09T17:22:00+00:00
TXN-001340,SO-101339,2025-11-28,2025-11-28T14:23:00+00:00,CUS-008,Gulf Coast Trauma Hospital,Hospital,FL,Southeast,REP-024,TRI-KNEE-PS-05,Triathlon Knee,Total knee arthroplasty,2,4825.00,9650.00,0.1300,1254.50,8395.50,5080.00,3315.50,USD,ASC Program,AGR-ORTHO-26-324,CPO-008-2025-0074,SI-881339,PAID,2025-11-29T17:23:00+00:00
TXN-001341,SO-101340,2026-04-19,2026-04-19T14:24:00+00:00,CUS-007,Front Range Medical Center,Hospital,CO,Mountain,REP-022,TRI-KNEE-CR-04,Triathlon Knee,Total knee arthroplasty,1,4336.20,4336.20,0.1300,563.71,3772.49,2263.80,1508.69,USD,Direct,AGR-ORTHO-26-317,CPO-007-2026-0075,SI-881340,OPEN,2026-04-19T17:24:00+00:00
TXN-001342,SO-101341,2026-03-09,2026-03-09T14:25:00+00:00,CUS-004,Blue Ridge Joint Institute,Hospital,NC,Southeast,REP-014,MAKO-KNEE-KIT,Robotic Procedure Kit,Robotic-assisted knee,1,1672.80,1672.80,0.1350,225.83,1446.97,690.00,756.97,USD,Direct,AGR-ORTHO-26-331,CPO-004-2026-0076,SI-881341,PAID,2026-03-09T17:25:00+00:00
TXN-001343,SO-101342,2026-04-21,2026-04-21T14:26:00+00:00,CUS-002,Hudson Valley Surgical Center,ASC,NY,Northeast,REP-009,ACC-HIP-CUP-56,Acetabular System,Total hip arthroplasty,3,2945.25,8835.75,0.1550,1369.54,7466.21,4464.00,3002.21,USD,Direct,AGR-ORTHO-26-317,CPO-002-2026-0077,SI-881342,PAID,2026-04-21T17:26:00+00:00
TXN-001344,SO-101343,2026-04-12,2026-04-12T14:27:00+00:00,CUS-007,Front Range Medical Center,Hospital,CO,Mountain,REP-025,TRI-KNEE-CR-04,Triathlon Knee,Total knee arthroplasty,1,4380.00,4380.00,0.1200,525.60,3854.40,2310.00,1544.40,USD,Direct,AGR-ORTHO-26-317,CPO-007-2026-0078,SI-881343,PAID,2026-04-13T17:27:00+00:00
TXN-001345,SO-101344,2025-10-20,2025-10-20T14:28:00+00:00,CUS-011,Desert Ridge Ambulatory Surgery,ASC,AZ,Mountain,REP-031,TRI-KNEE-PS-05,Triathlon Knee,Total knee arthroplasty,1,4873.25,4873.25,0.1100,536.06,4337.19,2540.00,1797.19,USD,ASC Program,AGR-ORTHO-26-310,CPO-011-2025-0079,SI-881344,OPEN,2025-10-21T17:28:00+00:00
TXN-001346,SO-101345,2026-03-10,2026-03-10T14:29:00+00:00,CUS-006,Pacific Motion Surgery Partners,ASC,CA,West,REP-017,TRI-KNEE-PS-05,Triathlon Knee,Total knee arthroplasty,2,4825.00,9650.00,0.1150,1109.75,8540.25,5181.60,3358.65,USD,Direct,AGR-ORTHO-26-310,CPO-006-2026-0080,SI-881345,PAID,2026-03-10T17:29:00+00:00
TXN-001347,SO-101346,2026-01-26,2026-01-26T14:30:00+00:00,CUS-004,Blue Ridge Joint Institute,Hospital,NC,Southeast,REP-012,MAKO-HIP-KIT,Robotic Procedure Kit,Robotic-assisted hip,1,1495.00,1495.00,0.1300,194.35,1300.65,625.00,675.65,USD,ASC Program,AGR-ORTHO-26-331,CPO-004-2026-0081,SI-881346,DISPUTED,2026-01-26T17:30:00+00:00
TXN-001348,SO-101347,2026-03-03,2026-03-03T14:31:00+00:00,CUS-002,Hudson Valley Surgical Center,ASC,NY,Northeast,REP-007,ACC-HIP-CUP-56,Acetabular System,Total hip arthroplasty,1,2975.00,2975.00,0.1100,327.25,2647.75,1458.24,1189.51,USD,Direct,AGR-ORTHO-26-317,CPO-002-2026-0082,SI-881347,PAID,2026-03-03T17:31:00+00:00
TXN-001349,SO-101348,2026-05-28,2026-05-28T14:32:00+00:00,CUS-010,Prairie Orthopedics Cooperative,IDN,IL,Midwest,REP-032,SPN-CAGE-LORD,Spine Interbody,Lumbar fusion,5,5312.60,26563.00,0.2000,5312.60,21250.40,13675.00,7575.40,USD,Direct,AGR-ORTHO-26-338,CPO-010-2026-0083,SI-881348,PAID,2026-05-28T17:32:00+00:00
TXN-001350,SO-101349,2026-05-16,2026-05-16T14:33:00+00:00,CUS-003,Great Lakes University Hospital,Academic Medical Center,OH,Midwest,REP-012,REV-FEM-STEM-12,Revision Hip,Revision arthroplasty,2,6291.60,12583.20,0.1800,2264.98,10318.22,6990.00,3328.22,USD,ASC Program,AGR-ORTHO-26-324,CPO-003-2026-0084,SI-881349,PAID,2026-05-16T17:33:00+00:00
TXN-001351,SO-101350,2026-05-10,2026-05-10T14:34:00+00:00,CUS-011,Desert Ridge Ambulatory Surgery,ASC,AZ,Mountain,REP-037,REV-FEM-STEM-12,Revision Hip,Revision arthroplasty,1,6355.80,6355.80,0.1100,699.14,5656.66,3495.00,2161.66,USD,Distributor,AGR-ORTHO-26-310,CPO-011-2026-0085,SI-881350,PAID,2026-05-10T17:34:00+00:00
TXN-001352,SO-101351,2025-10-10,2025-10-10T14:35:00+00:00,CUS-003,Great Lakes University Hospital,Academic Medical Center,OH,Midwest,REP-007,TRI-KNEE-CR-04,Triathlon Knee,Total knee arthroplasty,2,4292.40,8584.80,0.1700,1459.42,7125.38,4712.40,2412.98,USD,ASC Program,AGR-ORTHO-26-324,CPO-003-2025-0086,SI-881351,PARTIALLY_PAID,2025-10-11T17:35:00+00:00
TXN-001353,SO-101352,2026-05-05,2026-05-05T14:36:00+00:00,CUS-005,Lone Star Orthopedic Network,IDN,TX,South Central,REP-014,TRI-KNEE-PS-05,Triathlon Knee,Total knee arthroplasty,1,4921.50,4921.50,0.2000,984.30,3937.20,2489.20,1448.00,USD,Direct,AGR-ORTHO-26-338,CPO-005-2026-0087,SI-881352,OPEN,2026-05-07T17:36:00+00:00
TXN-001354,SO-101353,2026-01-14,2026-01-14T14:37:00+00:00,CUS-007,Front Range Medical Center,Hospital,CO,Mountain,REP-021,TRI-KNEE-PS-05,Triathlon Knee,Total knee arthroplasty,4,4825.00,19300.00,0.1300,2509.00,16791.00,10363.20,6427.80,USD,Distributor,AGR-ORTHO-26-317,CPO-007-2026-0088,SI-881353,OPEN,2026-01-15T17:37:00+00:00
TXN-001355,SO-101354,2026-01-16,2026-01-16T14:38:00+00:00,CUS-001,Atlantic Ortho Alliance,IDN,PA,Northeast,REP-004,MAKO-KNEE-KIT,Robotic Procedure Kit,Robotic-assisted knee,1,1607.20,1607.20,0.1950,313.40,1293.80,690.00,603.80,USD,Direct,AGR-ORTHO-26-310,CPO-001-2026-0089,SI-881354,DISPUTED,2026-01-16T17:38:00+00:00
TXN-001356,SO-101355,2026-03-30,2026-03-30T14:39:00+00:00,CUS-004,Blue Ridge Joint Institute,Hospital,NC,Southeast,REP-014,REV-FEM-STEM-12,Revision Hip,Revision arthroplasty,2,6484.20,12968.40,0.1350,1750.73,11217.67,6990.00,4227.67,USD,Direct,AGR-ORTHO-26-331,CPO-004-2026-0090,SI-881355,PAID,2026-03-30T17:39:00+00:00
TXN-001357,SO-101356,2026-04-27,2026-04-27T14:40:00+00:00,CUS-012,New England Sports Medicine,Hospital,MA,Northeast,REP-039,MAKO-KNEE-KIT,Robotic Procedure Kit,Robotic-assisted knee,1,1607.20,1607.20,0.1550,249.12,1358.08,690.00,668.08,USD,Direct,AGR-ORTHO-26-317,CPO-012-2026-0091,SI-881356,OPEN,2026-04-29T17:40:00+00:00
TXN-001358,SO-101357,2026-01-08,2026-01-08T14:41:00+00:00,CUS-003,Great Lakes University Hospital,Academic Medical Center,OH,Midwest,REP-013,MAKO-HIP-KIT,Robotic Procedure Kit,Robotic-assisted hip,8,1480.05,11840.40,0.1800,2131.27,9709.13,5100.00,4609.13,USD,Direct,AGR-ORTHO-26-324,CPO-003-2026-0092,SI-881357,PAID,2026-01-09T17:41:00+00:00
TXN-001359,SO-101358,2025-11-02,2025-11-02T14:42:00+00:00,CUS-003,Great Lakes University Hospital,Academic Medical Center,OH,Midwest,REP-007,TRI-KNEE-PS-05,Triathlon Knee,Total knee arthroplasty,2,4825.00,9650.00,0.1750,1688.75,7961.25,5181.60,2779.65,USD,Direct,AGR-ORTHO-26-324,CPO-003-2025-0093,SI-881358,OPEN,2025-11-02T17:42:00+00:00
TXN-001360,SO-101359,2026-05-22,2026-05-22T14:43:00+00:00,CUS-009,Northwest Specialty Distribution,Distributor,WA,West,REP-026,MAKO-KNEE-KIT,Robotic Procedure Kit,Robotic-assisted knee,2,1623.60,3247.20,0.2500,811.80,2435.40,1352.40,1083.00,USD,Direct,AGR-ORTHO-26-331,CPO-009-2026-0094,SI-881359,OPEN,2026-05-23T17:43:00+00:00
TXN-001361,SO-101360,2025-11-17,2025-11-17T14:44:00+00:00,CUS-012,New England Sports Medicine,Hospital,MA,Northeast,REP-036,MAKO-HIP-KIT,Robotic Procedure Kit,Robotic-assisted hip,2,1524.90,3049.80,0.1300,396.47,2653.33,1250.00,1403.33,USD,Direct,AGR-ORTHO-26-317,CPO-012-2025-0095,SI-881360,OPEN,2025-11-17T17:44:00+00:00
TXN-001362,SO-101361,2026-02-26,2026-02-26T14:45:00+00:00,CUS-009,Northwest Specialty Distribution,Distributor,WA,West,REP-028,MAKO-KNEE-KIT,Robotic Procedure Kit,Robotic-assisted knee,1,1640.00,1640.00,0.2300,377.20,1262.80,703.80,559.00,USD,ASC Program,AGR-ORTHO-26-331,CPO-009-2026-0096,SI-881361,OPEN,2026-02-26T17:45:00+00:00
TXN-001363,SO-101362,2026-05-02,2026-05-02T14:46:00+00:00,CUS-005,Lone Star Orthopedic Network,IDN,TX,South Central,REP-017,MAKO-KNEE-KIT,Robotic Procedure Kit,Robotic-assisted knee,1,1640.00,1640.00,0.1950,319.80,1320.20,690.00,630.20,USD,Direct,AGR-ORTHO-26-338,CPO-005-2026-0097,SI-881362,PAID,2026-05-02T17:46:00+00:00
TXN-001364,SO-101363,2026-04-09,2026-04-09T14:00:00+00:00,CUS-008,Gulf Coast Trauma Hospital,Hospital,FL,Southeast,REP-027,REV-FEM-STEM-12,Revision Hip,Revision arthroplasty,2,6548.40,13096.80,0.1400,1833.55,11263.25,6850.20,4413.05,USD,Direct,AGR-ORTHO-26-324,CPO-008-2026-0098,SI-881363,PAID,2026-04-11T17:00:00+00:00
TXN-001365,SO-101364,2026-02-12,2026-02-12T14:01:00+00:00,CUS-009,Northwest Specialty Distribution,Distributor,WA,West,REP-031,SPN-CAGE-LORD,Spine Interbody,Lumbar fusion,3,5154.80,15464.40,0.2400,3711.46,11752.94,8205.00,3547.94,USD,Direct,AGR-ORTHO-26-331,CPO-009-2026-0099,SI-881364,PAID,2026-02-14T17:01:00+00:00
TXN-001366,SO-101365,2026-06-16,2026-06-16T14:02:00+00:00,CUS-007,Front Range Medical Center,Hospital,CO,Mountain,REP-019,MAKO-KNEE-KIT,Robotic Procedure Kit,Robotic-assisted knee,3,1656.40,4969.20,0.1300,646.00,4323.20,2070.00,2253.20,USD,Direct,AGR-ORTHO-26-317,CPO-007-2026-0100,SI-881365,PAID,2026-06-16T17:02:00+00:00
TXN-001367,SO-101366,2026-06-13,2026-06-13T14:03:00+00:00,CUS-005,Lone Star Orthopedic Network,IDN,TX,South Central,REP-014,REV-FEM-STEM-12,Revision Hip,Revision arthroplasty,5,6484.20,32421.00,0.2000,6484.20,25936.80,17125.50,8811.30,USD,Direct,AGR-ORTHO-26-338,CPO-005-2026-0101,SI-881366,PAID,2026-06-13T17:03:00+00:00
TXN-001368,SO-101367,2026-05-04,2026-05-04T14:04:00+00:00,CUS-005,Lone Star Orthopedic Network,IDN,TX,South Central,REP-015,TRI-KNEE-PS-05,Triathlon Knee,Total knee arthroplasty,1,4728.50,4728.50,0.1950,922.06,3806.44,2590.80,1215.64,USD,Direct,AGR-ORTHO-26-338,CPO-005-2026-0102,SI-881367,OPEN,2026-05-04T17:04:00+00:00
TXN-001369,SO-101368,2026-04-11,2026-04-11T14:05:00+00:00,CUS-007,Front Range Medical Center,Hospital,CO,Mountain,REP-022,TRI-KNEE-CR-04,Triathlon Knee,Total knee arthroplasty,1,4292.40,4292.40,0.1300,558.01,3734.39,2310.00,1424.39,USD,Direct,AGR-ORTHO-26-317,CPO-007-2026-0103,SI-881368,PAID,2026-04-11T17:05:00+00:00
TXN-001370,SO-101369,2026-02-16,2026-02-16T14:06:00+00:00,CUS-002,Hudson Valley Surgical Center,ASC,NY,Northeast,REP-008,TRI-KNEE-PS-05,Triathlon Knee,Total knee arthroplasty,4,4825.00,19300.00,0.1100,2123.00,17177.00,9956.80,7220.20,USD,Direct,AGR-ORTHO-26-317,CPO-002-2026-0104,SI-881369,OPEN,2026-02-18T17:06:00+00:00
TXN-001371,SO-101370,2026-04-27,2026-04-27T14:07:00+00:00,CUS-010,Prairie Orthopedics Cooperative,IDN,IL,Midwest,REP-033,MAKO-HIP-KIT,Robotic Procedure Kit,Robotic-assisted hip,1,1509.95,1509.95,0.1950,294.44,1215.51,625.00,590.51,USD,Direct,AGR-ORTHO-26-338,CPO-010-2026-0105,SI-881370,PAID,2026-04-27T17:07:00+00:00
TXN-001372,SO-101371,2026-01-27,2026-01-27T14:08:00+00:00,CUS-011,Desert Ridge Ambulatory Surgery,ASC,AZ,Mountain,REP-037,REV-FEM-STEM-12,Revision Hip,Revision arthroplasty,1,6484.20,6484.20,0.1000,648.42,5835.78,3495.00,2340.78,USD,Direct,AGR-ORTHO-26-310,CPO-011-2026-0106,SI-881371,OPEN,2026-01-28T17:08:00+00:00
TXN-001373,SO-101372,2026-04-14,2026-04-14T14:09:00+00:00,CUS-009,Northwest Specialty Distribution,Distributor,WA,West,REP-025,ACC-HIP-LIN-36,Acetabular System,Total hip arthroplasty,2,1168.20,2336.40,0.2400,560.74,1775.66,1060.00,715.66,USD,ASC Program,AGR-ORTHO-26-331,CPO-009-2026-0107,SI-881372,OPEN,2026-04-15T17:09:00+00:00
TXN-001374,SO-101373,2026-03-27,2026-03-27T14:10:00+00:00,CUS-010,Prairie Orthopedics Cooperative,IDN,IL,Midwest,REP-029,SOM-PLATE-8H,Trauma Plating,Trauma fixation,1,875.00,875.00,0.2000,175.00,700.00,365.00,335.00,USD,Distributor,AGR-ORTHO-26-338,CPO-010-2026-0108,SI-881373,PARTIALLY_PAID,2026-03-27T17:10:00+00:00
TXN-001375,SO-101374,2026-03-01,2026-03-01T14:11:00+00:00,CUS-012,New England Sports Medicine,Hospital,MA,Northeast,REP-036,TRI-KNEE-CR-04,Triathlon Knee,Total knee arthroplasty,2,4292.40,8584.80,0.1300,1116.02,7468.78,4620.00,2848.78,USD,ASC Program,AGR-ORTHO-26-317,CPO-012-2026-0109,SI-881374,PARTIALLY_PAID,2026-03-02T17:11:00+00:00
TXN-001376,SO-101375,2026-03-18,2026-03-18T14:12:00+00:00,CUS-006,Pacific Motion Surgery Partners,ASC,CA,West,REP-019,TRI-KNEE-PS-05,Triathlon Knee,Total knee arthroplasty,2,4873.25,9746.50,0.1200,1169.58,8576.92,4978.40,3598.52,USD,Direct,AGR-ORTHO-26-310,CPO-006-2026-0110,SI-881375,PAID,2026-03-20T17:12:00+00:00
TXN-001377,SO-101376,2026-03-19,2026-03-19T14:13:00+00:00,CUS-012,New England Sports Medicine,Hospital,MA,Northeast,REP-038,SOM-PLATE-8H,Trauma Plating,Trauma fixation,1,866.25,866.25,0.1350,116.94,749.31,357.70,391.61,USD,Distributor,AGR-ORTHO-26-317,CPO-012-2026-0111,SI-881376,OPEN,2026-03-19T17:13:00+00:00
TXN-001378,SO-101377,2025-11-29,2025-11-29T14:14:00+00:00,CUS-006,Pacific Motion Surgery Partners,ASC,CA,West,REP-021,SPN-CAGE-LORD,Spine Interbody,Lumbar fusion,1,5260.00,5260.00,0.1100,578.60,4681.40,2680.30,2001.10,USD,Direct,AGR-ORTHO-26-310,CPO-006-2025-0112,SI-881377,PAID,2025-12-01T17:14:00+00:00
TXN-001379,SO-101378,2026-04-24,2026-04-24T14:15:00+00:00,CUS-003,Great Lakes University Hospital,Academic Medical Center,OH,Midwest,REP-013,TRI-KNEE-CR-04,Triathlon Knee,Total knee arthroplasty,1,4423.80,4423.80,0.1800,796.28,3627.52,2310.00,1317.52,USD,Direct,AGR-ORTHO-26-324,CPO-003-2026-0113,SI-881378,OPEN,2026-04-25T17:15:00+00:00
TXN-001380,SO-101379,2026-02-21,2026-02-21T14:16:00+00:00,CUS-010,Prairie Orthopedics Cooperative,IDN,IL,Midwest,REP-028,TRI-KNEE-PS-05,Triathlon Knee,Total knee arthroplasty,1,4728.50,4728.50,0.2000,945.70,3782.80,2540.00,1242.80,USD,Direct,AGR-ORTHO-26-338,CPO-010-2026-0114,SI-881379,OPEN,2026-02-23T17:16:00+00:00
TXN-001381,SO-101380,2026-02-02,2026-02-02T14:17:00+00:00,CUS-009,Northwest Specialty Distribution,Distributor,WA,West,REP-026,SOM-SCREW-45,Trauma Plating,Trauma fixation,2,144.54,289.08,0.2400,69.38,219.70,85.68,134.02,USD,Direct,AGR-ORTHO-26-331,CPO-009-2026-0115,SI-881380,OPEN,2026-02-02T17:17:00+00:00
TXN-001382,SO-101381,2026-01-29,2026-01-29T14:18:00+00:00,CUS-008,Gulf Coast Trauma Hospital,Hospital,FL,Southeast,REP-024,TRI-KNEE-CR-04,Triathlon Knee,Total knee arthroplasty,2,4380.00,8760.00,0.1200,1051.20,7708.80,4712.40,2996.40,USD,Direct,AGR-ORTHO-26-324,CPO-008-2026-0116,SI-881381,OPEN,2026-01-30T17:18:00+00:00
TXN-001383,SO-101382,2025-12-03,2025-12-03T14:19:00+00:00,CUS-005,Lone Star Orthopedic Network,IDN,TX,South Central,REP-016,TRI-KNEE-CR-04,Triathlon Knee,Total knee arthroplasty,1,4292.40,4292.40,0.2000,858.48,3433.92,2310.00,1123.92,USD,Direct,AGR-ORTHO-26-338,CPO-005-2025-0117,SI-881382,OPEN,2025-12-05T17:19:00+00:00
TXN-001384,SO-101383,2026-04-21,2026-04-21T14:20:00+00:00,CUS-006,Pacific Motion Surgery Partners,ASC,CA,West,REP-020,MAKO-KNEE-KIT,Robotic Procedure Kit,Robotic-assisted knee,1,1640.00,1640.00,0.1100,180.40,1459.60,690.00,769.60,USD,ASC Program,AGR-ORTHO-26-310,CPO-006-2026-0118,SI-881383,PARTIALLY_PAID,2026-04-21T17:20:00+00:00
TXN-001385,SO-101384,2025-11-05,2025-11-05T14:21:00+00:00,CUS-003,Great Lakes University Hospital,Academic Medical Center,OH,Midwest,REP-012,TRI-KNEE-PS-05,Triathlon Knee,Total knee arthroplasty,2,4873.25,9746.50,0.1700,1656.91,8089.59,5080.00,3009.59,USD,Direct,AGR-ORTHO-26-324,CPO-003-2025-0119,SI-881384,PAID,2025-11-07T17:21:00+00:00
TXN-001386,SO-101385,2026-02-22,2026-02-22T14:22:00+00:00,CUS-008,Gulf Coast Trauma Hospital,Hospital,FL,Southeast,REP-028,ACC-HIP-LIN-36,Acetabular System,Total hip arthroplasty,2,1168.20,2336.40,0.1400,327.10,2009.30,1060.00,949.30,USD,Direct,AGR-ORTHO-26-324,CPO-008-2026-0120,SI-881385,DISPUTED,2026-02-24T17:22:00+00:00
TXN-001387,SO-101386,2026-01-18,2026-01-18T14:23:00+00:00,CUS-008,Gulf Coast Trauma Hospital,Hospital,FL,Southeast,REP-022,MAKO-HIP-KIT,Robotic Procedure Kit,Robotic-assisted hip,1,1480.05,1480.05,0.1200,177.61,1302.44,625.00,677.44,USD,Distributor,AGR-ORTHO-26-324,CPO-008-2026-0121,SI-881386,PAID,2026-01-20T17:23:00+00:00
TXN-001388,SO-101387,2026-01-20,2026-01-20T14:24:00+00:00,CUS-006,Pacific Motion Surgery Partners,ASC,CA,West,REP-017,SOM-PLATE-8H,Trauma Plating,Trauma fixation,2,875.00,1750.00,0.1100,192.50,1557.50,730.00,827.50,USD,ASC Program,AGR-ORTHO-26-310,CPO-006-2026-0122,SI-881387,OPEN,2026-01-20T17:24:00+00:00
TXN-001389,SO-101388,2026-02-17,2026-02-17T14:25:00+00:00,CUS-010,Prairie Orthopedics Cooperative,IDN,IL,Midwest,REP-030,TRI-KNEE-PS-05,Triathlon Knee,Total knee arthroplasty,2,4825.00,9650.00,0.2000,1930.00,7720.00,5080.00,2640.00,USD,Direct,AGR-ORTHO-26-338,CPO-010-2026-0123,SI-881388,PAID,2026-02-19T17:25:00+00:00
TXN-001390,SO-101389,2026-03-20,2026-03-20T14:26:00+00:00,CUS-004,Blue Ridge Joint Institute,Hospital,NC,Southeast,REP-013,SPN-CAGE-LORD,Spine Interbody,Lumbar fusion,3,5207.40,15622.20,0.1300,2030.89,13591.31,8040.90,5550.41,USD,Distributor,AGR-ORTHO-26-331,CPO-004-2026-0124,SI-881389,OPEN,2026-03-20T17:26:00+00:00
TXN-001391,SO-101390,2026-04-23,2026-04-23T14:27:00+00:00,CUS-010,Prairie Orthopedics Cooperative,IDN,IL,Midwest,REP-032,MAKO-HIP-KIT,Robotic Procedure Kit,Robotic-assisted hip,1,1480.05,1480.05,0.1900,281.21,1198.84,612.50,586.34,USD,Direct,AGR-ORTHO-26-338,CPO-010-2026-0125,SI-881390,PARTIALLY_PAID,2026-04-25T17:27:00+00:00
TXN-001392,SO-101391,2025-12-01,2025-12-01T14:28:00+00:00,CUS-002,Hudson Valley Surgical Center,ASC,NY,Northeast,REP-009,REV-FEM-STEM-12,Revision Hip,Revision arthroplasty,2,6355.80,12711.60,0.1200,1525.39,11186.21,6990.00,4196.21,USD,Direct,AGR-ORTHO-26-317,CPO-002-2025-0126,SI-881391,PAID,2025-12-01T17:28:00+00:00
TXN-001393,SO-101392,2026-04-12,2026-04-12T14:29:00+00:00,CUS-001,Atlantic Ortho Alliance,IDN,PA,Northeast,REP-007,TRI-KNEE-PS-05,Triathlon Knee,Total knee arthroplasty,3,4776.75,14330.25,0.2250,3224.31,11105.94,7772.40,3333.54,USD,Direct,AGR-ORTHO-26-310,CPO-001-2026-0127,SI-881392,OPEN,2026-04-12T17:29:00+00:00
TXN-001394,SO-101393,2025-12-30,2025-12-30T14:30:00+00:00,CUS-002,Hudson Valley Surgical Center,ASC,NY,Northeast,REP-004,TRI-KNEE-PS-05,Triathlon Knee,Total knee arthroplasty,4,4776.75,19107.00,0.1000,1910.70,17196.30,10363.20,6833.10,USD,Direct,AGR-ORTHO-26-317,CPO-002-2025-0128,SI-881393,PAID,2025-12-30T17:30:00+00:00
TXN-001395,SO-101394,2026-02-12,2026-02-12T14:31:00+00:00,CUS-005,Lone Star Orthopedic Network,IDN,TX,South Central,REP-014,ACC-HIP-LIN-36,Acetabular System,Total hip arthroplasty,5,1191.80,5959.00,0.2000,1191.80,4767.20,2597.00,2170.20,USD,Distributor,AGR-ORTHO-26-338,CPO-005-2026-0129,SI-881394,PAID,2026-02-14T17:31:00+00:00
TXN-001396,SO-101395,2025-12-19,2025-12-19T14:32:00+00:00,CUS-005,Lone Star Orthopedic Network,IDN,TX,South Central,REP-015,TRI-KNEE-CR-04,Triathlon Knee,Total knee arthroplasty,1,4380.00,4380.00,0.1900,832.20,3547.80,2310.00,1237.80,USD,Distributor,AGR-ORTHO-26-338,CPO-005-2025-0130,SI-881395,OPEN,2025-12-19T17:32:00+00:00
TXN-001397,SO-101396,2026-04-12,2026-04-12T14:33:00+00:00,CUS-006,Pacific Motion Surgery Partners,ASC,CA,West,REP-019,MAKO-KNEE-KIT,Robotic Procedure Kit,Robotic-assisted knee,4,1623.60,6494.40,0.1100,714.38,5780.02,2760.00,3020.02,USD,Direct,AGR-ORTHO-26-310,CPO-006-2026-0131,SI-881396,PAID,2026-04-12T17:33:00+00:00
TXN-001398,SO-101397,2026-06-03,2026-06-03T14:34:00+00:00,CUS-007,Front Range Medical Center,Hospital,CO,Mountain,REP-023,MAKO-HIP-KIT,Robotic Procedure Kit,Robotic-assisted hip,4,1480.05,5920.20,0.1200,710.42,5209.78,2450.00,2759.78,USD,Direct,AGR-ORTHO-26-317,CPO-007-2026-0132,SI-881397,PAID,2026-06-03T17:34:00+00:00
TXN-001399,SO-101398,2026-02-23,2026-02-23T14:35:00+00:00,CUS-001,Atlantic Ortho Alliance,IDN,PA,Northeast,REP-006,MAKO-KNEE-KIT,Robotic Procedure Kit,Robotic-assisted knee,1,1672.80,1672.80,0.1900,317.83,1354.97,690.00,664.97,USD,Direct,AGR-ORTHO-26-310,CPO-001-2026-0133,SI-881398,PAID,2026-02-23T17:35:00+00:00
TXN-001400,SO-101399,2026-03-13,2026-03-13T14:36:00+00:00,CUS-008,Gulf Coast Trauma Hospital,Hospital,FL,Southeast,REP-028,MAKO-HIP-KIT,Robotic Procedure Kit,Robotic-assisted hip,1,1495.00,1495.00,0.1400,209.30,1285.70,625.00,660.70,USD,Distributor,AGR-ORTHO-26-324,CPO-008-2026-0134,SI-881399,PARTIALLY_PAID,2026-03-13T17:36:00+00:00
TXN-001401,SO-101400,2026-01-24,2026-01-24T14:37:00+00:00,CUS-006,Pacific Motion Surgery Partners,ASC,CA,West,REP-016,SOM-PLATE-8H,Trauma Plating,Trauma fixation,1,875.00,875.00,0.1100,96.25,778.75,372.30,406.45,USD,Direct,AGR-ORTHO-26-310,CPO-006-2026-0135,SI-881400,PAID,2026-01-26T17:37:00+00:00
TXN-001402,SO-101401,2026-01-23,2026-01-23T14:38:00+00:00,CUS-001,Atlantic Ortho Alliance,IDN,PA,Northeast,REP-002,SOM-SCREW-45,Trauma Plating,Trauma fixation,2,146.00,292.00,0.1950,56.94,235.06,85.68,149.38,USD,Distributor,AGR-ORTHO-26-310,CPO-001-2026-0136,SI-881401,PAID,2026-01-24T17:38:00+00:00
TXN-001403,SO-101402,2026-01-15,2026-01-15T14:39:00+00:00,CUS-003,Great Lakes University Hospital,Academic Medical Center,OH,Midwest,REP-009,MAKO-HIP-KIT,Robotic Procedure Kit,Robotic-assisted hip,1,1495.00,1495.00,0.1600,239.20,1255.80,625.00,630.80,USD,Direct,AGR-ORTHO-26-324,CPO-003-2026-0137,SI-881402,PAID,2026-01-15T17:39:00+00:00
TXN-001404,SO-101403,2026-06-04,2026-06-04T14:40:00+00:00,CUS-007,Front Range Medical Center,Hospital,CO,Mountain,REP-022,ACC-HIP-CUP-56,Acetabular System,Total hip arthroplasty,3,2945.25,8835.75,0.1350,1192.83,7642.92,4464.00,3178.92,USD,Direct,AGR-ORTHO-26-317,CPO-007-2026-0138,SI-881403,PAID,2026-06-05T17:40:00+00:00
TXN-001405,SO-101404,2026-05-21,2026-05-21T14:41:00+00:00,CUS-002,Hudson Valley Surgical Center,ASC,NY,Northeast,REP-008,MAKO-HIP-KIT,Robotic Procedure Kit,Robotic-assisted hip,4,1465.10,5860.40,0.1100,644.64,5215.76,2550.00,2665.76,USD,Distributor,AGR-ORTHO-26-317,CPO-002-2026-0139,SI-881404,PAID,2026-05-23T17:41:00+00:00
TXN-001406,SO-101405,2026-05-02,2026-05-02T14:42:00+00:00,CUS-003,Great Lakes University Hospital,Academic Medical Center,OH,Midwest,REP-012,TRI-KNEE-CR-04,Triathlon Knee,Total knee arthroplasty,3,4380.00,13140.00,0.1800,2365.20,10774.80,6930.00,3844.80,USD,Direct,AGR-ORTHO-26-324,CPO-003-2026-0140,SI-881405,OPEN,2026-05-02T17:42:00+00:00
TXN-001407,SO-101406,2026-06-03,2026-06-03T14:43:00+00:00,CUS-003,Great Lakes University Hospital,Academic Medical Center,OH,Midwest,REP-013,MAKO-KNEE-KIT,Robotic Procedure Kit,Robotic-assisted knee,1,1607.20,1607.20,0.1750,281.26,1325.94,676.20,649.74,USD,Direct,AGR-ORTHO-26-324,CPO-003-2026-0141,SI-881406,PAID,2026-06-03T17:43:00+00:00
TXN-001408,SO-101407,2025-11-20,2025-11-20T14:44:00+00:00,CUS-002,Hudson Valley Surgical Center,ASC,NY,Northeast,REP-004,ACC-HIP-CUP-56,Acetabular System,Total hip arthroplasty,2,2945.25,5890.50,0.1200,706.86,5183.64,2976.00,2207.64,USD,Distributor,AGR-ORTHO-26-317,CPO-002-2025-0142,SI-881407,PARTIALLY_PAID,2025-11-20T17:44:00+00:00
TXN-001409,SO-101408,2026-01-01,2026-01-01T14:45:00+00:00,CUS-004,Blue Ridge Joint Institute,Hospital,NC,Southeast,REP-011,REV-FEM-STEM-12,Revision Hip,Revision arthroplasty,4,6420.00,25680.00,0.1200,3081.60,22598.40,13700.40,8898.00,USD,Direct,AGR-ORTHO-26-331,CPO-004-2026-0143,SI-881408,PARTIALLY_PAID,2026-01-01T17:45:00+00:00
TXN-001410,SO-101409,2026-03-17,2026-03-17T14:46:00+00:00,CUS-005,Lone Star Orthopedic Network,IDN,TX,South Central,REP-015,ACC-HIP-LIN-36,Acetabular System,Total hip arthroplasty,3,1180.00,3540.00,0.2000,708.00,2832.00,1590.00,1242.00,USD,Direct,AGR-ORTHO-26-338,CPO-005-2026-0144,SI-881409,PAID,2026-03-18T17:46:00+00:00
TXN-001411,SO-101410,2026-01-31,2026-01-31T14:00:00+00:00,CUS-006,Pacific Motion Surgery Partners,ASC,CA,West,REP-019,SPN-CAGE-LORD,Spine Interbody,Lumbar fusion,3,5260.00,15780.00,0.1200,1893.60,13886.40,8205.00,5681.40,USD,Direct,AGR-ORTHO-26-310,CPO-006-2026-0145,SI-881410,PAID,2026-02-02T17:00:00+00:00
TXN-001412,SO-101411,2025-11-09,2025-11-09T14:01:00+00:00,CUS-004,Blue Ridge Joint Institute,Hospital,NC,Southeast,REP-014,TRI-KNEE-CR-04,Triathlon Knee,Total knee arthroplasty,3,4423.80,13271.40,0.1400,1858.00,11413.40,6930.00,4483.40,USD,ASC Program,AGR-ORTHO-26-331,CPO-004-2025-0146,SI-881411,PAID,2025-11-09T17:01:00+00:00
TXN-001413,SO-101412,2026-01-22,2026-01-22T14:02:00+00:00,CUS-002,Hudson Valley Surgical Center,ASC,NY,Northeast,REP-009,SPN-CAGE-LORD,Spine Interbody,Lumbar fusion,8,5260.00,42080.00,0.1100,4628.80,37451.20,21880.00,15571.20,USD,ASC Program,AGR-ORTHO-26-317,CPO-002-2026-0147,SI-881412,PAID,2026-01-23T17:02:00+00:00
TXN-001414,SO-101413,2026-01-22,2026-01-22T14:03:00+00:00,CUS-007,Front Range Medical Center,Hospital,CO,Mountain,REP-025,REV-FEM-STEM-12,Revision Hip,Revision arthroplasty,4,6548.40,26193.60,0.1300,3405.17,22788.43,13980.00,8808.43,USD,Direct,AGR-ORTHO-26-317,CPO-007-2026-0148,SI-881413,PAID,2026-01-23T17:03:00+00:00
TXN-001415,SO-101414,2026-03-15,2026-03-15T14:04:00+00:00,CUS-005,Lone Star Orthopedic Network,IDN,TX,South Central,REP-013,REV-FEM-STEM-12,Revision Hip,Revision arthroplasty,8,6548.40,52387.20,0.1950,10215.50,42171.70,27960.00,14211.70,USD,Direct,AGR-ORTHO-26-338,CPO-005-2026-0149,SI-881414,PAID,2026-03-17T17:04:00+00:00
TXN-001416,SO-101415,2026-03-06,2026-03-06T14:05:00+00:00,CUS-008,Gulf Coast Trauma Hospital,Hospital,FL,Southeast,REP-023,MAKO-KNEE-KIT,Robotic Procedure Kit,Robotic-assisted knee,3,1607.20,4821.60,0.1400,675.02,4146.58,2070.00,2076.58,USD,ASC Program,AGR-ORTHO-26-324,CPO-008-2026-0150,SI-881415,OPEN,2026-03-06T17:05:00+00:00
TXN-001417,SO-101416,2026-02-03,2026-02-03T14:06:00+00:00,CUS-006,Pacific Motion Surgery Partners,ASC,CA,West,REP-018,TRI-KNEE-CR-04,Triathlon Knee,Total knee arthroplasty,4,4380.00,17520.00,0.1200,2102.40,15417.60,9240.00,6177.60,USD,ASC Program,AGR-ORTHO-26-310,CPO-006-2026-0151,SI-881416,PAID,2026-02-03T17:06:00+00:00
TXN-001418,SO-101417,2026-03-12,2026-03-12T14:07:00+00:00,CUS-005,Lone Star Orthopedic Network,IDN,TX,South Central,REP-016,TRI-KNEE-PS-05,Triathlon Knee,Total knee arthroplasty,2,4825.00,9650.00,0.2000,1930.00,7720.00,5181.60,2538.40,USD,Direct,AGR-ORTHO-26-338,CPO-005-2026-0152,SI-881417,PAID,2026-03-12T17:07:00+00:00
TXN-001419,SO-101418,2026-06-02,2026-06-02T14:08:00+00:00,CUS-010,Prairie Orthopedics Cooperative,IDN,IL,Midwest,REP-032,REV-FEM-STEM-12,Revision Hip,Revision arthroplasty,1,6548.40,6548.40,0.1950,1276.94,5271.46,3564.90,1706.56,USD,Distributor,AGR-ORTHO-26-338,CPO-010-2026-0153,SI-881418,PAID,2026-06-03T17:08:00+00:00
TXN-001420,SO-101419,2026-03-10,2026-03-10T14:09:00+00:00,CUS-012,New England Sports Medicine,Hospital,MA,Northeast,REP-039,SOM-PLATE-8H,Trauma Plating,Trauma fixation,5,875.00,4375.00,0.1200,525.00,3850.00,1788.50,2061.50,USD,ASC Program,AGR-ORTHO-26-317,CPO-012-2026-0154,SI-881419,DISPUTED,2026-03-11T17:09:00+00:00
TXN-001421,SO-101420,2026-02-06,2026-02-06T14:10:00+00:00,CUS-010,Prairie Orthopedics Cooperative,IDN,IL,Midwest,REP-034,MAKO-HIP-KIT,Robotic Procedure Kit,Robotic-assisted hip,3,1495.00,4485.00,0.2000,897.00,3588.00,1875.00,1713.00,USD,Direct,AGR-ORTHO-26-338,CPO-010-2026-0155,SI-881420,PAID,2026-02-08T17:10:00+00:00
TXN-001422,SO-101421,2026-02-25,2026-02-25T14:11:00+00:00,CUS-005,Lone Star Orthopedic Network,IDN,TX,South Central,REP-013,MAKO-HIP-KIT,Robotic Procedure Kit,Robotic-assisted hip,3,1524.90,4574.70,0.1900,869.19,3705.51,1837.50,1868.01,USD,ASC Program,AGR-ORTHO-26-338,CPO-005-2026-0156,SI-881421,PAID,2026-02-27T17:11:00+00:00
TXN-001423,SO-101422,2025-12-20,2025-12-20T14:12:00+00:00,CUS-001,Atlantic Ortho Alliance,IDN,PA,Northeast,REP-002,ACC-HIP-LIN-36,Acetabular System,Total hip arthroplasty,4,1156.40,4625.60,0.1800,832.61,3792.99,2120.00,1672.99,USD,Direct,AGR-ORTHO-26-310,CPO-001-2025-0157,SI-881422,PAID,2025-12-20T17:12:00+00:00
TXN-001424,SO-101423,2026-03-13,2026-03-13T14:13:00+00:00,CUS-005,Lone Star Orthopedic Network,IDN,TX,South Central,REP-015,MAKO-KNEE-KIT,Robotic Procedure Kit,Robotic-assisted knee,1,1640.00,1640.00,0.1800,295.20,1344.80,690.00,654.80,USD,Direct,AGR-ORTHO-26-338,CPO-005-2026-0158,SI-881423,PAID,2026-03-15T17:13:00+00:00
TXN-001425,SO-101424,2026-04-17,2026-04-17T14:14:00+00:00,CUS-001,Atlantic Ortho Alliance,IDN,PA,Northeast,REP-004,MAKO-HIP-KIT,Robotic Procedure Kit,Robotic-assisted hip,2,1524.90,3049.80,0.2300,701.45,2348.35,1275.00,1073.35,USD,ASC Program,AGR-ORTHO-26-310,CPO-001-2026-0159,SI-881424,OPEN,2026-04-17T17:14:00+00:00
TXN-001426,SO-101425,2026-04-29,2026-04-29T14:15:00+00:00,CUS-002,Hudson Valley Surgical Center,ASC,NY,Northeast,REP-008,ACC-HIP-LIN-36,Acetabular System,Total hip arthroplasty,2,1168.20,2336.40,0.1450,338.78,1997.62,1060.00,937.62,USD,Direct,AGR-ORTHO-26-317,CPO-002-2026-0160,SI-881425,OPEN,2026-04-29T17:15:00+00:00
TXN-001427,SO-101426,2026-05-27,2026-05-27T14:16:00+00:00,CUS-008,Gulf Coast Trauma Hospital,Hospital,FL,Southeast,REP-027,TRI-KNEE-CR-04,Triathlon Knee,Total knee arthroplasty,3,4423.80,13271.40,0.1350,1791.64,11479.76,6791.40,4688.36,USD,Direct,AGR-ORTHO-26-324,CPO-008-2026-0161,SI-881426,OPEN,2026-05-27T17:16:00+00:00
TXN-001428,SO-101427,2026-02-13,2026-02-13T14:17:00+00:00,CUS-001,Atlantic Ortho Alliance,IDN,PA,Northeast,REP-007,MAKO-HIP-KIT,Robotic Procedure Kit,Robotic-assisted hip,2,1465.10,2930.20,0.1900,556.74,2373.46,1225.00,1148.46,USD,Direct,AGR-ORTHO-26-310,CPO-001-2026-0162,SI-881427,OPEN,2026-02-13T17:17:00+00:00
TXN-001429,SO-101428,2026-01-01,2026-01-01T14:18:00+00:00,CUS-004,Blue Ridge Joint Institute,Hospital,NC,Southeast,REP-010,TRI-KNEE-PS-05,Triathlon Knee,Total knee arthroplasty,1,4776.75,4776.75,0.1350,644.86,4131.89,2540.00,1591.89,USD,ASC Program,AGR-ORTHO-26-331,CPO-004-2026-0163,SI-881428,PAID,2026-01-02T17:18:00+00:00
TXN-001430,SO-101429,2026-03-10,2026-03-10T14:19:00+00:00,CUS-001,Atlantic Ortho Alliance,IDN,PA,Northeast,REP-002,MAKO-HIP-KIT,Robotic Procedure Kit,Robotic-assisted hip,2,1465.10,2930.20,0.1800,527.44,2402.76,1275.00,1127.76,USD,Direct,AGR-ORTHO-26-310,CPO-001-2026-0164,SI-881429,OPEN,2026-03-11T17:19:00+00:00
TXN-001431,SO-101430,2026-03-15,2026-03-15T14:20:00+00:00,CUS-006,Pacific Motion Surgery Partners,ASC,CA,West,REP-018,SOM-PLATE-8H,Trauma Plating,Trauma fixation,2,875.00,1750.00,0.1100,192.50,1557.50,730.00,827.50,USD,Direct,AGR-ORTHO-26-310,CPO-006-2026-0165,SI-881430,OPEN,2026-03-16T17:20:00+00:00
TXN-001432,SO-101431,2026-04-17,2026-04-17T14:21:00+00:00,CUS-005,Lone Star Orthopedic Network,IDN,TX,South Central,REP-016,SOM-PLATE-8H,Trauma Plating,Trauma fixation,1,866.25,866.25,0.1900,164.59,701.66,365.00,336.66,USD,ASC Program,AGR-ORTHO-26-338,CPO-005-2026-0166,SI-881431,PAID,2026-04-17T17:21:00+00:00
TXN-001433,SO-101432,2026-02-02,2026-02-02T14:22:00+00:00,CUS-012,New England Sports Medicine,Hospital,MA,Northeast,REP-038,TRI-KNEE-PS-05,Triathlon Knee,Total knee arthroplasty,1,4728.50,4728.50,0.1200,567.42,4161.08,2540.00,1621.08,USD,Direct,AGR-ORTHO-26-317,CPO-012-2026-0167,SI-881432,PAID,2026-02-04T17:22:00+00:00
TXN-001434,SO-101433,2026-04-25,2026-04-25T14:23:00+00:00,CUS-008,Gulf Coast Trauma Hospital,Hospital,FL,Southeast,REP-027,MAKO-KNEE-KIT,Robotic Procedure Kit,Robotic-assisted knee,1,1640.00,1640.00,0.1400,229.60,1410.40,703.80,706.60,USD,ASC Program,AGR-ORTHO-26-324,CPO-008-2026-0168,SI-881433,OPEN,2026-04-26T17:23:00+00:00
TXN-001435,SO-101434,2026-02-28,2026-02-28T14:24:00+00:00,CUS-002,Hudson Valley Surgical Center,ASC,NY,Northeast,REP-010,TRI-KNEE-PS-05,Triathlon Knee,Total knee arthroplasty,2,4825.00,9650.00,0.1100,1061.50,8588.50,5080.00,3508.50,USD,ASC Program,AGR-ORTHO-26-317,CPO-002-2026-0169,SI-881434,PAID,2026-03-02T17:24:00+00:00
TXN-001436,SO-101435,2026-04-19,2026-04-19T14:25:00+00:00,CUS-010,Prairie Orthopedics Cooperative,IDN,IL,Midwest,REP-028,TRI-KNEE-PS-05,Triathlon Knee,Total knee arthroplasty,2,4776.75,9553.50,0.2000,1910.70,7642.80,5080.00,2562.80,USD,Direct,AGR-ORTHO-26-338,CPO-010-2026-0170,SI-881435,PAID,2026-04-19T17:25:00+00:00
TXN-001437,SO-101436,2026-02-12,2026-02-12T14:26:00+00:00,CUS-001,Atlantic Ortho Alliance,IDN,PA,Northeast,REP-002,MAKO-KNEE-KIT,Robotic Procedure Kit,Robotic-assisted knee,3,1672.80,5018.40,0.1950,978.59,4039.81,2028.60,2011.21,USD,Direct,AGR-ORTHO-26-310,CPO-001-2026-0171,SI-881436,OPEN,2026-02-14T17:26:00+00:00
TXN-001438,SO-101437,2026-04-05,2026-04-05T14:27:00+00:00,CUS-010,Prairie Orthopedics Cooperative,IDN,IL,Midwest,REP-030,ACC-HIP-CUP-56,Acetabular System,Total hip arthroplasty,5,2915.50,14577.50,0.1800,2623.95,11953.55,7588.80,4364.75,USD,Distributor,AGR-ORTHO-26-338,CPO-010-2026-0172,SI-881437,PAID,2026-04-05T17:27:00+00:00
TXN-001439,SO-101438,2025-11-16,2025-11-16T14:28:00+00:00,CUS-005,Lone Star Orthopedic Network,IDN,TX,South Central,REP-016,ACC-HIP-CUP-56,Acetabular System,Total hip arthroplasty,2,2975.00,5950.00,0.1900,1130.50,4819.50,2916.48,1903.02,USD,Direct,AGR-ORTHO-26-338,CPO-005-2025-0173,SI-881438,PAID,2025-11-18T17:28:00+00:00
TXN-001440,SO-101439,2026-05-24,2026-05-24T14:29:00+00:00,CUS-003,Great Lakes University Hospital,Academic Medical Center,OH,Midwest,REP-011,SOM-PLATE-8H,Trauma Plating,Trauma fixation,1,866.25,866.25,0.1600,138.60,727.65,365.00,362.65,USD,Direct,AGR-ORTHO-26-324,CPO-003-2026-0174,SI-881439,PAID,2026-05-26T17:29:00+00:00
TXN-001441,SO-101440,2026-04-06,2026-04-06T14:30:00+00:00,CUS-001,Atlantic Ortho Alliance,IDN,PA,Northeast,REP-006,TRI-KNEE-PS-05,Triathlon Knee,Total knee arthroplasty,3,4728.50,14185.50,0.2300,3262.67,10922.83,7620.00,3302.83,USD,Distributor,AGR-ORTHO-26-310,CPO-001-2026-0175,SI-881440,PARTIALLY_PAID,2026-04-07T17:30:00+00:00
TXN-001442,SO-101441,2026-04-09,2026-04-09T14:31:00+00:00,CUS-008,Gulf Coast Trauma Hospital,Hospital,FL,Southeast,REP-028,SOM-SCREW-45,Trauma Plating,Trauma fixation,1,146.00,146.00,0.1300,18.98,127.02,42.00,85.02,USD,ASC Program,AGR-ORTHO-26-324,CPO-008-2026-0176,SI-881441,PARTIALLY_PAID,2026-04-11T17:31:00+00:00
TXN-001443,SO-101442,2026-05-08,2026-05-08T14:32:00+00:00,CUS-012,New England Sports Medicine,Hospital,MA,Northeast,REP-034,TRI-KNEE-PS-05,Triathlon Knee,Total knee arthroplasty,1,4825.00,4825.00,0.1650,796.13,4028.87,2590.80,1438.07,USD,Direct,AGR-ORTHO-26-317,CPO-012-2026-0177,SI-881442,PAID,2026-05-08T17:32:00+00:00
TXN-001444,SO-101443,2026-04-30,2026-04-30T14:33:00+00:00,CUS-010,Prairie Orthopedics Cooperative,IDN,IL,Midwest,REP-029,SPN-CAGE-LORD,Spine Interbody,Lumbar fusion,1,5207.40,5207.40,0.1800,937.33,4270.07,2735.00,1535.07,USD,ASC Program,AGR-ORTHO-26-338,CPO-010-2026-0178,SI-881443,OPEN,2026-05-01T17:33:00+00:00
TXN-001445,SO-101444,2025-12-23,2025-12-23T14:34:00+00:00,CUS-005,Lone Star Orthopedic Network,IDN,TX,South Central,REP-015,ACC-HIP-CUP-56,Acetabular System,Total hip arthroplasty,2,3034.50,6069.00,0.1800,1092.42,4976.58,3035.52,1941.06,USD,Direct,AGR-ORTHO-26-338,CPO-005-2025-0179,SI-881444,OPEN,2025-12-24T17:34:00+00:00
TXN-001446,SO-101445,2026-05-27,2026-05-27T14:35:00+00:00,CUS-006,Pacific Motion Surgery Partners,ASC,CA,West,REP-019,MAKO-KNEE-KIT,Robotic Procedure Kit,Robotic-assisted knee,2,1640.00,3280.00,0.1100,360.80,2919.20,1352.40,1566.80,USD,Distributor,AGR-ORTHO-26-310,CPO-006-2026-0180,SI-881445,OPEN,2026-05-27T17:35:00+00:00
TXN-001447,SO-101446,2026-03-01,2026-03-01T14:36:00+00:00,CUS-007,Front Range Medical Center,Hospital,CO,Mountain,REP-023,MAKO-KNEE-KIT,Robotic Procedure Kit,Robotic-assisted knee,1,1607.20,1607.20,0.1300,208.94,1398.26,690.00,708.26,USD,Direct,AGR-ORTHO-26-317,CPO-007-2026-0181,SI-881446,OPEN,2026-03-01T17:36:00+00:00
TXN-001448,SO-101447,2026-01-07,2026-01-07T14:37:00+00:00,CUS-008,Gulf Coast Trauma Hospital,Hospital,FL,Southeast,REP-027,TRI-KNEE-PS-05,Triathlon Knee,Total knee arthroplasty,2,4921.50,9843.00,0.1400,1378.02,8464.98,5181.60,3283.38,USD,Direct,AGR-ORTHO-26-324,CPO-008-2026-0182,SI-881447,OPEN,2026-01-09T17:37:00+00:00
TXN-001449,SO-101448,2026-05-25,2026-05-25T14:38:00+00:00,CUS-008,Gulf Coast Trauma Hospital,Hospital,FL,Southeast,REP-028,REV-FEM-STEM-12,Revision Hip,Revision arthroplasty,1,6291.60,6291.60,0.1300,817.91,5473.69,3564.90,1908.79,USD,ASC Program,AGR-ORTHO-26-324,CPO-008-2026-0183,SI-881448,OPEN,2026-05-26T17:38:00+00:00
TXN-001450,SO-101449,2026-01-19,2026-01-19T14:39:00+00:00,CUS-002,Hudson Valley Surgical Center,ASC,NY,Northeast,REP-004,ACC-HIP-CUP-56,Acetabular System,Total hip arthroplasty,1,3034.50,3034.50,0.1100,333.80,2700.70,1458.24,1242.46,USD,Direct,AGR-ORTHO-26-317,CPO-002-2026-0184,SI-881449,OPEN,2026-01-19T17:39:00+00:00
TXN-001451,SO-101450,2026-06-24,2026-06-24T14:40:00+00:00,CUS-002,Hudson Valley Surgical Center,ASC,NY,Northeast,REP-005,REV-FEM-STEM-12,Revision Hip,Revision arthroplasty,1,6548.40,6548.40,0.1200,785.81,5762.59,3495.00,2267.59,USD,Direct,AGR-ORTHO-26-317,CPO-002-2026-0185,SI-881450,PAID,2026-06-24T17:40:00+00:00
TXN-001452,SO-101451,2026-01-26,2026-01-26T14:41:00+00:00,CUS-005,Lone Star Orthopedic Network,IDN,TX,South Central,REP-015,ACC-HIP-CUP-56,Acetabular System,Total hip arthroplasty,1,3034.50,3034.50,0.2000,606.90,2427.60,1458.24,969.36,USD,Direct,AGR-ORTHO-26-338,CPO-005-2026-0186,SI-881451,OPEN,2026-01-28T17:41:00+00:00
TXN-001453,SO-101452,2026-06-15,2026-06-15T14:42:00+00:00,CUS-004,Blue Ridge Joint Institute,Hospital,NC,Southeast,REP-013,ACC-HIP-CUP-56,Acetabular System,Total hip arthroplasty,8,2975.00,23800.00,0.1350,3213.00,20587.00,11904.00,8683.00,USD,ASC Program,AGR-ORTHO-26-331,CPO-004-2026-0187,SI-881452,OPEN,2026-06-15T17:42:00+00:00
TXN-001454,SO-101453,2026-05-07,2026-05-07T14:43:00+00:00,CUS-003,Great Lakes University Hospital,Academic Medical Center,OH,Midwest,REP-011,MAKO-HIP-KIT,Robotic Procedure Kit,Robotic-assisted hip,1,1524.90,1524.90,0.1750,266.86,1258.04,625.00,633.04,USD,Direct,AGR-ORTHO-26-324,CPO-003-2026-0188,SI-881453,PAID,2026-05-07T17:43:00+00:00
TXN-001455,SO-101454,2026-04-23,2026-04-23T14:44:00+00:00,CUS-003,Great Lakes University Hospital,Academic Medical Center,OH,Midwest,REP-012,MAKO-HIP-KIT,Robotic Procedure Kit,Robotic-assisted hip,1,1480.05,1480.05,0.1700,251.61,1228.44,612.50,615.94,USD,Direct,AGR-ORTHO-26-324,CPO-003-2026-0189,SI-881454,OPEN,2026-04-25T17:44:00+00:00
TXN-001456,SO-101455,2026-03-13,2026-03-13T14:45:00+00:00,CUS-003,Great Lakes University Hospital,Academic Medical Center,OH,Midwest,REP-013,TRI-KNEE-PS-05,Triathlon Knee,Total knee arthroplasty,3,4825.00,14475.00,0.1600,2316.00,12159.00,7620.00,4539.00,USD,Direct,AGR-ORTHO-26-324,CPO-003-2026-0190,SI-881455,OPEN,2026-03-13T17:45:00+00:00
TXN-001457,SO-101456,2026-03-30,2026-03-30T14:46:00+00:00,CUS-004,Blue Ridge Joint Institute,Hospital,NC,Southeast,REP-010,TRI-KNEE-CR-04,Triathlon Knee,Total knee arthroplasty,2,4292.40,8584.80,0.1200,1030.18,7554.62,4620.00,2934.62,USD,Distributor,AGR-ORTHO-26-331,CPO-004-2026-0191,SI-881456,OPEN,2026-03-30T17:46:00+00:00
TXN-001458,SO-101457,2026-02-12,2026-02-12T14:00:00+00:00,CUS-002,Hudson Valley Surgical Center,ASC,NY,Northeast,REP-005,TRI-KNEE-CR-04,Triathlon Knee,Total knee arthroplasty,5,4292.40,21462.00,0.1000,2146.20,19315.80,11781.00,7534.80,USD,Direct,AGR-ORTHO-26-317,CPO-002-2026-0192,SI-881457,PAID,2026-02-13T17:00:00+00:00
TXN-001459,SO-101458,2026-02-18,2026-02-18T14:01:00+00:00,CUS-002,Hudson Valley Surgical Center,ASC,NY,Northeast,REP-006,ACC-HIP-LIN-36,Acetabular System,Total hip arthroplasty,1,1156.40,1156.40,0.1100,127.20,1029.20,519.40,509.80,USD,Direct,AGR-ORTHO-26-317,CPO-002-2026-0193,SI-881458,PAID,2026-02-18T17:01:00+00:00
TXN-001460,SO-101459,2026-04-28,2026-04-28T14:02:00+00:00,CUS-005,Lone Star Orthopedic Network,IDN,TX,South Central,REP-016,MAKO-HIP-KIT,Robotic Procedure Kit,Robotic-assisted hip,3,1524.90,4574.70,0.2000,914.94,3659.76,1875.00,1784.76,USD,Direct,AGR-ORTHO-26-338,CPO-005-2026-0194,SI-881459,PAID,2026-04-30T17:02:00+00:00
TXN-001461,SO-101460,2025-11-10,2025-11-10T14:03:00+00:00,CUS-010,Prairie Orthopedics Cooperative,IDN,IL,Midwest,REP-032,SOM-PLATE-8H,Trauma Plating,Trauma fixation,2,875.00,1750.00,0.1950,341.25,1408.75,715.40,693.35,USD,Direct,AGR-ORTHO-26-338,CPO-010-2025-0195,SI-881460,PAID,2025-11-11T17:03:00+00:00
TXN-001462,SO-101461,2025-10-31,2025-10-31T14:04:00+00:00,CUS-002,Hudson Valley Surgical Center,ASC,NY,Northeast,REP-009,TRI-KNEE-CR-04,Triathlon Knee,Total knee arthroplasty,2,4467.60,8935.20,0.1000,893.52,8041.68,4620.00,3421.68,USD,Direct,AGR-ORTHO-26-317,CPO-002-2025-0196,SI-881461,OPEN,2025-11-02T17:04:00+00:00
TXN-001463,SO-101462,2026-05-06,2026-05-06T14:05:00+00:00,CUS-007,Front Range Medical Center,Hospital,CO,Mountain,REP-025,SOM-PLATE-8H,Trauma Plating,Trauma fixation,1,875.00,875.00,0.1300,113.75,761.25,365.00,396.25,USD,Distributor,AGR-ORTHO-26-317,CPO-007-2026-0197,SI-881462,PAID,2026-05-08T17:05:00+00:00
TXN-001464,SO-101463,2026-01-06,2026-01-06T14:06:00+00:00,CUS-005,Lone Star Orthopedic Network,IDN,TX,South Central,REP-013,ACC-HIP-CUP-56,Acetabular System,Total hip arthroplasty,1,2915.50,2915.50,0.1950,568.52,2346.98,1517.76,829.22,USD,Direct,AGR-ORTHO-26-338,CPO-005-2026-0198,SI-881463,PAID,2026-01-06T17:06:00+00:00
TXN-001465,SO-101464,2026-04-26,2026-04-26T14:07:00+00:00,CUS-003,Great Lakes University Hospital,Academic Medical Center,OH,Midwest,REP-008,TRI-KNEE-PS-05,Triathlon Knee,Total knee arthroplasty,1,4776.75,4776.75,0.1800,859.82,3916.93,2590.80,1326.13,USD,Direct,AGR-ORTHO-26-324,CPO-003-2026-0199,SI-881464,PAID,2026-04-27T17:07:00+00:00
TXN-001466,SO-101465,2026-05-06,2026-05-06T14:08:00+00:00,CUS-002,Hudson Valley Surgical Center,ASC,NY,Northeast,REP-006,TRI-KNEE-CR-04,Triathlon Knee,Total knee arthroplasty,2,4380.00,8760.00,0.1450,1270.20,7489.80,4620.00,2869.80,USD,Direct,AGR-ORTHO-26-317,CPO-002-2026-0200,SI-881465,OPEN,2026-05-07T17:08:00+00:00
TXN-001467,SO-101466,2026-02-13,2026-02-13T14:09:00+00:00,CUS-008,Gulf Coast Trauma Hospital,Hospital,FL,Southeast,REP-025,TRI-KNEE-CR-04,Triathlon Knee,Total knee arthroplasty,1,4292.40,4292.40,0.1400,600.94,3691.46,2263.80,1427.66,USD,Distributor,AGR-ORTHO-26-324,CPO-008-2026-0201,SI-881466,OPEN,2026-02-14T17:09:00+00:00
TXN-001468,SO-101467,2026-04-26,2026-04-26T14:10:00+00:00,CUS-001,Atlantic Ortho Alliance,IDN,PA,Northeast,REP-005,SOM-SCREW-45,Trauma Plating,Trauma fixation,2,147.46,294.92,0.2250,66.36,228.56,85.68,142.88,USD,ASC Program,AGR-ORTHO-26-310,CPO-001-2026-0202,SI-881467,PAID,2026-04-26T17:10:00+00:00
TXN-001469,SO-101468,2026-04-09,2026-04-09T14:11:00+00:00,CUS-009,Northwest Specialty Distribution,Distributor,WA,West,REP-030,REV-FEM-STEM-12,Revision Hip,Revision arthroplasty,5,6548.40,32742.00,0.2400,7858.08,24883.92,17475.00,7408.92,USD,Direct,AGR-ORTHO-26-331,CPO-009-2026-0203,SI-881468,PAID,2026-04-09T17:11:00+00:00
TXN-001470,SO-101469,2025-11-13,2025-11-13T14:12:00+00:00,CUS-008,Gulf Coast Trauma Hospital,Hospital,FL,Southeast,REP-028,TRI-KNEE-CR-04,Triathlon Knee,Total knee arthroplasty,3,4380.00,13140.00,0.1200,1576.80,11563.20,7068.60,4494.60,USD,Direct,AGR-ORTHO-26-324,CPO-008-2025-0204,SI-881469,PAID,2025-11-13T17:12:00+00:00
TXN-001471,SO-101470,2026-02-16,2026-02-16T14:13:00+00:00,CUS-009,Northwest Specialty Distribution,Distributor,WA,West,REP-025,MAKO-KNEE-KIT,Robotic Procedure Kit,Robotic-assisted knee,4,1607.20,6428.80,0.2400,1542.91,4885.89,2815.20,2070.69,USD,Direct,AGR-ORTHO-26-331,CPO-009-2026-0205,SI-881470,PAID,2026-02-18T17:13:00+00:00
TXN-001472,SO-101471,2026-01-23,2026-01-23T14:14:00+00:00,CUS-005,Lone Star Orthopedic Network,IDN,TX,South Central,REP-014,SOM-PLATE-8H,Trauma Plating,Trauma fixation,2,857.50,1715.00,0.1900,325.85,1389.15,730.00,659.15,USD,Distributor,AGR-ORTHO-26-338,CPO-005-2026-0206,SI-881471,PAID,2026-01-24T17:14:00+00:00
TXN-001473,SO-101472,2026-01-17,2026-01-17T14:15:00+00:00,CUS-008,Gulf Coast Trauma Hospital,Hospital,FL,Southeast,REP-024,SPN-CAGE-LORD,Spine Interbody,Lumbar fusion,1,5207.40,5207.40,0.1300,676.96,4530.44,2735.00,1795.44,USD,Direct,AGR-ORTHO-26-324,CPO-008-2026-0207,SI-881472,OPEN,2026-01-17T17:15:00+00:00
TXN-001474,SO-101473,2026-04-20,2026-04-20T14:16:00+00:00,CUS-005,Lone Star Orthopedic Network,IDN,TX,South Central,REP-016,TRI-KNEE-PS-05,Triathlon Knee,Total knee arthroplasty,1,4921.50,4921.50,0.1800,885.87,4035.63,2590.80,1444.83,USD,Direct,AGR-ORTHO-26-338,CPO-005-2026-0208,SI-881473,OPEN,2026-04-22T17:16:00+00:00
TXN-001475,SO-101474,2026-03-30,2026-03-30T14:17:00+00:00,CUS-001,Atlantic Ortho Alliance,IDN,PA,Northeast,REP-005,MAKO-KNEE-KIT,Robotic Procedure Kit,Robotic-assisted knee,2,1656.40,3312.80,0.1900,629.43,2683.37,1352.40,1330.97,USD,Direct,AGR-ORTHO-26-310,CPO-001-2026-0209,SI-881474,PAID,2026-03-30T17:17:00+00:00
TXN-001476,SO-101475,2026-03-05,2026-03-05T14:18:00+00:00,CUS-001,Atlantic Ortho Alliance,IDN,PA,Northeast,REP-006,MAKO-HIP-KIT,Robotic Procedure Kit,Robotic-assisted hip,4,1524.90,6099.60,0.1800,1097.93,5001.67,2550.00,2451.67,USD,Distributor,AGR-ORTHO-26-310,CPO-001-2026-0210,SI-881475,PARTIALLY_PAID,2026-03-05T17:18:00+00:00
TXN-001477,SO-101476,2026-05-14,2026-05-14T14:19:00+00:00,CUS-002,Hudson Valley Surgical Center,ASC,NY,Northeast,REP-010,TRI-KNEE-PS-05,Triathlon Knee,Total knee arthroplasty,1,4825.00,4825.00,0.1450,699.63,4125.37,2590.80,1534.57,USD,Direct,AGR-ORTHO-26-317,CPO-002-2026-0211,SI-881476,OPEN,2026-05-15T17:19:00+00:00
TXN-001478,SO-101477,2026-03-17,2026-03-17T14:20:00+00:00,CUS-003,Great Lakes University Hospital,Academic Medical Center,OH,Midwest,REP-007,SOM-SCREW-45,Trauma Plating,Trauma fixation,1,147.46,147.46,0.1750,25.81,121.65,42.84,78.81,USD,ASC Program,AGR-ORTHO-26-324,CPO-003-2026-0001,SI-881477,PAID,2026-03-19T17:20:00+00:00
TXN-001479,SO-101478,2025-12-30,2025-12-30T14:21:00+00:00,CUS-001,Atlantic Ortho Alliance,IDN,PA,Northeast,REP-002,SOM-PLATE-8H,Trauma Plating,Trauma fixation,2,875.00,1750.00,0.2000,350.00,1400.00,744.60,655.40,USD,Direct,AGR-ORTHO-26-310,CPO-001-2025-0002,SI-881478,OPEN,2025-12-30T17:21:00+00:00
TXN-001480,SO-101479,2026-02-20,2026-02-20T14:22:00+00:00,CUS-001,Atlantic Ortho Alliance,IDN,PA,Northeast,REP-003,ACC-HIP-CUP-56,Acetabular System,Total hip arthroplasty,1,2915.50,2915.50,0.1900,553.95,2361.55,1488.00,873.55,USD,Direct,AGR-ORTHO-26-310,CPO-001-2026-0003,SI-881479,PAID,2026-02-20T17:22:00+00:00
TXN-001481,SO-101480,2026-05-02,2026-05-02T14:23:00+00:00,CUS-005,Lone Star Orthopedic Network,IDN,TX,South Central,REP-016,TRI-KNEE-CR-04,Triathlon Knee,Total knee arthroplasty,1,4380.00,4380.00,0.2000,876.00,3504.00,2310.00,1194.00,USD,Direct,AGR-ORTHO-26-338,CPO-005-2026-0004,SI-881480,OPEN,2026-05-03T17:23:00+00:00
TXN-001482,SO-101481,2026-04-01,2026-04-01T14:24:00+00:00,CUS-004,Blue Ridge Joint Institute,Hospital,NC,Southeast,REP-014,ACC-HIP-CUP-56,Acetabular System,Total hip arthroplasty,1,2975.00,2975.00,0.1300,386.75,2588.25,1488.00,1100.25,USD,Direct,AGR-ORTHO-26-331,CPO-004-2026-0005,SI-881481,PARTIALLY_PAID,2026-04-01T17:24:00+00:00
TXN-001483,SO-101482,2025-12-15,2025-12-15T14:25:00+00:00,CUS-002,Hudson Valley Surgical Center,ASC,NY,Northeast,REP-009,SOM-SCREW-45,Trauma Plating,Trauma fixation,2,146.00,292.00,0.1100,32.12,259.88,84.00,175.88,USD,Distributor,AGR-ORTHO-26-317,CPO-002-2025-0006,SI-881482,OPEN,2025-12-16T17:25:00+00:00
TXN-001484,SO-101483,2026-02-03,2026-02-03T14:26:00+00:00,CUS-001,Atlantic Ortho Alliance,IDN,PA,Northeast,REP-007,ACC-HIP-CUP-56,Acetabular System,Total hip arthroplasty,1,2975.00,2975.00,0.1900,565.25,2409.75,1488.00,921.75,USD,Direct,AGR-ORTHO-26-310,CPO-001-2026-0007,SI-881483,PAID,2026-02-05T17:26:00+00:00
TXN-001485,SO-101484,2026-03-09,2026-03-09T14:27:00+00:00,CUS-002,Hudson Valley Surgical Center,ASC,NY,Northeast,REP-004,TRI-KNEE-CR-04,Triathlon Knee,Total knee arthroplasty,2,4380.00,8760.00,0.1150,1007.40,7752.60,4527.60,3225.00,USD,Direct,AGR-ORTHO-26-317,CPO-002-2026-0008,SI-881484,OPEN,2026-03-10T17:27:00+00:00
TXN-001486,SO-101485,2026-04-09,2026-04-09T14:28:00+00:00,CUS-003,Great Lakes University Hospital,Academic Medical Center,OH,Midwest,REP-008,SOM-SCREW-45,Trauma Plating,Trauma fixation,3,148.92,446.76,0.1800,80.42,366.34,126.00,240.34,USD,Direct,AGR-ORTHO-26-324,CPO-003-2026-0009,SI-881485,OPEN,2026-04-10T17:28:00+00:00
TXN-001487,SO-101486,2026-03-07,2026-03-07T14:29:00+00:00,CUS-008,Gulf Coast Trauma Hospital,Hospital,FL,Southeast,REP-024,TRI-KNEE-CR-04,Triathlon Knee,Total knee arthroplasty,1,4467.60,4467.60,0.1400,625.46,3842.14,2356.20,1485.94,USD,ASC Program,AGR-ORTHO-26-324,CPO-008-2026-0010,SI-881486,OPEN,2026-03-08T17:29:00+00:00
TXN-001488,SO-101487,2026-02-12,2026-02-12T14:30:00+00:00,CUS-007,Front Range Medical Center,Hospital,CO,Mountain,REP-022,MAKO-HIP-KIT,Robotic Procedure Kit,Robotic-assisted hip,2,1480.05,2960.10,0.1200,355.21,2604.89,1250.00,1354.89,USD,ASC Program,AGR-ORTHO-26-317,CPO-007-2026-0011,SI-881487,PAID,2026-02-12T17:30:00+00:00
TXN-001489,SO-101488,2026-02-25,2026-02-25T14:31:00+00:00,CUS-008,Gulf Coast Trauma Hospital,Hospital,FL,Southeast,REP-026,TRI-KNEE-CR-04,Triathlon Knee,Total knee arthroplasty,8,4292.40,34339.20,0.1200,4120.70,30218.50,18110.40,12108.10,USD,Direct,AGR-ORTHO-26-324,CPO-008-2026-0012,SI-881488,PAID,2026-02-25T17:31:00+00:00
TXN-001490,SO-101489,2026-05-08,2026-05-08T14:32:00+00:00,CUS-003,Great Lakes University Hospital,Academic Medical Center,OH,Midwest,REP-012,ACC-HIP-CUP-56,Acetabular System,Total hip arthroplasty,5,2915.50,14577.50,0.1700,2478.18,12099.32,7291.20,4808.12,USD,ASC Program,AGR-ORTHO-26-324,CPO-003-2026-0013,SI-881489,PAID,2026-05-09T17:32:00+00:00
TXN-001491,SO-101490,2025-12-30,2025-12-30T14:33:00+00:00,CUS-004,Blue Ridge Joint Institute,Hospital,NC,Southeast,REP-016,SPN-CAGE-LORD,Spine Interbody,Lumbar fusion,4,5365.20,21460.80,0.1200,2575.30,18885.50,11158.80,7726.70,USD,Direct,AGR-ORTHO-26-331,CPO-004-2025-0014,SI-881490,PAID,2026-01-01T17:33:00+00:00
TXN-001492,SO-101491,2026-02-06,2026-02-06T14:34:00+00:00,CUS-008,Gulf Coast Trauma Hospital,Hospital,FL,Southeast,REP-022,TRI-KNEE-PS-05,Triathlon Knee,Total knee arthroplasty,1,4728.50,4728.50,0.1300,614.71,4113.79,2540.00,1573.79,USD,Direct,AGR-ORTHO-26-324,CPO-008-2026-0015,SI-881491,PARTIALLY_PAID,2026-02-08T17:34:00+00:00
TXN-001493,SO-101492,2026-04-10,2026-04-10T14:35:00+00:00,CUS-004,Blue Ridge Joint Institute,Hospital,NC,Southeast,REP-011,ACC-HIP-CUP-56,Acetabular System,Total hip arthroplasty,1,2975.00,2975.00,0.1400,416.50,2558.50,1488.00,1070.50,USD,Direct,AGR-ORTHO-26-331,CPO-004-2026-0016,SI-881492,PAID,2026-04-11T17:35:00+00:00
TXN-001494,SO-101493,2026-04-10,2026-04-10T14:36:00+00:00,CUS-006,Pacific Motion Surgery Partners,ASC,CA,West,REP-018,ACC-HIP-LIN-36,Acetabular System,Total hip arthroplasty,1,1180.00,1180.00,0.1100,129.80,1050.20,530.00,520.20,USD,ASC Program,AGR-ORTHO-26-310,CPO-006-2026-0017,SI-881493,OPEN,2026-04-10T17:36:00+00:00
TXN-001495,SO-101494,2026-04-19,2026-04-19T14:37:00+00:00,CUS-008,Gulf Coast Trauma Hospital,Hospital,FL,Southeast,REP-025,MAKO-KNEE-KIT,Robotic Procedure Kit,Robotic-assisted knee,2,1640.00,3280.00,0.1200,393.60,2886.40,1352.40,1534.00,USD,Distributor,AGR-ORTHO-26-324,CPO-008-2026-0018,SI-881494,PAID,2026-04-19T17:37:00+00:00
TXN-001496,SO-101495,2026-04-15,2026-04-15T14:38:00+00:00,CUS-006,Pacific Motion Surgery Partners,ASC,CA,West,REP-020,TRI-KNEE-PS-05,Triathlon Knee,Total knee arthroplasty,3,4728.50,14185.50,0.1150,1631.33,12554.17,7772.40,4781.77,USD,Direct,AGR-ORTHO-26-310,CPO-006-2026-0019,SI-881495,PAID,2026-04-17T17:38:00+00:00
TXN-001497,SO-101496,2026-02-10,2026-02-10T14:39:00+00:00,CUS-006,Pacific Motion Surgery Partners,ASC,CA,West,REP-021,ACC-HIP-CUP-56,Acetabular System,Total hip arthroplasty,2,3034.50,6069.00,0.1200,728.28,5340.72,2976.00,2364.72,USD,Direct,AGR-ORTHO-26-310,CPO-006-2026-0020,SI-881496,PAID,2026-02-10T17:39:00+00:00
TXN-001498,SO-101497,2026-03-12,2026-03-12T14:40:00+00:00,CUS-003,Great Lakes University Hospital,Academic Medical Center,OH,Midwest,REP-013,SOM-SCREW-45,Trauma Plating,Trauma fixation,4,143.08,572.32,0.1800,103.02,469.30,168.00,301.30,USD,Distributor,AGR-ORTHO-26-324,CPO-003-2026-0021,SI-881497,PARTIALLY_PAID,2026-03-13T17:40:00+00:00
TXN-001499,SO-101498,2026-06-22,2026-06-22T14:41:00+00:00,CUS-005,Lone Star Orthopedic Network,IDN,TX,South Central,REP-013,ACC-HIP-LIN-36,Acetabular System,Total hip arthroplasty,5,1180.00,5900.00,0.1950,1150.50,4749.50,2650.00,2099.50,USD,Direct,AGR-ORTHO-26-338,CPO-005-2026-0022,SI-881498,OPEN,2026-06-24T17:41:00+00:00
TXN-001500,SO-101499,2026-02-11,2026-02-11T14:42:00+00:00,CUS-006,Pacific Motion Surgery Partners,ASC,CA,West,REP-017,MAKO-KNEE-KIT,Robotic Procedure Kit,Robotic-assisted knee,1,1672.80,1672.80,0.1100,184.01,1488.79,676.20,812.59,USD,Direct,AGR-ORTHO-26-310,CPO-006-2026-0023,SI-881499,PAID,2026-02-11T17:42:00+00:00
TXN-001501,SO-101500,2026-03-26,2026-03-26T14:43:00+00:00,CUS-005,Lone Star Orthopedic Network,IDN,TX,South Central,REP-015,REV-FEM-STEM-12,Revision Hip,Revision arthroplasty,2,6420.00,12840.00,0.1900,2439.60,10400.40,6990.00,3410.40,USD,Direct,AGR-ORTHO-26-338,CPO-005-2026-0024,SI-881500,PAID,2026-03-26T17:43:00+00:00
TXN-001502,SO-101501,2026-03-03,2026-03-03T14:44:00+00:00,CUS-010,Prairie Orthopedics Cooperative,IDN,IL,Midwest,REP-031,TRI-KNEE-PS-05,Triathlon Knee,Total knee arthroplasty,5,4825.00,24125.00,0.1900,4583.75,19541.25,12446.00,7095.25,USD,Direct,AGR-ORTHO-26-338,CPO-010-2026-0025,SI-881501,PAID,2026-03-05T17:44:00+00:00
TXN-001503,SO-101502,2026-02-11,2026-02-11T14:45:00+00:00,CUS-001,Atlantic Ortho Alliance,IDN,PA,Northeast,REP-005,ACC-HIP-CUP-56,Acetabular System,Total hip arthroplasty,2,3034.50,6069.00,0.1800,1092.42,4976.58,2916.48,2060.10,USD,Direct,AGR-ORTHO-26-310,CPO-001-2026-0026,SI-881502,OPEN,2026-02-13T17:45:00+00:00
TXN-001504,SO-101503,2025-12-15,2025-12-15T14:46:00+00:00,CUS-003,Great Lakes University Hospital,Academic Medical Center,OH,Midwest,REP-012,SPN-CAGE-LORD,Spine Interbody,Lumbar fusion,2,5207.40,10414.80,0.1750,1822.59,8592.21,5360.60,3231.61,USD,Direct,AGR-ORTHO-26-324,CPO-003-2025-0027,SI-881503,PAID,2025-12-17T17:46:00+00:00
TXN-001505,SO-101504,2026-04-10,2026-04-10T14:00:00+00:00,CUS-005,Lone Star Orthopedic Network,IDN,TX,South Central,REP-019,TRI-KNEE-PS-05,Triathlon Knee,Total knee arthroplasty,2,4873.25,9746.50,0.1800,1754.37,7992.13,4978.40,3013.73,USD,Direct,AGR-ORTHO-26-338,CPO-005-2026-0028,SI-881504,PAID,2026-04-11T17:00:00+00:00
TXN-001506,SO-101505,2025-12-06,2025-12-06T14:01:00+00:00,CUS-001,Atlantic Ortho Alliance,IDN,PA,Northeast,REP-001,MAKO-HIP-KIT,Robotic Procedure Kit,Robotic-assisted hip,8,1495.00,11960.00,0.1900,2272.40,9687.60,5100.00,4587.60,USD,Direct,AGR-ORTHO-26-310,CPO-001-2025-0029,SI-881505,OPEN,2025-12-06T17:01:00+00:00
TXN-001507,SO-101506,2026-02-11,2026-02-11T14:02:00+00:00,CUS-004,Blue Ridge Joint Institute,Hospital,NC,Southeast,REP-011,SOM-PLATE-8H,Trauma Plating,Trauma fixation,1,883.75,883.75,0.1400,123.73,760.02,365.00,395.02,USD,Direct,AGR-ORTHO-26-331,CPO-004-2026-0030,SI-881506,PAID,2026-02-12T17:02:00+00:00
TXN-001508,SO-101507,2025-10-13,2025-10-13T14:03:00+00:00,CUS-005,Lone Star Orthopedic Network,IDN,TX,South Central,REP-015,ACC-HIP-LIN-36,Acetabular System,Total hip arthroplasty,1,1156.40,1156.40,0.2000,231.28,925.12,530.00,395.12,USD,Direct,AGR-ORTHO-26-338,CPO-005-2025-0031,SI-881507,PAID,2025-10-13T17:03:00+00:00
TXN-001509,SO-101508,2026-01-15,2026-01-15T14:04:00+00:00,CUS-003,Great Lakes University Hospital,Academic Medical Center,OH,Midwest,REP-010,MAKO-KNEE-KIT,Robotic Procedure Kit,Robotic-assisted knee,2,1656.40,3312.80,0.1700,563.18,2749.62,1380.00,1369.62,USD,Direct,AGR-ORTHO-26-324,CPO-003-2026-0032,SI-881508,PAID,2026-01-17T17:04:00+00:00
TXN-001510,SO-101509,2026-04-27,2026-04-27T14:05:00+00:00,CUS-011,Desert Ridge Ambulatory Surgery,ASC,AZ,Mountain,REP-035,MAKO-KNEE-KIT,Robotic Procedure Kit,Robotic-assisted knee,4,1656.40,6625.60,0.1000,662.56,5963.04,2760.00,3203.04,USD,Direct,AGR-ORTHO-26-310,CPO-011-2026-0033,SI-881509,OPEN,2026-04-29T17:05:00+00:00
TXN-001511,SO-101510,2026-05-02,2026-05-02T14:06:00+00:00,CUS-001,Atlantic Ortho Alliance,IDN,PA,Northeast,REP-006,MAKO-HIP-KIT,Robotic Procedure Kit,Robotic-assisted hip,1,1495.00,1495.00,0.2250,336.38,1158.62,625.00,533.62,USD,Distributor,AGR-ORTHO-26-310,CPO-001-2026-0034,SI-881510,OPEN,2026-05-03T17:06:00+00:00
TXN-001512,SO-101511,2026-06-08,2026-06-08T14:07:00+00:00,CUS-001,Atlantic Ortho Alliance,IDN,PA,Northeast,REP-007,TRI-KNEE-PS-05,Triathlon Knee,Total knee arthroplasty,1,4825.00,4825.00,0.1950,940.88,3884.12,2590.80,1293.32,USD,Direct,AGR-ORTHO-26-310,CPO-001-2026-0035,SI-881511,DISPUTED,2026-06-08T17:07:00+00:00
TXN-001513,SO-101512,2026-05-20,2026-05-20T14:08:00+00:00,CUS-003,Great Lakes University Hospital,Academic Medical Center,OH,Midwest,REP-007,SPN-CAGE-LORD,Spine Interbody,Lumbar fusion,5,5260.00,26300.00,0.1700,4471.00,21829.00,13675.00,8154.00,USD,Direct,AGR-ORTHO-26-324,CPO-003-2026-0036,SI-881512,OPEN,2026-05-20T17:08:00+00:00
TXN-001514,SO-101513,2025-12-17,2025-12-17T14:09:00+00:00,CUS-010,Prairie Orthopedics Cooperative,IDN,IL,Midwest,REP-029,REV-FEM-STEM-12,Revision Hip,Revision arthroplasty,2,6291.60,12583.20,0.1900,2390.81,10192.39,7129.80,3062.59,USD,Direct,AGR-ORTHO-26-338,CPO-010-2025-0037,SI-881513,PAID,2025-12-18T17:09:00+00:00
TXN-001515,SO-101514,2026-04-08,2026-04-08T14:10:00+00:00,CUS-008,Gulf Coast Trauma Hospital,Hospital,FL,Southeast,REP-024,SPN-CAGE-LORD,Spine Interbody,Lumbar fusion,1,5154.80,5154.80,0.1200,618.58,4536.22,2789.70,1746.52,USD,Direct,AGR-ORTHO-26-324,CPO-008-2026-0038,SI-881514,PAID,2026-04-08T17:10:00+00:00
TXN-001516,SO-101515,2026-02-21,2026-02-21T14:11:00+00:00,CUS-009,Northwest Specialty Distribution,Distributor,WA,West,REP-028,TRI-KNEE-CR-04,Triathlon Knee,Total knee arthroplasty,2,4380.00,8760.00,0.2400,2102.40,6657.60,4620.00,2037.60,USD,ASC Program,AGR-ORTHO-26-331,CPO-009-2026-0039,SI-881515,PAID,2026-02-21T17:11:00+00:00
TXN-001517,SO-101516,2026-05-01,2026-05-01T14:12:00+00:00,CUS-001,Atlantic Ortho Alliance,IDN,PA,Northeast,REP-005,SOM-SCREW-45,Trauma Plating,Trauma fixation,2,147.46,294.92,0.2250,66.36,228.56,84.00,144.56,USD,Direct,AGR-ORTHO-26-310,CPO-001-2026-0040,SI-881516,PAID,2026-05-02T17:12:00+00:00
TXN-001518,SO-101517,2026-03-19,2026-03-19T14:13:00+00:00,CUS-003,Great Lakes University Hospital,Academic Medical Center,OH,Midwest,REP-012,SOM-PLATE-8H,Trauma Plating,Trauma fixation,2,892.50,1785.00,0.1600,285.60,1499.40,715.40,784.00,USD,Direct,AGR-ORTHO-26-324,CPO-003-2026-0041,SI-881517,PAID,2026-03-21T17:13:00+00:00
TXN-001519,SO-101518,2026-05-18,2026-05-18T14:14:00+00:00,CUS-010,Prairie Orthopedics Cooperative,IDN,IL,Midwest,REP-034,ACC-HIP-LIN-36,Acetabular System,Total hip arthroplasty,8,1168.20,9345.60,0.2000,1869.12,7476.48,4324.80,3151.68,USD,Direct,AGR-ORTHO-26-338,CPO-010-2026-0042,SI-881518,PAID,2026-05-20T17:14:00+00:00
TXN-001520,SO-101519,2026-03-22,2026-03-22T14:15:00+00:00,CUS-006,Pacific Motion Surgery Partners,ASC,CA,West,REP-016,TRI-KNEE-PS-05,Triathlon Knee,Total knee arthroplasty,3,4776.75,14330.25,0.1150,1647.98,12682.27,7467.60,5214.67,USD,Direct,AGR-ORTHO-26-310,CPO-006-2026-0043,SI-881519,PAID,2026-03-22T17:15:00+00:00
TXN-001521,SO-101520,2026-06-21,2026-06-21T14:16:00+00:00,CUS-009,Northwest Specialty Distribution,Distributor,WA,West,REP-026,ACC-HIP-LIN-36,Acetabular System,Total hip arthroplasty,1,1191.80,1191.80,0.2500,297.95,893.85,540.60,353.25,USD,Direct,AGR-ORTHO-26-331,CPO-009-2026-0044,SI-881520,PAID,2026-06-21T17:16:00+00:00
TXN-001522,SO-101521,2026-04-21,2026-04-21T14:17:00+00:00,CUS-010,Prairie Orthopedics Cooperative,IDN,IL,Midwest,REP-030,MAKO-HIP-KIT,Robotic Procedure Kit,Robotic-assisted hip,5,1495.00,7475.00,0.1950,1457.63,6017.37,3187.50,2829.87,USD,Direct,AGR-ORTHO-26-338,CPO-010-2026-0045,SI-881521,PAID,2026-04-21T17:17:00+00:00
TXN-001523,SO-101522,2026-04-26,2026-04-26T14:18:00+00:00,CUS-005,Lone Star Orthopedic Network,IDN,TX,South Central,REP-016,SOM-SCREW-45,Trauma Plating,Trauma fixation,1,144.54,144.54,0.2000,28.91,115.63,42.00,73.63,USD,Distributor,AGR-ORTHO-26-338,CPO-005-2026-0046,SI-881522,PAID,2026-04-27T17:18:00+00:00
TXN-001524,SO-101523,2025-12-01,2025-12-01T14:19:00+00:00,CUS-001,Atlantic Ortho Alliance,IDN,PA,Northeast,REP-005,MAKO-KNEE-KIT,Robotic Procedure Kit,Robotic-assisted knee,1,1656.40,1656.40,0.1900,314.72,1341.68,690.00,651.68,USD,Direct,AGR-ORTHO-26-310,CPO-001-2025-0047,SI-881523,PAID,2025-12-01T17:19:00+00:00
TXN-001525,SO-101524,2026-04-30,2026-04-30T14:20:00+00:00,CUS-001,Atlantic Ortho Alliance,IDN,PA,Northeast,REP-006,MAKO-KNEE-KIT,Robotic Procedure Kit,Robotic-assisted knee,1,1656.40,1656.40,0.2250,372.69,1283.71,703.80,579.91,USD,Distributor,AGR-ORTHO-26-310,CPO-001-2026-0048,SI-881524,OPEN,2026-04-30T17:20:00+00:00
TXN-001526,SO-101525,2026-04-28,2026-04-28T14:21:00+00:00,CUS-012,New England Sports Medicine,Hospital,MA,Northeast,REP-040,MAKO-KNEE-KIT,Robotic Procedure Kit,Robotic-assisted knee,2,1607.20,3214.40,0.1550,498.23,2716.17,1380.00,1336.17,USD,Direct,AGR-ORTHO-26-317,CPO-012-2026-0049,SI-881525,PAID,2026-04-28T17:21:00+00:00
TXN-001527,SO-101526,2026-02-26,2026-02-26T14:22:00+00:00,CUS-001,Atlantic Ortho Alliance,IDN,PA,Northeast,REP-001,MAKO-KNEE-KIT,Robotic Procedure Kit,Robotic-assisted knee,1,1672.80,1672.80,0.1800,301.10,1371.70,703.80,667.90,USD,Direct,AGR-ORTHO-26-310,CPO-001-2026-0050,SI-881526,OPEN,2026-02-26T17:22:00+00:00
TXN-001528,SO-101527,2026-03-17,2026-03-17T14:23:00+00:00,CUS-012,New England Sports Medicine,Hospital,MA,Northeast,REP-035,ACC-HIP-CUP-56,Acetabular System,Total hip arthroplasty,1,2915.50,2915.50,0.1300,379.02,2536.48,1488.00,1048.48,USD,Direct,AGR-ORTHO-26-317,CPO-012-2026-0051,SI-881527,PAID,2026-03-17T17:23:00+00:00
TXN-001529,SO-101528,2026-03-24,2026-03-24T14:24:00+00:00,CUS-001,Atlantic Ortho Alliance,IDN,PA,Northeast,REP-003,SOM-PLATE-8H,Trauma Plating,Trauma fixation,1,892.50,892.50,0.1800,160.65,731.85,357.70,374.15,USD,Direct,AGR-ORTHO-26-310,CPO-001-2026-0052,SI-881528,PAID,2026-03-24T17:24:00+00:00
TXN-001530,SO-101529,2026-06-03,2026-06-03T14:25:00+00:00,CUS-010,Prairie Orthopedics Cooperative,IDN,IL,Midwest,REP-031,MAKO-HIP-KIT,Robotic Procedure Kit,Robotic-assisted hip,2,1480.05,2960.10,0.1900,562.42,2397.68,1250.00,1147.68,USD,Direct,AGR-ORTHO-26-338,CPO-010-2026-0053,SI-881529,PAID,2026-06-03T17:25:00+00:00
TXN-001531,SO-101530,2026-03-20,2026-03-20T14:26:00+00:00,CUS-003,Great Lakes University Hospital,Academic Medical Center,OH,Midwest,REP-011,MAKO-KNEE-KIT,Robotic Procedure Kit,Robotic-assisted knee,1,1623.60,1623.60,0.1600,259.78,1363.82,703.80,660.02,USD,Direct,AGR-ORTHO-26-324,CPO-003-2026-0054,SI-881530,PAID,2026-03-20T17:26:00+00:00
TXN-001532,SO-101531,2026-03-04,2026-03-04T14:27:00+00:00,CUS-012,New England Sports Medicine,Hospital,MA,Northeast,REP-039,ACC-HIP-CUP-56,Acetabular System,Total hip arthroplasty,1,2975.00,2975.00,0.1200,357.00,2618.00,1488.00,1130.00,USD,Direct,AGR-ORTHO-26-317,CPO-012-2026-0055,SI-881531,PAID,2026-03-05T17:27:00+00:00
TXN-001533,SO-101532,2026-02-15,2026-02-15T14:28:00+00:00,CUS-001,Atlantic Ortho Alliance,IDN,PA,Northeast,REP-007,TRI-KNEE-CR-04,Triathlon Knee,Total knee arthroplasty,3,4380.00,13140.00,0.1900,2496.60,10643.40,6930.00,3713.40,USD,Direct,AGR-ORTHO-26-310,CPO-001-2026-0056,SI-881532,PAID,2026-02-15T17:28:00+00:00
TXN-001534,SO-101533,2026-05-19,2026-05-19T14:29:00+00:00,CUS-005,Lone Star Orthopedic Network,IDN,TX,South Central,REP-013,TRI-KNEE-PS-05,Triathlon Knee,Total knee arthroplasty,1,4776.75,4776.75,0.2000,955.35,3821.40,2540.00,1281.40,USD,Direct,AGR-ORTHO-26-338,CPO-005-2026-0057,SI-881533,OPEN,2026-05-19T17:29:00+00:00
TXN-001535,SO-101534,2026-01-30,2026-01-30T14:30:00+00:00,CUS-011,Desert Ridge Ambulatory Surgery,ASC,AZ,Mountain,REP-032,SPN-CAGE-LORD,Spine Interbody,Lumbar fusion,3,5365.20,16095.60,0.1150,1850.99,14244.61,8205.00,6039.61,USD,Distributor,AGR-ORTHO-26-310,CPO-011-2026-0058,SI-881534,OPEN,2026-01-30T17:30:00+00:00
TXN-001536,SO-101535,2026-03-15,2026-03-15T14:31:00+00:00,CUS-001,Atlantic Ortho Alliance,IDN,PA,Northeast,REP-003,REV-FEM-STEM-12,Revision Hip,Revision arthroplasty,3,6291.60,18874.80,0.1900,3586.21,15288.59,10485.00,4803.59,USD,Direct,AGR-ORTHO-26-310,CPO-001-2026-0059,SI-881535,OPEN,2026-03-15T17:31:00+00:00
TXN-001537,SO-101536,2026-05-07,2026-05-07T14:32:00+00:00,CUS-008,Gulf Coast Trauma Hospital,Hospital,FL,Southeast,REP-025,ACC-HIP-CUP-56,Acetabular System,Total hip arthroplasty,1,2945.25,2945.25,0.1300,382.88,2562.37,1488.00,1074.37,USD,Direct,AGR-ORTHO-26-324,CPO-008-2026-0060,SI-881536,OPEN,2026-05-08T17:32:00+00:00
TXN-001538,SO-101537,2026-05-08,2026-05-08T14:33:00+00:00,CUS-005,Lone Star Orthopedic Network,IDN,TX,South Central,REP-017,TRI-KNEE-CR-04,Triathlon Knee,Total knee arthroplasty,1,4467.60,4467.60,0.1900,848.84,3618.76,2310.00,1308.76,USD,Direct,AGR-ORTHO-26-338,CPO-005-2026-0061,SI-881537,PAID,2026-05-08T17:33:00+00:00
TXN-001539,SO-101538,2026-02-02,2026-02-02T14:34:00+00:00,CUS-005,Lone Star Orthopedic Network,IDN,TX,South Central,REP-018,MAKO-KNEE-KIT,Robotic Procedure Kit,Robotic-assisted knee,2,1640.00,3280.00,0.1800,590.40,2689.60,1380.00,1309.60,USD,Direct,AGR-ORTHO-26-338,CPO-005-2026-0062,SI-881538,PAID,2026-02-04T17:34:00+00:00
TXN-001540,SO-101539,2026-01-31,2026-01-31T14:35:00+00:00,CUS-004,Blue Ridge Joint Institute,Hospital,NC,Southeast,REP-016,TRI-KNEE-CR-04,Triathlon Knee,Total knee arthroplasty,1,4380.00,4380.00,0.1300,569.40,3810.60,2310.00,1500.60,USD,Direct,AGR-ORTHO-26-331,CPO-004-2026-0063,SI-881539,OPEN,2026-01-31T17:35:00+00:00
TXN-001541,SO-101540,2026-03-16,2026-03-16T14:36:00+00:00,CUS-005,Lone Star Orthopedic Network,IDN,TX,South Central,REP-013,MAKO-KNEE-KIT,Robotic Procedure Kit,Robotic-assisted knee,4,1640.00,6560.00,0.1900,1246.40,5313.60,2815.20,2498.40,USD,ASC Program,AGR-ORTHO-26-338,CPO-005-2026-0064,SI-881540,PAID,2026-03-16T17:36:00+00:00
TXN-001542,SO-101541,2026-02-15,2026-02-15T14:37:00+00:00,CUS-007,Front Range Medical Center,Hospital,CO,Mountain,REP-020,TRI-KNEE-CR-04,Triathlon Knee,Total knee arthroplasty,3,4292.40,12877.20,0.1300,1674.04,11203.16,6930.00,4273.16,USD,ASC Program,AGR-ORTHO-26-317,CPO-007-2026-0065,SI-881541,OPEN,2026-02-15T17:37:00+00:00
TXN-001543,SO-101542,2026-05-01,2026-05-01T14:38:00+00:00,CUS-005,Lone Star Orthopedic Network,IDN,TX,South Central,REP-015,SOM-PLATE-8H,Trauma Plating,Trauma fixation,1,875.00,875.00,0.1900,166.25,708.75,357.70,351.05,USD,Distributor,AGR-ORTHO-26-338,CPO-005-2026-0066,SI-881542,OPEN,2026-05-02T17:38:00+00:00
TXN-001544,SO-101543,2025-12-12,2025-12-12T14:39:00+00:00,CUS-003,Great Lakes University Hospital,Academic Medical Center,OH,Midwest,REP-010,TRI-KNEE-PS-05,Triathlon Knee,Total knee arthroplasty,1,4825.00,4825.00,0.1700,820.25,4004.75,2590.80,1413.95,USD,Direct,AGR-ORTHO-26-324,CPO-003-2025-0067,SI-881543,OPEN,2025-12-13T17:39:00+00:00
TXN-001545,SO-101544,2026-05-01,2026-05-01T14:40:00+00:00,CUS-007,Front Range Medical Center,Hospital,CO,Mountain,REP-023,ACC-HIP-CUP-56,Acetabular System,Total hip arthroplasty,2,2975.00,5950.00,0.1300,773.50,5176.50,2916.48,2260.02,USD,Direct,AGR-ORTHO-26-317,CPO-007-2026-0068,SI-881544,PAID,2026-05-03T17:40:00+00:00
TXN-001546,SO-101545,2026-03-30,2026-03-30T14:41:00+00:00,CUS-011,Desert Ridge Ambulatory Surgery,ASC,AZ,Mountain,REP-036,ACC-HIP-LIN-36,Acetabular System,Total hip arthroplasty,4,1203.60,4814.40,0.1100,529.58,4284.82,2077.60,2207.22,USD,Direct,AGR-ORTHO-26-310,CPO-011-2026-0069,SI-881545,PAID,2026-04-01T17:41:00+00:00
TXN-001547,SO-101546,2026-04-21,2026-04-21T14:42:00+00:00,CUS-005,Lone Star Orthopedic Network,IDN,TX,South Central,REP-019,SPN-CAGE-LORD,Spine Interbody,Lumbar fusion,4,5260.00,21040.00,0.1900,3997.60,17042.40,10940.00,6102.40,USD,Direct,AGR-ORTHO-26-338,CPO-005-2026-0070,SI-881546,OPEN,2026-04-23T17:42:00+00:00
TXN-001548,SO-101547,2026-03-31,2026-03-31T14:43:00+00:00,CUS-004,Blue Ridge Joint Institute,Hospital,NC,Southeast,REP-010,ACC-HIP-CUP-56,Acetabular System,Total hip arthroplasty,3,3004.75,9014.25,0.1300,1171.85,7842.40,4553.28,3289.12,USD,Direct,AGR-ORTHO-26-331,CPO-004-2026-0071,SI-881547,PAID,2026-03-31T17:43:00+00:00
TXN-001549,SO-101548,2026-05-08,2026-05-08T14:44:00+00:00,CUS-012,New England Sports Medicine,Hospital,MA,Northeast,REP-035,TRI-KNEE-PS-05,Triathlon Knee,Total knee arthroplasty,3,4825.00,14475.00,0.1650,2388.38,12086.62,7467.60,4619.02,USD,Direct,AGR-ORTHO-26-317,CPO-012-2026-0072,SI-881548,OPEN,2026-05-09T17:44:00+00:00
TXN-001550,SO-101549,2026-04-04,2026-04-04T14:45:00+00:00,CUS-004,Blue Ridge Joint Institute,Hospital,NC,Southeast,REP-012,TRI-KNEE-PS-05,Triathlon Knee,Total knee arthroplasty,2,4728.50,9457.00,0.1350,1276.70,8180.30,4978.40,3201.90,USD,ASC Program,AGR-ORTHO-26-331,CPO-004-2026-0073,SI-881549,PAID,2026-04-05T17:45:00+00:00
TXN-001551,SO-101550,2026-01-30,2026-01-30T14:46:00+00:00,CUS-010,Prairie Orthopedics Cooperative,IDN,IL,Midwest,REP-031,MAKO-KNEE-KIT,Robotic Procedure Kit,Robotic-assisted knee,1,1656.40,1656.40,0.2000,331.28,1325.12,690.00,635.12,USD,Direct,AGR-ORTHO-26-338,CPO-010-2026-0074,SI-881550,PAID,2026-01-30T17:46:00+00:00
TXN-001552,SO-101551,2026-06-20,2026-06-20T14:00:00+00:00,CUS-011,Desert Ridge Ambulatory Surgery,ASC,AZ,Mountain,REP-035,SPN-CAGE-LORD,Spine Interbody,Lumbar fusion,1,5260.00,5260.00,0.1200,631.20,4628.80,2680.30,1948.50,USD,ASC Program,AGR-ORTHO-26-310,CPO-011-2026-0075,SI-881551,PAID,2026-06-22T17:00:00+00:00
TXN-001553,SO-101552,2026-04-01,2026-04-01T14:01:00+00:00,CUS-004,Blue Ridge Joint Institute,Hospital,NC,Southeast,REP-015,REV-FEM-STEM-12,Revision Hip,Revision arthroplasty,4,6548.40,26193.60,0.1300,3405.17,22788.43,13700.40,9088.03,USD,ASC Program,AGR-ORTHO-26-331,CPO-004-2026-0076,SI-881552,PAID,2026-04-03T17:01:00+00:00
TXN-001554,SO-101553,2026-05-19,2026-05-19T14:02:00+00:00,CUS-001,Atlantic Ortho Alliance,IDN,PA,Northeast,REP-007,SPN-CAGE-LORD,Spine Interbody,Lumbar fusion,1,5260.00,5260.00,0.2250,1183.50,4076.50,2680.30,1396.20,USD,Direct,AGR-ORTHO-26-310,CPO-001-2026-0077,SI-881553,PAID,2026-05-21T17:02:00+00:00
TXN-001555,SO-101554,2026-02-18,2026-02-18T14:03:00+00:00,CUS-006,Pacific Motion Surgery Partners,ASC,CA,West,REP-016,SPN-CAGE-LORD,Spine Interbody,Lumbar fusion,1,5312.60,5312.60,0.1200,637.51,4675.09,2735.00,1940.09,USD,Distributor,AGR-ORTHO-26-310,CPO-006-2026-0078,SI-881554,OPEN,2026-02-20T17:03:00+00:00
TXN-001556,SO-101555,2026-05-10,2026-05-10T14:04:00+00:00,CUS-012,New England Sports Medicine,Hospital,MA,Northeast,REP-035,TRI-KNEE-CR-04,Triathlon Knee,Total knee arthroplasty,1,4380.00,4380.00,0.1700,744.60,3635.40,2310.00,1325.40,USD,Direct,AGR-ORTHO-26-317,CPO-012-2026-0079,SI-881555,PAID,2026-05-10T17:04:00+00:00
TXN-001557,SO-101556,2026-03-30,2026-03-30T14:05:00+00:00,CUS-006,Pacific Motion Surgery Partners,ASC,CA,West,REP-018,ACC-HIP-CUP-56,Acetabular System,Total hip arthroplasty,1,2945.25,2945.25,0.1100,323.98,2621.27,1517.76,1103.51,USD,Direct,AGR-ORTHO-26-310,CPO-006-2026-0080,SI-881556,OPEN,2026-04-01T17:05:00+00:00
TXN-001558,SO-101557,2026-04-02,2026-04-02T14:06:00+00:00,CUS-002,Hudson Valley Surgical Center,ASC,NY,Northeast,REP-007,MAKO-HIP-KIT,Robotic Procedure Kit,Robotic-assisted hip,3,1480.05,4440.15,0.1550,688.22,3751.93,1875.00,1876.93,USD,ASC Program,AGR-ORTHO-26-317,CPO-002-2026-0081,SI-881557,OPEN,2026-04-02T17:06:00+00:00
TXN-001559,SO-101558,2026-04-01,2026-04-01T14:07:00+00:00,CUS-009,Northwest Specialty Distribution,Distributor,WA,West,REP-029,ACC-HIP-CUP-56,Acetabular System,Total hip arthroplasty,1,3034.50,3034.50,0.2400,728.28,2306.22,1458.24,847.98,USD,ASC Program,AGR-ORTHO-26-331,CPO-009-2026-0082,SI-881558,PAID,2026-04-03T17:07:00+00:00
TXN-001560,SO-101559,2026-05-02,2026-05-02T14:08:00+00:00,CUS-001,Atlantic Ortho Alliance,IDN,PA,Northeast,REP-006,TRI-KNEE-CR-04,Triathlon Knee,Total knee arthroplasty,4,4336.20,17344.80,0.2250,3902.58,13442.22,9240.00,4202.22,USD,Direct,AGR-ORTHO-26-310,CPO-001-2026-0083,SI-881559,DISPUTED,2026-05-04T17:08:00+00:00
TXN-001561,SO-101560,2025-11-09,2025-11-09T14:09:00+00:00,CUS-006,Pacific Motion Surgery Partners,ASC,CA,West,REP-022,TRI-KNEE-CR-04,Triathlon Knee,Total knee arthroplasty,1,4423.80,4423.80,0.1000,442.38,3981.42,2310.00,1671.42,USD,Direct,AGR-ORTHO-26-310,CPO-006-2025-0084,SI-881560,PAID,2025-11-10T17:09:00+00:00
TXN-001562,SO-101561,2026-01-26,2026-01-26T14:10:00+00:00,CUS-001,Atlantic Ortho Alliance,IDN,PA,Northeast,REP-001,MAKO-HIP-KIT,Robotic Procedure Kit,Robotic-assisted hip,3,1495.00,4485.00,0.1950,874.58,3610.42,1912.50,1697.92,USD,Direct,AGR-ORTHO-26-310,CPO-001-2026-0085,SI-881561,PAID,2026-01-26T17:10:00+00:00
TXN-001563,SO-101562,2026-01-17,2026-01-17T14:11:00+00:00,CUS-003,Great Lakes University Hospital,Academic Medical Center,OH,Midwest,REP-008,MAKO-KNEE-KIT,Robotic Procedure Kit,Robotic-assisted knee,3,1656.40,4969.20,0.1600,795.07,4174.13,2028.60,2145.53,USD,Direct,AGR-ORTHO-26-324,CPO-003-2026-0086,SI-881562,PAID,2026-01-17T17:11:00+00:00
TXN-001564,SO-101563,2026-03-16,2026-03-16T14:12:00+00:00,CUS-007,Front Range Medical Center,Hospital,CO,Mountain,REP-021,ACC-HIP-LIN-36,Acetabular System,Total hip arthroplasty,2,1191.80,2383.60,0.1350,321.79,2061.81,1038.80,1023.01,USD,Direct,AGR-ORTHO-26-317,CPO-007-2026-0087,SI-881563,OPEN,2026-03-16T17:12:00+00:00
TXN-001565,SO-101564,2026-04-05,2026-04-05T14:13:00+00:00,CUS-005,Lone Star Orthopedic Network,IDN,TX,South Central,REP-016,SOM-SCREW-45,Trauma Plating,Trauma fixation,4,146.00,584.00,0.1800,105.12,478.88,164.64,314.24,USD,Direct,AGR-ORTHO-26-338,CPO-005-2026-0088,SI-881564,PAID,2026-04-06T17:13:00+00:00
TXN-001566,SO-101565,2025-11-30,2025-11-30T14:14:00+00:00,CUS-007,Front Range Medical Center,Hospital,CO,Mountain,REP-023,SPN-CAGE-LORD,Spine Interbody,Lumbar fusion,1,5154.80,5154.80,0.1300,670.12,4484.68,2735.00,1749.68,USD,Direct,AGR-ORTHO-26-317,CPO-007-2025-0089,SI-881565,OPEN,2025-11-30T17:14:00+00:00
TXN-001567,SO-101566,2026-03-03,2026-03-03T14:15:00+00:00,CUS-002,Hudson Valley Surgical Center,ASC,NY,Northeast,REP-009,REV-FEM-STEM-12,Revision Hip,Revision arthroplasty,1,6420.00,6420.00,0.1200,770.40,5649.60,3495.00,2154.60,USD,ASC Program,AGR-ORTHO-26-317,CPO-002-2026-0090,SI-881566,PAID,2026-03-03T17:15:00+00:00
TXN-001568,SO-101567,2026-02-11,2026-02-11T14:16:00+00:00,CUS-004,Blue Ridge Joint Institute,Hospital,NC,Southeast,REP-016,TRI-KNEE-CR-04,Triathlon Knee,Total knee arthroplasty,1,4423.80,4423.80,0.1300,575.09,3848.71,2356.20,1492.51,USD,Distributor,AGR-ORTHO-26-331,CPO-004-2026-0091,SI-881567,PAID,2026-02-12T17:16:00+00:00
TXN-001569,SO-101568,2026-04-30,2026-04-30T14:17:00+00:00,CUS-008,Gulf Coast Trauma Hospital,Hospital,FL,Southeast,REP-022,ACC-HIP-CUP-56,Acetabular System,Total hip arthroplasty,4,3034.50,12138.00,0.1300,1577.94,10560.06,6071.04,4489.02,USD,Direct,AGR-ORTHO-26-324,CPO-008-2026-0092,SI-881568,PAID,2026-05-01T17:17:00+00:00
TXN-001570,SO-101569,2026-05-17,2026-05-17T14:18:00+00:00,CUS-009,Northwest Specialty Distribution,Distributor,WA,West,REP-026,REV-FEM-STEM-12,Revision Hip,Revision arthroplasty,5,6420.00,32100.00,0.2400,7704.00,24396.00,17475.00,6921.00,USD,Direct,AGR-ORTHO-26-331,CPO-009-2026-0093,SI-881569,PAID,2026-05-17T17:18:00+00:00
TXN-001571,SO-101570,2026-03-27,2026-03-27T14:19:00+00:00,CUS-004,Blue Ridge Joint Institute,Hospital,NC,Southeast,REP-012,TRI-KNEE-CR-04,Triathlon Knee,Total knee arthroplasty,1,4467.60,4467.60,0.1350,603.13,3864.47,2356.20,1508.27,USD,Direct,AGR-ORTHO-26-331,CPO-004-2026-0094,SI-881570,OPEN,2026-03-29T17:19:00+00:00
TXN-001572,SO-101571,2025-12-18,2025-12-18T14:20:00+00:00,CUS-003,Great Lakes University Hospital,Academic Medical Center,OH,Midwest,REP-010,SPN-CAGE-LORD,Spine Interbody,Lumbar fusion,4,5365.20,21460.80,0.1700,3648.34,17812.46,10721.20,7091.26,USD,Direct,AGR-ORTHO-26-324,CPO-003-2025-0095,SI-881571,PARTIALLY_PAID,2025-12-19T17:20:00+00:00
TXN-001573,SO-101572,2026-01-04,2026-01-04T14:21:00+00:00,CUS-001,Atlantic Ortho Alliance,IDN,PA,Northeast,REP-005,TRI-KNEE-PS-05,Triathlon Knee,Total knee arthroplasty,1,4825.00,4825.00,0.1800,868.50,3956.50,2540.00,1416.50,USD,Direct,AGR-ORTHO-26-310,CPO-001-2026-0096,SI-881572,PAID,2026-01-04T17:21:00+00:00
TXN-001574,SO-101573,2026-02-02,2026-02-02T14:22:00+00:00,CUS-003,Great Lakes University Hospital,Academic Medical Center,OH,Midwest,REP-012,SOM-SCREW-45,Trauma Plating,Trauma fixation,4,147.46,589.84,0.1700,100.27,489.57,171.36,318.21,USD,Direct,AGR-ORTHO-26-324,CPO-003-2026-0097,SI-881573,PAID,2026-02-04T17:22:00+00:00
TXN-001575,SO-101574,2026-04-30,2026-04-30T14:23:00+00:00,CUS-012,New England Sports Medicine,Hospital,MA,Northeast,REP-040,REV-FEM-STEM-12,Revision Hip,Revision arthroplasty,2,6548.40,13096.80,0.1550,2030.00,11066.80,6990.00,4076.80,USD,Direct,AGR-ORTHO-26-317,CPO-012-2026-0098,SI-881574,OPEN,2026-04-30T17:23:00+00:00
TXN-001576,SO-101575,2026-04-11,2026-04-11T14:24:00+00:00,CUS-010,Prairie Orthopedics Cooperative,IDN,IL,Midwest,REP-028,ACC-HIP-LIN-36,Acetabular System,Total hip arthroplasty,4,1191.80,4767.20,0.1800,858.10,3909.10,2120.00,1789.10,USD,ASC Program,AGR-ORTHO-26-338,CPO-010-2026-0099,SI-881575,PAID,2026-04-11T17:24:00+00:00
TXN-001577,SO-101576,2026-03-18,2026-03-18T14:25:00+00:00,CUS-004,Blue Ridge Joint Institute,Hospital,NC,Southeast,REP-011,TRI-KNEE-CR-04,Triathlon Knee,Total knee arthroplasty,1,4336.20,4336.20,0.1300,563.71,3772.49,2263.80,1508.69,USD,Direct,AGR-ORTHO-26-331,CPO-004-2026-0100,SI-881576,PAID,2026-03-18T17:25:00+00:00
TXN-001578,SO-101577,2026-03-20,2026-03-20T14:26:00+00:00,CUS-002,Hudson Valley Surgical Center,ASC,NY,Northeast,REP-006,TRI-KNEE-CR-04,Triathlon Knee,Total knee arthroplasty,1,4423.80,4423.80,0.1100,486.62,3937.18,2356.20,1580.98,USD,Direct,AGR-ORTHO-26-317,CPO-002-2026-0101,SI-881577,DISPUTED,2026-03-20T17:26:00+00:00
TXN-001579,SO-101578,2025-12-07,2025-12-07T14:27:00+00:00,CUS-005,Lone Star Orthopedic Network,IDN,TX,South Central,REP-016,MAKO-HIP-KIT,Robotic Procedure Kit,Robotic-assisted hip,3,1495.00,4485.00,0.1800,807.30,3677.70,1912.50,1765.20,USD,ASC Program,AGR-ORTHO-26-338,CPO-005-2025-0102,SI-881578,OPEN,2025-12-07T17:27:00+00:00
TXN-001580,SO-101579,2026-05-06,2026-05-06T14:28:00+00:00,CUS-003,Great Lakes University Hospital,Academic Medical Center,OH,Midwest,REP-011,TRI-KNEE-CR-04,Triathlon Knee,Total knee arthroplasty,2,4380.00,8760.00,0.1700,1489.20,7270.80,4620.00,2650.80,USD,Distributor,AGR-ORTHO-26-324,CPO-003-2026-0103,SI-881579,OPEN,2026-05-07T17:28:00+00:00
TXN-001581,SO-101580,2026-05-15,2026-05-15T14:29:00+00:00,CUS-010,Prairie Orthopedics Cooperative,IDN,IL,Midwest,REP-033,TRI-KNEE-CR-04,Triathlon Knee,Total knee arthroplasty,1,4292.40,4292.40,0.1800,772.63,3519.77,2310.00,1209.77,USD,Direct,AGR-ORTHO-26-338,CPO-010-2026-0104,SI-881580,PAID,2026-05-16T17:29:00+00:00
TXN-001582,SO-101581,2025-11-21,2025-11-21T14:30:00+00:00,CUS-011,Desert Ridge Ambulatory Surgery,ASC,AZ,Mountain,REP-037,TRI-KNEE-CR-04,Triathlon Knee,Total knee arthroplasty,1,4423.80,4423.80,0.1100,486.62,3937.18,2310.00,1627.18,USD,Direct,AGR-ORTHO-26-310,CPO-011-2025-0105,SI-881581,PARTIALLY_PAID,2025-11-22T17:30:00+00:00
TXN-001583,SO-101582,2026-01-16,2026-01-16T14:31:00+00:00,CUS-010,Prairie Orthopedics Cooperative,IDN,IL,Midwest,REP-028,TRI-KNEE-CR-04,Triathlon Knee,Total knee arthroplasty,1,4336.20,4336.20,0.1900,823.88,3512.32,2356.20,1156.12,USD,ASC Program,AGR-ORTHO-26-338,CPO-010-2026-0106,SI-881582,PAID,2026-01-17T17:31:00+00:00
TXN-001584,SO-101583,2026-04-29,2026-04-29T14:32:00+00:00,CUS-005,Lone Star Orthopedic Network,IDN,TX,South Central,REP-014,SOM-PLATE-8H,Trauma Plating,Trauma fixation,1,875.00,875.00,0.1800,157.50,717.50,372.30,345.20,USD,Direct,AGR-ORTHO-26-338,CPO-005-2026-0107,SI-881583,PARTIALLY_PAID,2026-04-29T17:32:00+00:00
TXN-001585,SO-101584,2026-05-28,2026-05-28T14:33:00+00:00,CUS-006,Pacific Motion Surgery Partners,ASC,CA,West,REP-018,SOM-SCREW-45,Trauma Plating,Trauma fixation,1,144.54,144.54,0.1150,16.62,127.92,42.00,85.92,USD,Direct,AGR-ORTHO-26-310,CPO-006-2026-0108,SI-881584,OPEN,2026-05-29T17:33:00+00:00
TXN-001586,SO-101585,2026-05-21,2026-05-21T14:34:00+00:00,CUS-008,Gulf Coast Trauma Hospital,Hospital,FL,Southeast,REP-025,TRI-KNEE-PS-05,Triathlon Knee,Total knee arthroplasty,1,4921.50,4921.50,0.1300,639.80,4281.70,2540.00,1741.70,USD,Direct,AGR-ORTHO-26-324,CPO-008-2026-0109,SI-881585,PAID,2026-05-22T17:34:00+00:00
TXN-001587,SO-101586,2026-04-26,2026-04-26T14:35:00+00:00,CUS-004,Blue Ridge Joint Institute,Hospital,NC,Southeast,REP-014,TRI-KNEE-CR-04,Triathlon Knee,Total knee arthroplasty,1,4380.00,4380.00,0.1300,569.40,3810.60,2263.80,1546.80,USD,Direct,AGR-ORTHO-26-331,CPO-004-2026-0110,SI-881586,PAID,2026-04-27T17:35:00+00:00
TXN-001588,SO-101587,2026-03-26,2026-03-26T14:36:00+00:00,CUS-004,Blue Ridge Joint Institute,Hospital,NC,Southeast,REP-015,SOM-PLATE-8H,Trauma Plating,Trauma fixation,2,883.75,1767.50,0.1400,247.45,1520.05,715.40,804.65,USD,Direct,AGR-ORTHO-26-331,CPO-004-2026-0111,SI-881587,PAID,2026-03-26T17:36:00+00:00
TXN-001589,SO-101588,2026-05-11,2026-05-11T14:37:00+00:00,CUS-006,Pacific Motion Surgery Partners,ASC,CA,West,REP-022,ACC-HIP-CUP-56,Acetabular System,Total hip arthroplasty,2,3004.75,6009.50,0.1000,600.95,5408.55,3035.52,2373.03,USD,Direct,AGR-ORTHO-26-310,CPO-006-2026-0112,SI-881588,PAID,2026-05-11T17:37:00+00:00
TXN-001590,SO-101589,2026-04-29,2026-04-29T14:38:00+00:00,CUS-012,New England Sports Medicine,Hospital,MA,Northeast,REP-034,REV-FEM-STEM-12,Revision Hip,Revision arthroplasty,1,6484.20,6484.20,0.1650,1069.89,5414.31,3495.00,1919.31,USD,Direct,AGR-ORTHO-26-317,CPO-012-2026-0113,SI-881589,OPEN,2026-04-30T17:38:00+00:00
TXN-001591,SO-101590,2026-04-09,2026-04-09T14:39:00+00:00,CUS-012,New England Sports Medicine,Hospital,MA,Northeast,REP-035,SOM-PLATE-8H,Trauma Plating,Trauma fixation,1,892.50,892.50,0.1700,151.73,740.77,365.00,375.77,USD,Direct,AGR-ORTHO-26-317,CPO-012-2026-0114,SI-881590,PAID,2026-04-10T17:39:00+00:00
TXN-001592,SO-101591,2026-01-22,2026-01-22T14:40:00+00:00,CUS-005,Lone Star Orthopedic Network,IDN,TX,South Central,REP-015,MAKO-KNEE-KIT,Robotic Procedure Kit,Robotic-assisted knee,1,1656.40,1656.40,0.1950,323.00,1333.40,676.20,657.20,USD,Direct,AGR-ORTHO-26-338,CPO-005-2026-0115,SI-881591,PAID,2026-01-23T17:40:00+00:00
TXN-001593,SO-101592,2026-04-11,2026-04-11T14:41:00+00:00,CUS-002,Hudson Valley Surgical Center,ASC,NY,Northeast,REP-007,ACC-HIP-LIN-36,Acetabular System,Total hip arthroplasty,2,1180.00,2360.00,0.1350,318.60,2041.40,1060.00,981.40,USD,Direct,AGR-ORTHO-26-317,CPO-002-2026-0116,SI-881592,OPEN,2026-04-11T17:41:00+00:00
TXN-001594,SO-101593,2026-03-29,2026-03-29T14:42:00+00:00,CUS-010,Prairie Orthopedics Cooperative,IDN,IL,Midwest,REP-032,TRI-KNEE-CR-04,Triathlon Knee,Total knee arthroplasty,1,4380.00,4380.00,0.1800,788.40,3591.60,2356.20,1235.40,USD,Direct,AGR-ORTHO-26-338,CPO-010-2026-0117,SI-881593,PAID,2026-03-30T17:42:00+00:00
TXN-001595,SO-101594,2026-02-02,2026-02-02T14:43:00+00:00,CUS-005,Lone Star Orthopedic Network,IDN,TX,South Central,REP-018,SPN-CAGE-LORD,Spine Interbody,Lumbar fusion,1,5312.60,5312.60,0.1800,956.27,4356.33,2735.00,1621.33,USD,Direct,AGR-ORTHO-26-338,CPO-005-2026-0118,SI-881594,OPEN,2026-02-03T17:43:00+00:00
TXN-001596,SO-101595,2026-04-27,2026-04-27T14:44:00+00:00,CUS-010,Prairie Orthopedics Cooperative,IDN,IL,Midwest,REP-034,MAKO-KNEE-KIT,Robotic Procedure Kit,Robotic-assisted knee,8,1607.20,12857.60,0.1900,2442.94,10414.66,5520.00,4894.66,USD,Direct,AGR-ORTHO-26-338,CPO-010-2026-0119,SI-881595,PAID,2026-04-27T17:44:00+00:00
TXN-001597,SO-101596,2026-05-15,2026-05-15T14:45:00+00:00,CUS-005,Lone Star Orthopedic Network,IDN,TX,South Central,REP-013,ACC-HIP-LIN-36,Acetabular System,Total hip arthroplasty,2,1168.20,2336.40,0.1900,443.92,1892.48,1081.20,811.28,USD,Direct,AGR-ORTHO-26-338,CPO-005-2026-0120,SI-881596,OPEN,2026-05-17T17:45:00+00:00
TXN-001598,SO-101597,2026-02-07,2026-02-07T14:46:00+00:00,CUS-005,Lone Star Orthopedic Network,IDN,TX,South Central,REP-014,SOM-SCREW-45,Trauma Plating,Trauma fixation,2,143.08,286.16,0.2000,57.23,228.93,85.68,143.25,USD,Direct,AGR-ORTHO-26-338,CPO-005-2026-0121,SI-881597,PAID,2026-02-07T17:46:00+00:00
TXN-001599,SO-101598,2026-03-27,2026-03-27T14:00:00+00:00,CUS-004,Blue Ridge Joint Institute,Hospital,NC,Southeast,REP-012,SOM-SCREW-45,Trauma Plating,Trauma fixation,1,146.00,146.00,0.1350,19.71,126.29,42.00,84.29,USD,Direct,AGR-ORTHO-26-331,CPO-004-2026-0122,SI-881598,OPEN,2026-03-28T17:00:00+00:00
TXN-001600,SO-101599,2026-03-08,2026-03-08T14:01:00+00:00,CUS-004,Blue Ridge Joint Institute,Hospital,NC,Southeast,REP-013,TRI-KNEE-PS-05,Triathlon Knee,Total knee arthroplasty,4,4921.50,19686.00,0.1200,2362.32,17323.68,10363.20,6960.48,USD,Direct,AGR-ORTHO-26-331,CPO-004-2026-0123,SI-881599,PAID,2026-03-08T17:01:00+00:00
TXN-001601,SO-101600,2026-01-18,2026-01-18T14:02:00+00:00,CUS-001,Atlantic Ortho Alliance,IDN,PA,Northeast,REP-005,REV-FEM-STEM-12,Revision Hip,Revision arthroplasty,2,6420.00,12840.00,0.2000,2568.00,10272.00,6990.00,3282.00,USD,Direct,AGR-ORTHO-26-310,CPO-001-2026-0124,SI-881600,PAID,2026-01-19T17:02:00+00:00
TXN-001602,SO-101601,2026-05-07,2026-05-07T14:03:00+00:00,CUS-011,Desert Ridge Ambulatory Surgery,ASC,AZ,Mountain,REP-036,SOM-SCREW-45,Trauma Plating,Trauma fixation,1,148.92,148.92,0.1100,16.38,132.54,41.16,91.38,USD,ASC Program,AGR-ORTHO-26-310,CPO-011-2026-0125,SI-881601,PAID,2026-05-08T17:03:00+00:00
TXN-001603,SO-101602,2025-12-25,2025-12-25T14:04:00+00:00,CUS-011,Desert Ridge Ambulatory Surgery,ASC,AZ,Mountain,REP-037,TRI-KNEE-PS-05,Triathlon Knee,Total knee arthroplasty,1,4825.00,4825.00,0.1100,530.75,4294.25,2540.00,1754.25,USD,Direct,AGR-ORTHO-26-310,CPO-011-2025-0126,SI-881602,PAID,2025-12-26T17:04:00+00:00
TXN-001604,SO-101603,2026-05-18,2026-05-18T14:05:00+00:00,CUS-004,Blue Ridge Joint Institute,Hospital,NC,Southeast,REP-010,MAKO-KNEE-KIT,Robotic Procedure Kit,Robotic-assisted knee,1,1640.00,1640.00,0.1300,213.20,1426.80,676.20,750.60,USD,ASC Program,AGR-ORTHO-26-331,CPO-004-2026-0127,SI-881603,PAID,2026-05-18T17:05:00+00:00
TXN-001605,SO-101604,2025-12-11,2025-12-11T14:06:00+00:00,CUS-010,Prairie Orthopedics Cooperative,IDN,IL,Midwest,REP-029,ACC-HIP-LIN-36,Acetabular System,Total hip arthroplasty,3,1191.80,3575.40,0.1950,697.20,2878.20,1558.20,1320.00,USD,Direct,AGR-ORTHO-26-338,CPO-010-2025-0128,SI-881604,OPEN,2025-12-11T17:06:00+00:00
TXN-001606,SO-101605,2025-11-19,2025-11-19T14:07:00+00:00,CUS-010,Prairie Orthopedics Cooperative,IDN,IL,Midwest,REP-030,MAKO-KNEE-KIT,Robotic Procedure Kit,Robotic-assisted knee,2,1607.20,3214.40,0.1900,610.74,2603.66,1407.60,1196.06,USD,Direct,AGR-ORTHO-26-338,CPO-010-2025-0129,SI-881605,PAID,2025-11-21T17:07:00+00:00
TXN-001607,SO-101606,2026-02-20,2026-02-20T14:08:00+00:00,CUS-007,Front Range Medical Center,Hospital,CO,Mountain,REP-022,TRI-KNEE-CR-04,Triathlon Knee,Total knee arthroplasty,1,4423.80,4423.80,0.1300,575.09,3848.71,2263.80,1584.91,USD,Direct,AGR-ORTHO-26-317,CPO-007-2026-0130,SI-881606,PARTIALLY_PAID,2026-02-20T17:08:00+00:00
TXN-001608,SO-101607,2025-10-03,2025-10-03T14:09:00+00:00,CUS-001,Atlantic Ortho Alliance,IDN,PA,Northeast,REP-005,MAKO-HIP-KIT,Robotic Procedure Kit,Robotic-assisted hip,1,1480.05,1480.05,0.2000,296.01,1184.04,612.50,571.54,USD,Distributor,AGR-ORTHO-26-310,CPO-001-2025-0131,SI-881607,PAID,2025-10-04T17:09:00+00:00
TXN-001609,SO-101608,2026-05-17,2026-05-17T14:10:00+00:00,CUS-001,Atlantic Ortho Alliance,IDN,PA,Northeast,REP-006,REV-FEM-STEM-12,Revision Hip,Revision arthroplasty,8,6484.20,51873.60,0.2350,12190.30,39683.30,28519.20,11164.10,USD,Direct,AGR-ORTHO-26-310,CPO-001-2026-0132,SI-881608,PAID,2026-05-18T17:10:00+00:00
TXN-001610,SO-101609,2026-05-16,2026-05-16T14:11:00+00:00,CUS-006,Pacific Motion Surgery Partners,ASC,CA,West,REP-022,TRI-KNEE-PS-05,Triathlon Knee,Total knee arthroplasty,1,4921.50,4921.50,0.1200,590.58,4330.92,2489.20,1841.72,USD,Direct,AGR-ORTHO-26-310,CPO-006-2026-0133,SI-881609,PAID,2026-05-16T17:11:00+00:00
TXN-001611,SO-101610,2026-05-29,2026-05-29T14:12:00+00:00,CUS-002,Hudson Valley Surgical Center,ASC,NY,Northeast,REP-004,TRI-KNEE-CR-04,Triathlon Knee,Total knee arthroplasty,1,4336.20,4336.20,0.1200,520.34,3815.86,2310.00,1505.86,USD,Direct,AGR-ORTHO-26-317,CPO-002-2026-0134,SI-881610,PAID,2026-05-29T17:12:00+00:00
TXN-001612,SO-101611,2025-11-20,2025-11-20T14:13:00+00:00,CUS-001,Atlantic Ortho Alliance,IDN,PA,Northeast,REP-002,MAKO-KNEE-KIT,Robotic Procedure Kit,Robotic-assisted knee,2,1672.80,3345.60,0.1900,635.66,2709.94,1380.00,1329.94,USD,Direct,AGR-ORTHO-26-310,CPO-001-2025-0135,SI-881611,OPEN,2025-11-20T17:13:00+00:00
TXN-001613,SO-101612,2026-04-15,2026-04-15T14:14:00+00:00,CUS-005,Lone Star Orthopedic Network,IDN,TX,South Central,REP-015,ACC-HIP-LIN-36,Acetabular System,Total hip arthroplasty,3,1168.20,3504.60,0.1900,665.87,2838.73,1590.00,1248.73,USD,Direct,AGR-ORTHO-26-338,CPO-005-2026-0136,SI-881612,PARTIALLY_PAID,2026-04-17T17:14:00+00:00
TXN-001614,SO-101613,2026-03-06,2026-03-06T14:15:00+00:00,CUS-010,Prairie Orthopedics Cooperative,IDN,IL,Midwest,REP-031,MAKO-KNEE-KIT,Robotic Procedure Kit,Robotic-assisted knee,8,1672.80,13382.40,0.1900,2542.66,10839.74,5520.00,5319.74,USD,Direct,AGR-ORTHO-26-338,CPO-010-2026-0137,SI-881613,PAID,2026-03-06T17:15:00+00:00
TXN-001615,SO-101614,2026-02-04,2026-02-04T14:16:00+00:00,CUS-012,New England Sports Medicine,Hospital,MA,Northeast,REP-038,ACC-HIP-CUP-56,Acetabular System,Total hip arthroplasty,1,2945.25,2945.25,0.1300,382.88,2562.37,1488.00,1074.37,USD,Direct,AGR-ORTHO-26-317,CPO-012-2026-0138,SI-881614,PAID,2026-02-05T17:16:00+00:00
TXN-001616,SO-101615,2025-12-17,2025-12-17T14:17:00+00:00,CUS-010,Prairie Orthopedics Cooperative,IDN,IL,Midwest,REP-033,ACC-HIP-LIN-36,Acetabular System,Total hip arthroplasty,2,1168.20,2336.40,0.1800,420.55,1915.85,1060.00,855.85,USD,Distributor,AGR-ORTHO-26-338,CPO-010-2025-0139,SI-881615,OPEN,2025-12-17T17:17:00+00:00
TXN-001617,SO-101616,2026-02-28,2026-02-28T14:18:00+00:00,CUS-006,Pacific Motion Surgery Partners,ASC,CA,West,REP-022,TRI-KNEE-PS-05,Triathlon Knee,Total knee arthroplasty,1,4728.50,4728.50,0.1200,567.42,4161.08,2590.80,1570.28,USD,ASC Program,AGR-ORTHO-26-310,CPO-006-2026-0140,SI-881616,PAID,2026-02-28T17:18:00+00:00
TXN-001618,SO-101617,2026-03-15,2026-03-15T14:19:00+00:00,CUS-007,Front Range Medical Center,Hospital,CO,Mountain,REP-019,MAKO-KNEE-KIT,Robotic Procedure Kit,Robotic-assisted knee,3,1656.40,4969.20,0.1300,646.00,4323.20,2028.60,2294.60,USD,Direct,AGR-ORTHO-26-317,CPO-007-2026-0141,SI-881617,PAID,2026-03-16T17:19:00+00:00
TXN-001619,SO-101618,2025-11-23,2025-11-23T14:20:00+00:00,CUS-007,Front Range Medical Center,Hospital,CO,Mountain,REP-020,SOM-SCREW-45,Trauma Plating,Trauma fixation,3,147.46,442.38,0.1300,57.51,384.87,126.00,258.87,USD,Direct,AGR-ORTHO-26-317,CPO-007-2025-0142,SI-881618,PAID,2025-11-23T17:20:00+00:00
TXN-001620,SO-101619,2026-05-14,2026-05-14T14:21:00+00:00,CUS-010,Prairie Orthopedics Cooperative,IDN,IL,Midwest,REP-030,ACC-HIP-LIN-36,Acetabular System,Total hip arthroplasty,1,1203.60,1203.60,0.1900,228.68,974.92,519.40,455.52,USD,Distributor,AGR-ORTHO-26-338,CPO-010-2026-0143,SI-881619,PARTIALLY_PAID,2026-05-16T17:21:00+00:00
TXN-001621,SO-101620,2026-04-14,2026-04-14T14:22:00+00:00,CUS-004,Blue Ridge Joint Institute,Hospital,NC,Southeast,REP-013,ACC-HIP-LIN-36,Acetabular System,Total hip arthroplasty,1,1168.20,1168.20,0.1200,140.18,1028.02,530.00,498.02,USD,Direct,AGR-ORTHO-26-331,CPO-004-2026-0144,SI-881620,PARTIALLY_PAID,2026-04-14T17:22:00+00:00
TXN-001622,SO-101621,2026-02-21,2026-02-21T14:23:00+00:00,CUS-012,New England Sports Medicine,Hospital,MA,Northeast,REP-038,MAKO-HIP-KIT,Robotic Procedure Kit,Robotic-assisted hip,4,1465.10,5860.40,0.1350,791.15,5069.25,2550.00,2519.25,USD,Direct,AGR-ORTHO-26-317,CPO-012-2026-0145,SI-881621,OPEN,2026-02-21T17:23:00+00:00
TXN-001623,SO-101622,2026-05-07,2026-05-07T14:24:00+00:00,CUS-003,Great Lakes University Hospital,Academic Medical Center,OH,Midwest,REP-012,SOM-PLATE-8H,Trauma Plating,Trauma fixation,2,875.00,1750.00,0.1700,297.50,1452.50,715.40,737.10,USD,Direct,AGR-ORTHO-26-324,CPO-003-2026-0146,SI-881622,PAID,2026-05-08T17:24:00+00:00
TXN-001624,SO-101623,2026-04-09,2026-04-09T14:25:00+00:00,CUS-005,Lone Star Orthopedic Network,IDN,TX,South Central,REP-019,ACC-HIP-LIN-36,Acetabular System,Total hip arthroplasty,1,1180.00,1180.00,0.1900,224.20,955.80,530.00,425.80,USD,Distributor,AGR-ORTHO-26-338,CPO-005-2026-0147,SI-881623,PAID,2026-04-09T17:25:00+00:00
TXN-001625,SO-101624,2025-12-24,2025-12-24T14:26:00+00:00,CUS-010,Prairie Orthopedics Cooperative,IDN,IL,Midwest,REP-028,ACC-HIP-LIN-36,Acetabular System,Total hip arthroplasty,2,1180.00,2360.00,0.1950,460.20,1899.80,1060.00,839.80,USD,ASC Program,AGR-ORTHO-26-338,CPO-010-2025-0148,SI-881624,OPEN,2025-12-26T17:26:00+00:00
TXN-001626,SO-101625,2026-05-04,2026-05-04T14:27:00+00:00,CUS-006,Pacific Motion Surgery Partners,ASC,CA,West,REP-017,SOM-SCREW-45,Trauma Plating,Trauma fixation,1,144.54,144.54,0.1150,16.62,127.92,42.00,85.92,USD,Distributor,AGR-ORTHO-26-310,CPO-006-2026-0149,SI-881625,PAID,2026-05-04T17:27:00+00:00
TXN-001627,SO-101626,2026-02-02,2026-02-02T14:28:00+00:00,CUS-005,Lone Star Orthopedic Network,IDN,TX,South Central,REP-015,MAKO-HIP-KIT,Robotic Procedure Kit,Robotic-assisted hip,5,1480.05,7400.25,0.1950,1443.05,5957.20,3187.50,2769.70,USD,ASC Program,AGR-ORTHO-26-338,CPO-005-2026-0150,SI-881626,PAID,2026-02-03T17:28:00+00:00
TXN-001628,SO-101627,2026-05-02,2026-05-02T14:29:00+00:00,CUS-009,Northwest Specialty Distribution,Distributor,WA,West,REP-028,ACC-HIP-CUP-56,Acetabular System,Total hip arthroplasty,1,2975.00,2975.00,0.2500,743.75,2231.25,1517.76,713.49,USD,Direct,AGR-ORTHO-26-331,CPO-009-2026-0151,SI-881627,PAID,2026-05-04T17:29:00+00:00
TXN-001629,SO-101628,2026-04-10,2026-04-10T14:30:00+00:00,CUS-002,Hudson Valley Surgical Center,ASC,NY,Northeast,REP-008,REV-FEM-STEM-12,Revision Hip,Revision arthroplasty,1,6420.00,6420.00,0.1550,995.10,5424.90,3425.10,1999.80,USD,ASC Program,AGR-ORTHO-26-317,CPO-002-2026-0152,SI-881628,PAID,2026-04-10T17:30:00+00:00
TXN-001630,SO-101629,2026-01-21,2026-01-21T14:31:00+00:00,CUS-005,Lone Star Orthopedic Network,IDN,TX,South Central,REP-018,TRI-KNEE-PS-05,Triathlon Knee,Total knee arthroplasty,1,4921.50,4921.50,0.1800,885.87,4035.63,2489.20,1546.43,USD,Distributor,AGR-ORTHO-26-338,CPO-005-2026-0153,SI-881629,OPEN,2026-01-23T17:31:00+00:00
TXN-001631,SO-101630,2026-05-10,2026-05-10T14:32:00+00:00,CUS-010,Prairie Orthopedics Cooperative,IDN,IL,Midwest,REP-034,REV-FEM-STEM-12,Revision Hip,Revision arthroplasty,1,6484.20,6484.20,0.1900,1232.00,5252.20,3495.00,1757.20,USD,Direct,AGR-ORTHO-26-338,CPO-010-2026-0154,SI-881630,PAID,2026-05-10T17:32:00+00:00
TXN-001632,SO-101631,2026-03-19,2026-03-19T14:33:00+00:00,CUS-006,Pacific Motion Surgery Partners,ASC,CA,West,REP-016,SPN-CAGE-LORD,Spine Interbody,Lumbar fusion,3,5312.60,15937.80,0.1150,1832.85,14104.95,8369.10,5735.85,USD,Direct,AGR-ORTHO-26-310,CPO-006-2026-0155,SI-881631,PARTIALLY_PAID,2026-03-19T17:33:00+00:00
TXN-001633,SO-101632,2026-04-22,2026-04-22T14:34:00+00:00,CUS-004,Blue Ridge Joint Institute,Hospital,NC,Southeast,REP-011,TRI-KNEE-PS-05,Triathlon Knee,Total knee arthroplasty,5,4825.00,24125.00,0.1350,3256.88,20868.12,12446.00,8422.12,USD,Direct,AGR-ORTHO-26-331,CPO-004-2026-0156,SI-881632,PAID,2026-04-22T17:34:00+00:00
TXN-001634,SO-101633,2025-12-25,2025-12-25T14:35:00+00:00,CUS-005,Lone Star Orthopedic Network,IDN,TX,South Central,REP-015,SOM-PLATE-8H,Trauma Plating,Trauma fixation,1,866.25,866.25,0.1900,164.59,701.66,372.30,329.36,USD,Direct,AGR-ORTHO-26-338,CPO-005-2025-0157,SI-881633,PARTIALLY_PAID,2025-12-27T17:35:00+00:00
TXN-001635,SO-101634,2026-05-09,2026-05-09T14:36:00+00:00,CUS-006,Pacific Motion Surgery Partners,ASC,CA,West,REP-019,SOM-SCREW-45,Trauma Plating,Trauma fixation,1,144.54,144.54,0.1000,14.45,130.09,42.00,88.09,USD,Direct,AGR-ORTHO-26-310,CPO-006-2026-0158,SI-881634,PAID,2026-05-11T17:36:00+00:00
TXN-001636,SO-101635,2026-04-18,2026-04-18T14:37:00+00:00,CUS-010,Prairie Orthopedics Cooperative,IDN,IL,Midwest,REP-032,TRI-KNEE-CR-04,Triathlon Knee,Total knee arthroplasty,1,4292.40,4292.40,0.1950,837.02,3455.38,2263.80,1191.58,USD,Direct,AGR-ORTHO-26-338,CPO-010-2026-0159,SI-881635,OPEN,2026-04-19T17:37:00+00:00
TXN-001637,SO-101636,2026-03-29,2026-03-29T14:38:00+00:00,CUS-006,Pacific Motion Surgery Partners,ASC,CA,West,REP-021,MAKO-HIP-KIT,Robotic Procedure Kit,Robotic-assisted hip,1,1495.00,1495.00,0.1100,164.45,1330.55,612.50,718.05,USD,Direct,AGR-ORTHO-26-310,CPO-006-2026-0160,SI-881636,PAID,2026-03-31T17:38:00+00:00
TXN-001638,SO-101637,2026-04-27,2026-04-27T14:39:00+00:00,CUS-010,Prairie Orthopedics Cooperative,IDN,IL,Midwest,REP-034,REV-FEM-STEM-12,Revision Hip,Revision arthroplasty,2,6291.60,12583.20,0.2000,2516.64,10066.56,7129.80,2936.76,USD,ASC Program,AGR-ORTHO-26-338,CPO-010-2026-0161,SI-881637,PAID,2026-04-28T17:39:00+00:00
TXN-001639,SO-101638,2026-04-22,2026-04-22T14:40:00+00:00,CUS-012,New England Sports Medicine,Hospital,MA,Northeast,REP-034,ACC-HIP-CUP-56,Acetabular System,Total hip arthroplasty,1,3004.75,3004.75,0.1700,510.81,2493.94,1458.24,1035.70,USD,ASC Program,AGR-ORTHO-26-317,CPO-012-2026-0162,SI-881638,PAID,2026-04-23T17:40:00+00:00
TXN-001640,SO-101639,2026-03-21,2026-03-21T14:41:00+00:00,CUS-009,Northwest Specialty Distribution,Distributor,WA,West,REP-026,ACC-HIP-CUP-56,Acetabular System,Total hip arthroplasty,1,2945.25,2945.25,0.2300,677.41,2267.84,1488.00,779.84,USD,Direct,AGR-ORTHO-26-331,CPO-009-2026-0163,SI-881639,PAID,2026-03-23T17:41:00+00:00
TXN-001641,SO-101640,2026-02-16,2026-02-16T14:42:00+00:00,CUS-010,Prairie Orthopedics Cooperative,IDN,IL,Midwest,REP-030,TRI-KNEE-PS-05,Triathlon Knee,Total knee arthroplasty,2,4921.50,9843.00,0.1800,1771.74,8071.26,5080.00,2991.26,USD,Distributor,AGR-ORTHO-26-338,CPO-010-2026-0164,SI-881640,PAID,2026-02-18T17:42:00+00:00
TXN-001642,SO-101641,2026-03-30,2026-03-30T14:43:00+00:00,CUS-004,Blue Ridge Joint Institute,Hospital,NC,Southeast,REP-013,TRI-KNEE-CR-04,Triathlon Knee,Total knee arthroplasty,1,4336.20,4336.20,0.1400,607.07,3729.13,2356.20,1372.93,USD,Direct,AGR-ORTHO-26-331,CPO-004-2026-0165,SI-881641,PAID,2026-04-01T17:43:00+00:00
TXN-001643,SO-101642,2025-11-12,2025-11-12T14:44:00+00:00,CUS-010,Prairie Orthopedics Cooperative,IDN,IL,Midwest,REP-032,TRI-KNEE-CR-04,Triathlon Knee,Total knee arthroplasty,2,4380.00,8760.00,0.1900,1664.40,7095.60,4712.40,2383.20,USD,ASC Program,AGR-ORTHO-26-338,CPO-010-2025-0166,SI-881642,PAID,2025-11-13T17:44:00+00:00
TXN-001644,SO-101643,2025-12-28,2025-12-28T14:45:00+00:00,CUS-001,Atlantic Ortho Alliance,IDN,PA,Northeast,REP-006,ACC-HIP-LIN-36,Acetabular System,Total hip arthroplasty,2,1191.80,2383.60,0.1900,452.88,1930.72,1038.80,891.92,USD,Direct,AGR-ORTHO-26-310,CPO-001-2025-0167,SI-881643,PAID,2025-12-28T17:45:00+00:00
TXN-001645,SO-101644,2026-04-04,2026-04-04T14:46:00+00:00,CUS-006,Pacific Motion Surgery Partners,ASC,CA,West,REP-022,SPN-CAGE-LORD,Spine Interbody,Lumbar fusion,3,5365.20,16095.60,0.1100,1770.52,14325.08,8040.90,6284.18,USD,Direct,AGR-ORTHO-26-310,CPO-006-2026-0168,SI-881644,PAID,2026-04-04T17:46:00+00:00
TXN-001646,SO-101645,2026-03-07,2026-03-07T14:00:00+00:00,CUS-002,Hudson Valley Surgical Center,ASC,NY,Northeast,REP-004,ACC-HIP-CUP-56,Acetabular System,Total hip arthroplasty,4,2975.00,11900.00,0.1000,1190.00,10710.00,5832.96,4877.04,USD,Direct,AGR-ORTHO-26-317,CPO-002-2026-0169,SI-881645,OPEN,2026-03-07T17:00:00+00:00
TXN-001647,SO-101646,2026-01-13,2026-01-13T14:01:00+00:00,CUS-005,Lone Star Orthopedic Network,IDN,TX,South Central,REP-014,SPN-CAGE-LORD,Spine Interbody,Lumbar fusion,2,5260.00,10520.00,0.1950,2051.40,8468.60,5470.00,2998.60,USD,Direct,AGR-ORTHO-26-338,CPO-005-2026-0170,SI-881646,PAID,2026-01-15T17:01:00+00:00
TXN-001648,SO-101647,2026-03-01,2026-03-01T14:02:00+00:00,CUS-006,Pacific Motion Surgery Partners,ASC,CA,West,REP-018,MAKO-KNEE-KIT,Robotic Procedure Kit,Robotic-assisted knee,2,1640.00,3280.00,0.1100,360.80,2919.20,1380.00,1539.20,USD,Direct,AGR-ORTHO-26-310,CPO-006-2026-0171,SI-881647,PAID,2026-03-02T17:02:00+00:00
TXN-001649,SO-101648,2026-04-15,2026-04-15T14:03:00+00:00,CUS-004,Blue Ridge Joint Institute,Hospital,NC,Southeast,REP-013,SOM-SCREW-45,Trauma Plating,Trauma fixation,1,146.00,146.00,0.1300,18.98,127.02,42.84,84.18,USD,Direct,AGR-ORTHO-26-331,CPO-004-2026-0172,SI-881648,OPEN,2026-04-15T17:03:00+00:00
TXN-001650,SO-101649,2026-04-19,2026-04-19T14:04:00+00:00,CUS-003,Great Lakes University Hospital,Academic Medical Center,OH,Midwest,REP-011,ACC-HIP-LIN-36,Acetabular System,Total hip arthroplasty,3,1168.20,3504.60,0.1700,595.78,2908.82,1590.00,1318.82,USD,ASC Program,AGR-ORTHO-26-324,CPO-003-2026-0173,SI-881649,PARTIALLY_PAID,2026-04-20T17:04:00+00:00
TXN-001651,SO-101650,2026-02-28,2026-02-28T14:05:00+00:00,CUS-008,Gulf Coast Trauma Hospital,Hospital,FL,Southeast,REP-027,MAKO-KNEE-KIT,Robotic Procedure Kit,Robotic-assisted knee,4,1672.80,6691.20,0.1200,802.94,5888.26,2760.00,3128.26,USD,Direct,AGR-ORTHO-26-324,CPO-008-2026-0174,SI-881650,OPEN,2026-03-01T17:05:00+00:00
TXN-001652,SO-101651,2025-12-04,2025-12-04T14:06:00+00:00,CUS-010,Prairie Orthopedics Cooperative,IDN,IL,Midwest,REP-034,MAKO-HIP-KIT,Robotic Procedure Kit,Robotic-assisted hip,3,1480.05,4440.15,0.1950,865.83,3574.32,1875.00,1699.32,USD,Direct,AGR-ORTHO-26-338,CPO-010-2025-0175,SI-881651,PAID,2025-12-04T17:06:00+00:00
TXN-001653,SO-101652,2026-02-22,2026-02-22T14:07:00+00:00,CUS-010,Prairie Orthopedics Cooperative,IDN,IL,Midwest,REP-028,SPN-CAGE-LORD,Spine Interbody,Lumbar fusion,1,5260.00,5260.00,0.1900,999.40,4260.60,2735.00,1525.60,USD,Direct,AGR-ORTHO-26-338,CPO-010-2026-0176,SI-881652,OPEN,2026-02-22T17:07:00+00:00
TXN-001654,SO-101653,2026-04-14,2026-04-14T14:08:00+00:00,CUS-004,Blue Ridge Joint Institute,Hospital,NC,Southeast,REP-011,TRI-KNEE-CR-04,Triathlon Knee,Total knee arthroplasty,1,4336.20,4336.20,0.1400,607.07,3729.13,2356.20,1372.93,USD,Direct,AGR-ORTHO-26-331,CPO-004-2026-0177,SI-881653,PAID,2026-04-15T17:08:00+00:00
TXN-001655,SO-101654,2026-02-16,2026-02-16T14:09:00+00:00,CUS-007,Front Range Medical Center,Hospital,CO,Mountain,REP-021,TRI-KNEE-CR-04,Triathlon Knee,Total knee arthroplasty,4,4423.80,17695.20,0.1400,2477.33,15217.87,9055.20,6162.67,USD,Direct,AGR-ORTHO-26-317,CPO-007-2026-0178,SI-881654,OPEN,2026-02-16T17:09:00+00:00
TXN-001656,SO-101655,2026-04-27,2026-04-27T14:10:00+00:00,CUS-003,Great Lakes University Hospital,Academic Medical Center,OH,Midwest,REP-010,MAKO-HIP-KIT,Robotic Procedure Kit,Robotic-assisted hip,1,1509.95,1509.95,0.1700,256.69,1253.26,612.50,640.76,USD,Direct,AGR-ORTHO-26-324,CPO-003-2026-0179,SI-881655,OPEN,2026-04-27T17:10:00+00:00
TXN-001657,SO-101656,2026-04-20,2026-04-20T14:11:00+00:00,CUS-005,Lone Star Orthopedic Network,IDN,TX,South Central,REP-017,ACC-HIP-CUP-56,Acetabular System,Total hip arthroplasty,1,2915.50,2915.50,0.1800,524.79,2390.71,1458.24,932.47,USD,ASC Program,AGR-ORTHO-26-338,CPO-005-2026-0180,SI-881656,OPEN,2026-04-22T17:11:00+00:00
TXN-001658,SO-101657,2026-05-16,2026-05-16T14:12:00+00:00,CUS-009,Northwest Specialty Distribution,Distributor,WA,West,REP-030,MAKO-KNEE-KIT,Robotic Procedure Kit,Robotic-assisted knee,1,1623.60,1623.60,0.2450,397.78,1225.82,703.80,522.02,USD,Direct,AGR-ORTHO-26-331,CPO-009-2026-0181,SI-881657,OPEN,2026-05-16T17:12:00+00:00
TXN-001659,SO-101658,2026-03-14,2026-03-14T14:13:00+00:00,CUS-002,Hudson Valley Surgical Center,ASC,NY,Northeast,REP-010,ACC-HIP-CUP-56,Acetabular System,Total hip arthroplasty,1,2975.00,2975.00,0.1100,327.25,2647.75,1488.00,1159.75,USD,Direct,AGR-ORTHO-26-317,CPO-002-2026-0182,SI-881658,OPEN,2026-03-14T17:13:00+00:00
TXN-001660,SO-101659,2025-12-16,2025-12-16T14:14:00+00:00,CUS-005,Lone Star Orthopedic Network,IDN,TX,South Central,REP-013,TRI-KNEE-PS-05,Triathlon Knee,Total knee arthroplasty,3,4728.50,14185.50,0.1950,2766.17,11419.33,7620.00,3799.33,USD,Distributor,AGR-ORTHO-26-338,CPO-005-2025-0183,SI-881659,OPEN,2025-12-18T17:14:00+00:00
TXN-001661,SO-101660,2026-02-18,2026-02-18T14:15:00+00:00,CUS-002,Hudson Valley Surgical Center,ASC,NY,Northeast,REP-005,SOM-SCREW-45,Trauma Plating,Trauma fixation,2,143.08,286.16,0.1200,34.34,251.82,84.00,167.82,USD,Direct,AGR-ORTHO-26-317,CPO-002-2026-0184,SI-881660,OPEN,2026-02-20T17:15:00+00:00
TXN-001662,SO-101661,2026-03-15,2026-03-15T14:16:00+00:00,CUS-007,Front Range Medical Center,Hospital,CO,Mountain,REP-021,REV-FEM-STEM-12,Revision Hip,Revision arthroplasty,1,6420.00,6420.00,0.1300,834.60,5585.40,3495.00,2090.40,USD,ASC Program,AGR-ORTHO-26-317,CPO-007-2026-0185,SI-881661,PAID,2026-03-15T17:16:00+00:00
TXN-001663,SO-101662,2026-04-26,2026-04-26T14:17:00+00:00,CUS-003,Great Lakes University Hospital,Academic Medical Center,OH,Midwest,REP-010,REV-FEM-STEM-12,Revision Hip,Revision arthroplasty,2,6420.00,12840.00,0.1700,2182.80,10657.20,7129.80,3527.40,USD,Direct,AGR-ORTHO-26-324,CPO-003-2026-0186,SI-881662,PAID,2026-04-28T17:17:00+00:00
TXN-001664,SO-101663,2026-02-07,2026-02-07T14:18:00+00:00,CUS-003,Great Lakes University Hospital,Academic Medical Center,OH,Midwest,REP-011,MAKO-HIP-KIT,Robotic Procedure Kit,Robotic-assisted hip,1,1495.00,1495.00,0.1750,261.63,1233.37,625.00,608.37,USD,Direct,AGR-ORTHO-26-324,CPO-003-2026-0187,SI-881663,PAID,2026-02-07T17:18:00+00:00
TXN-001665,SO-101664,2026-05-11,2026-05-11T14:19:00+00:00,CUS-003,Great Lakes University Hospital,Academic Medical Center,OH,Midwest,REP-012,MAKO-HIP-KIT,Robotic Procedure Kit,Robotic-assisted hip,1,1480.05,1480.05,0.1700,251.61,1228.44,625.00,603.44,USD,Direct,AGR-ORTHO-26-324,CPO-003-2026-0188,SI-881664,OPEN,2026-05-11T17:19:00+00:00
TXN-001666,SO-101665,2026-04-19,2026-04-19T14:20:00+00:00,CUS-008,Gulf Coast Trauma Hospital,Hospital,FL,Southeast,REP-028,TRI-KNEE-CR-04,Triathlon Knee,Total knee arthroplasty,2,4292.40,8584.80,0.1200,1030.18,7554.62,4527.60,3027.02,USD,Direct,AGR-ORTHO-26-324,CPO-008-2026-0189,SI-881665,PAID,2026-04-21T17:20:00+00:00
TXN-001667,SO-101666,2026-05-06,2026-05-06T14:21:00+00:00,CUS-009,Northwest Specialty Distribution,Distributor,WA,West,REP-025,MAKO-KNEE-KIT,Robotic Procedure Kit,Robotic-assisted knee,3,1640.00,4920.00,0.2500,1230.00,3690.00,2028.60,1661.40,USD,ASC Program,AGR-ORTHO-26-331,CPO-009-2026-0190,SI-881666,PAID,2026-05-08T17:21:00+00:00
TXN-001668,SO-101667,2026-02-03,2026-02-03T14:22:00+00:00,CUS-005,Lone Star Orthopedic Network,IDN,TX,South Central,REP-014,TRI-KNEE-CR-04,Triathlon Knee,Total knee arthroplasty,2,4467.60,8935.20,0.1950,1742.36,7192.84,4620.00,2572.84,USD,Direct,AGR-ORTHO-26-338,CPO-005-2026-0191,SI-881667,PAID,2026-02-05T17:22:00+00:00
TXN-001669,SO-101668,2026-02-05,2026-02-05T14:23:00+00:00,CUS-003,Great Lakes University Hospital,Academic Medical Center,OH,Midwest,REP-009,MAKO-HIP-KIT,Robotic Procedure Kit,Robotic-assisted hip,1,1495.00,1495.00,0.1700,254.15,1240.85,637.50,603.35,USD,Direct,AGR-ORTHO-26-324,CPO-003-2026-0192,SI-881668,PARTIALLY_PAID,2026-02-05T17:23:00+00:00
TXN-001670,SO-101669,2026-01-13,2026-01-13T14:24:00+00:00,CUS-007,Front Range Medical Center,Hospital,CO,Mountain,REP-022,MAKO-KNEE-KIT,Robotic Procedure Kit,Robotic-assisted knee,1,1607.20,1607.20,0.1350,216.97,1390.23,690.00,700.23,USD,Direct,AGR-ORTHO-26-317,CPO-007-2026-0193,SI-881669,PARTIALLY_PAID,2026-01-14T17:24:00+00:00
TXN-001671,SO-101670,2026-04-15,2026-04-15T14:25:00+00:00,CUS-001,Atlantic Ortho Alliance,IDN,PA,Northeast,REP-005,MAKO-KNEE-KIT,Robotic Procedure Kit,Robotic-assisted knee,1,1640.00,1640.00,0.2150,352.60,1287.40,690.00,597.40,USD,Direct,AGR-ORTHO-26-310,CPO-001-2026-0194,SI-881670,PAID,2026-04-15T17:25:00+00:00
TXN-001672,SO-101671,2026-04-22,2026-04-22T14:26:00+00:00,CUS-006,Pacific Motion Surgery Partners,ASC,CA,West,REP-021,SPN-CAGE-LORD,Spine Interbody,Lumbar fusion,1,5154.80,5154.80,0.1100,567.03,4587.77,2735.00,1852.77,USD,Direct,AGR-ORTHO-26-310,CPO-006-2026-0195,SI-881671,PAID,2026-04-23T17:26:00+00:00
TXN-001673,SO-101672,2026-03-19,2026-03-19T14:27:00+00:00,CUS-009,Northwest Specialty Distribution,Distributor,WA,West,REP-031,MAKO-KNEE-KIT,Robotic Procedure Kit,Robotic-assisted knee,4,1656.40,6625.60,0.2300,1523.89,5101.71,2760.00,2341.71,USD,Direct,AGR-ORTHO-26-331,CPO-009-2026-0196,SI-881672,PAID,2026-03-21T17:27:00+00:00
TXN-001674,SO-101673,2025-10-29,2025-10-29T14:28:00+00:00,CUS-001,Atlantic Ortho Alliance,IDN,PA,Northeast,REP-001,ACC-HIP-CUP-56,Acetabular System,Total hip arthroplasty,1,2975.00,2975.00,0.1800,535.50,2439.50,1517.76,921.74,USD,Direct,AGR-ORTHO-26-310,CPO-001-2025-0197,SI-881673,PAID,2025-10-30T17:28:00+00:00
TXN-001675,SO-101674,2026-04-04,2026-04-04T14:29:00+00:00,CUS-004,Blue Ridge Joint Institute,Hospital,NC,Southeast,REP-011,ACC-HIP-CUP-56,Acetabular System,Total hip arthroplasty,2,2915.50,5831.00,0.1300,758.03,5072.97,2976.00,2096.97,USD,Direct,AGR-ORTHO-26-331,CPO-004-2026-0198,SI-881674,DISPUTED,2026-04-05T17:29:00+00:00
TXN-001676,SO-101675,2026-03-08,2026-03-08T14:30:00+00:00,CUS-012,New England Sports Medicine,Hospital,MA,Northeast,REP-036,TRI-KNEE-PS-05,Triathlon Knee,Total knee arthroplasty,1,4825.00,4825.00,0.1400,675.50,4149.50,2540.00,1609.50,USD,Direct,AGR-ORTHO-26-317,CPO-012-2026-0199,SI-881675,PAID,2026-03-08T17:30:00+00:00
TXN-001677,SO-101676,2026-04-04,2026-04-04T14:31:00+00:00,CUS-002,Hudson Valley Surgical Center,ASC,NY,Northeast,REP-007,ACC-HIP-LIN-36,Acetabular System,Total hip arthroplasty,8,1203.60,9628.80,0.1350,1299.89,8328.91,4240.00,4088.91,USD,ASC Program,AGR-ORTHO-26-317,CPO-002-2026-0200,SI-881676,PAID,2026-04-04T17:31:00+00:00
TXN-001678,SO-101677,2026-03-22,2026-03-22T14:32:00+00:00,CUS-007,Front Range Medical Center,Hospital,CO,Mountain,REP-023,TRI-KNEE-PS-05,Triathlon Knee,Total knee arthroplasty,1,4921.50,4921.50,0.1200,590.58,4330.92,2540.00,1790.92,USD,Distributor,AGR-ORTHO-26-317,CPO-007-2026-0201,SI-881677,PAID,2026-03-23T17:32:00+00:00
TXN-001679,SO-101678,2026-04-24,2026-04-24T14:33:00+00:00,CUS-009,Northwest Specialty Distribution,Distributor,WA,West,REP-030,SOM-PLATE-8H,Trauma Plating,Trauma fixation,2,875.00,1750.00,0.2400,420.00,1330.00,744.60,585.40,USD,Direct,AGR-ORTHO-26-331,CPO-009-2026-0202,SI-881678,OPEN,2026-04-25T17:33:00+00:00
TXN-001680,SO-101679,2026-03-12,2026-03-12T14:34:00+00:00,CUS-003,Great Lakes University Hospital,Academic Medical Center,OH,Midwest,REP-013,ACC-HIP-CUP-56,Acetabular System,Total hip arthroplasty,1,2945.25,2945.25,0.1800,530.15,2415.10,1488.00,927.10,USD,Distributor,AGR-ORTHO-26-324,CPO-003-2026-0203,SI-881679,PAID,2026-03-14T17:34:00+00:00
TXN-001681,SO-101680,2026-03-16,2026-03-16T14:35:00+00:00,CUS-006,Pacific Motion Surgery Partners,ASC,CA,West,REP-016,TRI-KNEE-PS-05,Triathlon Knee,Total knee arthroplasty,4,4825.00,19300.00,0.1000,1930.00,17370.00,10160.00,7210.00,USD,Direct,AGR-ORTHO-26-310,CPO-006-2026-0204,SI-881680,PAID,2026-03-18T17:35:00+00:00
TXN-001682,SO-101681,2025-12-28,2025-12-28T14:36:00+00:00,CUS-011,Desert Ridge Ambulatory Surgery,ASC,AZ,Mountain,REP-032,TRI-KNEE-PS-05,Triathlon Knee,Total knee arthroplasty,1,4921.50,4921.50,0.1200,590.58,4330.92,2590.80,1740.12,USD,Direct,AGR-ORTHO-26-310,CPO-011-2025-0205,SI-881681,PAID,2025-12-28T17:36:00+00:00
TXN-001683,SO-101682,2026-05-08,2026-05-08T14:37:00+00:00,CUS-007,Front Range Medical Center,Hospital,CO,Mountain,REP-021,REV-FEM-STEM-12,Revision Hip,Revision arthroplasty,3,6420.00,19260.00,0.1300,2503.80,16756.20,10275.30,6480.90,USD,Direct,AGR-ORTHO-26-317,CPO-007-2026-0206,SI-881682,OPEN,2026-05-10T17:37:00+00:00
TXN-001684,SO-101683,2026-01-03,2026-01-03T14:38:00+00:00,CUS-005,Lone Star Orthopedic Network,IDN,TX,South Central,REP-016,MAKO-KNEE-KIT,Robotic Procedure Kit,Robotic-assisted knee,3,1672.80,5018.40,0.1900,953.50,4064.90,2028.60,2036.30,USD,ASC Program,AGR-ORTHO-26-338,CPO-005-2026-0207,SI-881683,PAID,2026-01-04T17:38:00+00:00
TXN-001685,SO-101684,2026-03-23,2026-03-23T14:39:00+00:00,CUS-003,Great Lakes University Hospital,Academic Medical Center,OH,Midwest,REP-011,MAKO-KNEE-KIT,Robotic Procedure Kit,Robotic-assisted knee,1,1623.60,1623.60,0.1750,284.13,1339.47,690.00,649.47,USD,Direct,AGR-ORTHO-26-324,CPO-003-2026-0208,SI-881684,PAID,2026-03-23T17:39:00+00:00
TXN-001686,SO-101685,2025-12-29,2025-12-29T14:40:00+00:00,CUS-005,Lone Star Orthopedic Network,IDN,TX,South Central,REP-018,ACC-HIP-CUP-56,Acetabular System,Total hip arthroplasty,1,2975.00,2975.00,0.2000,595.00,2380.00,1458.24,921.76,USD,Distributor,AGR-ORTHO-26-338,CPO-005-2025-0209,SI-881685,PAID,2025-12-31T17:40:00+00:00
TXN-001687,SO-101686,2026-04-09,2026-04-09T14:41:00+00:00,CUS-005,Lone Star Orthopedic Network,IDN,TX,South Central,REP-019,MAKO-KNEE-KIT,Robotic Procedure Kit,Robotic-assisted knee,1,1640.00,1640.00,0.2000,328.00,1312.00,703.80,608.20,USD,Direct,AGR-ORTHO-26-338,CPO-005-2026-0210,SI-881686,PAID,2026-04-09T17:41:00+00:00
TXN-001688,SO-101687,2026-05-16,2026-05-16T14:42:00+00:00,CUS-002,Hudson Valley Surgical Center,ASC,NY,Northeast,REP-004,ACC-HIP-LIN-36,Acetabular System,Total hip arthroplasty,1,1168.20,1168.20,0.1550,181.07,987.13,540.60,446.53,USD,Direct,AGR-ORTHO-26-317,CPO-002-2026-0211,SI-881687,PAID,2026-05-16T17:42:00+00:00
TXN-001689,SO-101688,2026-05-18,2026-05-18T14:43:00+00:00,CUS-008,Gulf Coast Trauma Hospital,Hospital,FL,Southeast,REP-023,ACC-HIP-CUP-56,Acetabular System,Total hip arthroplasty,2,2945.25,5890.50,0.1400,824.67,5065.83,2976.00,2089.83,USD,Direct,AGR-ORTHO-26-324,CPO-008-2026-0001,SI-881688,DISPUTED,2026-05-19T17:43:00+00:00
TXN-001690,SO-101689,2026-02-23,2026-02-23T14:44:00+00:00,CUS-006,Pacific Motion Surgery Partners,ASC,CA,West,REP-018,SOM-PLATE-8H,Trauma Plating,Trauma fixation,1,883.75,883.75,0.1200,106.05,777.70,365.00,412.70,USD,Direct,AGR-ORTHO-26-310,CPO-006-2026-0002,SI-881689,PAID,2026-02-25T17:44:00+00:00
TXN-001691,SO-101690,2026-05-31,2026-05-31T14:45:00+00:00,CUS-007,Front Range Medical Center,Hospital,CO,Mountain,REP-022,ACC-HIP-LIN-36,Acetabular System,Total hip arthroplasty,1,1156.40,1156.40,0.1400,161.90,994.50,540.60,453.90,USD,Direct,AGR-ORTHO-26-317,CPO-007-2026-0003,SI-881690,DISPUTED,2026-05-31T17:45:00+00:00
TXN-001692,SO-101691,2026-01-16,2026-01-16T14:46:00+00:00,CUS-012,New England Sports Medicine,Hospital,MA,Northeast,REP-038,MAKO-HIP-KIT,Robotic Procedure Kit,Robotic-assisted hip,8,1509.95,12079.60,0.1300,1570.35,10509.25,5100.00,5409.25,USD,Direct,AGR-ORTHO-26-317,CPO-012-2026-0004,SI-881691,PAID,2026-01-16T17:46:00+00:00
TXN-001693,SO-101692,2025-12-30,2025-12-30T14:00:00+00:00,CUS-008,Gulf Coast Trauma Hospital,Hospital,FL,Southeast,REP-027,MAKO-HIP-KIT,Robotic Procedure Kit,Robotic-assisted hip,1,1509.95,1509.95,0.1350,203.84,1306.11,637.50,668.61,USD,ASC Program,AGR-ORTHO-26-324,CPO-008-2025-0005,SI-881692,PAID,2025-12-31T17:00:00+00:00
TXN-001694,SO-101693,2025-10-28,2025-10-28T14:01:00+00:00,CUS-003,Great Lakes University Hospital,Academic Medical Center,OH,Midwest,REP-013,SPN-CAGE-LORD,Spine Interbody,Lumbar fusion,8,5154.80,41238.40,0.1800,7422.91,33815.49,22317.60,11497.89,USD,Direct,AGR-ORTHO-26-324,CPO-003-2025-0006,SI-881693,OPEN,2025-10-28T17:01:00+00:00
TXN-001695,SO-101694,2026-05-19,2026-05-19T14:02:00+00:00,CUS-002,Hudson Valley Surgical Center,ASC,NY,Northeast,REP-004,MAKO-HIP-KIT,Robotic Procedure Kit,Robotic-assisted hip,2,1495.00,2990.00,0.1550,463.45,2526.55,1250.00,1276.55,USD,Direct,AGR-ORTHO-26-317,CPO-002-2026-0007,SI-881694,PAID,2026-05-20T17:02:00+00:00
TXN-001696,SO-101695,2026-04-13,2026-04-13T14:03:00+00:00,CUS-004,Blue Ridge Joint Institute,Hospital,NC,Southeast,REP-011,ACC-HIP-LIN-36,Acetabular System,Total hip arthroplasty,2,1180.00,2360.00,0.1350,318.60,2041.40,1081.20,960.20,USD,Direct,AGR-ORTHO-26-331,CPO-004-2026-0008,SI-881695,PAID,2026-04-13T17:03:00+00:00
TXN-001697,SO-101696,2026-02-26,2026-02-26T14:04:00+00:00,CUS-010,Prairie Orthopedics Cooperative,IDN,IL,Midwest,REP-030,MAKO-KNEE-KIT,Robotic Procedure Kit,Robotic-assisted knee,1,1672.80,1672.80,0.2000,334.56,1338.24,676.20,662.04,USD,ASC Program,AGR-ORTHO-26-338,CPO-010-2026-0009,SI-881696,OPEN,2026-02-26T17:04:00+00:00
TXN-001698,SO-101697,2026-03-13,2026-03-13T14:05:00+00:00,CUS-008,Gulf Coast Trauma Hospital,Hospital,FL,Southeast,REP-025,ACC-HIP-CUP-56,Acetabular System,Total hip arthroplasty,4,2945.25,11781.00,0.1300,1531.53,10249.47,5952.00,4297.47,USD,Direct,AGR-ORTHO-26-324,CPO-008-2026-0010,SI-881697,PAID,2026-03-13T17:05:00+00:00
TXN-001699,SO-101698,2026-02-27,2026-02-27T14:06:00+00:00,CUS-012,New England Sports Medicine,Hospital,MA,Northeast,REP-038,MAKO-KNEE-KIT,Robotic Procedure Kit,Robotic-assisted knee,1,1672.80,1672.80,0.1350,225.83,1446.97,690.00,756.97,USD,Distributor,AGR-ORTHO-26-317,CPO-012-2026-0011,SI-881698,PAID,2026-02-27T17:06:00+00:00
TXN-001700,SO-101699,2026-05-31,2026-05-31T14:07:00+00:00,CUS-007,Front Range Medical Center,Hospital,CO,Mountain,REP-024,ACC-HIP-LIN-36,Acetabular System,Total hip arthroplasty,1,1180.00,1180.00,0.1200,141.60,1038.40,530.00,508.40,USD,Direct,AGR-ORTHO-26-317,CPO-007-2026-0012,SI-881699,PAID,2026-06-02T17:07:00+00:00
TXN-001701,SO-101700,2026-02-20,2026-02-20T14:08:00+00:00,CUS-005,Lone Star Orthopedic Network,IDN,TX,South Central,REP-019,SOM-PLATE-8H,Trauma Plating,Trauma fixation,1,857.50,857.50,0.1900,162.93,694.57,365.00,329.57,USD,Direct,AGR-ORTHO-26-338,CPO-005-2026-0013,SI-881700,PAID,2026-02-21T17:08:00+00:00
TXN-001702,SO-101701,2026-04-20,2026-04-20T14:09:00+00:00,CUS-010,Prairie Orthopedics Cooperative,IDN,IL,Midwest,REP-028,MAKO-HIP-KIT,Robotic Procedure Kit,Robotic-assisted hip,1,1495.00,1495.00,0.1950,291.53,1203.47,612.50,590.97,USD,Direct,AGR-ORTHO-26-338,CPO-010-2026-0014,SI-881701,PAID,2026-04-20T17:09:00+00:00
TXN-001703,SO-101702,2026-04-22,2026-04-22T14:10:00+00:00,CUS-001,Atlantic Ortho Alliance,IDN,PA,Northeast,REP-002,TRI-KNEE-CR-04,Triathlon Knee,Total knee arthroplasty,1,4467.60,4467.60,0.2350,1049.89,3417.71,2356.20,1061.51,USD,Direct,AGR-ORTHO-26-310,CPO-001-2026-0015,SI-881702,PAID,2026-04-23T17:10:00+00:00
TXN-001704,SO-101703,2026-05-05,2026-05-05T14:11:00+00:00,CUS-003,Great Lakes University Hospital,Academic Medical Center,OH,Midwest,REP-009,SOM-PLATE-8H,Trauma Plating,Trauma fixation,3,857.50,2572.50,0.1700,437.33,2135.17,1095.00,1040.17,USD,Distributor,AGR-ORTHO-26-324,CPO-003-2026-0016,SI-881703,PAID,2026-05-05T17:11:00+00:00
TXN-001705,SO-101704,2026-05-22,2026-05-22T14:12:00+00:00,CUS-011,Desert Ridge Ambulatory Surgery,ASC,AZ,Mountain,REP-034,MAKO-KNEE-KIT,Robotic Procedure Kit,Robotic-assisted knee,4,1640.00,6560.00,0.1100,721.60,5838.40,2704.80,3133.60,USD,Direct,AGR-ORTHO-26-310,CPO-011-2026-0017,SI-881704,PAID,2026-05-22T17:12:00+00:00
TXN-001706,SO-101705,2026-01-08,2026-01-08T14:13:00+00:00,CUS-001,Atlantic Ortho Alliance,IDN,PA,Northeast,REP-005,ACC-HIP-LIN-36,Acetabular System,Total hip arthroplasty,2,1191.80,2383.60,0.2000,476.72,1906.88,1060.00,846.88,USD,Direct,AGR-ORTHO-26-310,CPO-001-2026-0018,SI-881705,OPEN,2026-01-08T17:13:00+00:00
TXN-001707,SO-101706,2026-03-23,2026-03-23T14:14:00+00:00,CUS-010,Prairie Orthopedics Cooperative,IDN,IL,Midwest,REP-033,SPN-CAGE-LORD,Spine Interbody,Lumbar fusion,3,5365.20,16095.60,0.1800,2897.21,13198.39,8040.90,5157.49,USD,Direct,AGR-ORTHO-26-338,CPO-010-2026-0019,SI-881706,PAID,2026-03-25T17:14:00+00:00
TXN-001708,SO-101707,2026-04-30,2026-04-30T14:15:00+00:00,CUS-006,Pacific Motion Surgery Partners,ASC,CA,West,REP-022,TRI-KNEE-PS-05,Triathlon Knee,Total knee arthroplasty,3,4776.75,14330.25,0.1200,1719.63,12610.62,7772.40,4838.22,USD,Direct,AGR-ORTHO-26-310,CPO-006-2026-0020,SI-881707,OPEN,2026-04-30T17:15:00+00:00
TXN-001709,SO-101708,2026-04-23,2026-04-23T14:16:00+00:00,CUS-004,Blue Ridge Joint Institute,Hospital,NC,Southeast,REP-010,TRI-KNEE-CR-04,Triathlon Knee,Total knee arthroplasty,2,4292.40,8584.80,0.1200,1030.18,7554.62,4527.60,3027.02,USD,Direct,AGR-ORTHO-26-331,CPO-004-2026-0021,SI-881708,PAID,2026-04-25T17:16:00+00:00
TXN-001710,SO-101709,2026-04-08,2026-04-08T14:17:00+00:00,CUS-005,Lone Star Orthopedic Network,IDN,TX,South Central,REP-014,ACC-HIP-CUP-56,Acetabular System,Total hip arthroplasty,3,2945.25,8835.75,0.1950,1722.97,7112.78,4464.00,2648.78,USD,Direct,AGR-ORTHO-26-338,CPO-005-2026-0022,SI-881709,PAID,2026-04-08T17:17:00+00:00
TXN-001711,SO-101710,2026-01-05,2026-01-05T14:18:00+00:00,CUS-009,Northwest Specialty Distribution,Distributor,WA,West,REP-027,ACC-HIP-CUP-56,Acetabular System,Total hip arthroplasty,8,2945.25,23562.00,0.2500,5890.50,17671.50,11904.00,5767.50,USD,Direct,AGR-ORTHO-26-331,CPO-009-2026-0023,SI-881710,OPEN,2026-01-07T17:18:00+00:00
TXN-001712,SO-101711,2026-03-16,2026-03-16T14:19:00+00:00,CUS-001,Atlantic Ortho Alliance,IDN,PA,Northeast,REP-004,MAKO-KNEE-KIT,Robotic Procedure Kit,Robotic-assisted knee,1,1640.00,1640.00,0.1900,311.60,1328.40,690.00,638.40,USD,Direct,AGR-ORTHO-26-310,CPO-001-2026-0024,SI-881711,PAID,2026-03-16T17:19:00+00:00
TXN-001713,SO-101712,2026-03-14,2026-03-14T14:20:00+00:00,CUS-010,Prairie Orthopedics Cooperative,IDN,IL,Midwest,REP-032,MAKO-HIP-KIT,Robotic Procedure Kit,Robotic-assisted hip,1,1480.05,1480.05,0.1800,266.41,1213.64,625.00,588.64,USD,ASC Program,AGR-ORTHO-26-338,CPO-010-2026-0025,SI-881712,DISPUTED,2026-03-16T17:20:00+00:00
TXN-001714,SO-101713,2026-03-23,2026-03-23T14:21:00+00:00,CUS-012,New England Sports Medicine,Hospital,MA,Northeast,REP-039,ACC-HIP-LIN-36,Acetabular System,Total hip arthroplasty,2,1180.00,2360.00,0.1400,330.40,2029.60,1060.00,969.60,USD,ASC Program,AGR-ORTHO-26-317,CPO-012-2026-0026,SI-881713,PAID,2026-03-24T17:21:00+00:00
TXN-001715,SO-101714,2026-05-11,2026-05-11T14:22:00+00:00,CUS-008,Gulf Coast Trauma Hospital,Hospital,FL,Southeast,REP-028,ACC-HIP-CUP-56,Acetabular System,Total hip arthroplasty,4,2945.25,11781.00,0.1200,1413.72,10367.28,5952.00,4415.28,USD,Direct,AGR-ORTHO-26-324,CPO-008-2026-0027,SI-881714,PAID,2026-05-11T17:22:00+00:00
TXN-001716,SO-101715,2026-06-03,2026-06-03T14:23:00+00:00,CUS-005,Lone Star Orthopedic Network,IDN,TX,South Central,REP-013,ACC-HIP-LIN-36,Acetabular System,Total hip arthroplasty,3,1191.80,3575.40,0.1800,643.57,2931.83,1590.00,1341.83,USD,Distributor,AGR-ORTHO-26-338,CPO-005-2026-0028,SI-881715,PAID,2026-06-03T17:23:00+00:00
TXN-001717,SO-101716,2025-10-20,2025-10-20T14:24:00+00:00,CUS-009,Northwest Specialty Distribution,Distributor,WA,West,REP-026,TRI-KNEE-CR-04,Triathlon Knee,Total knee arthroplasty,2,4423.80,8847.60,0.2400,2123.42,6724.18,4527.60,2196.58,USD,Direct,AGR-ORTHO-26-331,CPO-009-2025-0029,SI-881716,PAID,2025-10-20T17:24:00+00:00
TXN-001718,SO-101717,2026-05-23,2026-05-23T14:25:00+00:00,CUS-007,Front Range Medical Center,Hospital,CO,Mountain,REP-021,SOM-PLATE-8H,Trauma Plating,Trauma fixation,1,892.50,892.50,0.1400,124.95,767.55,357.70,409.85,USD,Direct,AGR-ORTHO-26-317,CPO-007-2026-0030,SI-881717,DISPUTED,2026-05-24T17:25:00+00:00
TXN-001719,SO-101718,2025-12-14,2025-12-14T14:26:00+00:00,CUS-008,Gulf Coast Trauma Hospital,Hospital,FL,Southeast,REP-025,ACC-HIP-CUP-56,Acetabular System,Total hip arthroplasty,1,2915.50,2915.50,0.1400,408.17,2507.33,1488.00,1019.33,USD,Direct,AGR-ORTHO-26-324,CPO-008-2025-0031,SI-881718,PAID,2025-12-15T17:26:00+00:00
TXN-001720,SO-101719,2026-04-12,2026-04-12T14:27:00+00:00,CUS-002,Hudson Valley Surgical Center,ASC,NY,Northeast,REP-008,SOM-PLATE-8H,Trauma Plating,Trauma fixation,1,866.25,866.25,0.1350,116.94,749.31,365.00,384.31,USD,ASC Program,AGR-ORTHO-26-317,CPO-002-2026-0032,SI-881719,OPEN,2026-04-13T17:27:00+00:00
TXN-001721,SO-101720,2026-03-08,2026-03-08T14:28:00+00:00,CUS-005,Lone Star Orthopedic Network,IDN,TX,South Central,REP-018,MAKO-KNEE-KIT,Robotic Procedure Kit,Robotic-assisted knee,1,1656.40,1656.40,0.1900,314.72,1341.68,690.00,651.68,USD,Direct,AGR-ORTHO-26-338,CPO-005-2026-0033,SI-881720,OPEN,2026-03-10T17:28:00+00:00
TXN-001722,SO-101721,2026-04-15,2026-04-15T14:29:00+00:00,CUS-005,Lone Star Orthopedic Network,IDN,TX,South Central,REP-019,SPN-CAGE-LORD,Spine Interbody,Lumbar fusion,1,5207.40,5207.40,0.1800,937.33,4270.07,2789.70,1480.37,USD,Direct,AGR-ORTHO-26-338,CPO-005-2026-0034,SI-881721,PAID,2026-04-15T17:29:00+00:00
TXN-001723,SO-101722,2026-04-14,2026-04-14T14:30:00+00:00,CUS-007,Front Range Medical Center,Hospital,CO,Mountain,REP-019,ACC-HIP-LIN-36,Acetabular System,Total hip arthroplasty,8,1168.20,9345.60,0.1400,1308.38,8037.22,4240.00,3797.22,USD,Direct,AGR-ORTHO-26-317,CPO-007-2026-0035,SI-881722,PAID,2026-04-14T17:30:00+00:00
TXN-001724,SO-101723,2026-01-15,2026-01-15T14:31:00+00:00,CUS-005,Lone Star Orthopedic Network,IDN,TX,South Central,REP-014,TRI-KNEE-CR-04,Triathlon Knee,Total knee arthroplasty,1,4380.00,4380.00,0.1800,788.40,3591.60,2356.20,1235.40,USD,Direct,AGR-ORTHO-26-338,CPO-005-2026-0036,SI-881723,PAID,2026-01-17T17:31:00+00:00
TXN-001725,SO-101724,2026-04-06,2026-04-06T14:32:00+00:00,CUS-012,New England Sports Medicine,Hospital,MA,Northeast,REP-036,REV-FEM-STEM-12,Revision Hip,Revision arthroplasty,3,6548.40,19645.20,0.1650,3241.46,16403.74,10694.70,5709.04,USD,Direct,AGR-ORTHO-26-317,CPO-012-2026-0037,SI-881724,OPEN,2026-04-08T17:32:00+00:00
TXN-001726,SO-101725,2025-11-21,2025-11-21T14:33:00+00:00,CUS-012,New England Sports Medicine,Hospital,MA,Northeast,REP-037,SPN-CAGE-LORD,Spine Interbody,Lumbar fusion,4,5312.60,21250.40,0.1400,2975.06,18275.34,10940.00,7335.34,USD,Direct,AGR-ORTHO-26-317,CPO-012-2025-0038,SI-881725,PAID,2025-11-23T17:33:00+00:00
TXN-001727,SO-101726,2026-02-12,2026-02-12T14:34:00+00:00,CUS-011,Desert Ridge Ambulatory Surgery,ASC,AZ,Mountain,REP-035,TRI-KNEE-CR-04,Triathlon Knee,Total knee arthroplasty,1,4467.60,4467.60,0.1000,446.76,4020.84,2310.00,1710.84,USD,ASC Program,AGR-ORTHO-26-310,CPO-011-2026-0039,SI-881726,PAID,2026-02-14T17:34:00+00:00
TXN-001728,SO-101727,2026-03-30,2026-03-30T14:35:00+00:00,CUS-005,Lone Star Orthopedic Network,IDN,TX,South Central,REP-018,TRI-KNEE-PS-05,Triathlon Knee,Total knee arthroplasty,3,4776.75,14330.25,0.1950,2794.40,11535.85,7467.60,4068.25,USD,ASC Program,AGR-ORTHO-26-338,CPO-005-2026-0040,SI-881727,PAID,2026-03-31T17:35:00+00:00
TXN-001729,SO-101728,2025-11-05,2025-11-05T14:36:00+00:00,CUS-001,Atlantic Ortho Alliance,IDN,PA,Northeast,REP-007,REV-FEM-STEM-12,Revision Hip,Revision arthroplasty,1,6484.20,6484.20,0.1800,1167.16,5317.04,3495.00,1822.04,USD,Direct,AGR-ORTHO-26-310,CPO-001-2025-0041,SI-881728,OPEN,2025-11-05T17:36:00+00:00
TXN-001730,SO-101729,2026-02-26,2026-02-26T14:37:00+00:00,CUS-009,Northwest Specialty Distribution,Distributor,WA,West,REP-025,ACC-HIP-CUP-56,Acetabular System,Total hip arthroplasty,2,2975.00,5950.00,0.2400,1428.00,4522.00,2976.00,1546.00,USD,Direct,AGR-ORTHO-26-331,CPO-009-2026-0042,SI-881729,PAID,2026-02-26T17:37:00+00:00
TXN-001731,SO-101730,2026-05-26,2026-05-26T14:38:00+00:00,CUS-001,Atlantic Ortho Alliance,IDN,PA,Northeast,REP-002,ACC-HIP-LIN-36,Acetabular System,Total hip arthroplasty,1,1156.40,1156.40,0.1950,225.50,930.90,530.00,400.90,USD,Direct,AGR-ORTHO-26-310,CPO-001-2026-0043,SI-881730,PAID,2026-05-27T17:38:00+00:00
TXN-001732,SO-101731,2026-01-23,2026-01-23T14:39:00+00:00,CUS-001,Atlantic Ortho Alliance,IDN,PA,Northeast,REP-003,MAKO-HIP-KIT,Robotic Procedure Kit,Robotic-assisted hip,2,1495.00,2990.00,0.1950,583.05,2406.95,1250.00,1156.95,USD,ASC Program,AGR-ORTHO-26-310,CPO-001-2026-0044,SI-881731,PAID,2026-01-25T17:39:00+00:00
TXN-001733,SO-101732,2026-02-23,2026-02-23T14:40:00+00:00,CUS-006,Pacific Motion Surgery Partners,ASC,CA,West,REP-019,SOM-PLATE-8H,Trauma Plating,Trauma fixation,1,875.00,875.00,0.1150,100.63,774.37,365.00,409.37,USD,Direct,AGR-ORTHO-26-310,CPO-006-2026-0045,SI-881732,OPEN,2026-02-25T17:40:00+00:00
TXN-001734,SO-101733,2026-01-27,2026-01-27T14:41:00+00:00,CUS-005,Lone Star Orthopedic Network,IDN,TX,South Central,REP-017,ACC-HIP-CUP-56,Acetabular System,Total hip arthroplasty,1,2975.00,2975.00,0.1800,535.50,2439.50,1488.00,951.50,USD,Direct,AGR-ORTHO-26-338,CPO-005-2026-0046,SI-881733,OPEN,2026-01-27T17:41:00+00:00
TXN-001735,SO-101734,2026-01-08,2026-01-08T14:42:00+00:00,CUS-012,New England Sports Medicine,Hospital,MA,Northeast,REP-039,MAKO-KNEE-KIT,Robotic Procedure Kit,Robotic-assisted knee,4,1640.00,6560.00,0.1350,885.60,5674.40,2760.00,2914.40,USD,Direct,AGR-ORTHO-26-317,CPO-012-2026-0047,SI-881734,PARTIALLY_PAID,2026-01-08T17:42:00+00:00
TXN-001736,SO-101735,2026-04-09,2026-04-09T14:43:00+00:00,CUS-003,Great Lakes University Hospital,Academic Medical Center,OH,Midwest,REP-013,SOM-SCREW-45,Trauma Plating,Trauma fixation,1,146.00,146.00,0.1800,26.28,119.72,42.00,77.72,USD,Direct,AGR-ORTHO-26-324,CPO-003-2026-0048,SI-881735,PAID,2026-04-09T17:43:00+00:00
TXN-001737,SO-101736,2026-02-16,2026-02-16T14:44:00+00:00,CUS-007,Front Range Medical Center,Hospital,CO,Mountain,REP-019,MAKO-KNEE-KIT,Robotic Procedure Kit,Robotic-assisted knee,1,1656.40,1656.40,0.1350,223.61,1432.79,690.00,742.79,USD,Direct,AGR-ORTHO-26-317,CPO-007-2026-0049,SI-881736,PAID,2026-02-17T17:44:00+00:00
TXN-001738,SO-101737,2025-11-16,2025-11-16T14:45:00+00:00,CUS-006,Pacific Motion Surgery Partners,ASC,CA,West,REP-017,TRI-KNEE-PS-05,Triathlon Knee,Total knee arthroplasty,1,4776.75,4776.75,0.1150,549.33,4227.42,2590.80,1636.62,USD,Direct,AGR-ORTHO-26-310,CPO-006-2025-0050,SI-881737,PAID,2025-11-17T17:45:00+00:00
TXN-001739,SO-101738,2026-03-22,2026-03-22T14:46:00+00:00,CUS-009,Northwest Specialty Distribution,Distributor,WA,West,REP-027,SOM-PLATE-8H,Trauma Plating,Trauma fixation,5,892.50,4462.50,0.2300,1026.38,3436.12,1788.50,1647.62,USD,Direct,AGR-ORTHO-26-331,CPO-009-2026-0051,SI-881738,PAID,2026-03-22T17:46:00+00:00
TXN-001740,SO-101739,2026-04-14,2026-04-14T14:00:00+00:00,CUS-006,Pacific Motion Surgery Partners,ASC,CA,West,REP-019,ACC-HIP-CUP-56,Acetabular System,Total hip arthroplasty,1,2915.50,2915.50,0.1200,349.86,2565.64,1517.76,1047.88,USD,Direct,AGR-ORTHO-26-310,CPO-006-2026-0052,SI-881739,PAID,2026-04-14T17:00:00+00:00
TXN-001741,SO-101740,2026-02-22,2026-02-22T14:01:00+00:00,CUS-005,Lone Star Orthopedic Network,IDN,TX,South Central,REP-017,MAKO-KNEE-KIT,Robotic Procedure Kit,Robotic-assisted knee,4,1672.80,6691.20,0.1800,1204.42,5486.78,2704.80,2781.98,USD,Direct,AGR-ORTHO-26-338,CPO-005-2026-0053,SI-881740,PAID,2026-02-24T17:01:00+00:00
TXN-001742,SO-101741,2026-04-03,2026-04-03T14:02:00+00:00,CUS-003,Great Lakes University Hospital,Academic Medical Center,OH,Midwest,REP-012,ACC-HIP-LIN-36,Acetabular System,Total hip arthroplasty,4,1203.60,4814.40,0.1600,770.30,4044.10,2120.00,1924.10,USD,ASC Program,AGR-ORTHO-26-324,CPO-003-2026-0054,SI-881741,PAID,2026-04-05T17:02:00+00:00
TXN-001743,SO-101742,2026-04-21,2026-04-21T14:03:00+00:00,CUS-005,Lone Star Orthopedic Network,IDN,TX,South Central,REP-019,SPN-CAGE-LORD,Spine Interbody,Lumbar fusion,2,5260.00,10520.00,0.1900,1998.80,8521.20,5579.40,2941.80,USD,Direct,AGR-ORTHO-26-338,CPO-005-2026-0055,SI-881742,OPEN,2026-04-21T17:03:00+00:00
TXN-001744,SO-101743,2026-06-13,2026-06-13T14:04:00+00:00,CUS-003,Great Lakes University Hospital,Academic Medical Center,OH,Midwest,REP-007,SPN-CAGE-LORD,Spine Interbody,Lumbar fusion,1,5365.20,5365.20,0.1700,912.08,4453.12,2789.70,1663.42,USD,Direct,AGR-ORTHO-26-324,CPO-003-2026-0056,SI-881743,OPEN,2026-06-13T17:04:00+00:00
TXN-001745,SO-101744,2026-04-28,2026-04-28T14:05:00+00:00,CUS-008,Gulf Coast Trauma Hospital,Hospital,FL,Southeast,REP-023,ACC-HIP-LIN-36,Acetabular System,Total hip arthroplasty,1,1168.20,1168.20,0.1400,163.55,1004.65,540.60,464.05,USD,Direct,AGR-ORTHO-26-324,CPO-008-2026-0057,SI-881744,PAID,2026-04-28T17:05:00+00:00
TXN-001746,SO-101745,2026-01-22,2026-01-22T14:06:00+00:00,CUS-009,Northwest Specialty Distribution,Distributor,WA,West,REP-027,SOM-PLATE-8H,Trauma Plating,Trauma fixation,2,875.00,1750.00,0.2400,420.00,1330.00,715.40,614.60,USD,Direct,AGR-ORTHO-26-331,CPO-009-2026-0058,SI-881745,PAID,2026-01-22T17:06:00+00:00
TXN-001747,SO-101746,2026-01-11,2026-01-11T14:07:00+00:00,CUS-001,Atlantic Ortho Alliance,IDN,PA,Northeast,REP-004,ACC-HIP-CUP-56,Acetabular System,Total hip arthroplasty,2,2975.00,5950.00,0.1800,1071.00,4879.00,3035.52,1843.48,USD,ASC Program,AGR-ORTHO-26-310,CPO-001-2026-0059,SI-881746,OPEN,2026-01-11T17:07:00+00:00
TXN-001748,SO-101747,2025-11-16,2025-11-16T14:08:00+00:00,CUS-010,Prairie Orthopedics Cooperative,IDN,IL,Midwest,REP-032,ACC-HIP-CUP-56,Acetabular System,Total hip arthroplasty,1,3004.75,3004.75,0.1900,570.90,2433.85,1458.24,975.61,USD,Direct,AGR-ORTHO-26-338,CPO-010-2025-0060,SI-881747,PAID,2025-11-17T17:08:00+00:00
TXN-001749,SO-101748,2025-12-23,2025-12-23T14:09:00+00:00,CUS-005,Lone Star Orthopedic Network,IDN,TX,South Central,REP-018,ACC-HIP-CUP-56,Acetabular System,Total hip arthroplasty,5,2915.50,14577.50,0.1900,2769.73,11807.77,7588.80,4218.97,USD,Direct,AGR-ORTHO-26-338,CPO-005-2025-0061,SI-881748,PAID,2025-12-23T17:09:00+00:00
TXN-001750,SO-101749,2026-03-22,2026-03-22T14:10:00+00:00,CUS-012,New England Sports Medicine,Hospital,MA,Northeast,REP-040,TRI-KNEE-PS-05,Triathlon Knee,Total knee arthroplasty,1,4921.50,4921.50,0.1400,689.01,4232.49,2540.00,1692.49,USD,Direct,AGR-ORTHO-26-317,CPO-012-2026-0062,SI-881749,PAID,2026-03-23T17:10:00+00:00
TXN-001751,SO-101750,2025-12-15,2025-12-15T14:11:00+00:00,CUS-006,Pacific Motion Surgery Partners,ASC,CA,West,REP-016,MAKO-HIP-KIT,Robotic Procedure Kit,Robotic-assisted hip,1,1495.00,1495.00,0.1100,164.45,1330.55,625.00,705.55,USD,Direct,AGR-ORTHO-26-310,CPO-006-2025-0063,SI-881750,OPEN,2025-12-15T17:11:00+00:00
TXN-001752,SO-101751,2026-04-20,2026-04-20T14:12:00+00:00,CUS-012,New England Sports Medicine,Hospital,MA,Northeast,REP-035,REV-FEM-STEM-12,Revision Hip,Revision arthroplasty,5,6484.20,32421.00,0.1650,5349.47,27071.53,17475.00,9596.53,USD,Direct,AGR-ORTHO-26-317,CPO-012-2026-0064,SI-881751,OPEN,2026-04-20T17:12:00+00:00
TXN-001753,SO-101752,2025-12-02,2025-12-02T14:13:00+00:00,CUS-010,Prairie Orthopedics Cooperative,IDN,IL,Midwest,REP-030,MAKO-HIP-KIT,Robotic Procedure Kit,Robotic-assisted hip,1,1465.10,1465.10,0.1800,263.72,1201.38,625.00,576.38,USD,Direct,AGR-ORTHO-26-338,CPO-010-2025-0065,SI-881752,PAID,2025-12-03T17:13:00+00:00
TXN-001754,SO-101753,2026-03-05,2026-03-05T14:14:00+00:00,CUS-004,Blue Ridge Joint Institute,Hospital,NC,Southeast,REP-013,MAKO-KNEE-KIT,Robotic Procedure Kit,Robotic-assisted knee,8,1656.40,13251.20,0.1350,1788.91,11462.29,5630.40,5831.89,USD,ASC Program,AGR-ORTHO-26-331,CPO-004-2026-0066,SI-881753,PAID,2026-03-06T17:14:00+00:00
TXN-001755,SO-101754,2026-04-22,2026-04-22T14:15:00+00:00,CUS-006,Pacific Motion Surgery Partners,ASC,CA,West,REP-020,ACC-HIP-LIN-36,Acetabular System,Total hip arthroplasty,4,1168.20,4672.80,0.1200,560.74,4112.06,2120.00,1992.06,USD,Direct,AGR-ORTHO-26-310,CPO-006-2026-0067,SI-881754,PAID,2026-04-24T17:15:00+00:00
TXN-001756,SO-101755,2026-06-05,2026-06-05T14:16:00+00:00,CUS-007,Front Range Medical Center,Hospital,CO,Mountain,REP-024,MAKO-KNEE-KIT,Robotic Procedure Kit,Robotic-assisted knee,1,1607.20,1607.20,0.1300,208.94,1398.26,690.00,708.26,USD,Direct,AGR-ORTHO-26-317,CPO-007-2026-0068,SI-881755,OPEN,2026-06-06T17:16:00+00:00
TXN-001757,SO-101756,2026-02-22,2026-02-22T14:17:00+00:00,CUS-002,Hudson Valley Surgical Center,ASC,NY,Northeast,REP-010,TRI-KNEE-CR-04,Triathlon Knee,Total knee arthroplasty,2,4423.80,8847.60,0.1100,973.24,7874.36,4620.00,3254.36,USD,Direct,AGR-ORTHO-26-317,CPO-002-2026-0069,SI-881756,PAID,2026-02-24T17:17:00+00:00
TXN-001758,SO-101757,2025-12-20,2025-12-20T14:18:00+00:00,CUS-007,Front Range Medical Center,Hospital,CO,Mountain,REP-019,TRI-KNEE-PS-05,Triathlon Knee,Total knee arthroplasty,4,4873.25,19493.00,0.1400,2729.02,16763.98,10363.20,6400.78,USD,Direct,AGR-ORTHO-26-317,CPO-007-2025-0070,SI-881757,PAID,2025-12-20T17:18:00+00:00
TXN-001759,SO-101758,2026-01-23,2026-01-23T14:19:00+00:00,CUS-004,Blue Ridge Joint Institute,Hospital,NC,Southeast,REP-011,TRI-KNEE-PS-05,Triathlon Knee,Total knee arthroplasty,1,4921.50,4921.50,0.1200,590.58,4330.92,2489.20,1841.72,USD,ASC Program,AGR-ORTHO-26-331,CPO-004-2026-0071,SI-881758,OPEN,2026-01-23T17:19:00+00:00
TXN-001760,SO-101759,2026-04-24,2026-04-24T14:20:00+00:00,CUS-008,Gulf Coast Trauma Hospital,Hospital,FL,Southeast,REP-024,ACC-HIP-LIN-36,Acetabular System,Total hip arthroplasty,1,1203.60,1203.60,0.1300,156.47,1047.13,530.00,517.13,USD,ASC Program,AGR-ORTHO-26-324,CPO-008-2026-0072,SI-881759,PAID,2026-04-24T17:20:00+00:00
TXN-001761,SO-101760,2026-05-22,2026-05-22T14:21:00+00:00,CUS-005,Lone Star Orthopedic Network,IDN,TX,South Central,REP-016,TRI-KNEE-CR-04,Triathlon Knee,Total knee arthroplasty,1,4380.00,4380.00,0.1900,832.20,3547.80,2263.80,1284.00,USD,Direct,AGR-ORTHO-26-338,CPO-005-2026-0073,SI-881760,PAID,2026-05-24T17:21:00+00:00
TXN-001762,SO-101761,2026-01-10,2026-01-10T14:22:00+00:00,CUS-001,Atlantic Ortho Alliance,IDN,PA,Northeast,REP-005,MAKO-HIP-KIT,Robotic Procedure Kit,Robotic-assisted hip,1,1495.00,1495.00,0.1900,284.05,1210.95,625.00,585.95,USD,Direct,AGR-ORTHO-26-310,CPO-001-2026-0074,SI-881761,PAID,2026-01-11T17:22:00+00:00
TXN-001763,SO-101762,2026-03-14,2026-03-14T14:23:00+00:00,CUS-001,Atlantic Ortho Alliance,IDN,PA,Northeast,REP-006,TRI-KNEE-CR-04,Triathlon Knee,Total knee arthroplasty,2,4467.60,8935.20,0.1900,1697.69,7237.51,4712.40,2525.11,USD,Direct,AGR-ORTHO-26-310,CPO-001-2026-0075,SI-881762,PARTIALLY_PAID,2026-03-14T17:23:00+00:00
TXN-001764,SO-101763,2026-03-16,2026-03-16T14:24:00+00:00,CUS-003,Great Lakes University Hospital,Academic Medical Center,OH,Midwest,REP-013,TRI-KNEE-PS-05,Triathlon Knee,Total knee arthroplasty,2,4728.50,9457.00,0.1700,1607.69,7849.31,5181.60,2667.71,USD,Direct,AGR-ORTHO-26-324,CPO-003-2026-0076,SI-881763,PARTIALLY_PAID,2026-03-17T17:24:00+00:00
TXN-001765,SO-101764,2026-05-01,2026-05-01T14:25:00+00:00,CUS-006,Pacific Motion Surgery Partners,ASC,CA,West,REP-016,TRI-KNEE-CR-04,Triathlon Knee,Total knee arthroplasty,2,4423.80,8847.60,0.1100,973.24,7874.36,4527.60,3346.76,USD,ASC Program,AGR-ORTHO-26-310,CPO-006-2026-0077,SI-881764,PAID,2026-05-03T17:25:00+00:00
TXN-001766,SO-101765,2026-05-17,2026-05-17T14:26:00+00:00,CUS-010,Prairie Orthopedics Cooperative,IDN,IL,Midwest,REP-029,SOM-PLATE-8H,Trauma Plating,Trauma fixation,1,883.75,883.75,0.1800,159.08,724.67,365.00,359.67,USD,Distributor,AGR-ORTHO-26-338,CPO-010-2026-0078,SI-881765,PAID,2026-05-17T17:26:00+00:00
TXN-001767,SO-101766,2025-11-03,2025-11-03T14:27:00+00:00,CUS-011,Desert Ridge Ambulatory Surgery,ASC,AZ,Mountain,REP-033,TRI-KNEE-PS-05,Triathlon Knee,Total knee arthroplasty,3,4921.50,14764.50,0.1100,1624.10,13140.40,7620.00,5520.40,USD,Direct,AGR-ORTHO-26-310,CPO-011-2025-0079,SI-881766,PAID,2025-11-05T17:27:00+00:00
TXN-001768,SO-101767,2026-03-22,2026-03-22T14:28:00+00:00,CUS-003,Great Lakes University Hospital,Academic Medical Center,OH,Midwest,REP-010,ACC-HIP-CUP-56,Acetabular System,Total hip arthroplasty,2,2975.00,5950.00,0.1700,1011.50,4938.50,3035.52,1902.98,USD,Direct,AGR-ORTHO-26-324,CPO-003-2026-0080,SI-881767,PAID,2026-03-22T17:28:00+00:00
TXN-001769,SO-101768,2026-06-08,2026-06-08T14:29:00+00:00,CUS-005,Lone Star Orthopedic Network,IDN,TX,South Central,REP-017,MAKO-KNEE-KIT,Robotic Procedure Kit,Robotic-assisted knee,1,1623.60,1623.60,0.1900,308.48,1315.12,690.00,625.12,USD,ASC Program,AGR-ORTHO-26-338,CPO-005-2026-0081,SI-881768,OPEN,2026-06-08T17:29:00+00:00
TXN-001770,SO-101769,2026-04-30,2026-04-30T14:30:00+00:00,CUS-003,Great Lakes University Hospital,Academic Medical Center,OH,Midwest,REP-012,SOM-SCREW-45,Trauma Plating,Trauma fixation,4,148.92,595.68,0.1700,101.27,494.41,171.36,323.05,USD,Direct,AGR-ORTHO-26-324,CPO-003-2026-0082,SI-881769,PARTIALLY_PAID,2026-04-30T17:30:00+00:00
TXN-001771,SO-101770,2026-05-05,2026-05-05T14:31:00+00:00,CUS-009,Northwest Specialty Distribution,Distributor,WA,West,REP-031,TRI-KNEE-CR-04,Triathlon Knee,Total knee arthroplasty,2,4336.20,8672.40,0.2450,2124.74,6547.66,4712.40,1835.26,USD,ASC Program,AGR-ORTHO-26-331,CPO-009-2026-0083,SI-881770,PAID,2026-05-05T17:31:00+00:00
TXN-001772,SO-101771,2026-05-09,2026-05-09T14:32:00+00:00,CUS-008,Gulf Coast Trauma Hospital,Hospital,FL,Southeast,REP-022,TRI-KNEE-PS-05,Triathlon Knee,Total knee arthroplasty,2,4873.25,9746.50,0.1300,1267.05,8479.45,5181.60,3297.85,USD,Direct,AGR-ORTHO-26-324,CPO-008-2026-0084,SI-881771,PAID,2026-05-11T17:32:00+00:00
TXN-001773,SO-101772,2026-06-01,2026-06-01T14:33:00+00:00,CUS-001,Atlantic Ortho Alliance,IDN,PA,Northeast,REP-002,TRI-KNEE-PS-05,Triathlon Knee,Total knee arthroplasty,2,4728.50,9457.00,0.1900,1796.83,7660.17,5181.60,2478.57,USD,Direct,AGR-ORTHO-26-310,CPO-001-2026-0085,SI-881772,OPEN,2026-06-03T17:33:00+00:00
TXN-001774,SO-101773,2026-01-27,2026-01-27T14:34:00+00:00,CUS-005,Lone Star Orthopedic Network,IDN,TX,South Central,REP-015,TRI-KNEE-PS-05,Triathlon Knee,Total knee arthroplasty,1,4825.00,4825.00,0.1900,916.75,3908.25,2540.00,1368.25,USD,Direct,AGR-ORTHO-26-338,CPO-005-2026-0086,SI-881773,PAID,2026-01-29T17:34:00+00:00
TXN-001775,SO-101774,2026-04-25,2026-04-25T14:35:00+00:00,CUS-009,Northwest Specialty Distribution,Distributor,WA,West,REP-028,ACC-HIP-LIN-36,Acetabular System,Total hip arthroplasty,1,1180.00,1180.00,0.2500,295.00,885.00,540.60,344.40,USD,Distributor,AGR-ORTHO-26-331,CPO-009-2026-0087,SI-881774,OPEN,2026-04-25T17:35:00+00:00
TXN-001776,SO-101775,2026-02-09,2026-02-09T14:36:00+00:00,CUS-002,Hudson Valley Surgical Center,ASC,NY,Northeast,REP-008,TRI-KNEE-CR-04,Triathlon Knee,Total knee arthroplasty,3,4380.00,13140.00,0.1100,1445.40,11694.60,6791.40,4903.20,USD,Direct,AGR-ORTHO-26-317,CPO-002-2026-0088,SI-881775,OPEN,2026-02-11T17:36:00+00:00
TXN-001777,SO-101776,2026-04-14,2026-04-14T14:37:00+00:00,CUS-002,Hudson Valley Surgical Center,ASC,NY,Northeast,REP-009,TRI-KNEE-PS-05,Triathlon Knee,Total knee arthroplasty,3,4825.00,14475.00,0.1500,2171.25,12303.75,7467.60,4836.15,USD,Direct,AGR-ORTHO-26-317,CPO-002-2026-0089,SI-881776,OPEN,2026-04-16T17:37:00+00:00
TXN-001778,SO-101777,2026-02-15,2026-02-15T14:38:00+00:00,CUS-002,Hudson Valley Surgical Center,ASC,NY,Northeast,REP-010,ACC-HIP-CUP-56,Acetabular System,Total hip arthroplasty,1,2915.50,2915.50,0.1100,320.71,2594.79,1488.00,1106.79,USD,ASC Program,AGR-ORTHO-26-317,CPO-002-2026-0090,SI-881777,PAID,2026-02-17T17:38:00+00:00
TXN-001779,SO-101778,2025-12-22,2025-12-22T14:39:00+00:00,CUS-010,Prairie Orthopedics Cooperative,IDN,IL,Midwest,REP-028,SOM-PLATE-8H,Trauma Plating,Trauma fixation,2,857.50,1715.00,0.1950,334.43,1380.57,730.00,650.57,USD,Distributor,AGR-ORTHO-26-338,CPO-010-2025-0091,SI-881778,OPEN,2025-12-22T17:39:00+00:00
TXN-001780,SO-101779,2026-04-14,2026-04-14T14:40:00+00:00,CUS-004,Blue Ridge Joint Institute,Hospital,NC,Southeast,REP-011,TRI-KNEE-CR-04,Triathlon Knee,Total knee arthroplasty,1,4467.60,4467.60,0.1200,536.11,3931.49,2310.00,1621.49,USD,Direct,AGR-ORTHO-26-331,CPO-004-2026-0092,SI-881779,PAID,2026-04-16T17:40:00+00:00
TXN-001781,SO-101780,2026-05-20,2026-05-20T14:41:00+00:00,CUS-001,Atlantic Ortho Alliance,IDN,PA,Northeast,REP-003,SOM-PLATE-8H,Trauma Plating,Trauma fixation,3,875.00,2625.00,0.2150,564.38,2060.62,1073.10,987.52,USD,Direct,AGR-ORTHO-26-310,CPO-001-2026-0093,SI-881780,DISPUTED,2026-05-20T17:41:00+00:00
TXN-001782,SO-101781,2026-06-14,2026-06-14T14:42:00+00:00,CUS-007,Front Range Medical Center,Hospital,CO,Mountain,REP-022,SOM-PLATE-8H,Trauma Plating,Trauma fixation,3,857.50,2572.50,0.1400,360.15,2212.35,1095.00,1117.35,USD,Direct,AGR-ORTHO-26-317,CPO-007-2026-0094,SI-881781,PAID,2026-06-14T17:42:00+00:00
TXN-001783,SO-101782,2026-04-14,2026-04-14T14:43:00+00:00,CUS-005,Lone Star Orthopedic Network,IDN,TX,South Central,REP-017,MAKO-KNEE-KIT,Robotic Procedure Kit,Robotic-assisted knee,2,1672.80,3345.60,0.2000,669.12,2676.48,1380.00,1296.48,USD,Direct,AGR-ORTHO-26-338,CPO-005-2026-0095,SI-881782,PARTIALLY_PAID,2026-04-14T17:43:00+00:00
TXN-001784,SO-101783,2026-02-25,2026-02-25T14:44:00+00:00,CUS-006,Pacific Motion Surgery Partners,ASC,CA,West,REP-021,REV-FEM-STEM-12,Revision Hip,Revision arthroplasty,1,6291.60,6291.60,0.1000,629.16,5662.44,3495.00,2167.44,USD,Direct,AGR-ORTHO-26-310,CPO-006-2026-0096,SI-881783,PAID,2026-02-25T17:44:00+00:00
TXN-001785,SO-101784,2026-02-23,2026-02-23T14:45:00+00:00,CUS-003,Great Lakes University Hospital,Academic Medical Center,OH,Midwest,REP-013,TRI-KNEE-PS-05,Triathlon Knee,Total knee arthroplasty,3,4728.50,14185.50,0.1600,2269.68,11915.82,7620.00,4295.82,USD,Direct,AGR-ORTHO-26-324,CPO-003-2026-0097,SI-881784,OPEN,2026-02-24T17:45:00+00:00
TXN-001786,SO-101785,2026-01-27,2026-01-27T14:46:00+00:00,CUS-006,Pacific Motion Surgery Partners,ASC,CA,West,REP-016,MAKO-KNEE-KIT,Robotic Procedure Kit,Robotic-assisted knee,1,1607.20,1607.20,0.1100,176.79,1430.41,703.80,726.61,USD,Direct,AGR-ORTHO-26-310,CPO-006-2026-0098,SI-881785,PAID,2026-01-27T17:46:00+00:00
TXN-001787,SO-101786,2026-05-04,2026-05-04T14:00:00+00:00,CUS-003,Great Lakes University Hospital,Academic Medical Center,OH,Midwest,REP-008,TRI-KNEE-CR-04,Triathlon Knee,Total knee arthroplasty,2,4380.00,8760.00,0.1700,1489.20,7270.80,4620.00,2650.80,USD,Direct,AGR-ORTHO-26-324,CPO-003-2026-0099,SI-881786,PAID,2026-05-04T17:00:00+00:00
TXN-001788,SO-101787,2026-05-04,2026-05-04T14:01:00+00:00,CUS-005,Lone Star Orthopedic Network,IDN,TX,South Central,REP-015,MAKO-HIP-KIT,Robotic Procedure Kit,Robotic-assisted hip,1,1495.00,1495.00,0.1900,284.05,1210.95,637.50,573.45,USD,Direct,AGR-ORTHO-26-338,CPO-005-2026-0100,SI-881787,PARTIALLY_PAID,2026-05-04T17:01:00+00:00
TXN-001789,SO-101788,2026-05-07,2026-05-07T14:02:00+00:00,CUS-003,Great Lakes University Hospital,Academic Medical Center,OH,Midwest,REP-010,ACC-HIP-CUP-56,Acetabular System,Total hip arthroplasty,4,2975.00,11900.00,0.1750,2082.50,9817.50,5832.96,3984.54,USD,ASC Program,AGR-ORTHO-26-324,CPO-003-2026-0101,SI-881788,PAID,2026-05-09T17:02:00+00:00
TXN-001790,SO-101789,2025-11-26,2025-11-26T14:03:00+00:00,CUS-005,Lone Star Orthopedic Network,IDN,TX,South Central,REP-017,SPN-CAGE-LORD,Spine Interbody,Lumbar fusion,1,5154.80,5154.80,0.2000,1030.96,4123.84,2735.00,1388.84,USD,Direct,AGR-ORTHO-26-338,CPO-005-2025-0102,SI-881789,PAID,2025-11-26T17:03:00+00:00
TXN-001791,SO-101790,2026-04-14,2026-04-14T14:04:00+00:00,CUS-006,Pacific Motion Surgery Partners,ASC,CA,West,REP-021,SPN-CAGE-LORD,Spine Interbody,Lumbar fusion,3,5312.60,15937.80,0.1100,1753.16,14184.64,8205.00,5979.64,USD,Direct,AGR-ORTHO-26-310,CPO-006-2026-0103,SI-881790,OPEN,2026-04-16T17:04:00+00:00
TXN-001792,SO-101791,2026-04-16,2026-04-16T14:05:00+00:00,CUS-003,Great Lakes University Hospital,Academic Medical Center,OH,Midwest,REP-013,TRI-KNEE-PS-05,Triathlon Knee,Total knee arthroplasty,1,4825.00,4825.00,0.1800,868.50,3956.50,2489.20,1467.30,USD,Direct,AGR-ORTHO-26-324,CPO-003-2026-0104,SI-881791,PAID,2026-04-16T17:05:00+00:00
TXN-001793,SO-101792,2026-03-27,2026-03-27T14:06:00+00:00,CUS-008,Gulf Coast Trauma Hospital,Hospital,FL,Southeast,REP-022,ACC-HIP-CUP-56,Acetabular System,Total hip arthroplasty,2,2915.50,5831.00,0.1400,816.34,5014.66,2916.48,2098.18,USD,Direct,AGR-ORTHO-26-324,CPO-008-2026-0105,SI-881792,PAID,2026-03-28T17:06:00+00:00
TXN-001794,SO-101793,2026-01-06,2026-01-06T14:07:00+00:00,CUS-008,Gulf Coast Trauma Hospital,Hospital,FL,Southeast,REP-023,MAKO-HIP-KIT,Robotic Procedure Kit,Robotic-assisted hip,1,1509.95,1509.95,0.1350,203.84,1306.11,625.00,681.11,USD,ASC Program,AGR-ORTHO-26-324,CPO-008-2026-0106,SI-881793,PAID,2026-01-08T17:07:00+00:00
TXN-001795,SO-101794,2026-01-20,2026-01-20T14:08:00+00:00,CUS-006,Pacific Motion Surgery Partners,ASC,CA,West,REP-018,ACC-HIP-CUP-56,Acetabular System,Total hip arthroplasty,1,2975.00,2975.00,0.1100,327.25,2647.75,1458.24,1189.51,USD,Direct,AGR-ORTHO-26-310,CPO-006-2026-0107,SI-881794,OPEN,2026-01-20T17:08:00+00:00
TXN-001796,SO-101795,2026-05-14,2026-05-14T14:09:00+00:00,CUS-004,Blue Ridge Joint Institute,Hospital,NC,Southeast,REP-013,TRI-KNEE-CR-04,Triathlon Knee,Total knee arthroplasty,1,4380.00,4380.00,0.1350,591.30,3788.70,2310.00,1478.70,USD,ASC Program,AGR-ORTHO-26-331,CPO-004-2026-0108,SI-881795,OPEN,2026-05-15T17:09:00+00:00
TXN-001797,SO-101796,2026-05-27,2026-05-27T14:10:00+00:00,CUS-004,Blue Ridge Joint Institute,Hospital,NC,Southeast,REP-014,MAKO-KNEE-KIT,Robotic Procedure Kit,Robotic-assisted knee,1,1656.40,1656.40,0.1350,223.61,1432.79,690.00,742.79,USD,Direct,AGR-ORTHO-26-331,CPO-004-2026-0109,SI-881796,PAID,2026-05-28T17:10:00+00:00
TXN-001798,SO-101797,2026-03-26,2026-03-26T14:11:00+00:00,CUS-003,Great Lakes University Hospital,Academic Medical Center,OH,Midwest,REP-012,SOM-PLATE-8H,Trauma Plating,Trauma fixation,2,883.75,1767.50,0.1600,282.80,1484.70,715.40,769.30,USD,Direct,AGR-ORTHO-26-324,CPO-003-2026-0110,SI-881797,PAID,2026-03-27T17:11:00+00:00
TXN-001799,SO-101798,2025-12-31,2025-12-31T14:12:00+00:00,CUS-005,Lone Star Orthopedic Network,IDN,TX,South Central,REP-019,TRI-KNEE-PS-05,Triathlon Knee,Total knee arthroplasty,1,4728.50,4728.50,0.1800,851.13,3877.37,2540.00,1337.37,USD,Direct,AGR-ORTHO-26-338,CPO-005-2025-0111,SI-881798,PAID,2025-12-31T17:12:00+00:00
TXN-001800,SO-101799,2026-04-03,2026-04-03T14:13:00+00:00,CUS-006,Pacific Motion Surgery Partners,ASC,CA,West,REP-016,REV-FEM-STEM-12,Revision Hip,Revision arthroplasty,5,6355.80,31779.00,0.1100,3495.69,28283.31,17125.50,11157.81,USD,Direct,AGR-ORTHO-26-310,CPO-006-2026-0112,SI-881799,PAID,2026-04-03T17:13:00+00:00
TXN-001801,SO-101800,2026-01-20,2026-01-20T14:14:00+00:00,CUS-003,Great Lakes University Hospital,Academic Medical Center,OH,Midwest,REP-008,MAKO-KNEE-KIT,Robotic Procedure Kit,Robotic-assisted knee,2,1623.60,3247.20,0.1700,552.02,2695.18,1352.40,1342.78,USD,Direct,AGR-ORTHO-26-324,CPO-003-2026-0113,SI-881800,DISPUTED,2026-01-20T17:14:00+00:00
TXN-001802,SO-101801,2026-05-06,2026-05-06T14:15:00+00:00,CUS-002,Hudson Valley Surgical Center,ASC,NY,Northeast,REP-006,ACC-HIP-LIN-36,Acetabular System,Total hip arthroplasty,1,1156.40,1156.40,0.1450,167.68,988.72,540.60,448.12,USD,Direct,AGR-ORTHO-26-317,CPO-002-2026-0114,SI-881801,PAID,2026-05-06T17:15:00+00:00
TXN-001803,SO-101802,2026-02-13,2026-02-13T14:16:00+00:00,CUS-001,Atlantic Ortho Alliance,IDN,PA,Northeast,REP-004,TRI-KNEE-PS-05,Triathlon Knee,Total knee arthroplasty,2,4776.75,9553.50,0.1900,1815.17,7738.33,5080.00,2658.33,USD,Direct,AGR-ORTHO-26-310,CPO-001-2026-0115,SI-881802,PAID,2026-02-15T17:16:00+00:00
TXN-001804,SO-101803,2026-03-11,2026-03-11T14:17:00+00:00,CUS-010,Prairie Orthopedics Cooperative,IDN,IL,Midwest,REP-032,TRI-KNEE-CR-04,Triathlon Knee,Total knee arthroplasty,2,4423.80,8847.60,0.1900,1681.04,7166.56,4712.40,2454.16,USD,Distributor,AGR-ORTHO-26-338,CPO-010-2026-0116,SI-881803,PAID,2026-03-12T17:17:00+00:00
TXN-001805,SO-101804,2025-12-22,2025-12-22T14:18:00+00:00,CUS-002,Hudson Valley Surgical Center,ASC,NY,Northeast,REP-009,MAKO-KNEE-KIT,Robotic Procedure Kit,Robotic-assisted knee,2,1656.40,3312.80,0.1000,331.28,2981.52,1352.40,1629.12,USD,Direct,AGR-ORTHO-26-317,CPO-002-2025-0117,SI-881804,PAID,2025-12-24T17:18:00+00:00
TXN-001806,SO-101805,2025-12-12,2025-12-12T14:19:00+00:00,CUS-001,Atlantic Ortho Alliance,IDN,PA,Northeast,REP-007,ACC-HIP-LIN-36,Acetabular System,Total hip arthroplasty,2,1180.00,2360.00,0.1950,460.20,1899.80,1060.00,839.80,USD,ASC Program,AGR-ORTHO-26-310,CPO-001-2025-0118,SI-881805,OPEN,2025-12-12T17:19:00+00:00
TXN-001807,SO-101806,2025-10-31,2025-10-31T14:20:00+00:00,CUS-006,Pacific Motion Surgery Partners,ASC,CA,West,REP-016,TRI-KNEE-PS-05,Triathlon Knee,Total knee arthroplasty,2,4728.50,9457.00,0.1200,1134.84,8322.16,5181.60,3140.56,USD,Direct,AGR-ORTHO-26-310,CPO-006-2025-0119,SI-881806,OPEN,2025-11-01T17:20:00+00:00
TXN-001808,SO-101807,2026-05-23,2026-05-23T14:21:00+00:00,CUS-010,Prairie Orthopedics Cooperative,IDN,IL,Midwest,REP-029,MAKO-KNEE-KIT,Robotic Procedure Kit,Robotic-assisted knee,4,1607.20,6428.80,0.1800,1157.18,5271.62,2760.00,2511.62,USD,ASC Program,AGR-ORTHO-26-338,CPO-010-2026-0120,SI-881807,PAID,2026-05-23T17:21:00+00:00
TXN-001809,SO-101808,2026-03-27,2026-03-27T14:22:00+00:00,CUS-012,New England Sports Medicine,Hospital,MA,Northeast,REP-036,MAKO-HIP-KIT,Robotic Procedure Kit,Robotic-assisted hip,5,1480.05,7400.25,0.1350,999.03,6401.22,3062.50,3338.72,USD,Direct,AGR-ORTHO-26-317,CPO-012-2026-0121,SI-881808,PAID,2026-03-27T17:22:00+00:00
TXN-001810,SO-101809,2026-03-16,2026-03-16T14:23:00+00:00,CUS-004,Blue Ridge Joint Institute,Hospital,NC,Southeast,REP-013,MAKO-KNEE-KIT,Robotic Procedure Kit,Robotic-assisted knee,1,1656.40,1656.40,0.1400,231.90,1424.50,690.00,734.50,USD,ASC Program,AGR-ORTHO-26-331,CPO-004-2026-0122,SI-881809,PAID,2026-03-16T17:23:00+00:00
TXN-001811,SO-101810,2026-01-12,2026-01-12T14:24:00+00:00,CUS-003,Great Lakes University Hospital,Academic Medical Center,OH,Midwest,REP-011,TRI-KNEE-CR-04,Triathlon Knee,Total knee arthroplasty,2,4336.20,8672.40,0.1700,1474.31,7198.09,4620.00,2578.09,USD,Direct,AGR-ORTHO-26-324,CPO-003-2026-0123,SI-881810,OPEN,2026-01-12T17:24:00+00:00
TXN-001812,SO-101811,2026-03-15,2026-03-15T14:25:00+00:00,CUS-009,Northwest Specialty Distribution,Distributor,WA,West,REP-030,MAKO-HIP-KIT,Robotic Procedure Kit,Robotic-assisted hip,2,1495.00,2990.00,0.2500,747.50,2242.50,1250.00,992.50,USD,Direct,AGR-ORTHO-26-331,CPO-009-2026-0124,SI-881811,PAID,2026-03-17T17:25:00+00:00
TXN-001813,SO-101812,2025-12-22,2025-12-22T14:26:00+00:00,CUS-006,Pacific Motion Surgery Partners,ASC,CA,West,REP-022,SOM-PLATE-8H,Trauma Plating,Trauma fixation,1,892.50,892.50,0.1200,107.10,785.40,357.70,427.70,USD,Direct,AGR-ORTHO-26-310,CPO-006-2025-0125,SI-881812,PAID,2025-12-22T17:26:00+00:00
TXN-001814,SO-101813,2026-03-24,2026-03-24T14:27:00+00:00,CUS-012,New England Sports Medicine,Hospital,MA,Northeast,REP-034,SOM-PLATE-8H,Trauma Plating,Trauma fixation,3,875.00,2625.00,0.1300,341.25,2283.75,1095.00,1188.75,USD,Distributor,AGR-ORTHO-26-317,CPO-012-2026-0126,SI-881813,PAID,2026-03-26T17:27:00+00:00
TXN-001815,SO-101814,2026-03-22,2026-03-22T14:28:00+00:00,CUS-009,Northwest Specialty Distribution,Distributor,WA,West,REP-026,TRI-KNEE-PS-05,Triathlon Knee,Total knee arthroplasty,1,4825.00,4825.00,0.2400,1158.00,3667.00,2489.20,1177.80,USD,Direct,AGR-ORTHO-26-331,CPO-009-2026-0127,SI-881814,PAID,2026-03-22T17:28:00+00:00
TXN-001816,SO-101815,2026-04-17,2026-04-17T14:29:00+00:00,CUS-008,Gulf Coast Trauma Hospital,Hospital,FL,Southeast,REP-024,TRI-KNEE-PS-05,Triathlon Knee,Total knee arthroplasty,1,4825.00,4825.00,0.1300,627.25,4197.75,2540.00,1657.75,USD,Direct,AGR-ORTHO-26-324,CPO-008-2026-0128,SI-881815,PAID,2026-04-17T17:29:00+00:00
TXN-001817,SO-101816,2026-04-09,2026-04-09T14:30:00+00:00,CUS-001,Atlantic Ortho Alliance,IDN,PA,Northeast,REP-004,TRI-KNEE-PS-05,Triathlon Knee,Total knee arthroplasty,1,4776.75,4776.75,0.2250,1074.77,3701.98,2590.80,1111.18,USD,Distributor,AGR-ORTHO-26-310,CPO-001-2026-0129,SI-881816,PAID,2026-04-09T17:30:00+00:00
TXN-001818,SO-101817,2026-02-02,2026-02-02T14:31:00+00:00,CUS-006,Pacific Motion Surgery Partners,ASC,CA,West,REP-020,MAKO-KNEE-KIT,Robotic Procedure Kit,Robotic-assisted knee,2,1640.00,3280.00,0.1200,393.60,2886.40,1407.60,1478.80,USD,Direct,AGR-ORTHO-26-310,CPO-006-2026-0130,SI-881817,OPEN,2026-02-03T17:31:00+00:00
TXN-001819,SO-101818,2026-05-19,2026-05-19T14:32:00+00:00,CUS-005,Lone Star Orthopedic Network,IDN,TX,South Central,REP-018,ACC-HIP-LIN-36,Acetabular System,Total hip arthroplasty,1,1168.20,1168.20,0.1800,210.28,957.92,530.00,427.92,USD,Direct,AGR-ORTHO-26-338,CPO-005-2026-0131,SI-881818,PAID,2026-05-20T17:32:00+00:00
TXN-001820,SO-101819,2026-02-10,2026-02-10T14:33:00+00:00,CUS-010,Prairie Orthopedics Cooperative,IDN,IL,Midwest,REP-034,TRI-KNEE-CR-04,Triathlon Knee,Total knee arthroplasty,2,4423.80,8847.60,0.1900,1681.04,7166.56,4620.00,2546.56,USD,Direct,AGR-ORTHO-26-338,CPO-010-2026-0132,SI-881819,OPEN,2026-02-10T17:33:00+00:00
TXN-001821,SO-101820,2026-02-08,2026-02-08T14:34:00+00:00,CUS-001,Atlantic Ortho Alliance,IDN,PA,Northeast,REP-001,REV-FEM-STEM-12,Revision Hip,Revision arthroplasty,2,6484.20,12968.40,0.1950,2528.84,10439.56,6850.20,3589.36,USD,Direct,AGR-ORTHO-26-310,CPO-001-2026-0133,SI-881820,PAID,2026-02-08T17:34:00+00:00
TXN-001822,SO-101821,2026-03-27,2026-03-27T14:35:00+00:00,CUS-003,Great Lakes University Hospital,Academic Medical Center,OH,Midwest,REP-008,TRI-KNEE-CR-04,Triathlon Knee,Total knee arthroplasty,1,4292.40,4292.40,0.1750,751.17,3541.23,2263.80,1277.43,USD,ASC Program,AGR-ORTHO-26-324,CPO-003-2026-0134,SI-881821,PAID,2026-03-27T17:35:00+00:00
TXN-001823,SO-101822,2026-03-15,2026-03-15T14:36:00+00:00,CUS-010,Prairie Orthopedics Cooperative,IDN,IL,Midwest,REP-030,MAKO-KNEE-KIT,Robotic Procedure Kit,Robotic-assisted knee,1,1640.00,1640.00,0.1950,319.80,1320.20,676.20,644.00,USD,Direct,AGR-ORTHO-26-338,CPO-010-2026-0135,SI-881822,PAID,2026-03-16T17:36:00+00:00
TXN-001824,SO-101823,2026-01-18,2026-01-18T14:37:00+00:00,CUS-005,Lone Star Orthopedic Network,IDN,TX,South Central,REP-016,TRI-KNEE-PS-05,Triathlon Knee,Total knee arthroplasty,1,4873.25,4873.25,0.2000,974.65,3898.60,2489.20,1409.40,USD,Direct,AGR-ORTHO-26-338,CPO-005-2026-0136,SI-881823,PAID,2026-01-18T17:37:00+00:00
TXN-001825,SO-101824,2026-02-27,2026-02-27T14:38:00+00:00,CUS-012,New England Sports Medicine,Hospital,MA,Northeast,REP-038,MAKO-KNEE-KIT,Robotic Procedure Kit,Robotic-assisted knee,1,1640.00,1640.00,0.1350,221.40,1418.60,703.80,714.80,USD,Direct,AGR-ORTHO-26-317,CPO-012-2026-0137,SI-881824,OPEN,2026-02-27T17:38:00+00:00
TXN-001826,SO-101825,2026-03-16,2026-03-16T14:39:00+00:00,CUS-005,Lone Star Orthopedic Network,IDN,TX,South Central,REP-018,MAKO-KNEE-KIT,Robotic Procedure Kit,Robotic-assisted knee,1,1623.60,1623.60,0.1900,308.48,1315.12,703.80,611.32,USD,ASC Program,AGR-ORTHO-26-338,CPO-005-2026-0138,SI-881825,PAID,2026-03-18T17:39:00+00:00
TXN-001827,SO-101826,2026-05-29,2026-05-29T14:40:00+00:00,CUS-005,Lone Star Orthopedic Network,IDN,TX,South Central,REP-019,MAKO-KNEE-KIT,Robotic Procedure Kit,Robotic-assisted knee,1,1640.00,1640.00,0.2000,328.00,1312.00,690.00,622.00,USD,Distributor,AGR-ORTHO-26-338,CPO-005-2026-0139,SI-881826,OPEN,2026-05-29T17:40:00+00:00
TXN-001828,SO-101827,2026-03-25,2026-03-25T14:41:00+00:00,CUS-005,Lone Star Orthopedic Network,IDN,TX,South Central,REP-013,MAKO-KNEE-KIT,Robotic Procedure Kit,Robotic-assisted knee,2,1623.60,3247.20,0.1950,633.20,2614.00,1380.00,1234.00,USD,ASC Program,AGR-ORTHO-26-338,CPO-005-2026-0140,SI-881827,OPEN,2026-03-25T17:41:00+00:00
TXN-001829,SO-101828,2026-05-22,2026-05-22T14:42:00+00:00,CUS-005,Lone Star Orthopedic Network,IDN,TX,South Central,REP-014,SPN-CAGE-LORD,Spine Interbody,Lumbar fusion,1,5365.20,5365.20,0.2000,1073.04,4292.16,2735.00,1557.16,USD,Direct,AGR-ORTHO-26-338,CPO-005-2026-0141,SI-881828,OPEN,2026-05-23T17:42:00+00:00
TXN-001830,SO-101829,2026-01-16,2026-01-16T14:43:00+00:00,CUS-004,Blue Ridge Joint Institute,Hospital,NC,Southeast,REP-012,REV-FEM-STEM-12,Revision Hip,Revision arthroplasty,1,6484.20,6484.20,0.1400,907.79,5576.41,3495.00,2081.41,USD,Direct,AGR-ORTHO-26-331,CPO-004-2026-0142,SI-881829,PAID,2026-01-16T17:43:00+00:00
TXN-001831,SO-101830,2026-04-13,2026-04-13T14:44:00+00:00,CUS-007,Front Range Medical Center,Hospital,CO,Mountain,REP-022,TRI-KNEE-PS-05,Triathlon Knee,Total knee arthroplasty,1,4825.00,4825.00,0.1200,579.00,4246.00,2540.00,1706.00,USD,Distributor,AGR-ORTHO-26-317,CPO-007-2026-0143,SI-881830,PAID,2026-04-13T17:44:00+00:00
TXN-001832,SO-101831,2025-12-10,2025-12-10T14:45:00+00:00,CUS-008,Gulf Coast Trauma Hospital,Hospital,FL,Southeast,REP-026,TRI-KNEE-PS-05,Triathlon Knee,Total knee arthroplasty,1,4728.50,4728.50,0.1350,638.35,4090.15,2489.20,1600.95,USD,ASC Program,AGR-ORTHO-26-324,CPO-008-2025-0144,SI-881831,OPEN,2025-12-10T17:45:00+00:00
TXN-001833,SO-101832,2026-03-19,2026-03-19T14:46:00+00:00,CUS-010,Prairie Orthopedics Cooperative,IDN,IL,Midwest,REP-033,SOM-PLATE-8H,Trauma Plating,Trauma fixation,2,866.25,1732.50,0.2000,346.50,1386.00,730.00,656.00,USD,Direct,AGR-ORTHO-26-338,CPO-010-2026-0145,SI-881832,PARTIALLY_PAID,2026-03-21T17:46:00+00:00
TXN-001834,SO-101833,2026-03-21,2026-03-21T14:00:00+00:00,CUS-001,Atlantic Ortho Alliance,IDN,PA,Northeast,REP-007,TRI-KNEE-PS-05,Triathlon Knee,Total knee arthroplasty,2,4873.25,9746.50,0.1950,1900.57,7845.93,5080.00,2765.93,USD,Distributor,AGR-ORTHO-26-310,CPO-001-2026-0146,SI-881833,PAID,2026-03-21T17:00:00+00:00
TXN-001835,SO-101834,2026-05-04,2026-05-04T14:01:00+00:00,CUS-008,Gulf Coast Trauma Hospital,Hospital,FL,Southeast,REP-022,ACC-HIP-LIN-36,Acetabular System,Total hip arthroplasty,5,1156.40,5782.00,0.1300,751.66,5030.34,2650.00,2380.34,USD,Direct,AGR-ORTHO-26-324,CPO-008-2026-0147,SI-881834,PAID,2026-05-04T17:01:00+00:00
TXN-001836,SO-101835,2026-05-30,2026-05-30T14:02:00+00:00,CUS-012,New England Sports Medicine,Hospital,MA,Northeast,REP-035,MAKO-KNEE-KIT,Robotic Procedure Kit,Robotic-assisted knee,8,1623.60,12988.80,0.1350,1753.49,11235.31,5630.40,5604.91,USD,Direct,AGR-ORTHO-26-317,CPO-012-2026-0148,SI-881835,PAID,2026-05-30T17:02:00+00:00
TXN-001837,SO-101836,2026-03-21,2026-03-21T14:03:00+00:00,CUS-007,Front Range Medical Center,Hospital,CO,Mountain,REP-021,TRI-KNEE-CR-04,Triathlon Knee,Total knee arthroplasty,1,4336.20,4336.20,0.1350,585.39,3750.81,2310.00,1440.81,USD,Direct,AGR-ORTHO-26-317,CPO-007-2026-0149,SI-881836,OPEN,2026-03-23T17:03:00+00:00
TXN-001838,SO-101837,2026-01-26,2026-01-26T14:04:00+00:00,CUS-012,New England Sports Medicine,Hospital,MA,Northeast,REP-037,MAKO-HIP-KIT,Robotic Procedure Kit,Robotic-assisted hip,5,1495.00,7475.00,0.1300,971.75,6503.25,3125.00,3378.25,USD,Direct,AGR-ORTHO-26-317,CPO-012-2026-0150,SI-881837,PAID,2026-01-28T17:04:00+00:00
TXN-001839,SO-101838,2026-04-03,2026-04-03T14:05:00+00:00,CUS-005,Lone Star Orthopedic Network,IDN,TX,South Central,REP-017,ACC-HIP-LIN-36,Acetabular System,Total hip arthroplasty,5,1203.60,6018.00,0.1900,1143.42,4874.58,2650.00,2224.58,USD,Direct,AGR-ORTHO-26-338,CPO-005-2026-0151,SI-881838,OPEN,2026-04-05T17:05:00+00:00
TXN-001840,SO-101839,2026-01-30,2026-01-30T14:06:00+00:00,CUS-001,Atlantic Ortho Alliance,IDN,PA,Northeast,REP-006,ACC-HIP-CUP-56,Acetabular System,Total hip arthroplasty,1,2915.50,2915.50,0.1900,553.95,2361.55,1488.00,873.55,USD,Direct,AGR-ORTHO-26-310,CPO-001-2026-0152,SI-881839,PAID,2026-01-30T17:06:00+00:00
TXN-001841,SO-101840,2025-12-24,2025-12-24T14:07:00+00:00,CUS-008,Gulf Coast Trauma Hospital,Hospital,FL,Southeast,REP-028,SOM-SCREW-45,Trauma Plating,Trauma fixation,1,146.00,146.00,0.1300,18.98,127.02,42.84,84.18,USD,ASC Program,AGR-ORTHO-26-324,CPO-008-2025-0153,SI-881840,OPEN,2025-12-26T17:07:00+00:00
TXN-001842,SO-101841,2026-02-25,2026-02-25T14:08:00+00:00,CUS-010,Prairie Orthopedics Cooperative,IDN,IL,Midwest,REP-028,TRI-KNEE-PS-05,Triathlon Knee,Total knee arthroplasty,5,4825.00,24125.00,0.1950,4704.38,19420.62,12954.00,6466.62,USD,Distributor,AGR-ORTHO-26-338,CPO-010-2026-0154,SI-881841,PAID,2026-02-25T17:08:00+00:00
TXN-001843,SO-101842,2026-01-16,2026-01-16T14:09:00+00:00,CUS-005,Lone Star Orthopedic Network,IDN,TX,South Central,REP-014,SOM-PLATE-8H,Trauma Plating,Trauma fixation,4,875.00,3500.00,0.1900,665.00,2835.00,1430.80,1404.20,USD,Direct,AGR-ORTHO-26-338,CPO-005-2026-0155,SI-881842,OPEN,2026-01-16T17:09:00+00:00
TXN-001844,SO-101843,2026-03-07,2026-03-07T14:10:00+00:00,CUS-005,Lone Star Orthopedic Network,IDN,TX,South Central,REP-015,TRI-KNEE-CR-04,Triathlon Knee,Total knee arthroplasty,2,4336.20,8672.40,0.1950,1691.12,6981.28,4527.60,2453.68,USD,Direct,AGR-ORTHO-26-338,CPO-005-2026-0156,SI-881843,PAID,2026-03-09T17:10:00+00:00
TXN-001845,SO-101844,2025-12-06,2025-12-06T14:11:00+00:00,CUS-007,Front Range Medical Center,Hospital,CO,Mountain,REP-022,SOM-SCREW-45,Trauma Plating,Trauma fixation,5,147.46,737.30,0.1300,95.85,641.45,205.80,435.65,USD,Direct,AGR-ORTHO-26-317,CPO-007-2025-0157,SI-881844,PAID,2025-12-06T17:11:00+00:00
TXN-001846,SO-101845,2026-04-25,2026-04-25T14:12:00+00:00,CUS-006,Pacific Motion Surgery Partners,ASC,CA,West,REP-020,SOM-PLATE-8H,Trauma Plating,Trauma fixation,1,866.25,866.25,0.1200,103.95,762.30,357.70,404.60,USD,Direct,AGR-ORTHO-26-310,CPO-006-2026-0158,SI-881845,PAID,2026-04-25T17:12:00+00:00
TXN-001847,SO-101846,2026-03-07,2026-03-07T14:13:00+00:00,CUS-001,Atlantic Ortho Alliance,IDN,PA,Northeast,REP-006,TRI-KNEE-CR-04,Triathlon Knee,Total knee arthroplasty,2,4380.00,8760.00,0.2000,1752.00,7008.00,4620.00,2388.00,USD,Direct,AGR-ORTHO-26-310,CPO-001-2026-0159,SI-881846,PAID,2026-03-07T17:13:00+00:00
TXN-001848,SO-101847,2026-04-11,2026-04-11T14:14:00+00:00,CUS-010,Prairie Orthopedics Cooperative,IDN,IL,Midwest,REP-034,ACC-HIP-CUP-56,Acetabular System,Total hip arthroplasty,3,3034.50,9103.50,0.1800,1638.63,7464.87,4464.00,3000.87,USD,Direct,AGR-ORTHO-26-338,CPO-010-2026-0160,SI-881847,PAID,2026-04-11T17:14:00+00:00
TXN-001849,SO-101848,2025-12-05,2025-12-05T14:15:00+00:00,CUS-010,Prairie Orthopedics Cooperative,IDN,IL,Midwest,REP-028,ACC-HIP-LIN-36,Acetabular System,Total hip arthroplasty,1,1180.00,1180.00,0.1950,230.10,949.90,530.00,419.90,USD,Direct,AGR-ORTHO-26-338,CPO-010-2025-0161,SI-881848,DISPUTED,2025-12-05T17:15:00+00:00
TXN-001850,SO-101849,2026-05-24,2026-05-24T14:16:00+00:00,CUS-001,Atlantic Ortho Alliance,IDN,PA,Northeast,REP-002,ACC-HIP-LIN-36,Acetabular System,Total hip arthroplasty,3,1168.20,3504.60,0.2000,700.92,2803.68,1590.00,1213.68,USD,ASC Program,AGR-ORTHO-26-310,CPO-001-2026-0162,SI-881849,PAID,2026-05-26T17:16:00+00:00
TXN-001851,SO-101850,2026-04-11,2026-04-11T14:17:00+00:00,CUS-008,Gulf Coast Trauma Hospital,Hospital,FL,Southeast,REP-024,TRI-KNEE-CR-04,Triathlon Knee,Total knee arthroplasty,1,4292.40,4292.40,0.1300,558.01,3734.39,2263.80,1470.59,USD,ASC Program,AGR-ORTHO-26-324,CPO-008-2026-0163,SI-881850,OPEN,2026-04-13T17:17:00+00:00
TXN-001852,SO-101851,2026-01-07,2026-01-07T14:18:00+00:00,CUS-010,Prairie Orthopedics Cooperative,IDN,IL,Midwest,REP-031,REV-FEM-STEM-12,Revision Hip,Revision arthroplasty,2,6291.60,12583.20,0.1950,2453.72,10129.48,6990.00,3139.48,USD,Direct,AGR-ORTHO-26-338,CPO-010-2026-0164,SI-881851,OPEN,2026-01-08T17:18:00+00:00
TXN-001853,SO-101852,2026-03-24,2026-03-24T14:19:00+00:00,CUS-004,Blue Ridge Joint Institute,Hospital,NC,Southeast,REP-014,ACC-HIP-CUP-56,Acetabular System,Total hip arthroplasty,8,2975.00,23800.00,0.1300,3094.00,20706.00,11665.92,9040.08,USD,Direct,AGR-ORTHO-26-331,CPO-004-2026-0165,SI-881852,OPEN,2026-03-25T17:19:00+00:00
TXN-001854,SO-101853,2026-04-12,2026-04-12T14:20:00+00:00,CUS-008,Gulf Coast Trauma Hospital,Hospital,FL,Southeast,REP-027,MAKO-KNEE-KIT,Robotic Procedure Kit,Robotic-assisted knee,2,1623.60,3247.20,0.1200,389.66,2857.54,1352.40,1505.14,USD,Direct,AGR-ORTHO-26-324,CPO-008-2026-0166,SI-881853,PAID,2026-04-14T17:20:00+00:00
TXN-001855,SO-101854,2026-06-17,2026-06-17T14:21:00+00:00,CUS-011,Desert Ridge Ambulatory Surgery,ASC,AZ,Mountain,REP-037,SOM-PLATE-8H,Trauma Plating,Trauma fixation,3,857.50,2572.50,0.1100,282.98,2289.52,1116.90,1172.62,USD,Direct,AGR-ORTHO-26-310,CPO-011-2026-0167,SI-881854,PAID,2026-06-19T17:21:00+00:00
TXN-001856,SO-101855,2026-04-06,2026-04-06T14:22:00+00:00,CUS-008,Gulf Coast Trauma Hospital,Hospital,FL,Southeast,REP-022,MAKO-KNEE-KIT,Robotic Procedure Kit,Robotic-assisted knee,4,1672.80,6691.20,0.1200,802.94,5888.26,2815.20,3073.06,USD,ASC Program,AGR-ORTHO-26-324,CPO-008-2026-0168,SI-881855,PAID,2026-04-06T17:22:00+00:00
TXN-001857,SO-101856,2026-01-03,2026-01-03T14:23:00+00:00,CUS-006,Pacific Motion Surgery Partners,ASC,CA,West,REP-017,MAKO-KNEE-KIT,Robotic Procedure Kit,Robotic-assisted knee,1,1656.40,1656.40,0.1150,190.49,1465.91,676.20,789.71,USD,Direct,AGR-ORTHO-26-310,CPO-006-2026-0169,SI-881856,PAID,2026-01-04T17:23:00+00:00
TXN-001858,SO-101857,2026-05-07,2026-05-07T14:24:00+00:00,CUS-010,Prairie Orthopedics Cooperative,IDN,IL,Midwest,REP-030,REV-FEM-STEM-12,Revision Hip,Revision arthroplasty,1,6291.60,6291.60,0.1900,1195.40,5096.20,3495.00,1601.20,USD,Direct,AGR-ORTHO-26-338,CPO-010-2026-0170,SI-881857,OPEN,2026-05-08T17:24:00+00:00
TXN-001859,SO-101858,2026-05-25,2026-05-25T14:25:00+00:00,CUS-012,New England Sports Medicine,Hospital,MA,Northeast,REP-037,SOM-SCREW-45,Trauma Plating,Trauma fixation,1,147.46,147.46,0.1300,19.17,128.29,42.84,85.45,USD,Distributor,AGR-ORTHO-26-317,CPO-012-2026-0171,SI-881858,OPEN,2026-05-25T17:25:00+00:00
TXN-001860,SO-101859,2026-05-01,2026-05-01T14:26:00+00:00,CUS-001,Atlantic Ortho Alliance,IDN,PA,Northeast,REP-005,ACC-HIP-CUP-56,Acetabular System,Total hip arthroplasty,1,2975.00,2975.00,0.2350,699.13,2275.87,1488.00,787.87,USD,Distributor,AGR-ORTHO-26-310,CPO-001-2026-0172,SI-881859,OPEN,2026-05-03T17:26:00+00:00
TXN-001861,SO-101860,2026-01-16,2026-01-16T14:27:00+00:00,CUS-004,Blue Ridge Joint Institute,Hospital,NC,Southeast,REP-015,SOM-PLATE-8H,Trauma Plating,Trauma fixation,2,883.75,1767.50,0.1300,229.78,1537.72,715.40,822.32,USD,ASC Program,AGR-ORTHO-26-331,CPO-004-2026-0173,SI-881860,PAID,2026-01-18T17:27:00+00:00
TXN-001862,SO-101861,2026-05-25,2026-05-25T14:28:00+00:00,CUS-004,Blue Ridge Joint Institute,Hospital,NC,Southeast,REP-016,REV-FEM-STEM-12,Revision Hip,Revision arthroplasty,2,6291.60,12583.20,0.1300,1635.82,10947.38,7129.80,3817.58,USD,ASC Program,AGR-ORTHO-26-331,CPO-004-2026-0174,SI-881861,OPEN,2026-05-27T17:28:00+00:00
TXN-001863,SO-101862,2026-02-24,2026-02-24T14:29:00+00:00,CUS-008,Gulf Coast Trauma Hospital,Hospital,FL,Southeast,REP-022,ACC-HIP-LIN-36,Acetabular System,Total hip arthroplasty,2,1191.80,2383.60,0.1350,321.79,2061.81,1081.20,980.61,USD,Direct,AGR-ORTHO-26-324,CPO-008-2026-0175,SI-881862,OPEN,2026-02-25T17:29:00+00:00
TXN-001864,SO-101863,2026-01-21,2026-01-21T14:30:00+00:00,CUS-001,Atlantic Ortho Alliance,IDN,PA,Northeast,REP-002,ACC-HIP-CUP-56,Acetabular System,Total hip arthroplasty,3,3034.50,9103.50,0.1900,1729.67,7373.83,4374.72,2999.11,USD,Distributor,AGR-ORTHO-26-310,CPO-001-2026-0176,SI-881863,PARTIALLY_PAID,2026-01-21T17:30:00+00:00
TXN-001865,SO-101864,2026-03-16,2026-03-16T14:31:00+00:00,CUS-005,Lone Star Orthopedic Network,IDN,TX,South Central,REP-015,MAKO-HIP-KIT,Robotic Procedure Kit,Robotic-assisted hip,3,1524.90,4574.70,0.2000,914.94,3659.76,1875.00,1784.76,USD,Direct,AGR-ORTHO-26-338,CPO-005-2026-0177,SI-881864,PAID,2026-03-16T17:31:00+00:00
TXN-001866,SO-101865,2026-05-12,2026-05-12T14:32:00+00:00,CUS-010,Prairie Orthopedics Cooperative,IDN,IL,Midwest,REP-031,MAKO-KNEE-KIT,Robotic Procedure Kit,Robotic-assisted knee,8,1640.00,13120.00,0.1900,2492.80,10627.20,5520.00,5107.20,USD,ASC Program,AGR-ORTHO-26-338,CPO-010-2026-0178,SI-881865,OPEN,2026-05-13T17:32:00+00:00
TXN-001867,SO-101866,2026-04-14,2026-04-14T14:33:00+00:00,CUS-006,Pacific Motion Surgery Partners,ASC,CA,West,REP-020,ACC-HIP-LIN-36,Acetabular System,Total hip arthroplasty,1,1180.00,1180.00,0.1100,129.80,1050.20,530.00,520.20,USD,Direct,AGR-ORTHO-26-310,CPO-006-2026-0179,SI-881866,PAID,2026-04-16T17:33:00+00:00
TXN-001868,SO-101867,2026-01-03,2026-01-03T14:34:00+00:00,CUS-008,Gulf Coast Trauma Hospital,Hospital,FL,Southeast,REP-027,MAKO-HIP-KIT,Robotic Procedure Kit,Robotic-assisted hip,2,1465.10,2930.20,0.1300,380.93,2549.27,1275.00,1274.27,USD,Direct,AGR-ORTHO-26-324,CPO-008-2026-0180,SI-881867,OPEN,2026-01-04T17:34:00+00:00
TXN-001869,SO-101868,2026-03-23,2026-03-23T14:35:00+00:00,CUS-002,Hudson Valley Surgical Center,ASC,NY,Northeast,REP-010,MAKO-HIP-KIT,Robotic Procedure Kit,Robotic-assisted hip,1,1509.95,1509.95,0.1000,151.00,1358.95,625.00,733.95,USD,Direct,AGR-ORTHO-26-317,CPO-002-2026-0181,SI-881868,OPEN,2026-03-23T17:35:00+00:00
TXN-001870,SO-101869,2026-02-25,2026-02-25T14:36:00+00:00,CUS-001,Atlantic Ortho Alliance,IDN,PA,Northeast,REP-001,MAKO-KNEE-KIT,Robotic Procedure Kit,Robotic-assisted knee,1,1640.00,1640.00,0.1800,295.20,1344.80,703.80,641.00,USD,Direct,AGR-ORTHO-26-310,CPO-001-2026-0182,SI-881869,OPEN,2026-02-27T17:36:00+00:00
TXN-001871,SO-101870,2026-03-26,2026-03-26T14:37:00+00:00,CUS-002,Hudson Valley Surgical Center,ASC,NY,Northeast,REP-005,TRI-KNEE-PS-05,Triathlon Knee,Total knee arthroplasty,2,4873.25,9746.50,0.1200,1169.58,8576.92,5080.00,3496.92,USD,ASC Program,AGR-ORTHO-26-317,CPO-002-2026-0183,SI-881870,OPEN,2026-03-28T17:37:00+00:00
TXN-001872,SO-101871,2026-03-31,2026-03-31T14:38:00+00:00,CUS-008,Gulf Coast Trauma Hospital,Hospital,FL,Southeast,REP-024,TRI-KNEE-CR-04,Triathlon Knee,Total knee arthroplasty,1,4336.20,4336.20,0.1200,520.34,3815.86,2356.20,1459.66,USD,Direct,AGR-ORTHO-26-324,CPO-008-2026-0184,SI-881871,PAID,2026-03-31T17:38:00+00:00
TXN-001873,SO-101872,2026-03-01,2026-03-01T14:39:00+00:00,CUS-002,Hudson Valley Surgical Center,ASC,NY,Northeast,REP-007,ACC-HIP-LIN-36,Acetabular System,Total hip arthroplasty,1,1168.20,1168.20,0.1150,134.34,1033.86,519.40,514.46,USD,Direct,AGR-ORTHO-26-317,CPO-002-2026-0185,SI-881872,PAID,2026-03-01T17:39:00+00:00
TXN-001874,SO-101873,2026-05-14,2026-05-14T14:40:00+00:00,CUS-003,Great Lakes University Hospital,Academic Medical Center,OH,Midwest,REP-011,TRI-KNEE-PS-05,Triathlon Knee,Total knee arthroplasty,3,4825.00,14475.00,0.1700,2460.75,12014.25,7620.00,4394.25,USD,Direct,AGR-ORTHO-26-324,CPO-003-2026-0186,SI-881873,OPEN,2026-05-15T17:40:00+00:00
TXN-001875,SO-101874,2025-11-18,2025-11-18T14:41:00+00:00,CUS-001,Atlantic Ortho Alliance,IDN,PA,Northeast,REP-006,MAKO-HIP-KIT,Robotic Procedure Kit,Robotic-assisted hip,1,1480.05,1480.05,0.1800,266.41,1213.64,625.00,588.64,USD,Distributor,AGR-ORTHO-26-310,CPO-001-2025-0187,SI-881874,PAID,2025-11-20T17:41:00+00:00
TXN-001876,SO-101875,2026-05-16,2026-05-16T14:42:00+00:00,CUS-006,Pacific Motion Surgery Partners,ASC,CA,West,REP-022,MAKO-KNEE-KIT,Robotic Procedure Kit,Robotic-assisted knee,4,1607.20,6428.80,0.1200,771.46,5657.34,2704.80,2952.54,USD,ASC Program,AGR-ORTHO-26-310,CPO-006-2026-0188,SI-881875,PARTIALLY_PAID,2026-05-18T17:42:00+00:00
TXN-001877,SO-101876,2026-04-29,2026-04-29T14:43:00+00:00,CUS-001,Atlantic Ortho Alliance,IDN,PA,Northeast,REP-001,MAKO-KNEE-KIT,Robotic Procedure Kit,Robotic-assisted knee,1,1672.80,1672.80,0.2250,376.38,1296.42,690.00,606.42,USD,Direct,AGR-ORTHO-26-310,CPO-001-2026-0189,SI-881876,OPEN,2026-05-01T17:43:00+00:00
TXN-001878,SO-101877,2025-11-14,2025-11-14T14:44:00+00:00,CUS-004,Blue Ridge Joint Institute,Hospital,NC,Southeast,REP-011,TRI-KNEE-CR-04,Triathlon Knee,Total knee arthroplasty,1,4423.80,4423.80,0.1350,597.21,3826.59,2263.80,1562.79,USD,Direct,AGR-ORTHO-26-331,CPO-004-2025-0190,SI-881877,PAID,2025-11-16T17:44:00+00:00
TXN-001879,SO-101878,2026-01-01,2026-01-01T14:45:00+00:00,CUS-010,Prairie Orthopedics Cooperative,IDN,IL,Midwest,REP-030,MAKO-HIP-KIT,Robotic Procedure Kit,Robotic-assisted hip,4,1495.00,5980.00,0.1900,1136.20,4843.80,2550.00,2293.80,USD,Direct,AGR-ORTHO-26-338,CPO-010-2026-0191,SI-881878,OPEN,2026-01-03T17:45:00+00:00
TXN-001880,SO-101879,2026-04-06,2026-04-06T14:46:00+00:00,CUS-006,Pacific Motion Surgery Partners,ASC,CA,West,REP-019,SOM-SCREW-45,Trauma Plating,Trauma fixation,2,144.54,289.08,0.1200,34.69,254.39,82.32,172.07,USD,Direct,AGR-ORTHO-26-310,CPO-006-2026-0192,SI-881879,OPEN,2026-04-08T17:46:00+00:00
TXN-001881,SO-101880,2026-04-24,2026-04-24T14:00:00+00:00,CUS-006,Pacific Motion Surgery Partners,ASC,CA,West,REP-020,REV-FEM-STEM-12,Revision Hip,Revision arthroplasty,1,6548.40,6548.40,0.1100,720.32,5828.08,3425.10,2402.98,USD,Direct,AGR-ORTHO-26-310,CPO-006-2026-0193,SI-881880,PAID,2026-04-25T17:00:00+00:00
TXN-001882,SO-101881,2025-11-06,2025-11-06T14:01:00+00:00,CUS-006,Pacific Motion Surgery Partners,ASC,CA,West,REP-021,MAKO-HIP-KIT,Robotic Procedure Kit,Robotic-assisted hip,2,1480.05,2960.10,0.1100,325.61,2634.49,1250.00,1384.49,USD,Direct,AGR-ORTHO-26-310,CPO-006-2025-0194,SI-881881,PAID,2025-11-08T17:01:00+00:00
TXN-001883,SO-101882,2026-05-17,2026-05-17T14:02:00+00:00,CUS-006,Pacific Motion Surgery Partners,ASC,CA,West,REP-022,MAKO-KNEE-KIT,Robotic Procedure Kit,Robotic-assisted knee,5,1623.60,8118.00,0.1150,933.57,7184.43,3450.00,3734.43,USD,Direct,AGR-ORTHO-26-310,CPO-006-2026-0195,SI-881882,PAID,2026-05-17T17:02:00+00:00
TXN-001884,SO-101883,2025-11-10,2025-11-10T14:03:00+00:00,CUS-001,Atlantic Ortho Alliance,IDN,PA,Northeast,REP-001,ACC-HIP-CUP-56,Acetabular System,Total hip arthroplasty,4,2915.50,11662.00,0.1950,2274.09,9387.91,5832.96,3554.95,USD,Direct,AGR-ORTHO-26-310,CPO-001-2025-0196,SI-881883,OPEN,2025-11-10T17:03:00+00:00
TXN-001885,SO-101884,2025-12-03,2025-12-03T14:04:00+00:00,CUS-003,Great Lakes University Hospital,Academic Medical Center,OH,Midwest,REP-008,MAKO-KNEE-KIT,Robotic Procedure Kit,Robotic-assisted knee,2,1640.00,3280.00,0.1600,524.80,2755.20,1352.40,1402.80,USD,Distributor,AGR-ORTHO-26-324,CPO-003-2025-0197,SI-881884,PAID,2025-12-03T17:04:00+00:00
TXN-001886,SO-101885,2025-12-15,2025-12-15T14:05:00+00:00,CUS-008,Gulf Coast Trauma Hospital,Hospital,FL,Southeast,REP-024,ACC-HIP-CUP-56,Acetabular System,Total hip arthroplasty,2,2915.50,5831.00,0.1350,787.19,5043.81,3035.52,2008.29,USD,Direct,AGR-ORTHO-26-324,CPO-008-2025-0198,SI-881885,PAID,2025-12-15T17:05:00+00:00
TXN-001887,SO-101886,2025-11-19,2025-11-19T14:06:00+00:00,CUS-004,Blue Ridge Joint Institute,Hospital,NC,Southeast,REP-013,ACC-HIP-LIN-36,Acetabular System,Total hip arthroplasty,2,1191.80,2383.60,0.1400,333.70,2049.90,1038.80,1011.10,USD,Direct,AGR-ORTHO-26-331,CPO-004-2025-0199,SI-881886,PAID,2025-11-19T17:06:00+00:00
TXN-001888,SO-101887,2025-12-23,2025-12-23T14:07:00+00:00,CUS-010,Prairie Orthopedics Cooperative,IDN,IL,Midwest,REP-032,MAKO-HIP-KIT,Robotic Procedure Kit,Robotic-assisted hip,1,1495.00,1495.00,0.1950,291.53,1203.47,637.50,565.97,USD,Direct,AGR-ORTHO-26-338,CPO-010-2025-0200,SI-881887,PAID,2025-12-23T17:07:00+00:00
TXN-001889,SO-101888,2026-04-10,2026-04-10T14:08:00+00:00,CUS-012,New England Sports Medicine,Hospital,MA,Northeast,REP-039,TRI-KNEE-CR-04,Triathlon Knee,Total knee arthroplasty,3,4423.80,13271.40,0.1550,2057.07,11214.33,6791.40,4422.93,USD,Direct,AGR-ORTHO-26-317,CPO-012-2026-0201,SI-881888,PAID,2026-04-11T17:08:00+00:00
TXN-001890,SO-101889,2026-02-26,2026-02-26T14:09:00+00:00,CUS-011,Desert Ridge Ambulatory Surgery,ASC,AZ,Mountain,REP-037,SPN-CAGE-LORD,Spine Interbody,Lumbar fusion,1,5260.00,5260.00,0.1100,578.60,4681.40,2680.30,2001.10,USD,ASC Program,AGR-ORTHO-26-310,CPO-011-2026-0202,SI-881889,OPEN,2026-02-27T17:09:00+00:00
TXN-001891,SO-101890,2025-12-09,2025-12-09T14:10:00+00:00,CUS-005,Lone Star Orthopedic Network,IDN,TX,South Central,REP-013,REV-FEM-STEM-12,Revision Hip,Revision arthroplasty,1,6548.40,6548.40,0.1800,1178.71,5369.69,3564.90,1804.79,USD,Distributor,AGR-ORTHO-26-338,CPO-005-2025-0203,SI-881890,PAID,2025-12-09T17:10:00+00:00
TXN-001892,SO-101891,2026-05-04,2026-05-04T14:11:00+00:00,CUS-003,Great Lakes University Hospital,Academic Medical Center,OH,Midwest,REP-008,TRI-KNEE-PS-05,Triathlon Knee,Total knee arthroplasty,4,4873.25,19493.00,0.1800,3508.74,15984.26,10363.20,5621.06,USD,Distributor,AGR-ORTHO-26-324,CPO-003-2026-0204,SI-881891,PAID,2026-05-05T17:11:00+00:00
TXN-001893,SO-101892,2026-02-13,2026-02-13T14:12:00+00:00,CUS-011,Desert Ridge Ambulatory Surgery,ASC,AZ,Mountain,REP-033,TRI-KNEE-PS-05,Triathlon Knee,Total knee arthroplasty,1,4825.00,4825.00,0.1100,530.75,4294.25,2540.00,1754.25,USD,ASC Program,AGR-ORTHO-26-310,CPO-011-2026-0205,SI-881892,OPEN,2026-02-15T17:12:00+00:00
TXN-001894,SO-101893,2026-03-17,2026-03-17T14:13:00+00:00,CUS-002,Hudson Valley Surgical Center,ASC,NY,Northeast,REP-007,TRI-KNEE-CR-04,Triathlon Knee,Total knee arthroplasty,5,4380.00,21900.00,0.1000,2190.00,19710.00,11550.00,8160.00,USD,Direct,AGR-ORTHO-26-317,CPO-002-2026-0206,SI-881893,PAID,2026-03-17T17:13:00+00:00
TXN-001895,SO-101894,2025-11-27,2025-11-27T14:14:00+00:00,CUS-011,Desert Ridge Ambulatory Surgery,ASC,AZ,Mountain,REP-035,SOM-SCREW-45,Trauma Plating,Trauma fixation,1,148.92,148.92,0.1100,16.38,132.54,42.84,89.70,USD,Direct,AGR-ORTHO-26-310,CPO-011-2025-0207,SI-881894,PAID,2025-11-27T17:14:00+00:00
TXN-001896,SO-101895,2026-03-27,2026-03-27T14:15:00+00:00,CUS-008,Gulf Coast Trauma Hospital,Hospital,FL,Southeast,REP-027,SOM-PLATE-8H,Trauma Plating,Trauma fixation,1,883.75,883.75,0.1350,119.31,764.44,372.30,392.14,USD,Direct,AGR-ORTHO-26-324,CPO-008-2026-0208,SI-881895,OPEN,2026-03-27T17:15:00+00:00
TXN-001897,SO-101896,2026-05-12,2026-05-12T14:16:00+00:00,CUS-002,Hudson Valley Surgical Center,ASC,NY,Northeast,REP-010,ACC-HIP-CUP-56,Acetabular System,Total hip arthroplasty,2,3034.50,6069.00,0.1450,880.01,5188.99,2976.00,2212.99,USD,Direct,AGR-ORTHO-26-317,CPO-002-2026-0209,SI-881896,PAID,2026-05-12T17:16:00+00:00
TXN-001898,SO-101897,2026-02-19,2026-02-19T14:17:00+00:00,CUS-008,Gulf Coast Trauma Hospital,Hospital,FL,Southeast,REP-022,MAKO-KNEE-KIT,Robotic Procedure Kit,Robotic-assisted knee,1,1672.80,1672.80,0.1300,217.46,1455.34,703.80,751.54,USD,Distributor,AGR-ORTHO-26-324,CPO-008-2026-0210,SI-881897,PAID,2026-02-21T17:17:00+00:00
TXN-001899,SO-101898,2026-02-10,2026-02-10T14:18:00+00:00,CUS-008,Gulf Coast Trauma Hospital,Hospital,FL,Southeast,REP-023,REV-FEM-STEM-12,Revision Hip,Revision arthroplasty,4,6484.20,25936.80,0.1200,3112.42,22824.38,13700.40,9123.98,USD,Direct,AGR-ORTHO-26-324,CPO-008-2026-0211,SI-881898,OPEN,2026-02-12T17:18:00+00:00
TXN-001900,SO-101899,2026-03-08,2026-03-08T14:19:00+00:00,CUS-006,Pacific Motion Surgery Partners,ASC,CA,West,REP-018,TRI-KNEE-CR-04,Triathlon Knee,Total knee arthroplasty,3,4380.00,13140.00,0.1150,1511.10,11628.90,6930.00,4698.90,USD,Direct,AGR-ORTHO-26-310,CPO-006-2026-0001,SI-881899,PAID,2026-03-08T17:19:00+00:00
TXN-001901,SO-101900,2025-12-14,2025-12-14T14:20:00+00:00,CUS-006,Pacific Motion Surgery Partners,ASC,CA,West,REP-019,ACC-HIP-LIN-36,Acetabular System,Total hip arthroplasty,2,1203.60,2407.20,0.1150,276.83,2130.37,1038.80,1091.57,USD,ASC Program,AGR-ORTHO-26-310,CPO-006-2025-0002,SI-881900,PAID,2025-12-14T17:20:00+00:00
TXN-001902,SO-101901,2026-02-23,2026-02-23T14:21:00+00:00,CUS-003,Great Lakes University Hospital,Academic Medical Center,OH,Midwest,REP-011,SPN-CAGE-LORD,Spine Interbody,Lumbar fusion,2,5154.80,10309.60,0.1700,1752.63,8556.97,5470.00,3086.97,USD,Direct,AGR-ORTHO-26-324,CPO-003-2026-0003,SI-881901,OPEN,2026-02-23T17:21:00+00:00
TXN-001903,SO-101902,2025-12-26,2025-12-26T14:22:00+00:00,CUS-002,Hudson Valley Surgical Center,ASC,NY,Northeast,REP-009,TRI-KNEE-PS-05,Triathlon Knee,Total knee arthroplasty,5,4776.75,23883.75,0.1150,2746.63,21137.12,12700.00,8437.12,USD,Direct,AGR-ORTHO-26-317,CPO-002-2025-0004,SI-881902,PAID,2025-12-26T17:22:00+00:00
TXN-001904,SO-101903,2026-05-09,2026-05-09T14:23:00+00:00,CUS-006,Pacific Motion Surgery Partners,ASC,CA,West,REP-022,MAKO-KNEE-KIT,Robotic Procedure Kit,Robotic-assisted knee,4,1640.00,6560.00,0.1100,721.60,5838.40,2704.80,3133.60,USD,Distributor,AGR-ORTHO-26-310,CPO-006-2026-0005,SI-881903,PAID,2026-05-11T17:23:00+00:00
TXN-001905,SO-101904,2026-06-01,2026-06-01T14:24:00+00:00,CUS-003,Great Lakes University Hospital,Academic Medical Center,OH,Midwest,REP-007,MAKO-KNEE-KIT,Robotic Procedure Kit,Robotic-assisted knee,2,1607.20,3214.40,0.1700,546.45,2667.95,1352.40,1315.55,USD,Direct,AGR-ORTHO-26-324,CPO-003-2026-0006,SI-881904,PAID,2026-06-03T17:24:00+00:00
TXN-001906,SO-101905,2026-01-22,2026-01-22T14:25:00+00:00,CUS-001,Atlantic Ortho Alliance,IDN,PA,Northeast,REP-002,TRI-KNEE-PS-05,Triathlon Knee,Total knee arthroplasty,1,4728.50,4728.50,0.2000,945.70,3782.80,2540.00,1242.80,USD,Direct,AGR-ORTHO-26-310,CPO-001-2026-0007,SI-881905,PARTIALLY_PAID,2026-01-23T17:25:00+00:00
TXN-001907,SO-101906,2026-05-20,2026-05-20T14:26:00+00:00,CUS-012,New England Sports Medicine,Hospital,MA,Northeast,REP-036,REV-FEM-STEM-12,Revision Hip,Revision arthroplasty,1,6548.40,6548.40,0.1750,1145.97,5402.43,3495.00,1907.43,USD,Direct,AGR-ORTHO-26-317,CPO-012-2026-0008,SI-881906,PAID,2026-05-22T17:26:00+00:00
TXN-001908,SO-101907,2026-04-02,2026-04-02T14:27:00+00:00,CUS-004,Blue Ridge Joint Institute,Hospital,NC,Southeast,REP-013,MAKO-KNEE-KIT,Robotic Procedure Kit,Robotic-assisted knee,2,1607.20,3214.40,0.1300,417.87,2796.53,1380.00,1416.53,USD,Distributor,AGR-ORTHO-26-331,CPO-004-2026-0009,SI-881907,PAID,2026-04-04T17:27:00+00:00
TXN-001909,SO-101908,2026-04-09,2026-04-09T14:28:00+00:00,CUS-005,Lone Star Orthopedic Network,IDN,TX,South Central,REP-017,TRI-KNEE-PS-05,Triathlon Knee,Total knee arthroplasty,3,4825.00,14475.00,0.1950,2822.63,11652.37,7620.00,4032.37,USD,Direct,AGR-ORTHO-26-338,CPO-005-2026-0010,SI-881908,PAID,2026-04-09T17:28:00+00:00
TXN-001910,SO-101909,2025-12-18,2025-12-18T14:29:00+00:00,CUS-005,Lone Star Orthopedic Network,IDN,TX,South Central,REP-018,MAKO-KNEE-KIT,Robotic Procedure Kit,Robotic-assisted knee,2,1623.60,3247.20,0.1900,616.97,2630.23,1380.00,1250.23,USD,Direct,AGR-ORTHO-26-338,CPO-005-2025-0011,SI-881909,PAID,2025-12-19T17:29:00+00:00
TXN-001911,SO-101910,2026-04-19,2026-04-19T14:30:00+00:00,CUS-005,Lone Star Orthopedic Network,IDN,TX,South Central,REP-019,SOM-PLATE-8H,Trauma Plating,Trauma fixation,1,857.50,857.50,0.1800,154.35,703.15,357.70,345.45,USD,Direct,AGR-ORTHO-26-338,CPO-005-2026-0012,SI-881910,OPEN,2026-04-21T17:30:00+00:00
TXN-001912,SO-101911,2026-03-01,2026-03-01T14:31:00+00:00,CUS-010,Prairie Orthopedics Cooperative,IDN,IL,Midwest,REP-028,TRI-KNEE-PS-05,Triathlon Knee,Total knee arthroplasty,3,4921.50,14764.50,0.1800,2657.61,12106.89,7620.00,4486.89,USD,Direct,AGR-ORTHO-26-338,CPO-010-2026-0013,SI-881911,OPEN,2026-03-02T17:31:00+00:00
TXN-001913,SO-101912,2026-02-02,2026-02-02T14:32:00+00:00,CUS-004,Blue Ridge Joint Institute,Hospital,NC,Southeast,REP-011,SOM-PLATE-8H,Trauma Plating,Trauma fixation,1,866.25,866.25,0.1350,116.94,749.31,365.00,384.31,USD,Direct,AGR-ORTHO-26-331,CPO-004-2026-0014,SI-881912,PAID,2026-02-04T17:32:00+00:00
TXN-001914,SO-101913,2026-03-28,2026-03-28T14:33:00+00:00,CUS-001,Atlantic Ortho Alliance,IDN,PA,Northeast,REP-003,SOM-PLATE-8H,Trauma Plating,Trauma fixation,2,883.75,1767.50,0.1800,318.15,1449.35,730.00,719.35,USD,Direct,AGR-ORTHO-26-310,CPO-001-2026-0015,SI-881913,PAID,2026-03-28T17:33:00+00:00
TXN-001915,SO-101914,2026-02-25,2026-02-25T14:34:00+00:00,CUS-005,Lone Star Orthopedic Network,IDN,TX,South Central,REP-016,TRI-KNEE-PS-05,Triathlon Knee,Total knee arthroplasty,3,4728.50,14185.50,0.2000,2837.10,11348.40,7467.60,3880.80,USD,Direct,AGR-ORTHO-26-338,CPO-005-2026-0016,SI-881914,PAID,2026-02-25T17:34:00+00:00
TXN-001916,SO-101915,2026-06-11,2026-06-11T14:35:00+00:00,CUS-012,New England Sports Medicine,Hospital,MA,Northeast,REP-038,SPN-CAGE-LORD,Spine Interbody,Lumbar fusion,2,5260.00,10520.00,0.1300,1367.60,9152.40,5360.60,3791.80,USD,Direct,AGR-ORTHO-26-317,CPO-012-2026-0017,SI-881915,PAID,2026-06-11T17:35:00+00:00
TXN-001917,SO-101916,2026-04-06,2026-04-06T14:36:00+00:00,CUS-010,Prairie Orthopedics Cooperative,IDN,IL,Midwest,REP-033,TRI-KNEE-PS-05,Triathlon Knee,Total knee arthroplasty,1,4873.25,4873.25,0.1900,925.92,3947.33,2540.00,1407.33,USD,Direct,AGR-ORTHO-26-338,CPO-010-2026-0018,SI-881916,PAID,2026-04-06T17:36:00+00:00
TXN-001918,SO-101917,2025-12-26,2025-12-26T14:37:00+00:00,CUS-009,Northwest Specialty Distribution,Distributor,WA,West,REP-031,MAKO-HIP-KIT,Robotic Procedure Kit,Robotic-assisted hip,2,1465.10,2930.20,0.2500,732.55,2197.65,1225.00,972.65,USD,ASC Program,AGR-ORTHO-26-331,CPO-009-2025-0019,SI-881917,PAID,2025-12-26T17:37:00+00:00
TXN-001919,SO-101918,2026-04-03,2026-04-03T14:38:00+00:00,CUS-003,Great Lakes University Hospital,Academic Medical Center,OH,Midwest,REP-007,ACC-HIP-LIN-36,Acetabular System,Total hip arthroplasty,3,1180.00,3540.00,0.1600,566.40,2973.60,1621.80,1351.80,USD,Distributor,AGR-ORTHO-26-324,CPO-003-2026-0020,SI-881918,PAID,2026-04-05T17:38:00+00:00
TXN-001920,SO-101919,2026-02-16,2026-02-16T14:39:00+00:00,CUS-006,Pacific Motion Surgery Partners,ASC,CA,West,REP-017,MAKO-HIP-KIT,Robotic Procedure Kit,Robotic-assisted hip,2,1480.05,2960.10,0.1000,296.01,2664.09,1275.00,1389.09,USD,Direct,AGR-ORTHO-26-310,CPO-006-2026-0021,SI-881919,OPEN,2026-02-17T17:39:00+00:00
TXN-001921,SO-101920,2026-02-06,2026-02-06T14:40:00+00:00,CUS-001,Atlantic Ortho Alliance,IDN,PA,Northeast,REP-003,MAKO-HIP-KIT,Robotic Procedure Kit,Robotic-assisted hip,2,1509.95,3019.90,0.1950,588.88,2431.02,1275.00,1156.02,USD,Distributor,AGR-ORTHO-26-310,CPO-001-2026-0022,SI-881920,PAID,2026-02-06T17:40:00+00:00
TXN-001922,SO-101921,2025-12-14,2025-12-14T14:41:00+00:00,CUS-009,Northwest Specialty Distribution,Distributor,WA,West,REP-028,SOM-SCREW-45,Trauma Plating,Trauma fixation,8,146.00,1168.00,0.2500,292.00,876.00,329.28,546.72,USD,Direct,AGR-ORTHO-26-331,CPO-009-2025-0023,SI-881921,OPEN,2025-12-15T17:41:00+00:00
TXN-001923,SO-101922,2025-11-03,2025-11-03T14:42:00+00:00,CUS-002,Hudson Valley Surgical Center,ASC,NY,Northeast,REP-008,TRI-KNEE-PS-05,Triathlon Knee,Total knee arthroplasty,3,4873.25,14619.75,0.1100,1608.17,13011.58,7772.40,5239.18,USD,Direct,AGR-ORTHO-26-317,CPO-002-2025-0024,SI-881922,PAID,2025-11-03T17:42:00+00:00
TXN-001924,SO-101923,2026-03-30,2026-03-30T14:43:00+00:00,CUS-002,Hudson Valley Surgical Center,ASC,NY,Northeast,REP-009,MAKO-KNEE-KIT,Robotic Procedure Kit,Robotic-assisted knee,2,1623.60,3247.20,0.1100,357.19,2890.01,1352.40,1537.61,USD,Distributor,AGR-ORTHO-26-317,CPO-002-2026-0025,SI-881923,PAID,2026-03-31T17:43:00+00:00
TXN-001925,SO-101924,2026-01-22,2026-01-22T14:44:00+00:00,CUS-008,Gulf Coast Trauma Hospital,Hospital,FL,Southeast,REP-028,SPN-CAGE-LORD,Spine Interbody,Lumbar fusion,2,5260.00,10520.00,0.1200,1262.40,9257.60,5579.40,3678.20,USD,Direct,AGR-ORTHO-26-324,CPO-008-2026-0026,SI-881924,PARTIALLY_PAID,2026-01-22T17:44:00+00:00
TXN-001926,SO-101925,2026-03-06,2026-03-06T14:45:00+00:00,CUS-009,Northwest Specialty Distribution,Distributor,WA,West,REP-025,TRI-KNEE-PS-05,Triathlon Knee,Total knee arthroplasty,1,4825.00,4825.00,0.2400,1158.00,3667.00,2489.20,1177.80,USD,Direct,AGR-ORTHO-26-331,CPO-009-2026-0027,SI-881925,PAID,2026-03-06T17:45:00+00:00
TXN-001927,SO-101926,2026-04-03,2026-04-03T14:46:00+00:00,CUS-009,Northwest Specialty Distribution,Distributor,WA,West,REP-026,TRI-KNEE-CR-04,Triathlon Knee,Total knee arthroplasty,5,4467.60,22338.00,0.2300,5137.74,17200.26,11319.00,5881.26,USD,Direct,AGR-ORTHO-26-331,CPO-009-2026-0028,SI-881926,PAID,2026-04-05T17:46:00+00:00
TXN-001928,SO-101927,2026-03-27,2026-03-27T14:00:00+00:00,CUS-003,Great Lakes University Hospital,Academic Medical Center,OH,Midwest,REP-009,ACC-HIP-CUP-56,Acetabular System,Total hip arthroplasty,1,2915.50,2915.50,0.1700,495.64,2419.86,1488.00,931.86,USD,Direct,AGR-ORTHO-26-324,CPO-003-2026-0029,SI-881927,PAID,2026-03-27T17:00:00+00:00
TXN-001929,SO-101928,2025-12-08,2025-12-08T14:01:00+00:00,CUS-012,New England Sports Medicine,Hospital,MA,Northeast,REP-037,ACC-HIP-CUP-56,Acetabular System,Total hip arthroplasty,2,3004.75,6009.50,0.1300,781.24,5228.26,3035.52,2192.74,USD,Direct,AGR-ORTHO-26-317,CPO-012-2025-0030,SI-881928,OPEN,2025-12-08T17:01:00+00:00
TXN-001930,SO-101929,2026-05-01,2026-05-01T14:02:00+00:00,CUS-005,Lone Star Orthopedic Network,IDN,TX,South Central,REP-017,MAKO-HIP-KIT,Robotic Procedure Kit,Robotic-assisted hip,1,1495.00,1495.00,0.2000,299.00,1196.00,625.00,571.00,USD,Direct,AGR-ORTHO-26-338,CPO-005-2026-0031,SI-881929,PAID,2026-05-01T17:02:00+00:00
TXN-001931,SO-101930,2026-05-22,2026-05-22T14:03:00+00:00,CUS-007,Front Range Medical Center,Hospital,CO,Mountain,REP-024,SOM-PLATE-8H,Trauma Plating,Trauma fixation,1,857.50,857.50,0.1350,115.76,741.74,357.70,384.04,USD,ASC Program,AGR-ORTHO-26-317,CPO-007-2026-0032,SI-881930,PAID,2026-05-22T17:03:00+00:00
TXN-001932,SO-101931,2026-04-19,2026-04-19T14:04:00+00:00,CUS-006,Pacific Motion Surgery Partners,ASC,CA,West,REP-022,ACC-HIP-LIN-36,Acetabular System,Total hip arthroplasty,3,1156.40,3469.20,0.1100,381.61,3087.59,1590.00,1497.59,USD,Direct,AGR-ORTHO-26-310,CPO-006-2026-0033,SI-881931,PAID,2026-04-19T17:04:00+00:00
TXN-001933,SO-101932,2026-03-16,2026-03-16T14:05:00+00:00,CUS-006,Pacific Motion Surgery Partners,ASC,CA,West,REP-016,TRI-KNEE-PS-05,Triathlon Knee,Total knee arthroplasty,1,4776.75,4776.75,0.1200,573.21,4203.54,2540.00,1663.54,USD,Distributor,AGR-ORTHO-26-310,CPO-006-2026-0034,SI-881932,PAID,2026-03-16T17:05:00+00:00
TXN-001934,SO-101933,2026-03-16,2026-03-16T14:06:00+00:00,CUS-007,Front Range Medical Center,Hospital,CO,Mountain,REP-020,MAKO-HIP-KIT,Robotic Procedure Kit,Robotic-assisted hip,1,1524.90,1524.90,0.1300,198.24,1326.66,625.00,701.66,USD,Direct,AGR-ORTHO-26-317,CPO-007-2026-0035,SI-881933,DISPUTED,2026-03-16T17:06:00+00:00
TXN-001935,SO-101934,2026-01-19,2026-01-19T14:07:00+00:00,CUS-003,Great Lakes University Hospital,Academic Medical Center,OH,Midwest,REP-009,TRI-KNEE-CR-04,Triathlon Knee,Total knee arthroplasty,1,4292.40,4292.40,0.1600,686.78,3605.62,2310.00,1295.62,USD,Direct,AGR-ORTHO-26-324,CPO-003-2026-0036,SI-881934,OPEN,2026-01-21T17:07:00+00:00
TXN-001936,SO-101935,2026-03-23,2026-03-23T14:08:00+00:00,CUS-004,Blue Ridge Joint Institute,Hospital,NC,Southeast,REP-013,MAKO-HIP-KIT,Robotic Procedure Kit,Robotic-assisted hip,2,1495.00,2990.00,0.1350,403.65,2586.35,1225.00,1361.35,USD,ASC Program,AGR-ORTHO-26-331,CPO-004-2026-0037,SI-881935,PAID,2026-03-23T17:08:00+00:00
TXN-001937,SO-101936,2026-03-09,2026-03-09T14:09:00+00:00,CUS-003,Great Lakes University Hospital,Academic Medical Center,OH,Midwest,REP-011,TRI-KNEE-CR-04,Triathlon Knee,Total knee arthroplasty,2,4423.80,8847.60,0.1700,1504.09,7343.51,4620.00,2723.51,USD,Direct,AGR-ORTHO-26-324,CPO-003-2026-0038,SI-881936,OPEN,2026-03-09T17:09:00+00:00
TXN-001938,SO-101937,2026-02-22,2026-02-22T14:10:00+00:00,CUS-003,Great Lakes University Hospital,Academic Medical Center,OH,Midwest,REP-012,MAKO-KNEE-KIT,Robotic Procedure Kit,Robotic-assisted knee,2,1607.20,3214.40,0.1700,546.45,2667.95,1352.40,1315.55,USD,ASC Program,AGR-ORTHO-26-324,CPO-003-2026-0039,SI-881937,DISPUTED,2026-02-24T17:10:00+00:00
TXN-001939,SO-101938,2026-05-27,2026-05-27T14:11:00+00:00,CUS-012,New England Sports Medicine,Hospital,MA,Northeast,REP-040,ACC-HIP-CUP-56,Acetabular System,Total hip arthroplasty,1,2975.00,2975.00,0.1200,357.00,2618.00,1488.00,1130.00,USD,Direct,AGR-ORTHO-26-317,CPO-012-2026-0040,SI-881938,PAID,2026-05-27T17:11:00+00:00
TXN-001940,SO-101939,2026-01-11,2026-01-11T14:12:00+00:00,CUS-003,Great Lakes University Hospital,Academic Medical Center,OH,Midwest,REP-007,ACC-HIP-LIN-36,Acetabular System,Total hip arthroplasty,1,1180.00,1180.00,0.1600,188.80,991.20,530.00,461.20,USD,Distributor,AGR-ORTHO-26-324,CPO-003-2026-0041,SI-881939,OPEN,2026-01-12T17:12:00+00:00
TXN-001941,SO-101940,2026-04-06,2026-04-06T14:13:00+00:00,CUS-008,Gulf Coast Trauma Hospital,Hospital,FL,Southeast,REP-023,MAKO-HIP-KIT,Robotic Procedure Kit,Robotic-assisted hip,2,1495.00,2990.00,0.1200,358.80,2631.20,1250.00,1381.20,USD,Direct,AGR-ORTHO-26-324,CPO-008-2026-0042,SI-881940,PAID,2026-04-08T17:13:00+00:00
TXN-001942,SO-101941,2026-03-27,2026-03-27T14:14:00+00:00,CUS-001,Atlantic Ortho Alliance,IDN,PA,Northeast,REP-003,ACC-HIP-CUP-56,Acetabular System,Total hip arthroplasty,1,2945.25,2945.25,0.1950,574.32,2370.93,1488.00,882.93,USD,Direct,AGR-ORTHO-26-310,CPO-001-2026-0043,SI-881941,PAID,2026-03-29T17:14:00+00:00
TXN-001943,SO-101942,2026-02-10,2026-02-10T14:15:00+00:00,CUS-002,Hudson Valley Surgical Center,ASC,NY,Northeast,REP-007,REV-FEM-STEM-12,Revision Hip,Revision arthroplasty,4,6548.40,26193.60,0.1100,2881.30,23312.30,13700.40,9611.90,USD,Direct,AGR-ORTHO-26-317,CPO-002-2026-0044,SI-881942,PAID,2026-02-12T17:15:00+00:00
TXN-001944,SO-101943,2026-03-02,2026-03-02T14:16:00+00:00,CUS-004,Blue Ridge Joint Institute,Hospital,NC,Southeast,REP-014,TRI-KNEE-PS-05,Triathlon Knee,Total knee arthroplasty,1,4776.75,4776.75,0.1300,620.98,4155.77,2590.80,1564.97,USD,ASC Program,AGR-ORTHO-26-331,CPO-004-2026-0045,SI-881943,OPEN,2026-03-02T17:16:00+00:00
TXN-001945,SO-101944,2026-04-23,2026-04-23T14:17:00+00:00,CUS-007,Front Range Medical Center,Hospital,CO,Mountain,REP-024,SOM-PLATE-8H,Trauma Plating,Trauma fixation,3,892.50,2677.50,0.1350,361.46,2316.04,1073.10,1242.94,USD,Distributor,AGR-ORTHO-26-317,CPO-007-2026-0046,SI-881944,PAID,2026-04-23T17:17:00+00:00
TXN-001946,SO-101945,2026-05-27,2026-05-27T14:18:00+00:00,CUS-007,Front Range Medical Center,Hospital,CO,Mountain,REP-025,MAKO-KNEE-KIT,Robotic Procedure Kit,Robotic-assisted knee,1,1607.20,1607.20,0.1350,216.97,1390.23,690.00,700.23,USD,ASC Program,AGR-ORTHO-26-317,CPO-007-2026-0047,SI-881945,PAID,2026-05-29T17:18:00+00:00
TXN-001947,SO-101946,2026-04-28,2026-04-28T14:19:00+00:00,CUS-012,New England Sports Medicine,Hospital,MA,Northeast,REP-034,ACC-HIP-CUP-56,Acetabular System,Total hip arthroplasty,1,2975.00,2975.00,0.1650,490.88,2484.12,1517.76,966.36,USD,Direct,AGR-ORTHO-26-317,CPO-012-2026-0048,SI-881946,PAID,2026-04-30T17:19:00+00:00
TXN-001948,SO-101947,2026-02-10,2026-02-10T14:20:00+00:00,CUS-004,Blue Ridge Joint Institute,Hospital,NC,Southeast,REP-011,TRI-KNEE-PS-05,Triathlon Knee,Total knee arthroplasty,1,4825.00,4825.00,0.1350,651.38,4173.62,2489.20,1684.42,USD,ASC Program,AGR-ORTHO-26-331,CPO-004-2026-0049,SI-881947,PAID,2026-02-10T17:20:00+00:00
TXN-001949,SO-101948,2026-01-26,2026-01-26T14:21:00+00:00,CUS-012,New England Sports Medicine,Hospital,MA,Northeast,REP-036,MAKO-HIP-KIT,Robotic Procedure Kit,Robotic-assisted hip,4,1480.05,5920.20,0.1200,710.42,5209.78,2450.00,2759.78,USD,ASC Program,AGR-ORTHO-26-317,CPO-012-2026-0050,SI-881948,OPEN,2026-01-26T17:21:00+00:00
TXN-001950,SO-101949,2026-04-15,2026-04-15T14:22:00+00:00,CUS-003,Great Lakes University Hospital,Academic Medical Center,OH,Midwest,REP-010,TRI-KNEE-CR-04,Triathlon Knee,Total knee arthroplasty,3,4380.00,13140.00,0.1800,2365.20,10774.80,6791.40,3983.40,USD,Direct,AGR-ORTHO-26-324,CPO-003-2026-0051,SI-881949,PAID,2026-04-15T17:22:00+00:00
TXN-001951,SO-101950,2026-05-10,2026-05-10T14:23:00+00:00,CUS-012,New England Sports Medicine,Hospital,MA,Northeast,REP-038,TRI-KNEE-PS-05,Triathlon Knee,Total knee arthroplasty,1,4825.00,4825.00,0.1750,844.38,3980.62,2489.20,1491.42,USD,ASC Program,AGR-ORTHO-26-317,CPO-012-2026-0052,SI-881950,PAID,2026-05-10T17:23:00+00:00
TXN-001952,SO-101951,2026-02-23,2026-02-23T14:24:00+00:00,CUS-010,Prairie Orthopedics Cooperative,IDN,IL,Midwest,REP-033,TRI-KNEE-CR-04,Triathlon Knee,Total knee arthroplasty,2,4336.20,8672.40,0.1950,1691.12,6981.28,4620.00,2361.28,USD,Direct,AGR-ORTHO-26-338,CPO-010-2026-0053,SI-881951,OPEN,2026-02-25T17:24:00+00:00
TXN-001953,SO-101952,2026-01-20,2026-01-20T14:25:00+00:00,CUS-012,New England Sports Medicine,Hospital,MA,Northeast,REP-040,ACC-HIP-CUP-56,Acetabular System,Total hip arthroplasty,3,2975.00,8925.00,0.1200,1071.00,7854.00,4464.00,3390.00,USD,Direct,AGR-ORTHO-26-317,CPO-012-2026-0054,SI-881952,PAID,2026-01-22T17:25:00+00:00
TXN-001954,SO-101953,2026-05-28,2026-05-28T14:26:00+00:00,CUS-006,Pacific Motion Surgery Partners,ASC,CA,West,REP-016,ACC-HIP-CUP-56,Acetabular System,Total hip arthroplasty,3,2975.00,8925.00,0.1000,892.50,8032.50,4464.00,3568.50,USD,Direct,AGR-ORTHO-26-310,CPO-006-2026-0055,SI-881953,PAID,2026-05-28T17:26:00+00:00
TXN-001955,SO-101954,2026-04-20,2026-04-20T14:27:00+00:00,CUS-005,Lone Star Orthopedic Network,IDN,TX,South Central,REP-014,SOM-SCREW-45,Trauma Plating,Trauma fixation,1,146.00,146.00,0.1950,28.47,117.53,41.16,76.37,USD,Direct,AGR-ORTHO-26-338,CPO-005-2026-0056,SI-881954,PAID,2026-04-20T17:27:00+00:00
TXN-001956,SO-101955,2026-04-21,2026-04-21T14:28:00+00:00,CUS-005,Lone Star Orthopedic Network,IDN,TX,South Central,REP-015,TRI-KNEE-PS-05,Triathlon Knee,Total knee arthroplasty,2,4921.50,9843.00,0.1900,1870.17,7972.83,4978.40,2994.43,USD,Direct,AGR-ORTHO-26-338,CPO-005-2026-0057,SI-881955,PAID,2026-04-22T17:28:00+00:00
TXN-001957,SO-101956,2026-01-11,2026-01-11T14:29:00+00:00,CUS-005,Lone Star Orthopedic Network,IDN,TX,South Central,REP-016,SOM-PLATE-8H,Trauma Plating,Trauma fixation,8,875.00,7000.00,0.1900,1330.00,5670.00,2920.00,2750.00,USD,Direct,AGR-ORTHO-26-338,CPO-005-2026-0058,SI-881956,PAID,2026-01-11T17:29:00+00:00
TXN-001958,SO-101957,2026-05-05,2026-05-05T14:30:00+00:00,CUS-003,Great Lakes University Hospital,Academic Medical Center,OH,Midwest,REP-011,ACC-HIP-CUP-56,Acetabular System,Total hip arthroplasty,1,2975.00,2975.00,0.1700,505.75,2469.25,1458.24,1011.01,USD,Direct,AGR-ORTHO-26-324,CPO-003-2026-0059,SI-881957,PAID,2026-05-06T17:30:00+00:00
TXN-001959,SO-101958,2026-02-01,2026-02-01T14:31:00+00:00,CUS-003,Great Lakes University Hospital,Academic Medical Center,OH,Midwest,REP-012,MAKO-HIP-KIT,Robotic Procedure Kit,Robotic-assisted hip,2,1480.05,2960.10,0.1800,532.82,2427.28,1225.00,1202.28,USD,Direct,AGR-ORTHO-26-324,CPO-003-2026-0060,SI-881958,PAID,2026-02-03T17:31:00+00:00
TXN-001960,SO-101959,2026-05-06,2026-05-06T14:32:00+00:00,CUS-002,Hudson Valley Surgical Center,ASC,NY,Northeast,REP-010,TRI-KNEE-PS-05,Triathlon Knee,Total knee arthroplasty,1,4728.50,4728.50,0.1500,709.28,4019.22,2590.80,1428.42,USD,ASC Program,AGR-ORTHO-26-317,CPO-002-2026-0061,SI-881959,PAID,2026-05-06T17:32:00+00:00
TXN-001961,SO-101960,2026-03-30,2026-03-30T14:33:00+00:00,CUS-003,Great Lakes University Hospital,Academic Medical Center,OH,Midwest,REP-007,TRI-KNEE-CR-04,Triathlon Knee,Total knee arthroplasty,3,4380.00,13140.00,0.1700,2233.80,10906.20,7068.60,3837.60,USD,Direct,AGR-ORTHO-26-324,CPO-003-2026-0062,SI-881960,PAID,2026-04-01T17:33:00+00:00
TXN-001962,SO-101961,2025-12-26,2025-12-26T14:34:00+00:00,CUS-003,Great Lakes University Hospital,Academic Medical Center,OH,Midwest,REP-008,REV-FEM-STEM-12,Revision Hip,Revision arthroplasty,1,6291.60,6291.60,0.1750,1101.03,5190.57,3564.90,1625.67,USD,Direct,AGR-ORTHO-26-324,CPO-003-2025-0063,SI-881961,PAID,2025-12-26T17:34:00+00:00
TXN-001963,SO-101962,2026-04-08,2026-04-08T14:35:00+00:00,CUS-001,Atlantic Ortho Alliance,IDN,PA,Northeast,REP-003,MAKO-KNEE-KIT,Robotic Procedure Kit,Robotic-assisted knee,2,1640.00,3280.00,0.2250,738.00,2542.00,1380.00,1162.00,USD,Distributor,AGR-ORTHO-26-310,CPO-001-2026-0064,SI-881962,PAID,2026-04-08T17:35:00+00:00
TXN-001964,SO-101963,2026-03-14,2026-03-14T14:36:00+00:00,CUS-010,Prairie Orthopedics Cooperative,IDN,IL,Midwest,REP-031,MAKO-HIP-KIT,Robotic Procedure Kit,Robotic-assisted hip,1,1524.90,1524.90,0.1900,289.73,1235.17,625.00,610.17,USD,Direct,AGR-ORTHO-26-338,CPO-010-2026-0065,SI-881963,PAID,2026-03-14T17:36:00+00:00
TXN-001965,SO-101964,2026-02-17,2026-02-17T14:37:00+00:00,CUS-005,Lone Star Orthopedic Network,IDN,TX,South Central,REP-017,SPN-CAGE-LORD,Spine Interbody,Lumbar fusion,5,5260.00,26300.00,0.2000,5260.00,21040.00,13675.00,7365.00,USD,Distributor,AGR-ORTHO-26-338,CPO-005-2026-0066,SI-881964,PAID,2026-02-17T17:37:00+00:00
TXN-001966,SO-101965,2025-12-21,2025-12-21T14:38:00+00:00,CUS-001,Atlantic Ortho Alliance,IDN,PA,Northeast,REP-006,ACC-HIP-LIN-36,Acetabular System,Total hip arthroplasty,1,1168.20,1168.20,0.1800,210.28,957.92,530.00,427.92,USD,Direct,AGR-ORTHO-26-310,CPO-001-2025-0067,SI-881965,OPEN,2025-12-21T17:38:00+00:00
TXN-001967,SO-101966,2026-05-05,2026-05-05T14:39:00+00:00,CUS-005,Lone Star Orthopedic Network,IDN,TX,South Central,REP-019,ACC-HIP-LIN-36,Acetabular System,Total hip arthroplasty,1,1180.00,1180.00,0.1900,224.20,955.80,530.00,425.80,USD,Direct,AGR-ORTHO-26-338,CPO-005-2026-0068,SI-881966,PAID,2026-05-05T17:39:00+00:00
TXN-001968,SO-101967,2026-03-07,2026-03-07T14:40:00+00:00,CUS-012,New England Sports Medicine,Hospital,MA,Northeast,REP-034,MAKO-HIP-KIT,Robotic Procedure Kit,Robotic-assisted hip,4,1480.05,5920.20,0.1300,769.63,5150.57,2500.00,2650.57,USD,Direct,AGR-ORTHO-26-317,CPO-012-2026-0069,SI-881967,OPEN,2026-03-08T17:40:00+00:00
TXN-001969,SO-101968,2026-04-28,2026-04-28T14:41:00+00:00,CUS-006,Pacific Motion Surgery Partners,ASC,CA,West,REP-017,TRI-KNEE-CR-04,Triathlon Knee,Total knee arthroplasty,2,4423.80,8847.60,0.1100,973.24,7874.36,4620.00,3254.36,USD,ASC Program,AGR-ORTHO-26-310,CPO-006-2026-0070,SI-881968,PAID,2026-04-28T17:41:00+00:00
TXN-001970,SO-101969,2026-01-24,2026-01-24T14:42:00+00:00,CUS-002,Hudson Valley Surgical Center,ASC,NY,Northeast,REP-006,TRI-KNEE-PS-05,Triathlon Knee,Total knee arthroplasty,5,4825.00,24125.00,0.1100,2653.75,21471.25,12446.00,9025.25,USD,Direct,AGR-ORTHO-26-317,CPO-002-2026-0071,SI-881969,PARTIALLY_PAID,2026-01-24T17:42:00+00:00
TXN-001971,SO-101970,2026-02-07,2026-02-07T14:43:00+00:00,CUS-008,Gulf Coast Trauma Hospital,Hospital,FL,Southeast,REP-025,SOM-PLATE-8H,Trauma Plating,Trauma fixation,2,875.00,1750.00,0.1200,210.00,1540.00,730.00,810.00,USD,ASC Program,AGR-ORTHO-26-324,CPO-008-2026-0072,SI-881970,OPEN,2026-02-08T17:43:00+00:00
TXN-001972,SO-101971,2025-11-27,2025-11-27T14:44:00+00:00,CUS-006,Pacific Motion Surgery Partners,ASC,CA,West,REP-020,SPN-CAGE-LORD,Spine Interbody,Lumbar fusion,1,5365.20,5365.20,0.1100,590.17,4775.03,2735.00,2040.03,USD,Direct,AGR-ORTHO-26-310,CPO-006-2025-0073,SI-881971,PAID,2025-11-28T17:44:00+00:00
TXN-001973,SO-101972,2026-03-17,2026-03-17T14:45:00+00:00,CUS-009,Northwest Specialty Distribution,Distributor,WA,West,REP-030,TRI-KNEE-CR-04,Triathlon Knee,Total knee arthroplasty,2,4380.00,8760.00,0.2400,2102.40,6657.60,4620.00,2037.60,USD,Direct,AGR-ORTHO-26-331,CPO-009-2026-0074,SI-881972,PAID,2026-03-17T17:45:00+00:00
TXN-001974,SO-101973,2026-02-20,2026-02-20T14:46:00+00:00,CUS-005,Lone Star Orthopedic Network,IDN,TX,South Central,REP-019,REV-FEM-STEM-12,Revision Hip,Revision arthroplasty,1,6548.40,6548.40,0.2000,1309.68,5238.72,3495.00,1743.72,USD,Direct,AGR-ORTHO-26-338,CPO-005-2026-0075,SI-881973,OPEN,2026-02-22T17:46:00+00:00
TXN-001975,SO-101974,2026-02-07,2026-02-07T14:00:00+00:00,CUS-007,Front Range Medical Center,Hospital,CO,Mountain,REP-019,ACC-HIP-LIN-36,Acetabular System,Total hip arthroplasty,1,1180.00,1180.00,0.1400,165.20,1014.80,540.60,474.20,USD,Direct,AGR-ORTHO-26-317,CPO-007-2026-0076,SI-881974,PAID,2026-02-08T17:00:00+00:00
TXN-001976,SO-101975,2026-03-19,2026-03-19T14:01:00+00:00,CUS-003,Great Lakes University Hospital,Academic Medical Center,OH,Midwest,REP-008,TRI-KNEE-PS-05,Triathlon Knee,Total knee arthroplasty,3,4776.75,14330.25,0.1750,2507.79,11822.46,7620.00,4202.46,USD,Distributor,AGR-ORTHO-26-324,CPO-003-2026-0077,SI-881975,PAID,2026-03-21T17:01:00+00:00
TXN-001977,SO-101976,2026-01-16,2026-01-16T14:02:00+00:00,CUS-003,Great Lakes University Hospital,Academic Medical Center,OH,Midwest,REP-009,SOM-SCREW-45,Trauma Plating,Trauma fixation,2,143.08,286.16,0.1750,50.08,236.08,84.00,152.08,USD,Direct,AGR-ORTHO-26-324,CPO-003-2026-0078,SI-881976,PAID,2026-01-16T17:02:00+00:00
TXN-001978,SO-101977,2026-04-11,2026-04-11T14:03:00+00:00,CUS-009,Northwest Specialty Distribution,Distributor,WA,West,REP-028,TRI-KNEE-PS-05,Triathlon Knee,Total knee arthroplasty,1,4873.25,4873.25,0.2500,1218.31,3654.94,2590.80,1064.14,USD,ASC Program,AGR-ORTHO-26-331,CPO-009-2026-0079,SI-881977,PAID,2026-04-13T17:03:00+00:00
TXN-001979,SO-101978,2026-02-16,2026-02-16T14:04:00+00:00,CUS-003,Great Lakes University Hospital,Academic Medical Center,OH,Midwest,REP-011,ACC-HIP-LIN-36,Acetabular System,Total hip arthroplasty,2,1191.80,2383.60,0.1750,417.13,1966.47,1038.80,927.67,USD,ASC Program,AGR-ORTHO-26-324,CPO-003-2026-0080,SI-881978,PAID,2026-02-16T17:04:00+00:00
TXN-001980,SO-101979,2026-04-29,2026-04-29T14:05:00+00:00,CUS-006,Pacific Motion Surgery Partners,ASC,CA,West,REP-021,SOM-PLATE-8H,Trauma Plating,Trauma fixation,3,875.00,2625.00,0.1100,288.75,2336.25,1095.00,1241.25,USD,Direct,AGR-ORTHO-26-310,CPO-006-2026-0081,SI-881979,OPEN,2026-04-30T17:05:00+00:00
TXN-001981,SO-101980,2026-04-09,2026-04-09T14:06:00+00:00,CUS-011,Desert Ridge Ambulatory Surgery,ASC,AZ,Mountain,REP-037,SOM-SCREW-45,Trauma Plating,Trauma fixation,2,147.46,294.92,0.1100,32.44,262.48,82.32,180.16,USD,Direct,AGR-ORTHO-26-310,CPO-011-2026-0082,SI-881980,PAID,2026-04-10T17:06:00+00:00
TXN-001982,SO-101981,2026-04-20,2026-04-20T14:07:00+00:00,CUS-002,Hudson Valley Surgical Center,ASC,NY,Northeast,REP-004,SOM-SCREW-45,Trauma Plating,Trauma fixation,2,143.08,286.16,0.1350,38.63,247.53,85.68,161.85,USD,ASC Program,AGR-ORTHO-26-317,CPO-002-2026-0083,SI-881981,PARTIALLY_PAID,2026-04-22T17:07:00+00:00
TXN-001983,SO-101982,2026-05-22,2026-05-22T14:08:00+00:00,CUS-005,Lone Star Orthopedic Network,IDN,TX,South Central,REP-014,SPN-CAGE-LORD,Spine Interbody,Lumbar fusion,2,5207.40,10414.80,0.1950,2030.89,8383.91,5360.60,3023.31,USD,Direct,AGR-ORTHO-26-338,CPO-005-2026-0084,SI-881982,PAID,2026-05-23T17:08:00+00:00
TXN-001984,SO-101983,2026-05-04,2026-05-04T14:09:00+00:00,CUS-003,Great Lakes University Hospital,Academic Medical Center,OH,Midwest,REP-009,ACC-HIP-CUP-56,Acetabular System,Total hip arthroplasty,8,2915.50,23324.00,0.1750,4081.70,19242.30,12142.08,7100.22,USD,Direct,AGR-ORTHO-26-324,CPO-003-2026-0085,SI-881983,PAID,2026-05-06T17:09:00+00:00
TXN-001985,SO-101984,2026-05-13,2026-05-13T14:10:00+00:00,CUS-012,New England Sports Medicine,Hospital,MA,Northeast,REP-037,MAKO-HIP-KIT,Robotic Procedure Kit,Robotic-assisted hip,1,1509.95,1509.95,0.1550,234.04,1275.91,637.50,638.41,USD,Direct,AGR-ORTHO-26-317,CPO-012-2026-0086,SI-881984,PAID,2026-05-13T17:10:00+00:00
TXN-001986,SO-101985,2026-05-23,2026-05-23T14:11:00+00:00,CUS-001,Atlantic Ortho Alliance,IDN,PA,Northeast,REP-005,SOM-SCREW-45,Trauma Plating,Trauma fixation,2,146.00,292.00,0.1800,52.56,239.44,82.32,157.12,USD,Direct,AGR-ORTHO-26-310,CPO-001-2026-0087,SI-881985,PAID,2026-05-23T17:11:00+00:00
TXN-001987,SO-101986,2026-05-31,2026-05-31T14:12:00+00:00,CUS-011,Desert Ridge Ambulatory Surgery,ASC,AZ,Mountain,REP-036,ACC-HIP-LIN-36,Acetabular System,Total hip arthroplasty,1,1180.00,1180.00,0.1100,129.80,1050.20,530.00,520.20,USD,Direct,AGR-ORTHO-26-310,CPO-011-2026-0088,SI-881986,DISPUTED,2026-05-31T17:12:00+00:00
TXN-001988,SO-101987,2026-04-05,2026-04-05T14:13:00+00:00,CUS-009,Northwest Specialty Distribution,Distributor,WA,West,REP-031,TRI-KNEE-PS-05,Triathlon Knee,Total knee arthroplasty,3,4873.25,14619.75,0.2450,3581.84,11037.91,7620.00,3417.91,USD,ASC Program,AGR-ORTHO-26-331,CPO-009-2026-0089,SI-881987,OPEN,2026-04-06T17:13:00+00:00
TXN-001989,SO-101988,2026-04-22,2026-04-22T14:14:00+00:00,CUS-001,Atlantic Ortho Alliance,IDN,PA,Northeast,REP-001,TRI-KNEE-CR-04,Triathlon Knee,Total knee arthroplasty,5,4467.60,22338.00,0.2150,4802.67,17535.33,11550.00,5985.33,USD,Direct,AGR-ORTHO-26-310,CPO-001-2026-0090,SI-881988,PAID,2026-04-23T17:14:00+00:00
TXN-001990,SO-101989,2026-05-04,2026-05-04T14:15:00+00:00,CUS-001,Atlantic Ortho Alliance,IDN,PA,Northeast,REP-002,SPN-CAGE-LORD,Spine Interbody,Lumbar fusion,1,5260.00,5260.00,0.2300,1209.80,4050.20,2735.00,1315.20,USD,Direct,AGR-ORTHO-26-310,CPO-001-2026-0091,SI-881989,OPEN,2026-05-05T17:15:00+00:00
TXN-001991,SO-101990,2026-06-11,2026-06-11T14:16:00+00:00,CUS-010,Prairie Orthopedics Cooperative,IDN,IL,Midwest,REP-030,MAKO-HIP-KIT,Robotic Procedure Kit,Robotic-assisted hip,2,1495.00,2990.00,0.1900,568.10,2421.90,1275.00,1146.90,USD,Direct,AGR-ORTHO-26-338,CPO-010-2026-0092,SI-881990,PAID,2026-06-12T17:16:00+00:00
TXN-001992,SO-101991,2026-01-25,2026-01-25T14:17:00+00:00,CUS-005,Lone Star Orthopedic Network,IDN,TX,South Central,REP-016,TRI-KNEE-PS-05,Triathlon Knee,Total knee arthroplasty,2,4825.00,9650.00,0.1950,1881.75,7768.25,4978.40,2789.85,USD,Direct,AGR-ORTHO-26-338,CPO-005-2026-0093,SI-881991,PAID,2026-01-27T17:17:00+00:00
TXN-001993,SO-101992,2026-06-05,2026-06-05T14:18:00+00:00,CUS-003,Great Lakes University Hospital,Academic Medical Center,OH,Midwest,REP-011,ACC-HIP-LIN-36,Acetabular System,Total hip arthroplasty,1,1203.60,1203.60,0.1800,216.65,986.95,540.60,446.35,USD,Distributor,AGR-ORTHO-26-324,CPO-003-2026-0094,SI-881992,OPEN,2026-06-07T17:18:00+00:00
TXN-001994,SO-101993,2026-06-11,2026-06-11T14:19:00+00:00,CUS-002,Hudson Valley Surgical Center,ASC,NY,Northeast,REP-009,SPN-CAGE-LORD,Spine Interbody,Lumbar fusion,1,5260.00,5260.00,0.1200,631.20,4628.80,2735.00,1893.80,USD,Direct,AGR-ORTHO-26-317,CPO-002-2026-0095,SI-881993,PAID,2026-06-12T17:19:00+00:00
TXN-001995,SO-101994,2026-04-18,2026-04-18T14:20:00+00:00,CUS-011,Desert Ridge Ambulatory Surgery,ASC,AZ,Mountain,REP-037,MAKO-KNEE-KIT,Robotic Procedure Kit,Robotic-assisted knee,2,1623.60,3247.20,0.1100,357.19,2890.01,1380.00,1510.01,USD,Direct,AGR-ORTHO-26-310,CPO-011-2026-0096,SI-881994,PAID,2026-04-18T17:20:00+00:00
TXN-001996,SO-101995,2026-01-23,2026-01-23T14:21:00+00:00,CUS-007,Front Range Medical Center,Hospital,CO,Mountain,REP-019,ACC-HIP-CUP-56,Acetabular System,Total hip arthroplasty,3,2975.00,8925.00,0.1300,1160.25,7764.75,4464.00,3300.75,USD,ASC Program,AGR-ORTHO-26-317,CPO-007-2026-0097,SI-881995,PAID,2026-01-24T17:21:00+00:00
TXN-001997,SO-101996,2026-04-08,2026-04-08T14:22:00+00:00,CUS-005,Lone Star Orthopedic Network,IDN,TX,South Central,REP-014,SPN-CAGE-LORD,Spine Interbody,Lumbar fusion,2,5154.80,10309.60,0.1900,1958.82,8350.78,5470.00,2880.78,USD,Direct,AGR-ORTHO-26-338,CPO-005-2026-0098,SI-881996,PAID,2026-04-09T17:22:00+00:00
TXN-001998,SO-101997,2025-11-07,2025-11-07T14:23:00+00:00,CUS-003,Great Lakes University Hospital,Academic Medical Center,OH,Midwest,REP-009,ACC-HIP-LIN-36,Acetabular System,Total hip arthroplasty,1,1180.00,1180.00,0.1600,188.80,991.20,530.00,461.20,USD,Direct,AGR-ORTHO-26-324,CPO-003-2025-0099,SI-881997,PAID,2025-11-07T17:23:00+00:00
TXN-001999,SO-101998,2026-05-02,2026-05-02T14:24:00+00:00,CUS-008,Gulf Coast Trauma Hospital,Hospital,FL,Southeast,REP-025,MAKO-KNEE-KIT,Robotic Procedure Kit,Robotic-assisted knee,1,1640.00,1640.00,0.1200,196.80,1443.20,676.20,767.00,USD,Direct,AGR-ORTHO-26-324,CPO-008-2026-0100,SI-881998,PAID,2026-05-03T17:24:00+00:00
TXN-002000,SO-101999,2026-02-09,2026-02-09T14:25:00+00:00,CUS-010,Prairie Orthopedics Cooperative,IDN,IL,Midwest,REP-032,TRI-KNEE-CR-04,Triathlon Knee,Total knee arthroplasty,1,4423.80,4423.80,0.2000,884.76,3539.04,2310.00,1229.04,USD,Direct,AGR-ORTHO-26-338,CPO-010-2026-0101,SI-881999,PAID,2026-02-09T17:25:00+00:00
TXN-002001,SO-102000,2026-04-11,2026-04-11T14:26:00+00:00,CUS-001,Atlantic Ortho Alliance,IDN,PA,Northeast,REP-006,SOM-SCREW-45,Trauma Plating,Trauma fixation,2,148.92,297.84,0.2350,69.99,227.85,84.00,143.85,USD,Direct,AGR-ORTHO-26-310,CPO-001-2026-0102,SI-882000,PAID,2026-04-13T17:26:00+00:00
TXN-002002,SO-102001,2026-06-04,2026-06-04T14:27:00+00:00,CUS-004,Blue Ridge Joint Institute,Hospital,NC,Southeast,REP-016,SPN-CAGE-LORD,Spine Interbody,Lumbar fusion,3,5312.60,15937.80,0.1200,1912.54,14025.26,8205.00,5820.26,USD,Direct,AGR-ORTHO-26-331,CPO-004-2026-0103,SI-882001,PAID,2026-06-05T17:27:00+00:00
TXN-002003,SO-102002,2026-03-03,2026-03-03T14:28:00+00:00,CUS-005,Lone Star Orthopedic Network,IDN,TX,South Central,REP-013,ACC-HIP-LIN-36,Acetabular System,Total hip arthroplasty,2,1191.80,2383.60,0.1800,429.05,1954.55,1038.80,915.75,USD,Distributor,AGR-ORTHO-26-338,CPO-005-2026-0104,SI-882002,PARTIALLY_PAID,2026-03-05T17:28:00+00:00
TXN-002004,SO-102003,2025-12-18,2025-12-18T14:29:00+00:00,CUS-003,Great Lakes University Hospital,Academic Medical Center,OH,Midwest,REP-008,MAKO-HIP-KIT,Robotic Procedure Kit,Robotic-assisted hip,3,1480.05,4440.15,0.1700,754.83,3685.32,1875.00,1810.32,USD,Direct,AGR-ORTHO-26-324,CPO-003-2025-0105,SI-882003,PAID,2025-12-20T17:29:00+00:00
TXN-002005,SO-102004,2026-06-14,2026-06-14T14:30:00+00:00,CUS-001,Atlantic Ortho Alliance,IDN,PA,Northeast,REP-003,ACC-HIP-CUP-56,Acetabular System,Total hip arthroplasty,4,2945.25,11781.00,0.1950,2297.30,9483.70,6071.04,3412.66,USD,ASC Program,AGR-ORTHO-26-310,CPO-001-2026-0106,SI-882004,OPEN,2026-06-14T17:30:00+00:00
TXN-002006,SO-102005,2026-05-10,2026-05-10T14:31:00+00:00,CUS-001,Atlantic Ortho Alliance,IDN,PA,Northeast,REP-004,ACC-HIP-LIN-36,Acetabular System,Total hip arthroplasty,1,1156.40,1156.40,0.2250,260.19,896.21,540.60,355.61,USD,Direct,AGR-ORTHO-26-310,CPO-001-2026-0107,SI-882005,PAID,2026-05-11T17:31:00+00:00
TXN-002007,SO-102006,2026-02-13,2026-02-13T14:32:00+00:00,CUS-004,Blue Ridge Joint Institute,Hospital,NC,Southeast,REP-014,SOM-SCREW-45,Trauma Plating,Trauma fixation,2,143.08,286.16,0.1350,38.63,247.53,84.00,163.53,USD,Direct,AGR-ORTHO-26-331,CPO-004-2026-0108,SI-882006,PARTIALLY_PAID,2026-02-15T17:32:00+00:00
TXN-002008,SO-102007,2026-06-15,2026-06-15T14:33:00+00:00,CUS-002,Hudson Valley Surgical Center,ASC,NY,Northeast,REP-009,TRI-KNEE-CR-04,Triathlon Knee,Total knee arthroplasty,5,4380.00,21900.00,0.1100,2409.00,19491.00,11550.00,7941.00,USD,Direct,AGR-ORTHO-26-317,CPO-002-2026-0109,SI-882007,OPEN,2026-06-16T17:33:00+00:00
TXN-002009,SO-102008,2026-06-23,2026-06-23T14:34:00+00:00,CUS-006,Pacific Motion Surgery Partners,ASC,CA,West,REP-022,REV-FEM-STEM-12,Revision Hip,Revision arthroplasty,2,6484.20,12968.40,0.1150,1491.37,11477.03,6990.00,4487.03,USD,Direct,AGR-ORTHO-26-310,CPO-006-2026-0110,SI-882008,PAID,2026-06-24T17:34:00+00:00
TXN-002010,SO-102009,2026-05-07,2026-05-07T14:35:00+00:00,CUS-001,Atlantic Ortho Alliance,IDN,PA,Northeast,REP-001,SOM-PLATE-8H,Trauma Plating,Trauma fixation,1,875.00,875.00,0.2300,201.25,673.75,357.70,316.05,USD,Direct,AGR-ORTHO-26-310,CPO-001-2026-0111,SI-882009,PAID,2026-05-09T17:35:00+00:00
TXN-002011,SO-102010,2026-02-26,2026-02-26T14:36:00+00:00,CUS-012,New England Sports Medicine,Hospital,MA,Northeast,REP-035,TRI-KNEE-PS-05,Triathlon Knee,Total knee arthroplasty,3,4776.75,14330.25,0.1300,1862.93,12467.32,7620.00,4847.32,USD,Direct,AGR-ORTHO-26-317,CPO-012-2026-0112,SI-882010,OPEN,2026-02-26T17:36:00+00:00
TXN-002012,SO-102011,2026-05-16,2026-05-16T14:37:00+00:00,CUS-005,Lone Star Orthopedic Network,IDN,TX,South Central,REP-015,ACC-HIP-CUP-56,Acetabular System,Total hip arthroplasty,3,3034.50,9103.50,0.2000,1820.70,7282.80,4374.72,2908.08,USD,Direct,AGR-ORTHO-26-338,CPO-005-2026-0113,SI-882011,OPEN,2026-05-16T17:37:00+00:00
TXN-002013,SO-102012,2026-05-21,2026-05-21T14:38:00+00:00,CUS-004,Blue Ridge Joint Institute,Hospital,NC,Southeast,REP-013,MAKO-KNEE-KIT,Robotic Procedure Kit,Robotic-assisted knee,1,1623.60,1623.60,0.1400,227.30,1396.30,676.20,720.10,USD,Direct,AGR-ORTHO-26-331,CPO-004-2026-0114,SI-882012,PAID,2026-05-22T17:38:00+00:00
TXN-002014,SO-102013,2026-03-30,2026-03-30T14:39:00+00:00,CUS-003,Great Lakes University Hospital,Academic Medical Center,OH,Midwest,REP-011,ACC-HIP-LIN-36,Acetabular System,Total hip arthroplasty,1,1180.00,1180.00,0.1700,200.60,979.40,530.00,449.40,USD,ASC Program,AGR-ORTHO-26-324,CPO-003-2026-0115,SI-882013,PARTIALLY_PAID,2026-04-01T17:39:00+00:00
TXN-002015,SO-102014,2026-04-07,2026-04-07T14:40:00+00:00,CUS-007,Front Range Medical Center,Hospital,CO,Mountain,REP-024,TRI-KNEE-CR-04,Triathlon Knee,Total knee arthroplasty,4,4467.60,17870.40,0.1300,2323.15,15547.25,9240.00,6307.25,USD,ASC Program,AGR-ORTHO-26-317,CPO-007-2026-0116,SI-882014,PAID,2026-04-09T17:40:00+00:00
TXN-002016,SO-102015,2025-11-17,2025-11-17T14:41:00+00:00,CUS-006,Pacific Motion Surgery Partners,ASC,CA,West,REP-022,ACC-HIP-CUP-56,Acetabular System,Total hip arthroplasty,8,3034.50,24276.00,0.1000,2427.60,21848.40,12142.08,9706.32,USD,Direct,AGR-ORTHO-26-310,CPO-006-2025-0117,SI-882015,PAID,2025-11-17T17:41:00+00:00
TXN-002017,SO-102016,2026-03-04,2026-03-04T14:42:00+00:00,CUS-001,Atlantic Ortho Alliance,IDN,PA,Northeast,REP-001,TRI-KNEE-CR-04,Triathlon Knee,Total knee arthroplasty,3,4467.60,13402.80,0.2000,2680.56,10722.24,6791.40,3930.84,USD,Direct,AGR-ORTHO-26-310,CPO-001-2026-0118,SI-882016,PAID,2026-03-06T17:42:00+00:00
TXN-002018,SO-102017,2026-04-19,2026-04-19T14:43:00+00:00,CUS-012,New England Sports Medicine,Hospital,MA,Northeast,REP-035,REV-FEM-STEM-12,Revision Hip,Revision arthroplasty,1,6548.40,6548.40,0.1700,1113.23,5435.17,3495.00,1940.17,USD,Direct,AGR-ORTHO-26-317,CPO-012-2026-0119,SI-882017,PAID,2026-04-21T17:43:00+00:00
TXN-002019,SO-102018,2026-05-02,2026-05-02T14:44:00+00:00,CUS-003,Great Lakes University Hospital,Academic Medical Center,OH,Midwest,REP-009,ACC-HIP-CUP-56,Acetabular System,Total hip arthroplasty,3,2945.25,8835.75,0.1750,1546.26,7289.49,4464.00,2825.49,USD,ASC Program,AGR-ORTHO-26-324,CPO-003-2026-0120,SI-882018,OPEN,2026-05-04T17:44:00+00:00
TXN-002020,SO-102019,2026-02-23,2026-02-23T14:45:00+00:00,CUS-006,Pacific Motion Surgery Partners,ASC,CA,West,REP-019,SPN-CAGE-LORD,Spine Interbody,Lumbar fusion,2,5312.60,10625.20,0.1200,1275.02,9350.18,5470.00,3880.18,USD,ASC Program,AGR-ORTHO-26-310,CPO-006-2026-0121,SI-882019,OPEN,2026-02-25T17:45:00+00:00
TXN-002021,SO-102020,2025-10-26,2025-10-26T14:46:00+00:00,CUS-011,Desert Ridge Ambulatory Surgery,ASC,AZ,Mountain,REP-035,TRI-KNEE-PS-05,Triathlon Knee,Total knee arthroplasty,1,4921.50,4921.50,0.1100,541.37,4380.13,2489.20,1890.93,USD,Direct,AGR-ORTHO-26-310,CPO-011-2025-0122,SI-882020,OPEN,2025-10-27T17:46:00+00:00
TXN-002022,SO-102021,2026-02-14,2026-02-14T14:00:00+00:00,CUS-009,Northwest Specialty Distribution,Distributor,WA,West,REP-030,SPN-CAGE-LORD,Spine Interbody,Lumbar fusion,2,5260.00,10520.00,0.2400,2524.80,7995.20,5470.00,2525.20,USD,Distributor,AGR-ORTHO-26-331,CPO-009-2026-0123,SI-882021,PAID,2026-02-16T17:00:00+00:00
TXN-002023,SO-102022,2026-03-06,2026-03-06T14:01:00+00:00,CUS-003,Great Lakes University Hospital,Academic Medical Center,OH,Midwest,REP-013,ACC-HIP-LIN-36,Acetabular System,Total hip arthroplasty,4,1168.20,4672.80,0.1700,794.38,3878.42,2120.00,1758.42,USD,Direct,AGR-ORTHO-26-324,CPO-003-2026-0124,SI-882022,PAID,2026-03-06T17:01:00+00:00
TXN-002024,SO-102023,2026-03-03,2026-03-03T14:02:00+00:00,CUS-011,Desert Ridge Ambulatory Surgery,ASC,AZ,Mountain,REP-031,MAKO-HIP-KIT,Robotic Procedure Kit,Robotic-assisted hip,1,1495.00,1495.00,0.1100,164.45,1330.55,625.00,705.55,USD,Direct,AGR-ORTHO-26-310,CPO-011-2026-0125,SI-882023,DISPUTED,2026-03-03T17:02:00+00:00
TXN-002025,SO-102024,2026-04-22,2026-04-22T14:03:00+00:00,CUS-012,New England Sports Medicine,Hospital,MA,Northeast,REP-035,TRI-KNEE-CR-04,Triathlon Knee,Total knee arthroplasty,1,4423.80,4423.80,0.1650,729.93,3693.87,2310.00,1383.87,USD,Distributor,AGR-ORTHO-26-317,CPO-012-2026-0126,SI-882024,PAID,2026-04-24T17:03:00+00:00
TXN-002026,SO-102025,2026-01-10,2026-01-10T14:04:00+00:00,CUS-008,Gulf Coast Trauma Hospital,Hospital,FL,Southeast,REP-024,SPN-CAGE-LORD,Spine Interbody,Lumbar fusion,1,5207.40,5207.40,0.1400,729.04,4478.36,2735.00,1743.36,USD,Direct,AGR-ORTHO-26-324,CPO-008-2026-0127,SI-882025,PAID,2026-01-10T17:04:00+00:00
TXN-002027,SO-102026,2026-03-14,2026-03-14T14:05:00+00:00,CUS-001,Atlantic Ortho Alliance,IDN,PA,Northeast,REP-004,MAKO-KNEE-KIT,Robotic Procedure Kit,Robotic-assisted knee,2,1656.40,3312.80,0.1900,629.43,2683.37,1380.00,1303.37,USD,ASC Program,AGR-ORTHO-26-310,CPO-001-2026-0128,SI-882026,OPEN,2026-03-14T17:05:00+00:00
TXN-002028,SO-102027,2026-02-04,2026-02-04T14:06:00+00:00,CUS-005,Lone Star Orthopedic Network,IDN,TX,South Central,REP-017,SOM-PLATE-8H,Trauma Plating,Trauma fixation,1,857.50,857.50,0.1900,162.93,694.57,372.30,322.27,USD,ASC Program,AGR-ORTHO-26-338,CPO-005-2026-0129,SI-882027,PAID,2026-02-05T17:06:00+00:00
TXN-002029,SO-102028,2025-12-23,2025-12-23T14:07:00+00:00,CUS-010,Prairie Orthopedics Cooperative,IDN,IL,Midwest,REP-033,SOM-PLATE-8H,Trauma Plating,Trauma fixation,2,883.75,1767.50,0.2000,353.50,1414.00,744.60,669.40,USD,ASC Program,AGR-ORTHO-26-338,CPO-010-2025-0130,SI-882028,PAID,2025-12-23T17:07:00+00:00
TXN-002030,SO-102029,2026-04-21,2026-04-21T14:08:00+00:00,CUS-012,New England Sports Medicine,Hospital,MA,Northeast,REP-040,ACC-HIP-CUP-56,Acetabular System,Total hip arthroplasty,1,2915.50,2915.50,0.1750,510.21,2405.29,1458.24,947.05,USD,ASC Program,AGR-ORTHO-26-317,CPO-012-2026-0131,SI-882029,PAID,2026-04-23T17:08:00+00:00
TXN-002031,SO-102030,2025-11-10,2025-11-10T14:09:00+00:00,CUS-002,Hudson Valley Surgical Center,ASC,NY,Northeast,REP-004,ACC-HIP-CUP-56,Acetabular System,Total hip arthroplasty,2,2945.25,5890.50,0.1150,677.41,5213.09,2916.48,2296.61,USD,Direct,AGR-ORTHO-26-317,CPO-002-2025-0132,SI-882030,PAID,2025-11-10T17:09:00+00:00
TXN-002032,SO-102031,2025-12-07,2025-12-07T14:10:00+00:00,CUS-003,Great Lakes University Hospital,Academic Medical Center,OH,Midwest,REP-008,TRI-KNEE-PS-05,Triathlon Knee,Total knee arthroplasty,5,4825.00,24125.00,0.1800,4342.50,19782.50,12446.00,7336.50,USD,ASC Program,AGR-ORTHO-26-324,CPO-003-2025-0133,SI-882031,OPEN,2025-12-07T17:10:00+00:00
TXN-002033,SO-102032,2026-01-22,2026-01-22T14:11:00+00:00,CUS-007,Front Range Medical Center,Hospital,CO,Mountain,REP-021,TRI-KNEE-PS-05,Triathlon Knee,Total knee arthroplasty,4,4776.75,19107.00,0.1200,2292.84,16814.16,9956.80,6857.36,USD,Direct,AGR-ORTHO-26-317,CPO-007-2026-0134,SI-882032,PAID,2026-01-23T17:11:00+00:00
TXN-002034,SO-102033,2025-12-13,2025-12-13T14:12:00+00:00,CUS-006,Pacific Motion Surgery Partners,ASC,CA,West,REP-019,ACC-HIP-LIN-36,Acetabular System,Total hip arthroplasty,1,1156.40,1156.40,0.1100,127.20,1029.20,530.00,499.20,USD,Direct,AGR-ORTHO-26-310,CPO-006-2025-0135,SI-882033,OPEN,2025-12-14T17:12:00+00:00
TXN-002035,SO-102034,2026-01-13,2026-01-13T14:13:00+00:00,CUS-011,Desert Ridge Ambulatory Surgery,ASC,AZ,Mountain,REP-035,ACC-HIP-LIN-36,Acetabular System,Total hip arthroplasty,1,1168.20,1168.20,0.1100,128.50,1039.70,530.00,509.70,USD,Direct,AGR-ORTHO-26-310,CPO-011-2026-0136,SI-882034,PAID,2026-01-14T17:13:00+00:00
TXN-002036,SO-102035,2026-06-06,2026-06-06T14:14:00+00:00,CUS-012,New England Sports Medicine,Hospital,MA,Northeast,REP-039,TRI-KNEE-PS-05,Triathlon Knee,Total knee arthroplasty,3,4825.00,14475.00,0.1200,1737.00,12738.00,7467.60,5270.40,USD,Direct,AGR-ORTHO-26-317,CPO-012-2026-0137,SI-882035,OPEN,2026-06-06T17:14:00+00:00
TXN-002037,SO-102036,2026-01-27,2026-01-27T14:15:00+00:00,CUS-009,Northwest Specialty Distribution,Distributor,WA,West,REP-031,ACC-HIP-LIN-36,Acetabular System,Total hip arthroplasty,1,1203.60,1203.60,0.2300,276.83,926.77,540.60,386.17,USD,Direct,AGR-ORTHO-26-331,CPO-009-2026-0138,SI-882036,PAID,2026-01-28T17:15:00+00:00
TXN-002038,SO-102037,2025-11-08,2025-11-08T14:16:00+00:00,CUS-005,Lone Star Orthopedic Network,IDN,TX,South Central,REP-013,SPN-CAGE-LORD,Spine Interbody,Lumbar fusion,2,5260.00,10520.00,0.1950,2051.40,8468.60,5360.60,3108.00,USD,ASC Program,AGR-ORTHO-26-338,CPO-005-2025-0139,SI-882037,PAID,2025-11-08T17:16:00+00:00
TXN-002039,SO-102038,2026-02-25,2026-02-25T14:17:00+00:00,CUS-010,Prairie Orthopedics Cooperative,IDN,IL,Midwest,REP-029,ACC-HIP-LIN-36,Acetabular System,Total hip arthroplasty,1,1191.80,1191.80,0.1900,226.44,965.36,530.00,435.36,USD,Direct,AGR-ORTHO-26-338,CPO-010-2026-0140,SI-882038,PAID,2026-02-25T17:17:00+00:00
TXN-002040,SO-102039,2026-03-04,2026-03-04T14:18:00+00:00,CUS-012,New England Sports Medicine,Hospital,MA,Northeast,REP-036,MAKO-KNEE-KIT,Robotic Procedure Kit,Robotic-assisted knee,3,1656.40,4969.20,0.1350,670.84,4298.36,2028.60,2269.76,USD,Direct,AGR-ORTHO-26-317,CPO-012-2026-0141,SI-882039,OPEN,2026-03-04T17:18:00+00:00
TXN-002041,SO-102040,2026-06-12,2026-06-12T14:19:00+00:00,CUS-005,Lone Star Orthopedic Network,IDN,TX,South Central,REP-016,TRI-KNEE-PS-05,Triathlon Knee,Total knee arthroplasty,5,4873.25,24366.25,0.1950,4751.42,19614.83,12954.00,6660.83,USD,Direct,AGR-ORTHO-26-338,CPO-005-2026-0142,SI-882040,PAID,2026-06-12T17:19:00+00:00
TXN-002042,SO-102041,2026-04-08,2026-04-08T14:20:00+00:00,CUS-010,Prairie Orthopedics Cooperative,IDN,IL,Midwest,REP-032,MAKO-HIP-KIT,Robotic Procedure Kit,Robotic-assisted hip,3,1465.10,4395.30,0.1800,791.15,3604.15,1837.50,1766.65,USD,Direct,AGR-ORTHO-26-338,CPO-010-2026-0143,SI-882041,PAID,2026-04-08T17:20:00+00:00
TXN-002043,SO-102042,2025-10-09,2025-10-09T14:21:00+00:00,CUS-010,Prairie Orthopedics Cooperative,IDN,IL,Midwest,REP-033,SOM-SCREW-45,Trauma Plating,Trauma fixation,2,143.08,286.16,0.1900,54.37,231.79,82.32,149.47,USD,Direct,AGR-ORTHO-26-338,CPO-010-2025-0144,SI-882042,OPEN,2025-10-09T17:21:00+00:00
TXN-002044,SO-102043,2026-04-29,2026-04-29T14:22:00+00:00,CUS-010,Prairie Orthopedics Cooperative,IDN,IL,Midwest,REP-034,TRI-KNEE-CR-04,Triathlon Knee,Total knee arthroplasty,2,4292.40,8584.80,0.2000,1716.96,6867.84,4620.00,2247.84,USD,Direct,AGR-ORTHO-26-338,CPO-010-2026-0145,SI-882043,OPEN,2026-05-01T17:22:00+00:00
TXN-002045,SO-102044,2026-05-10,2026-05-10T14:23:00+00:00,CUS-001,Atlantic Ortho Alliance,IDN,PA,Northeast,REP-001,TRI-KNEE-CR-04,Triathlon Knee,Total knee arthroplasty,3,4380.00,13140.00,0.2300,3022.20,10117.80,6791.40,3326.40,USD,ASC Program,AGR-ORTHO-26-310,CPO-001-2026-0146,SI-882044,OPEN,2026-05-11T17:23:00+00:00
TXN-002046,SO-102045,2026-03-24,2026-03-24T14:24:00+00:00,CUS-010,Prairie Orthopedics Cooperative,IDN,IL,Midwest,REP-029,SPN-CAGE-LORD,Spine Interbody,Lumbar fusion,3,5154.80,15464.40,0.1950,3015.56,12448.84,8205.00,4243.84,USD,Direct,AGR-ORTHO-26-338,CPO-010-2026-0147,SI-882045,OPEN,2026-03-24T17:24:00+00:00
TXN-002047,SO-102046,2026-04-19,2026-04-19T14:25:00+00:00,CUS-006,Pacific Motion Surgery Partners,ASC,CA,West,REP-018,TRI-KNEE-CR-04,Triathlon Knee,Total knee arthroplasty,3,4423.80,13271.40,0.1100,1459.85,11811.55,6791.40,5020.15,USD,Direct,AGR-ORTHO-26-310,CPO-006-2026-0148,SI-882046,PAID,2026-04-19T17:25:00+00:00
TXN-002048,SO-102047,2026-03-23,2026-03-23T14:26:00+00:00,CUS-005,Lone Star Orthopedic Network,IDN,TX,South Central,REP-016,TRI-KNEE-PS-05,Triathlon Knee,Total knee arthroplasty,3,4873.25,14619.75,0.1900,2777.75,11842.00,7772.40,4069.60,USD,Direct,AGR-ORTHO-26-338,CPO-005-2026-0149,SI-882047,OPEN,2026-03-24T17:26:00+00:00
TXN-002049,SO-102048,2026-02-25,2026-02-25T14:27:00+00:00,CUS-012,New England Sports Medicine,Hospital,MA,Northeast,REP-038,TRI-KNEE-PS-05,Triathlon Knee,Total knee arthroplasty,1,4728.50,4728.50,0.1300,614.71,4113.79,2489.20,1624.59,USD,Direct,AGR-ORTHO-26-317,CPO-012-2026-0150,SI-882048,PAID,2026-02-27T17:27:00+00:00
TXN-002050,SO-102049,2026-01-08,2026-01-08T14:28:00+00:00,CUS-003,Great Lakes University Hospital,Academic Medical Center,OH,Midwest,REP-012,ACC-HIP-LIN-36,Acetabular System,Total hip arthroplasty,3,1203.60,3610.80,0.1600,577.73,3033.07,1621.80,1411.27,USD,ASC Program,AGR-ORTHO-26-324,CPO-003-2026-0151,SI-882049,OPEN,2026-01-08T17:28:00+00:00
TXN-002051,SO-102050,2026-05-27,2026-05-27T14:29:00+00:00,CUS-012,New England Sports Medicine,Hospital,MA,Northeast,REP-040,MAKO-HIP-KIT,Robotic Procedure Kit,Robotic-assisted hip,2,1480.05,2960.10,0.1300,384.81,2575.29,1275.00,1300.29,USD,Direct,AGR-ORTHO-26-317,CPO-012-2026-0152,SI-882050,PAID,2026-05-27T17:29:00+00:00
TXN-002052,SO-102051,2026-05-20,2026-05-20T14:30:00+00:00,CUS-006,Pacific Motion Surgery Partners,ASC,CA,West,REP-016,TRI-KNEE-CR-04,Triathlon Knee,Total knee arthroplasty,1,4336.20,4336.20,0.1150,498.66,3837.54,2263.80,1573.74,USD,ASC Program,AGR-ORTHO-26-310,CPO-006-2026-0153,SI-882051,OPEN,2026-05-20T17:30:00+00:00
TXN-002053,SO-102052,2025-11-15,2025-11-15T14:31:00+00:00,CUS-004,Blue Ridge Joint Institute,Hospital,NC,Southeast,REP-011,ACC-HIP-CUP-56,Acetabular System,Total hip arthroplasty,2,2915.50,5831.00,0.1300,758.03,5072.97,2976.00,2096.97,USD,Direct,AGR-ORTHO-26-331,CPO-004-2025-0154,SI-882052,OPEN,2025-11-15T17:31:00+00:00
TXN-002054,SO-102053,2026-05-10,2026-05-10T14:32:00+00:00,CUS-003,Great Lakes University Hospital,Academic Medical Center,OH,Midwest,REP-009,REV-FEM-STEM-12,Revision Hip,Revision arthroplasty,2,6420.00,12840.00,0.1800,2311.20,10528.80,6990.00,3538.80,USD,Direct,AGR-ORTHO-26-324,CPO-003-2026-0155,SI-882053,PARTIALLY_PAID,2026-05-10T17:32:00+00:00
TXN-002055,SO-102054,2026-02-14,2026-02-14T14:33:00+00:00,CUS-002,Hudson Valley Surgical Center,ASC,NY,Northeast,REP-007,REV-FEM-STEM-12,Revision Hip,Revision arthroplasty,1,6355.80,6355.80,0.1200,762.70,5593.10,3495.00,2098.10,USD,Direct,AGR-ORTHO-26-317,CPO-002-2026-0156,SI-882054,PARTIALLY_PAID,2026-02-14T17:33:00+00:00
TXN-002056,SO-102055,2025-10-18,2025-10-18T14:34:00+00:00,CUS-002,Hudson Valley Surgical Center,ASC,NY,Northeast,REP-008,TRI-KNEE-PS-05,Triathlon Knee,Total knee arthroplasty,3,4825.00,14475.00,0.1200,1737.00,12738.00,7772.40,4965.60,USD,Direct,AGR-ORTHO-26-317,CPO-002-2025-0157,SI-882055,PAID,2025-10-19T17:34:00+00:00
TXN-002057,SO-102056,2026-02-23,2026-02-23T14:35:00+00:00,CUS-001,Atlantic Ortho Alliance,IDN,PA,Northeast,REP-006,REV-FEM-STEM-12,Revision Hip,Revision arthroplasty,2,6420.00,12840.00,0.2000,2568.00,10272.00,6850.20,3421.80,USD,Direct,AGR-ORTHO-26-310,CPO-001-2026-0158,SI-882056,PAID,2026-02-25T17:35:00+00:00
TXN-002058,SO-102057,2026-03-28,2026-03-28T14:36:00+00:00,CUS-002,Hudson Valley Surgical Center,ASC,NY,Northeast,REP-010,TRI-KNEE-CR-04,Triathlon Knee,Total knee arthroplasty,1,4380.00,4380.00,0.1150,503.70,3876.30,2310.00,1566.30,USD,Direct,AGR-ORTHO-26-317,CPO-002-2026-0159,SI-882057,PAID,2026-03-28T17:36:00+00:00
TXN-002059,SO-102058,2026-04-14,2026-04-14T14:37:00+00:00,CUS-001,Atlantic Ortho Alliance,IDN,PA,Northeast,REP-001,SPN-CAGE-LORD,Spine Interbody,Lumbar fusion,3,5260.00,15780.00,0.2250,3550.50,12229.50,8205.00,4024.50,USD,Direct,AGR-ORTHO-26-310,CPO-001-2026-0160,SI-882058,PAID,2026-04-15T17:37:00+00:00
TXN-002060,SO-102059,2025-11-20,2025-11-20T14:38:00+00:00,CUS-001,Atlantic Ortho Alliance,IDN,PA,Northeast,REP-002,SOM-PLATE-8H,Trauma Plating,Trauma fixation,5,875.00,4375.00,0.1900,831.25,3543.75,1861.50,1682.25,USD,Direct,AGR-ORTHO-26-310,CPO-001-2025-0161,SI-882059,PAID,2025-11-21T17:38:00+00:00
TXN-002061,SO-102060,2026-02-20,2026-02-20T14:39:00+00:00,CUS-001,Atlantic Ortho Alliance,IDN,PA,Northeast,REP-003,ACC-HIP-CUP-56,Acetabular System,Total hip arthroplasty,1,2975.00,2975.00,0.2000,595.00,2380.00,1488.00,892.00,USD,ASC Program,AGR-ORTHO-26-310,CPO-001-2026-0162,SI-882060,OPEN,2026-02-20T17:39:00+00:00
TXN-002062,SO-102061,2026-05-18,2026-05-18T14:40:00+00:00,CUS-005,Lone Star Orthopedic Network,IDN,TX,South Central,REP-016,SOM-PLATE-8H,Trauma Plating,Trauma fixation,2,892.50,1785.00,0.1900,339.15,1445.85,715.40,730.45,USD,Distributor,AGR-ORTHO-26-338,CPO-005-2026-0163,SI-882061,PAID,2026-05-20T17:40:00+00:00
TXN-002063,SO-102062,2026-04-21,2026-04-21T14:41:00+00:00,CUS-011,Desert Ridge Ambulatory Surgery,ASC,AZ,Mountain,REP-035,ACC-HIP-CUP-56,Acetabular System,Total hip arthroplasty,1,2915.50,2915.50,0.1100,320.71,2594.79,1488.00,1106.79,USD,Direct,AGR-ORTHO-26-310,CPO-011-2026-0164,SI-882062,PAID,2026-04-22T17:41:00+00:00
TXN-002064,SO-102063,2025-11-15,2025-11-15T14:42:00+00:00,CUS-001,Atlantic Ortho Alliance,IDN,PA,Northeast,REP-006,ACC-HIP-CUP-56,Acetabular System,Total hip arthroplasty,3,2975.00,8925.00,0.2000,1785.00,7140.00,4464.00,2676.00,USD,Direct,AGR-ORTHO-26-310,CPO-001-2025-0165,SI-882063,PAID,2025-11-16T17:42:00+00:00
TXN-002065,SO-102064,2026-03-07,2026-03-07T14:43:00+00:00,CUS-001,Atlantic Ortho Alliance,IDN,PA,Northeast,REP-007,ACC-HIP-CUP-56,Acetabular System,Total hip arthroplasty,2,2975.00,5950.00,0.2000,1190.00,4760.00,2916.48,1843.52,USD,Direct,AGR-ORTHO-26-310,CPO-001-2026-0166,SI-882064,PARTIALLY_PAID,2026-03-07T17:43:00+00:00
TXN-002066,SO-102065,2026-03-15,2026-03-15T14:44:00+00:00,CUS-006,Pacific Motion Surgery Partners,ASC,CA,West,REP-016,SPN-CAGE-LORD,Spine Interbody,Lumbar fusion,4,5365.20,21460.80,0.1100,2360.69,19100.11,10940.00,8160.11,USD,Direct,AGR-ORTHO-26-310,CPO-006-2026-0167,SI-882065,PAID,2026-03-16T17:44:00+00:00
TXN-002067,SO-102066,2025-12-14,2025-12-14T14:45:00+00:00,CUS-004,Blue Ridge Joint Institute,Hospital,NC,Southeast,REP-011,REV-FEM-STEM-12,Revision Hip,Revision arthroplasty,1,6548.40,6548.40,0.1350,884.03,5664.37,3495.00,2169.37,USD,ASC Program,AGR-ORTHO-26-331,CPO-004-2025-0168,SI-882066,PAID,2025-12-14T17:45:00+00:00
TXN-002068,SO-102067,2026-01-05,2026-01-05T14:46:00+00:00,CUS-007,Front Range Medical Center,Hospital,CO,Mountain,REP-021,ACC-HIP-CUP-56,Acetabular System,Total hip arthroplasty,1,2975.00,2975.00,0.1300,386.75,2588.25,1488.00,1100.25,USD,Direct,AGR-ORTHO-26-317,CPO-007-2026-0169,SI-882067,OPEN,2026-01-05T17:46:00+00:00
TXN-002069,SO-102068,2026-04-30,2026-04-30T14:00:00+00:00,CUS-003,Great Lakes University Hospital,Academic Medical Center,OH,Midwest,REP-010,TRI-KNEE-CR-04,Triathlon Knee,Total knee arthroplasty,1,4380.00,4380.00,0.1600,700.80,3679.20,2310.00,1369.20,USD,Direct,AGR-ORTHO-26-324,CPO-003-2026-0170,SI-882068,OPEN,2026-05-01T17:00:00+00:00
TXN-002070,SO-102069,2025-11-21,2025-11-21T14:01:00+00:00,CUS-005,Lone Star Orthopedic Network,IDN,TX,South Central,REP-017,REV-FEM-STEM-12,Revision Hip,Revision arthroplasty,5,6291.60,31458.00,0.1950,6134.31,25323.69,17824.50,7499.19,USD,Direct,AGR-ORTHO-26-338,CPO-005-2025-0171,SI-882069,PAID,2025-11-21T17:01:00+00:00
TXN-002071,SO-102070,2026-04-11,2026-04-11T14:02:00+00:00,CUS-008,Gulf Coast Trauma Hospital,Hospital,FL,Southeast,REP-027,ACC-HIP-CUP-56,Acetabular System,Total hip arthroplasty,1,2945.25,2945.25,0.1200,353.43,2591.82,1458.24,1133.58,USD,ASC Program,AGR-ORTHO-26-324,CPO-008-2026-0172,SI-882070,PAID,2026-04-13T17:02:00+00:00
TXN-002072,SO-102071,2025-12-20,2025-12-20T14:03:00+00:00,CUS-004,Blue Ridge Joint Institute,Hospital,NC,Southeast,REP-016,REV-FEM-STEM-12,Revision Hip,Revision arthroplasty,4,6420.00,25680.00,0.1200,3081.60,22598.40,13980.00,8618.40,USD,Direct,AGR-ORTHO-26-331,CPO-004-2025-0173,SI-882071,OPEN,2025-12-20T17:03:00+00:00
TXN-002073,SO-102072,2026-05-07,2026-05-07T14:04:00+00:00,CUS-002,Hudson Valley Surgical Center,ASC,NY,Northeast,REP-004,SOM-SCREW-45,Trauma Plating,Trauma fixation,1,146.00,146.00,0.1500,21.90,124.10,42.84,81.26,USD,Direct,AGR-ORTHO-26-317,CPO-002-2026-0174,SI-882072,PAID,2026-05-09T17:04:00+00:00
TXN-002074,SO-102073,2026-02-03,2026-02-03T14:05:00+00:00,CUS-008,Gulf Coast Trauma Hospital,Hospital,FL,Southeast,REP-023,TRI-KNEE-PS-05,Triathlon Knee,Total knee arthroplasty,2,4728.50,9457.00,0.1300,1229.41,8227.59,5080.00,3147.59,USD,Direct,AGR-ORTHO-26-324,CPO-008-2026-0175,SI-882073,PAID,2026-02-03T17:05:00+00:00
TXN-002075,SO-102074,2026-02-22,2026-02-22T14:06:00+00:00,CUS-002,Hudson Valley Surgical Center,ASC,NY,Northeast,REP-006,MAKO-HIP-KIT,Robotic Procedure Kit,Robotic-assisted hip,1,1495.00,1495.00,0.1150,171.93,1323.07,612.50,710.57,USD,Direct,AGR-ORTHO-26-317,CPO-002-2026-0176,SI-882074,OPEN,2026-02-22T17:06:00+00:00
TXN-002076,SO-102075,2026-01-22,2026-01-22T14:07:00+00:00,CUS-010,Prairie Orthopedics Cooperative,IDN,IL,Midwest,REP-031,ACC-HIP-CUP-56,Acetabular System,Total hip arthroplasty,3,3004.75,9014.25,0.2000,1802.85,7211.40,4553.28,2658.12,USD,ASC Program,AGR-ORTHO-26-338,CPO-010-2026-0177,SI-882075,DISPUTED,2026-01-24T17:07:00+00:00
TXN-002077,SO-102076,2026-01-26,2026-01-26T14:08:00+00:00,CUS-002,Hudson Valley Surgical Center,ASC,NY,Northeast,REP-008,REV-FEM-STEM-12,Revision Hip,Revision arthroplasty,1,6355.80,6355.80,0.1100,699.14,5656.66,3495.00,2161.66,USD,Direct,AGR-ORTHO-26-317,CPO-002-2026-0178,SI-882076,PAID,2026-01-26T17:08:00+00:00
TXN-002078,SO-102077,2026-01-14,2026-01-14T14:09:00+00:00,CUS-001,Atlantic Ortho Alliance,IDN,PA,Northeast,REP-006,SOM-PLATE-8H,Trauma Plating,Trauma fixation,2,857.50,1715.00,0.2000,343.00,1372.00,730.00,642.00,USD,ASC Program,AGR-ORTHO-26-310,CPO-001-2026-0179,SI-882077,PAID,2026-01-14T17:09:00+00:00
TXN-002079,SO-102078,2026-02-14,2026-02-14T14:10:00+00:00,CUS-001,Atlantic Ortho Alliance,IDN,PA,Northeast,REP-007,SOM-SCREW-45,Trauma Plating,Trauma fixation,3,144.54,433.62,0.1950,84.56,349.06,123.48,225.58,USD,Distributor,AGR-ORTHO-26-310,CPO-001-2026-0180,SI-882078,PAID,2026-02-14T17:10:00+00:00
TXN-002080,SO-102079,2026-03-15,2026-03-15T14:11:00+00:00,CUS-001,Atlantic Ortho Alliance,IDN,PA,Northeast,REP-001,MAKO-KNEE-KIT,Robotic Procedure Kit,Robotic-assisted knee,1,1656.40,1656.40,0.1800,298.15,1358.25,676.20,682.05,USD,Distributor,AGR-ORTHO-26-310,CPO-001-2026-0181,SI-882079,PAID,2026-03-16T17:11:00+00:00
TXN-002081,SO-102080,2025-11-13,2025-11-13T14:12:00+00:00,CUS-001,Atlantic Ortho Alliance,IDN,PA,Northeast,REP-002,ACC-HIP-CUP-56,Acetabular System,Total hip arthroplasty,4,2945.25,11781.00,0.1900,2238.39,9542.61,6071.04,3471.57,USD,ASC Program,AGR-ORTHO-26-310,CPO-001-2025-0182,SI-882080,PAID,2025-11-13T17:12:00+00:00
TXN-002082,SO-102081,2026-03-31,2026-03-31T14:13:00+00:00,CUS-005,Lone Star Orthopedic Network,IDN,TX,South Central,REP-015,TRI-KNEE-PS-05,Triathlon Knee,Total knee arthroplasty,3,4728.50,14185.50,0.1950,2766.17,11419.33,7620.00,3799.33,USD,Direct,AGR-ORTHO-26-338,CPO-005-2026-0183,SI-882081,PARTIALLY_PAID,2026-04-01T17:13:00+00:00
TXN-002083,SO-102082,2026-05-11,2026-05-11T14:14:00+00:00,CUS-012,New England Sports Medicine,Hospital,MA,Northeast,REP-037,MAKO-HIP-KIT,Robotic Procedure Kit,Robotic-assisted hip,1,1524.90,1524.90,0.1750,266.86,1258.04,625.00,633.04,USD,Direct,AGR-ORTHO-26-317,CPO-012-2026-0184,SI-882082,OPEN,2026-05-11T17:14:00+00:00
TXN-002084,SO-102083,2026-04-24,2026-04-24T14:15:00+00:00,CUS-005,Lone Star Orthopedic Network,IDN,TX,South Central,REP-017,ACC-HIP-CUP-56,Acetabular System,Total hip arthroplasty,1,3004.75,3004.75,0.1800,540.86,2463.89,1488.00,975.89,USD,Direct,AGR-ORTHO-26-338,CPO-005-2026-0185,SI-882083,OPEN,2026-04-24T17:15:00+00:00
TXN-002085,SO-102084,2026-01-17,2026-01-17T14:16:00+00:00,CUS-001,Atlantic Ortho Alliance,IDN,PA,Northeast,REP-006,TRI-KNEE-CR-04,Triathlon Knee,Total knee arthroplasty,3,4380.00,13140.00,0.2000,2628.00,10512.00,7068.60,3443.40,USD,Direct,AGR-ORTHO-26-310,CPO-001-2026-0186,SI-882084,OPEN,2026-01-19T17:16:00+00:00
TXN-002086,SO-102085,2026-05-09,2026-05-09T14:17:00+00:00,CUS-006,Pacific Motion Surgery Partners,ASC,CA,West,REP-022,ACC-HIP-LIN-36,Acetabular System,Total hip arthroplasty,2,1180.00,2360.00,0.1000,236.00,2124.00,1038.80,1085.20,USD,ASC Program,AGR-ORTHO-26-310,CPO-006-2026-0187,SI-882085,PAID,2026-05-10T17:17:00+00:00
TXN-002087,SO-102086,2026-03-10,2026-03-10T14:18:00+00:00,CUS-012,New England Sports Medicine,Hospital,MA,Northeast,REP-034,TRI-KNEE-CR-04,Triathlon Knee,Total knee arthroplasty,1,4380.00,4380.00,0.1300,569.40,3810.60,2263.80,1546.80,USD,ASC Program,AGR-ORTHO-26-317,CPO-012-2026-0188,SI-882086,PAID,2026-03-11T17:18:00+00:00
TXN-002088,SO-102087,2026-03-03,2026-03-03T14:19:00+00:00,CUS-003,Great Lakes University Hospital,Academic Medical Center,OH,Midwest,REP-008,MAKO-KNEE-KIT,Robotic Procedure Kit,Robotic-assisted knee,3,1640.00,4920.00,0.1700,836.40,4083.60,2111.40,1972.20,USD,Direct,AGR-ORTHO-26-324,CPO-003-2026-0189,SI-882087,PAID,2026-03-03T17:19:00+00:00
TXN-002089,SO-102088,2025-12-09,2025-12-09T14:20:00+00:00,CUS-010,Prairie Orthopedics Cooperative,IDN,IL,Midwest,REP-030,MAKO-KNEE-KIT,Robotic Procedure Kit,Robotic-assisted knee,5,1672.80,8364.00,0.1950,1630.98,6733.02,3381.00,3352.02,USD,Direct,AGR-ORTHO-26-338,CPO-010-2025-0190,SI-882088,PAID,2025-12-09T17:20:00+00:00
TXN-002090,SO-102089,2026-05-07,2026-05-07T14:21:00+00:00,CUS-002,Hudson Valley Surgical Center,ASC,NY,Northeast,REP-007,REV-FEM-STEM-12,Revision Hip,Revision arthroplasty,3,6420.00,19260.00,0.1450,2792.70,16467.30,10694.70,5772.60,USD,Direct,AGR-ORTHO-26-317,CPO-002-2026-0191,SI-882089,OPEN,2026-05-07T17:21:00+00:00
TXN-002091,SO-102090,2026-04-18,2026-04-18T14:22:00+00:00,CUS-001,Atlantic Ortho Alliance,IDN,PA,Northeast,REP-005,TRI-KNEE-PS-05,Triathlon Knee,Total knee arthroplasty,1,4873.25,4873.25,0.2300,1120.85,3752.40,2540.00,1212.40,USD,ASC Program,AGR-ORTHO-26-310,CPO-001-2026-0192,SI-882090,OPEN,2026-04-18T17:22:00+00:00
TXN-002092,SO-102091,2026-04-27,2026-04-27T14:23:00+00:00,CUS-009,Northwest Specialty Distribution,Distributor,WA,West,REP-030,TRI-KNEE-CR-04,Triathlon Knee,Total knee arthroplasty,1,4380.00,4380.00,0.2400,1051.20,3328.80,2356.20,972.60,USD,Direct,AGR-ORTHO-26-331,CPO-009-2026-0193,SI-882091,DISPUTED,2026-04-29T17:23:00+00:00
TXN-002093,SO-102092,2025-12-16,2025-12-16T14:24:00+00:00,CUS-003,Great Lakes University Hospital,Academic Medical Center,OH,Midwest,REP-013,ACC-HIP-CUP-56,Acetabular System,Total hip arthroplasty,2,2975.00,5950.00,0.1600,952.00,4998.00,3035.52,1962.48,USD,ASC Program,AGR-ORTHO-26-324,CPO-003-2025-0194,SI-882092,PAID,2025-12-17T17:24:00+00:00
TXN-002094,SO-102093,2026-01-31,2026-01-31T14:25:00+00:00,CUS-001,Atlantic Ortho Alliance,IDN,PA,Northeast,REP-001,TRI-KNEE-PS-05,Triathlon Knee,Total knee arthroplasty,1,4921.50,4921.50,0.1950,959.69,3961.81,2590.80,1371.01,USD,Direct,AGR-ORTHO-26-310,CPO-001-2026-0195,SI-882093,PAID,2026-01-31T17:25:00+00:00
TXN-002095,SO-102094,2026-05-29,2026-05-29T14:26:00+00:00,CUS-002,Hudson Valley Surgical Center,ASC,NY,Northeast,REP-005,TRI-KNEE-PS-05,Triathlon Knee,Total knee arthroplasty,1,4873.25,4873.25,0.1100,536.06,4337.19,2489.20,1847.99,USD,ASC Program,AGR-ORTHO-26-317,CPO-002-2026-0196,SI-882094,PAID,2026-05-30T17:26:00+00:00
TXN-002096,SO-102095,2026-03-29,2026-03-29T14:27:00+00:00,CUS-009,Northwest Specialty Distribution,Distributor,WA,West,REP-027,ACC-HIP-CUP-56,Acetabular System,Total hip arthroplasty,1,3004.75,3004.75,0.2400,721.14,2283.61,1488.00,795.61,USD,Direct,AGR-ORTHO-26-331,CPO-009-2026-0197,SI-882095,PAID,2026-03-29T17:27:00+00:00
TXN-002097,SO-102096,2026-02-06,2026-02-06T14:28:00+00:00,CUS-002,Hudson Valley Surgical Center,ASC,NY,Northeast,REP-007,ACC-HIP-CUP-56,Acetabular System,Total hip arthroplasty,2,2975.00,5950.00,0.1000,595.00,5355.00,3035.52,2319.48,USD,Direct,AGR-ORTHO-26-317,CPO-002-2026-0198,SI-882096,PAID,2026-02-08T17:28:00+00:00
TXN-002098,SO-102097,2026-03-19,2026-03-19T14:29:00+00:00,CUS-007,Front Range Medical Center,Hospital,CO,Mountain,REP-023,ACC-HIP-CUP-56,Acetabular System,Total hip arthroplasty,4,2975.00,11900.00,0.1350,1606.50,10293.50,5832.96,4460.54,USD,Direct,AGR-ORTHO-26-317,CPO-007-2026-0199,SI-882097,PAID,2026-03-21T17:29:00+00:00
TXN-002099,SO-102098,2026-05-01,2026-05-01T14:30:00+00:00,CUS-003,Great Lakes University Hospital,Academic Medical Center,OH,Midwest,REP-012,MAKO-KNEE-KIT,Robotic Procedure Kit,Robotic-assisted knee,1,1640.00,1640.00,0.1600,262.40,1377.60,703.80,673.80,USD,Direct,AGR-ORTHO-26-324,CPO-003-2026-0200,SI-882098,PAID,2026-05-03T17:30:00+00:00
TXN-002100,SO-102099,2026-01-22,2026-01-22T14:31:00+00:00,CUS-005,Lone Star Orthopedic Network,IDN,TX,South Central,REP-019,MAKO-KNEE-KIT,Robotic Procedure Kit,Robotic-assisted knee,4,1640.00,6560.00,0.1900,1246.40,5313.60,2815.20,2498.40,USD,Distributor,AGR-ORTHO-26-338,CPO-005-2026-0201,SI-882099,PAID,2026-01-23T17:31:00+00:00
TXN-002101,SO-102100,2026-03-24,2026-03-24T14:32:00+00:00,CUS-012,New England Sports Medicine,Hospital,MA,Northeast,REP-034,MAKO-HIP-KIT,Robotic Procedure Kit,Robotic-assisted hip,1,1465.10,1465.10,0.1200,175.81,1289.29,637.50,651.79,USD,Direct,AGR-ORTHO-26-317,CPO-012-2026-0202,SI-882100,OPEN,2026-03-24T17:32:00+00:00
TXN-002102,SO-102101,2026-03-14,2026-03-14T14:33:00+00:00,CUS-011,Desert Ridge Ambulatory Surgery,ASC,AZ,Mountain,REP-032,SOM-PLATE-8H,Trauma Plating,Trauma fixation,1,875.00,875.00,0.1100,96.25,778.75,365.00,413.75,USD,ASC Program,AGR-ORTHO-26-310,CPO-011-2026-0203,SI-882101,PAID,2026-03-15T17:33:00+00:00
TXN-002103,SO-102102,2026-05-22,2026-05-22T14:34:00+00:00,CUS-007,Front Range Medical Center,Hospital,CO,Mountain,REP-021,SPN-CAGE-LORD,Spine Interbody,Lumbar fusion,5,5154.80,25774.00,0.1200,3092.88,22681.12,13948.50,8732.62,USD,Direct,AGR-ORTHO-26-317,CPO-007-2026-0204,SI-882102,PAID,2026-05-23T17:34:00+00:00
TXN-002104,SO-102103,2026-03-10,2026-03-10T14:35:00+00:00,CUS-006,Pacific Motion Surgery Partners,ASC,CA,West,REP-019,TRI-KNEE-PS-05,Triathlon Knee,Total knee arthroplasty,4,4921.50,19686.00,0.1100,2165.46,17520.54,9956.80,7563.74,USD,Distributor,AGR-ORTHO-26-310,CPO-006-2026-0205,SI-882103,PAID,2026-03-12T17:35:00+00:00
TXN-002105,SO-102104,2026-01-31,2026-01-31T14:36:00+00:00,CUS-011,Desert Ridge Ambulatory Surgery,ASC,AZ,Mountain,REP-035,TRI-KNEE-PS-05,Triathlon Knee,Total knee arthroplasty,3,4825.00,14475.00,0.1150,1664.63,12810.37,7467.60,5342.77,USD,Direct,AGR-ORTHO-26-310,CPO-011-2026-0206,SI-882104,PAID,2026-01-31T17:36:00+00:00
TXN-002106,SO-102105,2026-05-26,2026-05-26T14:37:00+00:00,CUS-007,Front Range Medical Center,Hospital,CO,Mountain,REP-024,MAKO-HIP-KIT,Robotic Procedure Kit,Robotic-assisted hip,1,1495.00,1495.00,0.1300,194.35,1300.65,625.00,675.65,USD,Distributor,AGR-ORTHO-26-317,CPO-007-2026-0207,SI-882105,PAID,2026-05-27T17:37:00+00:00
TXN-002107,SO-102106,2026-03-21,2026-03-21T14:38:00+00:00,CUS-007,Front Range Medical Center,Hospital,CO,Mountain,REP-025,ACC-HIP-LIN-36,Acetabular System,Total hip arthroplasty,1,1168.20,1168.20,0.1200,140.18,1028.02,519.40,508.62,USD,ASC Program,AGR-ORTHO-26-317,CPO-007-2026-0208,SI-882106,PAID,2026-03-21T17:38:00+00:00
TXN-002108,SO-102107,2026-02-22,2026-02-22T14:39:00+00:00,CUS-001,Atlantic Ortho Alliance,IDN,PA,Northeast,REP-001,ACC-HIP-CUP-56,Acetabular System,Total hip arthroplasty,3,2915.50,8746.50,0.2000,1749.30,6997.20,4553.28,2443.92,USD,Distributor,AGR-ORTHO-26-310,CPO-001-2026-0209,SI-882107,PAID,2026-02-22T17:39:00+00:00
TXN-002109,SO-102108,2026-02-08,2026-02-08T14:40:00+00:00,CUS-005,Lone Star Orthopedic Network,IDN,TX,South Central,REP-014,REV-FEM-STEM-12,Revision Hip,Revision arthroplasty,3,6484.20,19452.60,0.2000,3890.52,15562.08,10485.00,5077.08,USD,Direct,AGR-ORTHO-26-338,CPO-005-2026-0210,SI-882108,PAID,2026-02-08T17:40:00+00:00
TXN-002110,SO-102109,2026-05-01,2026-05-01T14:41:00+00:00,CUS-006,Pacific Motion Surgery Partners,ASC,CA,West,REP-018,TRI-KNEE-PS-05,Triathlon Knee,Total knee arthroplasty,1,4825.00,4825.00,0.1150,554.88,4270.12,2540.00,1730.12,USD,ASC Program,AGR-ORTHO-26-310,CPO-006-2026-0211,SI-882109,OPEN,2026-05-01T17:41:00+00:00
TXN-002111,SO-102110,2025-10-12,2025-10-12T14:42:00+00:00,CUS-007,Front Range Medical Center,Hospital,CO,Mountain,REP-022,MAKO-KNEE-KIT,Robotic Procedure Kit,Robotic-assisted knee,3,1640.00,4920.00,0.1300,639.60,4280.40,2070.00,2210.40,USD,Direct,AGR-ORTHO-26-317,CPO-007-2025-0001,SI-882110,PAID,2025-10-12T17:42:00+00:00
TXN-002112,SO-102111,2026-06-18,2026-06-18T14:43:00+00:00,CUS-012,New England Sports Medicine,Hospital,MA,Northeast,REP-038,ACC-HIP-LIN-36,Acetabular System,Total hip arthroplasty,2,1156.40,2312.80,0.1300,300.66,2012.14,1081.20,930.94,USD,ASC Program,AGR-ORTHO-26-317,CPO-012-2026-0002,SI-882111,PAID,2026-06-18T17:43:00+00:00
TXN-002113,SO-102112,2026-05-19,2026-05-19T14:44:00+00:00,CUS-011,Desert Ridge Ambulatory Surgery,ASC,AZ,Mountain,REP-036,MAKO-KNEE-KIT,Robotic Procedure Kit,Robotic-assisted knee,1,1672.80,1672.80,0.1100,184.01,1488.79,676.20,812.59,USD,Direct,AGR-ORTHO-26-310,CPO-011-2026-0003,SI-882112,OPEN,2026-05-20T17:44:00+00:00
TXN-002114,SO-102113,2026-01-18,2026-01-18T14:45:00+00:00,CUS-012,New England Sports Medicine,Hospital,MA,Northeast,REP-040,MAKO-KNEE-KIT,Robotic Procedure Kit,Robotic-assisted knee,1,1607.20,1607.20,0.1400,225.01,1382.19,690.00,692.19,USD,ASC Program,AGR-ORTHO-26-317,CPO-012-2026-0004,SI-882113,OPEN,2026-01-19T17:45:00+00:00
TXN-002115,SO-102114,2026-04-25,2026-04-25T14:46:00+00:00,CUS-011,Desert Ridge Ambulatory Surgery,ASC,AZ,Mountain,REP-031,ACC-HIP-CUP-56,Acetabular System,Total hip arthroplasty,1,2915.50,2915.50,0.1000,291.55,2623.95,1488.00,1135.95,USD,Direct,AGR-ORTHO-26-310,CPO-011-2026-0005,SI-882114,PAID,2026-04-26T17:46:00+00:00
TXN-002116,SO-102115,2026-01-21,2026-01-21T14:00:00+00:00,CUS-005,Lone Star Orthopedic Network,IDN,TX,South Central,REP-014,REV-FEM-STEM-12,Revision Hip,Revision arthroplasty,2,6355.80,12711.60,0.1800,2288.09,10423.51,6990.00,3433.51,USD,Direct,AGR-ORTHO-26-338,CPO-005-2026-0006,SI-882115,OPEN,2026-01-21T17:00:00+00:00
TXN-002117,SO-102116,2026-04-26,2026-04-26T14:01:00+00:00,CUS-012,New England Sports Medicine,Hospital,MA,Northeast,REP-036,TRI-KNEE-CR-04,Triathlon Knee,Total knee arthroplasty,2,4380.00,8760.00,0.1750,1533.00,7227.00,4620.00,2607.00,USD,ASC Program,AGR-ORTHO-26-317,CPO-012-2026-0007,SI-882116,PARTIALLY_PAID,2026-04-27T17:01:00+00:00
TXN-002118,SO-102117,2026-03-18,2026-03-18T14:02:00+00:00,CUS-007,Front Range Medical Center,Hospital,CO,Mountain,REP-022,SOM-PLATE-8H,Trauma Plating,Trauma fixation,2,875.00,1750.00,0.1200,210.00,1540.00,715.40,824.60,USD,Direct,AGR-ORTHO-26-317,CPO-007-2026-0008,SI-882117,PAID,2026-03-19T17:02:00+00:00
TXN-002119,SO-102118,2026-03-23,2026-03-23T14:03:00+00:00,CUS-006,Pacific Motion Surgery Partners,ASC,CA,West,REP-020,MAKO-KNEE-KIT,Robotic Procedure Kit,Robotic-assisted knee,2,1623.60,3247.20,0.1100,357.19,2890.01,1407.60,1482.41,USD,Direct,AGR-ORTHO-26-310,CPO-006-2026-0009,SI-882118,OPEN,2026-03-24T17:03:00+00:00
TXN-002120,SO-102119,2026-05-08,2026-05-08T14:04:00+00:00,CUS-006,Pacific Motion Surgery Partners,ASC,CA,West,REP-021,MAKO-KNEE-KIT,Robotic Procedure Kit,Robotic-assisted knee,3,1623.60,4870.80,0.1150,560.14,4310.66,2070.00,2240.66,USD,Direct,AGR-ORTHO-26-310,CPO-006-2026-0010,SI-882119,PAID,2026-05-08T17:04:00+00:00
TXN-002121,SO-102120,2026-04-25,2026-04-25T14:05:00+00:00,CUS-001,Atlantic Ortho Alliance,IDN,PA,Northeast,REP-007,MAKO-KNEE-KIT,Robotic Procedure Kit,Robotic-assisted knee,4,1607.20,6428.80,0.2300,1478.62,4950.18,2815.20,2134.98,USD,ASC Program,AGR-ORTHO-26-310,CPO-001-2026-0011,SI-882120,PAID,2026-04-26T17:05:00+00:00
TXN-002122,SO-102121,2026-05-17,2026-05-17T14:06:00+00:00,CUS-007,Front Range Medical Center,Hospital,CO,Mountain,REP-019,MAKO-KNEE-KIT,Robotic Procedure Kit,Robotic-assisted knee,2,1656.40,3312.80,0.1300,430.66,2882.14,1407.60,1474.54,USD,Direct,AGR-ORTHO-26-317,CPO-007-2026-0012,SI-882121,OPEN,2026-05-19T17:06:00+00:00
TXN-002123,SO-102122,2025-12-29,2025-12-29T14:07:00+00:00,CUS-004,Blue Ridge Joint Institute,Hospital,NC,Southeast,REP-011,TRI-KNEE-CR-04,Triathlon Knee,Total knee arthroplasty,1,4467.60,4467.60,0.1200,536.11,3931.49,2263.80,1667.69,USD,Direct,AGR-ORTHO-26-331,CPO-004-2025-0013,SI-882122,PAID,2025-12-30T17:07:00+00:00
TXN-002124,SO-102123,2025-10-27,2025-10-27T14:08:00+00:00,CUS-004,Blue Ridge Joint Institute,Hospital,NC,Southeast,REP-012,SOM-SCREW-45,Trauma Plating,Trauma fixation,1,146.00,146.00,0.1300,18.98,127.02,41.16,85.86,USD,Direct,AGR-ORTHO-26-331,CPO-004-2025-0014,SI-882123,PAID,2025-10-28T17:08:00+00:00
TXN-002125,SO-102124,2026-02-05,2026-02-05T14:09:00+00:00,CUS-010,Prairie Orthopedics Cooperative,IDN,IL,Midwest,REP-031,ACC-HIP-LIN-36,Acetabular System,Total hip arthroplasty,1,1156.40,1156.40,0.2000,231.28,925.12,530.00,395.12,USD,Direct,AGR-ORTHO-26-338,CPO-010-2026-0015,SI-882124,PAID,2026-02-05T17:09:00+00:00
TXN-002126,SO-102125,2026-05-26,2026-05-26T14:10:00+00:00,CUS-005,Lone Star Orthopedic Network,IDN,TX,South Central,REP-017,MAKO-KNEE-KIT,Robotic Procedure Kit,Robotic-assisted knee,1,1607.20,1607.20,0.1900,305.37,1301.83,676.20,625.63,USD,ASC Program,AGR-ORTHO-26-338,CPO-005-2026-0016,SI-882125,OPEN,2026-05-26T17:10:00+00:00
TXN-002127,SO-102126,2026-05-21,2026-05-21T14:11:00+00:00,CUS-005,Lone Star Orthopedic Network,IDN,TX,South Central,REP-018,ACC-HIP-CUP-56,Acetabular System,Total hip arthroplasty,4,2915.50,11662.00,0.1950,2274.09,9387.91,6071.04,3316.87,USD,Direct,AGR-ORTHO-26-338,CPO-005-2026-0017,SI-882126,PAID,2026-05-21T17:11:00+00:00
TXN-002128,SO-102127,2026-04-20,2026-04-20T14:12:00+00:00,CUS-005,Lone Star Orthopedic Network,IDN,TX,South Central,REP-019,TRI-KNEE-CR-04,Triathlon Knee,Total knee arthroplasty,1,4380.00,4380.00,0.1950,854.10,3525.90,2310.00,1215.90,USD,Direct,AGR-ORTHO-26-338,CPO-005-2026-0018,SI-882127,PAID,2026-04-22T17:12:00+00:00
TXN-002129,SO-102128,2025-12-04,2025-12-04T14:13:00+00:00,CUS-005,Lone Star Orthopedic Network,IDN,TX,South Central,REP-013,ACC-HIP-LIN-36,Acetabular System,Total hip arthroplasty,4,1180.00,4720.00,0.1900,896.80,3823.20,2077.60,1745.60,USD,Direct,AGR-ORTHO-26-338,CPO-005-2025-0019,SI-882128,PAID,2025-12-04T17:13:00+00:00
TXN-002130,SO-102129,2026-03-27,2026-03-27T14:14:00+00:00,CUS-001,Atlantic Ortho Alliance,IDN,PA,Northeast,REP-002,TRI-KNEE-CR-04,Triathlon Knee,Total knee arthroplasty,5,4467.60,22338.00,0.1900,4244.22,18093.78,11781.00,6312.78,USD,ASC Program,AGR-ORTHO-26-310,CPO-001-2026-0020,SI-882129,PAID,2026-03-27T17:14:00+00:00
TXN-002131,SO-102130,2026-02-16,2026-02-16T14:15:00+00:00,CUS-009,Northwest Specialty Distribution,Distributor,WA,West,REP-027,TRI-KNEE-CR-04,Triathlon Knee,Total knee arthroplasty,2,4336.20,8672.40,0.2400,2081.38,6591.02,4527.60,2063.42,USD,ASC Program,AGR-ORTHO-26-331,CPO-009-2026-0021,SI-882130,PAID,2026-02-18T17:15:00+00:00
TXN-002132,SO-102131,2026-04-04,2026-04-04T14:16:00+00:00,CUS-004,Blue Ridge Joint Institute,Hospital,NC,Southeast,REP-013,ACC-HIP-LIN-36,Acetabular System,Total hip arthroplasty,1,1180.00,1180.00,0.1300,153.40,1026.60,530.00,496.60,USD,Distributor,AGR-ORTHO-26-331,CPO-004-2026-0022,SI-882131,PAID,2026-04-04T17:16:00+00:00
TXN-002133,SO-102132,2026-01-29,2026-01-29T14:17:00+00:00,CUS-004,Blue Ridge Joint Institute,Hospital,NC,Southeast,REP-014,MAKO-KNEE-KIT,Robotic Procedure Kit,Robotic-assisted knee,1,1623.60,1623.60,0.1300,211.07,1412.53,690.00,722.53,USD,Direct,AGR-ORTHO-26-331,CPO-004-2026-0023,SI-882132,OPEN,2026-01-29T17:17:00+00:00
TXN-002134,SO-102133,2026-05-31,2026-05-31T14:18:00+00:00,CUS-001,Atlantic Ortho Alliance,IDN,PA,Northeast,REP-006,SOM-PLATE-8H,Trauma Plating,Trauma fixation,2,892.50,1785.00,0.1800,321.30,1463.70,715.40,748.30,USD,Direct,AGR-ORTHO-26-310,CPO-001-2026-0024,SI-882133,PAID,2026-06-01T17:18:00+00:00
TXN-002135,SO-102134,2026-03-30,2026-03-30T14:19:00+00:00,CUS-003,Great Lakes University Hospital,Academic Medical Center,OH,Midwest,REP-013,MAKO-KNEE-KIT,Robotic Procedure Kit,Robotic-assisted knee,2,1640.00,3280.00,0.1700,557.60,2722.40,1380.00,1342.40,USD,Direct,AGR-ORTHO-26-324,CPO-003-2026-0025,SI-882134,PAID,2026-03-30T17:19:00+00:00
TXN-002136,SO-102135,2026-06-15,2026-06-15T14:20:00+00:00,CUS-006,Pacific Motion Surgery Partners,ASC,CA,West,REP-016,TRI-KNEE-PS-05,Triathlon Knee,Total knee arthroplasty,2,4776.75,9553.50,0.1000,955.35,8598.15,4978.40,3619.75,USD,Direct,AGR-ORTHO-26-310,CPO-006-2026-0026,SI-882135,PAID,2026-06-16T17:20:00+00:00
TXN-002137,SO-102136,2026-05-19,2026-05-19T14:21:00+00:00,CUS-006,Pacific Motion Surgery Partners,ASC,CA,West,REP-017,TRI-KNEE-CR-04,Triathlon Knee,Total knee arthroplasty,1,4467.60,4467.60,0.1200,536.11,3931.49,2356.20,1575.29,USD,Direct,AGR-ORTHO-26-310,CPO-006-2026-0027,SI-882136,OPEN,2026-05-21T17:21:00+00:00
TXN-002138,SO-102137,2026-06-17,2026-06-17T14:22:00+00:00,CUS-011,Desert Ridge Ambulatory Surgery,ASC,AZ,Mountain,REP-033,ACC-HIP-CUP-56,Acetabular System,Total hip arthroplasty,2,2975.00,5950.00,0.1000,595.00,5355.00,2976.00,2379.00,USD,ASC Program,AGR-ORTHO-26-310,CPO-011-2026-0028,SI-882137,OPEN,2026-06-17T17:22:00+00:00
TXN-002139,SO-102138,2026-03-21,2026-03-21T14:23:00+00:00,CUS-001,Atlantic Ortho Alliance,IDN,PA,Northeast,REP-004,TRI-KNEE-PS-05,Triathlon Knee,Total knee arthroplasty,1,4825.00,4825.00,0.1900,916.75,3908.25,2540.00,1368.25,USD,ASC Program,AGR-ORTHO-26-310,CPO-001-2026-0029,SI-882138,PAID,2026-03-21T17:23:00+00:00
TXN-002140,SO-102139,2026-02-08,2026-02-08T14:24:00+00:00,CUS-003,Great Lakes University Hospital,Academic Medical Center,OH,Midwest,REP-011,ACC-HIP-CUP-56,Acetabular System,Total hip arthroplasty,3,2975.00,8925.00,0.1750,1561.88,7363.12,4374.72,2988.40,USD,Direct,AGR-ORTHO-26-324,CPO-003-2026-0030,SI-882139,OPEN,2026-02-08T17:24:00+00:00
TXN-002141,SO-102140,2026-03-01,2026-03-01T14:25:00+00:00,CUS-003,Great Lakes University Hospital,Academic Medical Center,OH,Midwest,REP-012,ACC-HIP-CUP-56,Acetabular System,Total hip arthroplasty,5,2975.00,14875.00,0.1600,2380.00,12495.00,7291.20,5203.80,USD,Direct,AGR-ORTHO-26-324,CPO-003-2026-0031,SI-882140,PAID,2026-03-02T17:25:00+00:00
TXN-002142,SO-102141,2026-02-14,2026-02-14T14:26:00+00:00,CUS-005,Lone Star Orthopedic Network,IDN,TX,South Central,REP-019,TRI-KNEE-PS-05,Triathlon Knee,Total knee arthroplasty,2,4728.50,9457.00,0.1950,1844.12,7612.88,5080.00,2532.88,USD,Direct,AGR-ORTHO-26-338,CPO-005-2026-0032,SI-882141,PARTIALLY_PAID,2026-02-14T17:26:00+00:00
TXN-002143,SO-102142,2026-03-03,2026-03-03T14:27:00+00:00,CUS-009,Northwest Specialty Distribution,Distributor,WA,West,REP-025,MAKO-KNEE-KIT,Robotic Procedure Kit,Robotic-assisted knee,1,1656.40,1656.40,0.2400,397.54,1258.86,703.80,555.06,USD,Direct,AGR-ORTHO-26-331,CPO-009-2026-0033,SI-882142,PAID,2026-03-04T17:27:00+00:00
TXN-002144,SO-102143,2026-04-14,2026-04-14T14:28:00+00:00,CUS-006,Pacific Motion Surgery Partners,ASC,CA,West,REP-017,REV-FEM-STEM-12,Revision Hip,Revision arthroplasty,3,6355.80,19067.40,0.1000,1906.74,17160.66,10485.00,6675.66,USD,Direct,AGR-ORTHO-26-310,CPO-006-2026-0034,SI-882143,PAID,2026-04-14T17:28:00+00:00
TXN-002145,SO-102144,2026-06-05,2026-06-05T14:29:00+00:00,CUS-005,Lone Star Orthopedic Network,IDN,TX,South Central,REP-015,TRI-KNEE-CR-04,Triathlon Knee,Total knee arthroplasty,8,4292.40,34339.20,0.1900,6524.45,27814.75,18849.60,8965.15,USD,Direct,AGR-ORTHO-26-338,CPO-005-2026-0035,SI-882144,OPEN,2026-06-07T17:29:00+00:00
TXN-002146,SO-102145,2026-01-21,2026-01-21T14:30:00+00:00,CUS-003,Great Lakes University Hospital,Academic Medical Center,OH,Midwest,REP-010,ACC-HIP-CUP-56,Acetabular System,Total hip arthroplasty,1,2915.50,2915.50,0.1700,495.64,2419.86,1488.00,931.86,USD,Direct,AGR-ORTHO-26-324,CPO-003-2026-0036,SI-882145,PAID,2026-01-23T17:30:00+00:00
TXN-002147,SO-102146,2025-11-13,2025-11-13T14:31:00+00:00,CUS-007,Front Range Medical Center,Hospital,CO,Mountain,REP-023,SPN-CAGE-LORD,Spine Interbody,Lumbar fusion,1,5154.80,5154.80,0.1400,721.67,4433.13,2735.00,1698.13,USD,Direct,AGR-ORTHO-26-317,CPO-007-2025-0037,SI-882146,PAID,2025-11-14T17:31:00+00:00
TXN-002148,SO-102147,2026-04-08,2026-04-08T14:32:00+00:00,CUS-003,Great Lakes University Hospital,Academic Medical Center,OH,Midwest,REP-012,ACC-HIP-LIN-36,Acetabular System,Total hip arthroplasty,3,1156.40,3469.20,0.1750,607.11,2862.09,1558.20,1303.89,USD,Direct,AGR-ORTHO-26-324,CPO-003-2026-0038,SI-882147,OPEN,2026-04-08T17:32:00+00:00
TXN-002149,SO-102148,2026-03-09,2026-03-09T14:33:00+00:00,CUS-009,Northwest Specialty Distribution,Distributor,WA,West,REP-031,SPN-CAGE-LORD,Spine Interbody,Lumbar fusion,3,5207.40,15622.20,0.2450,3827.44,11794.76,8205.00,3589.76,USD,Direct,AGR-ORTHO-26-331,CPO-009-2026-0039,SI-882148,PAID,2026-03-09T17:33:00+00:00
TXN-002150,SO-102149,2026-03-03,2026-03-03T14:34:00+00:00,CUS-006,Pacific Motion Surgery Partners,ASC,CA,West,REP-016,TRI-KNEE-CR-04,Triathlon Knee,Total knee arthroplasty,1,4380.00,4380.00,0.1200,525.60,3854.40,2310.00,1544.40,USD,Direct,AGR-ORTHO-26-310,CPO-006-2026-0040,SI-882149,OPEN,2026-03-03T17:34:00+00:00
TXN-002151,SO-102150,2026-04-16,2026-04-16T14:35:00+00:00,CUS-002,Hudson Valley Surgical Center,ASC,NY,Northeast,REP-005,SOM-PLATE-8H,Trauma Plating,Trauma fixation,2,892.50,1785.00,0.1450,258.83,1526.17,715.40,810.77,USD,Direct,AGR-ORTHO-26-317,CPO-002-2026-0041,SI-882150,OPEN,2026-04-16T17:35:00+00:00
TXN-002152,SO-102151,2026-05-20,2026-05-20T14:36:00+00:00,CUS-010,Prairie Orthopedics Cooperative,IDN,IL,Midwest,REP-030,MAKO-KNEE-KIT,Robotic Procedure Kit,Robotic-assisted knee,2,1656.40,3312.80,0.1950,646.00,2666.80,1380.00,1286.80,USD,Distributor,AGR-ORTHO-26-338,CPO-010-2026-0042,SI-882151,PAID,2026-05-22T17:36:00+00:00
TXN-002153,SO-102152,2026-04-21,2026-04-21T14:37:00+00:00,CUS-009,Northwest Specialty Distribution,Distributor,WA,West,REP-028,ACC-HIP-LIN-36,Acetabular System,Total hip arthroplasty,1,1156.40,1156.40,0.2450,283.32,873.08,530.00,343.08,USD,Direct,AGR-ORTHO-26-331,CPO-009-2026-0043,SI-882152,OPEN,2026-04-21T17:37:00+00:00
TXN-002154,SO-102153,2026-05-25,2026-05-25T14:38:00+00:00,CUS-010,Prairie Orthopedics Cooperative,IDN,IL,Midwest,REP-032,MAKO-KNEE-KIT,Robotic Procedure Kit,Robotic-assisted knee,2,1640.00,3280.00,0.1900,623.20,2656.80,1407.60,1249.20,USD,Direct,AGR-ORTHO-26-338,CPO-010-2026-0044,SI-882153,OPEN,2026-05-26T17:38:00+00:00
TXN-002155,SO-102154,2025-12-21,2025-12-21T14:39:00+00:00,CUS-001,Atlantic Ortho Alliance,IDN,PA,Northeast,REP-006,TRI-KNEE-PS-05,Triathlon Knee,Total knee arthroplasty,1,4728.50,4728.50,0.1900,898.42,3830.08,2489.20,1340.88,USD,Direct,AGR-ORTHO-26-310,CPO-001-2025-0045,SI-882154,PAID,2025-12-21T17:39:00+00:00
TXN-002156,SO-102155,2026-03-26,2026-03-26T14:40:00+00:00,CUS-012,New England Sports Medicine,Hospital,MA,Northeast,REP-040,TRI-KNEE-CR-04,Triathlon Knee,Total knee arthroplasty,2,4423.80,8847.60,0.1400,1238.66,7608.94,4527.60,3081.34,USD,Direct,AGR-ORTHO-26-317,CPO-012-2026-0046,SI-882155,PAID,2026-03-27T17:40:00+00:00
TXN-002157,SO-102156,2026-05-20,2026-05-20T14:41:00+00:00,CUS-004,Blue Ridge Joint Institute,Hospital,NC,Southeast,REP-010,SOM-SCREW-45,Trauma Plating,Trauma fixation,5,146.00,730.00,0.1300,94.90,635.10,205.80,429.30,USD,Direct,AGR-ORTHO-26-331,CPO-004-2026-0047,SI-882156,PAID,2026-05-20T17:41:00+00:00
TXN-002158,SO-102157,2026-04-26,2026-04-26T14:42:00+00:00,CUS-002,Hudson Valley Surgical Center,ASC,NY,Northeast,REP-005,TRI-KNEE-CR-04,Triathlon Knee,Total knee arthroplasty,2,4380.00,8760.00,0.1550,1357.80,7402.20,4712.40,2689.80,USD,Direct,AGR-ORTHO-26-317,CPO-002-2026-0048,SI-882157,PAID,2026-04-28T17:42:00+00:00
TXN-002159,SO-102158,2025-11-09,2025-11-09T14:43:00+00:00,CUS-012,New England Sports Medicine,Hospital,MA,Northeast,REP-036,MAKO-HIP-KIT,Robotic Procedure Kit,Robotic-assisted hip,2,1465.10,2930.20,0.1350,395.58,2534.62,1250.00,1284.62,USD,Direct,AGR-ORTHO-26-317,CPO-012-2025-0049,SI-882158,PAID,2025-11-10T17:43:00+00:00
TXN-002160,SO-102159,2026-02-14,2026-02-14T14:44:00+00:00,CUS-004,Blue Ridge Joint Institute,Hospital,NC,Southeast,REP-013,REV-FEM-STEM-12,Revision Hip,Revision arthroplasty,1,6420.00,6420.00,0.1200,770.40,5649.60,3495.00,2154.60,USD,Direct,AGR-ORTHO-26-331,CPO-004-2026-0050,SI-882159,OPEN,2026-02-16T17:44:00+00:00
TXN-002161,SO-102160,2026-01-01,2026-01-01T14:45:00+00:00,CUS-006,Pacific Motion Surgery Partners,ASC,CA,West,REP-020,MAKO-HIP-KIT,Robotic Procedure Kit,Robotic-assisted hip,1,1524.90,1524.90,0.1100,167.74,1357.16,625.00,732.16,USD,Direct,AGR-ORTHO-26-310,CPO-006-2026-0051,SI-882160,PAID,2026-01-01T17:45:00+00:00
TXN-002162,SO-102161,2026-03-24,2026-03-24T14:46:00+00:00,CUS-010,Prairie Orthopedics Cooperative,IDN,IL,Midwest,REP-033,ACC-HIP-LIN-36,Acetabular System,Total hip arthroplasty,1,1180.00,1180.00,0.2000,236.00,944.00,519.40,424.60,USD,Distributor,AGR-ORTHO-26-338,CPO-010-2026-0052,SI-882161,PAID,2026-03-25T17:46:00+00:00
TXN-002163,SO-102162,2025-12-12,2025-12-12T14:00:00+00:00,CUS-007,Front Range Medical Center,Hospital,CO,Mountain,REP-025,TRI-KNEE-CR-04,Triathlon Knee,Total knee arthroplasty,1,4380.00,4380.00,0.1350,591.30,3788.70,2310.00,1478.70,USD,ASC Program,AGR-ORTHO-26-317,CPO-007-2025-0053,SI-882162,OPEN,2025-12-12T17:00:00+00:00
TXN-002164,SO-102163,2026-04-07,2026-04-07T14:01:00+00:00,CUS-001,Atlantic Ortho Alliance,IDN,PA,Northeast,REP-001,MAKO-KNEE-KIT,Robotic Procedure Kit,Robotic-assisted knee,2,1672.80,3345.60,0.2250,752.76,2592.84,1380.00,1212.84,USD,Direct,AGR-ORTHO-26-310,CPO-001-2026-0054,SI-882163,PARTIALLY_PAID,2026-04-08T17:01:00+00:00
TXN-002165,SO-102164,2026-02-13,2026-02-13T14:02:00+00:00,CUS-010,Prairie Orthopedics Cooperative,IDN,IL,Midwest,REP-029,SOM-SCREW-45,Trauma Plating,Trauma fixation,1,143.08,143.08,0.1800,25.75,117.33,42.84,74.49,USD,Direct,AGR-ORTHO-26-338,CPO-010-2026-0055,SI-882164,PARTIALLY_PAID,2026-02-13T17:02:00+00:00
TXN-002166,SO-102165,2026-04-09,2026-04-09T14:03:00+00:00,CUS-001,Atlantic Ortho Alliance,IDN,PA,Northeast,REP-003,TRI-KNEE-CR-04,Triathlon Knee,Total knee arthroplasty,1,4336.20,4336.20,0.2250,975.65,3360.55,2263.80,1096.75,USD,Direct,AGR-ORTHO-26-310,CPO-001-2026-0056,SI-882165,PAID,2026-04-11T17:03:00+00:00
TXN-002167,SO-102166,2026-04-21,2026-04-21T14:04:00+00:00,CUS-007,Front Range Medical Center,Hospital,CO,Mountain,REP-022,TRI-KNEE-CR-04,Triathlon Knee,Total knee arthroplasty,8,4292.40,34339.20,0.1300,4464.10,29875.10,18480.00,11395.10,USD,Direct,AGR-ORTHO-26-317,CPO-007-2026-0057,SI-882166,OPEN,2026-04-22T17:04:00+00:00
TXN-002168,SO-102167,2026-03-09,2026-03-09T14:05:00+00:00,CUS-002,Hudson Valley Surgical Center,ASC,NY,Northeast,REP-008,ACC-HIP-LIN-36,Acetabular System,Total hip arthroplasty,5,1203.60,6018.00,0.1150,692.07,5325.93,2650.00,2675.93,USD,ASC Program,AGR-ORTHO-26-317,CPO-002-2026-0058,SI-882167,PAID,2026-03-10T17:05:00+00:00
TXN-002169,SO-102168,2025-11-24,2025-11-24T14:06:00+00:00,CUS-003,Great Lakes University Hospital,Academic Medical Center,OH,Midwest,REP-012,TRI-KNEE-PS-05,Triathlon Knee,Total knee arthroplasty,2,4873.25,9746.50,0.1600,1559.44,8187.06,5080.00,3107.06,USD,Direct,AGR-ORTHO-26-324,CPO-003-2025-0059,SI-882168,PAID,2025-11-25T17:06:00+00:00
TXN-002170,SO-102169,2025-12-07,2025-12-07T14:07:00+00:00,CUS-005,Lone Star Orthopedic Network,IDN,TX,South Central,REP-019,TRI-KNEE-PS-05,Triathlon Knee,Total knee arthroplasty,1,4728.50,4728.50,0.1900,898.42,3830.08,2540.00,1290.08,USD,Direct,AGR-ORTHO-26-338,CPO-005-2025-0060,SI-882169,OPEN,2025-12-09T17:07:00+00:00
TXN-002171,SO-102170,2026-01-04,2026-01-04T14:08:00+00:00,CUS-007,Front Range Medical Center,Hospital,CO,Mountain,REP-019,MAKO-KNEE-KIT,Robotic Procedure Kit,Robotic-assisted knee,3,1640.00,4920.00,0.1350,664.20,4255.80,2028.60,2227.20,USD,Direct,AGR-ORTHO-26-317,CPO-007-2026-0061,SI-882170,PAID,2026-01-05T17:08:00+00:00
TXN-002172,SO-102171,2026-03-22,2026-03-22T14:09:00+00:00,CUS-001,Atlantic Ortho Alliance,IDN,PA,Northeast,REP-002,MAKO-KNEE-KIT,Robotic Procedure Kit,Robotic-assisted knee,2,1656.40,3312.80,0.1900,629.43,2683.37,1352.40,1330.97,USD,Direct,AGR-ORTHO-26-310,CPO-001-2026-0062,SI-882171,PAID,2026-03-22T17:09:00+00:00
TXN-002173,SO-102172,2026-04-28,2026-04-28T14:10:00+00:00,CUS-004,Blue Ridge Joint Institute,Hospital,NC,Southeast,REP-012,TRI-KNEE-CR-04,Triathlon Knee,Total knee arthroplasty,3,4380.00,13140.00,0.1400,1839.60,11300.40,7068.60,4231.80,USD,ASC Program,AGR-ORTHO-26-331,CPO-004-2026-0063,SI-882172,PAID,2026-04-29T17:10:00+00:00
TXN-002174,SO-102173,2026-02-19,2026-02-19T14:11:00+00:00,CUS-006,Pacific Motion Surgery Partners,ASC,CA,West,REP-019,ACC-HIP-LIN-36,Acetabular System,Total hip arthroplasty,2,1168.20,2336.40,0.1150,268.69,2067.71,1081.20,986.51,USD,Direct,AGR-ORTHO-26-310,CPO-006-2026-0064,SI-882173,PAID,2026-02-20T17:11:00+00:00
TXN-002175,SO-102174,2026-03-17,2026-03-17T14:12:00+00:00,CUS-001,Atlantic Ortho Alliance,IDN,PA,Northeast,REP-005,SOM-PLATE-8H,Trauma Plating,Trauma fixation,2,892.50,1785.00,0.2000,357.00,1428.00,730.00,698.00,USD,Direct,AGR-ORTHO-26-310,CPO-001-2026-0065,SI-882174,PAID,2026-03-19T17:12:00+00:00
TXN-002176,SO-102175,2026-01-29,2026-01-29T14:13:00+00:00,CUS-009,Northwest Specialty Distribution,Distributor,WA,West,REP-030,ACC-HIP-LIN-36,Acetabular System,Total hip arthroplasty,2,1156.40,2312.80,0.2300,531.94,1780.86,1060.00,720.86,USD,Direct,AGR-ORTHO-26-331,CPO-009-2026-0066,SI-882175,PAID,2026-01-29T17:13:00+00:00
TXN-002177,SO-102176,2026-01-23,2026-01-23T14:14:00+00:00,CUS-002,Hudson Valley Surgical Center,ASC,NY,Northeast,REP-010,MAKO-KNEE-KIT,Robotic Procedure Kit,Robotic-assisted knee,3,1640.00,4920.00,0.1100,541.20,4378.80,2111.40,2267.40,USD,Distributor,AGR-ORTHO-26-317,CPO-002-2026-0067,SI-882176,PAID,2026-01-25T17:14:00+00:00
TXN-002178,SO-102177,2026-04-15,2026-04-15T14:15:00+00:00,CUS-005,Lone Star Orthopedic Network,IDN,TX,South Central,REP-013,SOM-SCREW-45,Trauma Plating,Trauma fixation,1,144.54,144.54,0.1900,27.46,117.08,42.00,75.08,USD,Direct,AGR-ORTHO-26-338,CPO-005-2026-0068,SI-882177,PAID,2026-04-16T17:15:00+00:00
TXN-002179,SO-102178,2025-12-04,2025-12-04T14:16:00+00:00,CUS-008,Gulf Coast Trauma Hospital,Hospital,FL,Southeast,REP-023,MAKO-KNEE-KIT,Robotic Procedure Kit,Robotic-assisted knee,3,1640.00,4920.00,0.1200,590.40,4329.60,2070.00,2259.60,USD,Direct,AGR-ORTHO-26-324,CPO-008-2025-0069,SI-882178,PAID,2025-12-06T17:16:00+00:00
TXN-002180,SO-102179,2025-12-14,2025-12-14T14:17:00+00:00,CUS-001,Atlantic Ortho Alliance,IDN,PA,Northeast,REP-003,ACC-HIP-LIN-36,Acetabular System,Total hip arthroplasty,3,1203.60,3610.80,0.1800,649.94,2960.86,1621.80,1339.06,USD,Direct,AGR-ORTHO-26-310,CPO-001-2025-0070,SI-882179,OPEN,2025-12-16T17:17:00+00:00
TXN-002181,SO-102180,2026-06-04,2026-06-04T14:18:00+00:00,CUS-009,Northwest Specialty Distribution,Distributor,WA,West,REP-028,ACC-HIP-LIN-36,Acetabular System,Total hip arthroplasty,2,1168.20,2336.40,0.2500,584.10,1752.30,1081.20,671.10,USD,Direct,AGR-ORTHO-26-331,CPO-009-2026-0071,SI-882180,PAID,2026-06-06T17:18:00+00:00
TXN-002182,SO-102181,2026-04-07,2026-04-07T14:19:00+00:00,CUS-008,Gulf Coast Trauma Hospital,Hospital,FL,Southeast,REP-026,REV-FEM-STEM-12,Revision Hip,Revision arthroplasty,4,6291.60,25166.40,0.1400,3523.30,21643.10,13980.00,7663.10,USD,Direct,AGR-ORTHO-26-324,CPO-008-2026-0072,SI-882181,PAID,2026-04-07T17:19:00+00:00
TXN-002183,SO-102182,2026-04-22,2026-04-22T14:20:00+00:00,CUS-006,Pacific Motion Surgery Partners,ASC,CA,West,REP-021,ACC-HIP-CUP-56,Acetabular System,Total hip arthroplasty,1,3004.75,3004.75,0.1150,345.55,2659.20,1458.24,1200.96,USD,Direct,AGR-ORTHO-26-310,CPO-006-2026-0073,SI-882182,PAID,2026-04-24T17:20:00+00:00
TXN-002184,SO-102183,2026-02-28,2026-02-28T14:21:00+00:00,CUS-005,Lone Star Orthopedic Network,IDN,TX,South Central,REP-019,SOM-PLATE-8H,Trauma Plating,Trauma fixation,2,866.25,1732.50,0.1900,329.18,1403.32,744.60,658.72,USD,Direct,AGR-ORTHO-26-338,CPO-005-2026-0074,SI-882183,PAID,2026-02-28T17:21:00+00:00
TXN-002185,SO-102184,2025-12-21,2025-12-21T14:22:00+00:00,CUS-007,Front Range Medical Center,Hospital,CO,Mountain,REP-019,TRI-KNEE-CR-04,Triathlon Knee,Total knee arthroplasty,3,4292.40,12877.20,0.1400,1802.81,11074.39,6791.40,4282.99,USD,Direct,AGR-ORTHO-26-317,CPO-007-2025-0075,SI-882184,PAID,2025-12-23T17:22:00+00:00
TXN-002186,SO-102185,2026-02-15,2026-02-15T14:23:00+00:00,CUS-007,Front Range Medical Center,Hospital,CO,Mountain,REP-020,SOM-PLATE-8H,Trauma Plating,Trauma fixation,1,866.25,866.25,0.1400,121.28,744.97,365.00,379.97,USD,Direct,AGR-ORTHO-26-317,CPO-007-2026-0076,SI-882185,PAID,2026-02-16T17:23:00+00:00
TXN-002187,SO-102186,2026-04-07,2026-04-07T14:24:00+00:00,CUS-007,Front Range Medical Center,Hospital,CO,Mountain,REP-021,SPN-CAGE-LORD,Spine Interbody,Lumbar fusion,4,5154.80,20619.20,0.1200,2474.30,18144.90,10721.20,7423.70,USD,Direct,AGR-ORTHO-26-317,CPO-007-2026-0077,SI-882186,PAID,2026-04-07T17:24:00+00:00
TXN-002188,SO-102187,2026-02-26,2026-02-26T14:25:00+00:00,CUS-003,Great Lakes University Hospital,Academic Medical Center,OH,Midwest,REP-010,SOM-PLATE-8H,Trauma Plating,Trauma fixation,5,892.50,4462.50,0.1700,758.63,3703.87,1861.50,1842.37,USD,ASC Program,AGR-ORTHO-26-324,CPO-003-2026-0078,SI-882187,PAID,2026-02-28T17:25:00+00:00
TXN-002189,SO-102188,2026-01-10,2026-01-10T14:26:00+00:00,CUS-010,Prairie Orthopedics Cooperative,IDN,IL,Midwest,REP-032,ACC-HIP-CUP-56,Acetabular System,Total hip arthroplasty,2,2975.00,5950.00,0.2000,1190.00,4760.00,3035.52,1724.48,USD,Direct,AGR-ORTHO-26-338,CPO-010-2026-0079,SI-882188,PAID,2026-01-11T17:26:00+00:00
TXN-002190,SO-102189,2026-03-13,2026-03-13T14:27:00+00:00,CUS-004,Blue Ridge Joint Institute,Hospital,NC,Southeast,REP-015,TRI-KNEE-CR-04,Triathlon Knee,Total knee arthroplasty,2,4380.00,8760.00,0.1200,1051.20,7708.80,4620.00,3088.80,USD,Direct,AGR-ORTHO-26-331,CPO-004-2026-0080,SI-882189,PAID,2026-03-15T17:27:00+00:00
TXN-002191,SO-102190,2026-04-04,2026-04-04T14:28:00+00:00,CUS-010,Prairie Orthopedics Cooperative,IDN,IL,Midwest,REP-034,MAKO-HIP-KIT,Robotic Procedure Kit,Robotic-assisted hip,1,1509.95,1509.95,0.1900,286.89,1223.06,625.00,598.06,USD,Direct,AGR-ORTHO-26-338,CPO-010-2026-0081,SI-882190,PAID,2026-04-04T17:28:00+00:00
TXN-002192,SO-102191,2025-11-14,2025-11-14T14:29:00+00:00,CUS-005,Lone Star Orthopedic Network,IDN,TX,South Central,REP-013,MAKO-KNEE-KIT,Robotic Procedure Kit,Robotic-assisted knee,2,1623.60,3247.20,0.1900,616.97,2630.23,1380.00,1250.23,USD,Distributor,AGR-ORTHO-26-338,CPO-005-2025-0082,SI-882191,PAID,2025-11-14T17:29:00+00:00
TXN-002193,SO-102192,2026-05-25,2026-05-25T14:30:00+00:00,CUS-005,Lone Star Orthopedic Network,IDN,TX,South Central,REP-014,ACC-HIP-CUP-56,Acetabular System,Total hip arthroplasty,4,3004.75,12019.00,0.1950,2343.71,9675.29,5952.00,3723.29,USD,Direct,AGR-ORTHO-26-338,CPO-005-2026-0083,SI-882192,PAID,2026-05-25T17:30:00+00:00
TXN-002194,SO-102193,2026-02-18,2026-02-18T14:31:00+00:00,CUS-009,Northwest Specialty Distribution,Distributor,WA,West,REP-027,TRI-KNEE-CR-04,Triathlon Knee,Total knee arthroplasty,2,4423.80,8847.60,0.2300,2034.95,6812.65,4527.60,2285.05,USD,Direct,AGR-ORTHO-26-331,CPO-009-2026-0084,SI-882193,PAID,2026-02-19T17:31:00+00:00
TXN-002195,SO-102194,2025-12-19,2025-12-19T14:32:00+00:00,CUS-002,Hudson Valley Surgical Center,ASC,NY,Northeast,REP-007,ACC-HIP-LIN-36,Acetabular System,Total hip arthroplasty,1,1180.00,1180.00,0.1100,129.80,1050.20,540.60,509.60,USD,Direct,AGR-ORTHO-26-317,CPO-002-2025-0085,SI-882194,PAID,2025-12-20T17:32:00+00:00
TXN-002196,SO-102195,2026-01-06,2026-01-06T14:33:00+00:00,CUS-010,Prairie Orthopedics Cooperative,IDN,IL,Midwest,REP-032,MAKO-KNEE-KIT,Robotic Procedure Kit,Robotic-assisted knee,2,1640.00,3280.00,0.1900,623.20,2656.80,1380.00,1276.80,USD,ASC Program,AGR-ORTHO-26-338,CPO-010-2026-0086,SI-882195,PAID,2026-01-07T17:33:00+00:00
TXN-002197,SO-102196,2026-03-13,2026-03-13T14:34:00+00:00,CUS-004,Blue Ridge Joint Institute,Hospital,NC,Southeast,REP-015,TRI-KNEE-PS-05,Triathlon Knee,Total knee arthroplasty,1,4776.75,4776.75,0.1300,620.98,4155.77,2540.00,1615.77,USD,Direct,AGR-ORTHO-26-331,CPO-004-2026-0087,SI-882196,PAID,2026-03-15T17:34:00+00:00
TXN-002198,SO-102197,2026-06-27,2026-06-27T14:35:00+00:00,CUS-001,Atlantic Ortho Alliance,IDN,PA,Northeast,REP-007,TRI-KNEE-PS-05,Triathlon Knee,Total knee arthroplasty,1,4873.25,4873.25,0.2000,974.65,3898.60,2489.20,1409.40,USD,Direct,AGR-ORTHO-26-310,CPO-001-2026-0088,SI-882197,PAID,2026-06-29T17:35:00+00:00
TXN-002199,SO-102198,2025-11-28,2025-11-28T14:36:00+00:00,CUS-004,Blue Ridge Joint Institute,Hospital,NC,Southeast,REP-010,MAKO-KNEE-KIT,Robotic Procedure Kit,Robotic-assisted knee,4,1640.00,6560.00,0.1350,885.60,5674.40,2760.00,2914.40,USD,Distributor,AGR-ORTHO-26-331,CPO-004-2025-0089,SI-882198,PAID,2025-11-30T17:36:00+00:00
TXN-002200,SO-102199,2026-05-04,2026-05-04T14:37:00+00:00,CUS-007,Front Range Medical Center,Hospital,CO,Mountain,REP-020,ACC-HIP-CUP-56,Acetabular System,Total hip arthroplasty,3,2975.00,8925.00,0.1350,1204.88,7720.12,4553.28,3166.84,USD,Direct,AGR-ORTHO-26-317,CPO-007-2026-0090,SI-882199,PAID,2026-05-05T17:37:00+00:00
TXN-002201,SO-102200,2026-01-01,2026-01-01T14:38:00+00:00,CUS-001,Atlantic Ortho Alliance,IDN,PA,Northeast,REP-003,MAKO-KNEE-KIT,Robotic Procedure Kit,Robotic-assisted knee,3,1623.60,4870.80,0.1900,925.45,3945.35,2111.40,1833.95,USD,Direct,AGR-ORTHO-26-310,CPO-001-2026-0091,SI-882200,OPEN,2026-01-02T17:38:00+00:00
TXN-002202,SO-102201,2026-02-20,2026-02-20T14:39:00+00:00,CUS-008,Gulf Coast Trauma Hospital,Hospital,FL,Southeast,REP-025,SOM-SCREW-45,Trauma Plating,Trauma fixation,1,146.00,146.00,0.1350,19.71,126.29,42.84,83.45,USD,Direct,AGR-ORTHO-26-324,CPO-008-2026-0092,SI-882201,PAID,2026-02-22T17:39:00+00:00
TXN-002203,SO-102202,2026-03-13,2026-03-13T14:40:00+00:00,CUS-012,New England Sports Medicine,Hospital,MA,Northeast,REP-038,TRI-KNEE-CR-04,Triathlon Knee,Total knee arthroplasty,1,4336.20,4336.20,0.1300,563.71,3772.49,2310.00,1462.49,USD,Direct,AGR-ORTHO-26-317,CPO-012-2026-0093,SI-882202,PAID,2026-03-14T17:40:00+00:00
TXN-002204,SO-102203,2026-02-21,2026-02-21T14:41:00+00:00,CUS-004,Blue Ridge Joint Institute,Hospital,NC,Southeast,REP-015,MAKO-KNEE-KIT,Robotic Procedure Kit,Robotic-assisted knee,2,1607.20,3214.40,0.1200,385.73,2828.67,1352.40,1476.27,USD,Direct,AGR-ORTHO-26-331,CPO-004-2026-0094,SI-882203,PARTIALLY_PAID,2026-02-22T17:41:00+00:00
TXN-002205,SO-102204,2026-05-11,2026-05-11T14:42:00+00:00,CUS-008,Gulf Coast Trauma Hospital,Hospital,FL,Southeast,REP-028,ACC-HIP-CUP-56,Acetabular System,Total hip arthroplasty,8,2975.00,23800.00,0.1200,2856.00,20944.00,11904.00,9040.00,USD,Direct,AGR-ORTHO-26-324,CPO-008-2026-0095,SI-882204,PAID,2026-05-11T17:42:00+00:00
TXN-002206,SO-102205,2026-03-03,2026-03-03T14:43:00+00:00,CUS-003,Great Lakes University Hospital,Academic Medical Center,OH,Midwest,REP-007,SPN-CAGE-LORD,Spine Interbody,Lumbar fusion,5,5312.60,26563.00,0.1800,4781.34,21781.66,13948.50,7833.16,USD,Direct,AGR-ORTHO-26-324,CPO-003-2026-0096,SI-882205,PAID,2026-03-03T17:43:00+00:00
TXN-002207,SO-102206,2026-04-03,2026-04-03T14:44:00+00:00,CUS-011,Desert Ridge Ambulatory Surgery,ASC,AZ,Mountain,REP-032,ACC-HIP-LIN-36,Acetabular System,Total hip arthroplasty,1,1156.40,1156.40,0.1100,127.20,1029.20,530.00,499.20,USD,Direct,AGR-ORTHO-26-310,CPO-011-2026-0097,SI-882206,OPEN,2026-04-03T17:44:00+00:00
TXN-002208,SO-102207,2026-04-03,2026-04-03T14:45:00+00:00,CUS-004,Blue Ridge Joint Institute,Hospital,NC,Southeast,REP-012,SPN-CAGE-LORD,Spine Interbody,Lumbar fusion,2,5365.20,10730.40,0.1400,1502.26,9228.14,5579.40,3648.74,USD,Direct,AGR-ORTHO-26-331,CPO-004-2026-0098,SI-882207,PAID,2026-04-04T17:45:00+00:00
TXN-002209,SO-102208,2026-01-06,2026-01-06T14:46:00+00:00,CUS-010,Prairie Orthopedics Cooperative,IDN,IL,Midwest,REP-031,ACC-HIP-LIN-36,Acetabular System,Total hip arthroplasty,1,1180.00,1180.00,0.2000,236.00,944.00,519.40,424.60,USD,Direct,AGR-ORTHO-26-338,CPO-010-2026-0099,SI-882208,OPEN,2026-01-06T17:46:00+00:00
TXN-002210,SO-102209,2025-12-22,2025-12-22T14:00:00+00:00,CUS-003,Great Lakes University Hospital,Academic Medical Center,OH,Midwest,REP-011,ACC-HIP-CUP-56,Acetabular System,Total hip arthroplasty,1,2975.00,2975.00,0.1700,505.75,2469.25,1517.76,951.49,USD,Direct,AGR-ORTHO-26-324,CPO-003-2025-0100,SI-882209,PAID,2025-12-22T17:00:00+00:00
TXN-002211,SO-102210,2026-05-21,2026-05-21T14:01:00+00:00,CUS-006,Pacific Motion Surgery Partners,ASC,CA,West,REP-021,MAKO-KNEE-KIT,Robotic Procedure Kit,Robotic-assisted knee,3,1656.40,4969.20,0.1100,546.61,4422.59,2070.00,2352.59,USD,Distributor,AGR-ORTHO-26-310,CPO-006-2026-0101,SI-882210,PAID,2026-05-21T17:01:00+00:00
TXN-002212,SO-102211,2026-06-15,2026-06-15T14:02:00+00:00,CUS-007,Front Range Medical Center,Hospital,CO,Mountain,REP-025,ACC-HIP-CUP-56,Acetabular System,Total hip arthroplasty,2,2945.25,5890.50,0.1400,824.67,5065.83,3035.52,2030.31,USD,Direct,AGR-ORTHO-26-317,CPO-007-2026-0102,SI-882211,PAID,2026-06-17T17:02:00+00:00
TXN-002213,SO-102212,2026-04-08,2026-04-08T14:03:00+00:00,CUS-005,Lone Star Orthopedic Network,IDN,TX,South Central,REP-013,ACC-HIP-LIN-36,Acetabular System,Total hip arthroplasty,1,1168.20,1168.20,0.1950,227.80,940.40,530.00,410.40,USD,ASC Program,AGR-ORTHO-26-338,CPO-005-2026-0103,SI-882212,PAID,2026-04-10T17:03:00+00:00
TXN-002214,SO-102213,2026-02-04,2026-02-04T14:04:00+00:00,CUS-001,Atlantic Ortho Alliance,IDN,PA,Northeast,REP-002,SOM-SCREW-45,Trauma Plating,Trauma fixation,1,146.00,146.00,0.2000,29.20,116.80,42.84,73.96,USD,Direct,AGR-ORTHO-26-310,CPO-001-2026-0104,SI-882213,PAID,2026-02-04T17:04:00+00:00
TXN-002215,SO-102214,2026-02-27,2026-02-27T14:05:00+00:00,CUS-006,Pacific Motion Surgery Partners,ASC,CA,West,REP-018,TRI-KNEE-CR-04,Triathlon Knee,Total knee arthroplasty,3,4467.60,13402.80,0.1150,1541.32,11861.48,7068.60,4792.88,USD,Direct,AGR-ORTHO-26-310,CPO-006-2026-0105,SI-882214,OPEN,2026-02-27T17:05:00+00:00
TXN-002216,SO-102215,2026-01-23,2026-01-23T14:06:00+00:00,CUS-001,Atlantic Ortho Alliance,IDN,PA,Northeast,REP-004,SPN-CAGE-LORD,Spine Interbody,Lumbar fusion,4,5260.00,21040.00,0.1900,3997.60,17042.40,10940.00,6102.40,USD,Direct,AGR-ORTHO-26-310,CPO-001-2026-0106,SI-882215,PAID,2026-01-24T17:06:00+00:00
TXN-002217,SO-102216,2026-05-11,2026-05-11T14:07:00+00:00,CUS-011,Desert Ridge Ambulatory Surgery,ASC,AZ,Mountain,REP-035,TRI-KNEE-PS-05,Triathlon Knee,Total knee arthroplasty,2,4873.25,9746.50,0.1100,1072.12,8674.38,5080.00,3594.38,USD,Distributor,AGR-ORTHO-26-310,CPO-011-2026-0107,SI-882216,PARTIALLY_PAID,2026-05-11T17:07:00+00:00
TXN-002218,SO-102217,2026-04-19,2026-04-19T14:08:00+00:00,CUS-003,Great Lakes University Hospital,Academic Medical Center,OH,Midwest,REP-012,TRI-KNEE-CR-04,Triathlon Knee,Total knee arthroplasty,2,4467.60,8935.20,0.1700,1518.98,7416.22,4620.00,2796.22,USD,Distributor,AGR-ORTHO-26-324,CPO-003-2026-0108,SI-882217,PAID,2026-04-19T17:08:00+00:00
TXN-002219,SO-102218,2026-03-10,2026-03-10T14:09:00+00:00,CUS-006,Pacific Motion Surgery Partners,ASC,CA,West,REP-022,TRI-KNEE-PS-05,Triathlon Knee,Total knee arthroplasty,1,4728.50,4728.50,0.1100,520.14,4208.36,2590.80,1617.56,USD,Direct,AGR-ORTHO-26-310,CPO-006-2026-0109,SI-882218,PAID,2026-03-10T17:09:00+00:00
TXN-002220,SO-102219,2025-12-09,2025-12-09T14:10:00+00:00,CUS-012,New England Sports Medicine,Hospital,MA,Northeast,REP-034,MAKO-HIP-KIT,Robotic Procedure Kit,Robotic-assisted hip,3,1480.05,4440.15,0.1300,577.22,3862.93,1912.50,1950.43,USD,Direct,AGR-ORTHO-26-317,CPO-012-2025-0110,SI-882219,OPEN,2025-12-10T17:10:00+00:00
TXN-002221,SO-102220,2026-02-06,2026-02-06T14:11:00+00:00,CUS-007,Front Range Medical Center,Hospital,CO,Mountain,REP-020,REV-FEM-STEM-12,Revision Hip,Revision arthroplasty,3,6291.60,18874.80,0.1200,2264.98,16609.82,10694.70,5915.12,USD,Direct,AGR-ORTHO-26-317,CPO-007-2026-0111,SI-882220,PAID,2026-02-08T17:11:00+00:00
TXN-002222,SO-102221,2026-01-30,2026-01-30T14:12:00+00:00,CUS-011,Desert Ridge Ambulatory Surgery,ASC,AZ,Mountain,REP-033,ACC-HIP-CUP-56,Acetabular System,Total hip arthroplasty,2,3004.75,6009.50,0.1100,661.05,5348.45,3035.52,2312.93,USD,ASC Program,AGR-ORTHO-26-310,CPO-011-2026-0112,SI-882221,PAID,2026-01-31T17:12:00+00:00
TXN-002223,SO-102222,2026-03-31,2026-03-31T14:13:00+00:00,CUS-005,Lone Star Orthopedic Network,IDN,TX,South Central,REP-016,ACC-HIP-CUP-56,Acetabular System,Total hip arthroplasty,2,3004.75,6009.50,0.1900,1141.81,4867.69,2916.48,1951.21,USD,Direct,AGR-ORTHO-26-338,CPO-005-2026-0113,SI-882222,OPEN,2026-03-31T17:13:00+00:00
TXN-002224,SO-102223,2026-05-18,2026-05-18T14:14:00+00:00,CUS-001,Atlantic Ortho Alliance,IDN,PA,Northeast,REP-005,ACC-HIP-CUP-56,Acetabular System,Total hip arthroplasty,4,2975.00,11900.00,0.2350,2796.50,9103.50,5952.00,3151.50,USD,Direct,AGR-ORTHO-26-310,CPO-001-2026-0114,SI-882223,PAID,2026-05-18T17:14:00+00:00
TXN-002225,SO-102224,2026-04-19,2026-04-19T14:15:00+00:00,CUS-003,Great Lakes University Hospital,Academic Medical Center,OH,Midwest,REP-012,TRI-KNEE-CR-04,Triathlon Knee,Total knee arthroplasty,1,4292.40,4292.40,0.1700,729.71,3562.69,2310.00,1252.69,USD,Direct,AGR-ORTHO-26-324,CPO-003-2026-0115,SI-882224,OPEN,2026-04-19T17:15:00+00:00
TXN-002226,SO-102225,2026-05-11,2026-05-11T14:16:00+00:00,CUS-001,Atlantic Ortho Alliance,IDN,PA,Northeast,REP-007,ACC-HIP-LIN-36,Acetabular System,Total hip arthroplasty,1,1203.60,1203.60,0.2250,270.81,932.79,530.00,402.79,USD,Direct,AGR-ORTHO-26-310,CPO-001-2026-0116,SI-882225,OPEN,2026-05-13T17:16:00+00:00
TXN-002227,SO-102226,2026-03-24,2026-03-24T14:17:00+00:00,CUS-005,Lone Star Orthopedic Network,IDN,TX,South Central,REP-013,REV-FEM-STEM-12,Revision Hip,Revision arthroplasty,2,6355.80,12711.60,0.1900,2415.20,10296.40,6990.00,3306.40,USD,Direct,AGR-ORTHO-26-338,CPO-005-2026-0117,SI-882226,PAID,2026-03-26T17:17:00+00:00
TXN-002228,SO-102227,2026-03-21,2026-03-21T14:18:00+00:00,CUS-004,Blue Ridge Joint Institute,Hospital,NC,Southeast,REP-011,TRI-KNEE-PS-05,Triathlon Knee,Total knee arthroplasty,2,4921.50,9843.00,0.1400,1378.02,8464.98,4978.40,3486.58,USD,Distributor,AGR-ORTHO-26-331,CPO-004-2026-0118,SI-882227,PAID,2026-03-21T17:18:00+00:00
TXN-002229,SO-102228,2026-01-30,2026-01-30T14:19:00+00:00,CUS-003,Great Lakes University Hospital,Academic Medical Center,OH,Midwest,REP-009,TRI-KNEE-PS-05,Triathlon Knee,Total knee arthroplasty,2,4728.50,9457.00,0.1800,1702.26,7754.74,5181.60,2573.14,USD,ASC Program,AGR-ORTHO-26-324,CPO-003-2026-0119,SI-882228,PAID,2026-01-30T17:19:00+00:00
TXN-002230,SO-102229,2026-05-02,2026-05-02T14:20:00+00:00,CUS-006,Pacific Motion Surgery Partners,ASC,CA,West,REP-019,TRI-KNEE-CR-04,Triathlon Knee,Total knee arthroplasty,2,4292.40,8584.80,0.1000,858.48,7726.32,4620.00,3106.32,USD,Direct,AGR-ORTHO-26-310,CPO-006-2026-0120,SI-882229,DISPUTED,2026-05-04T17:20:00+00:00
TXN-002231,SO-102230,2026-05-31,2026-05-31T14:21:00+00:00,CUS-005,Lone Star Orthopedic Network,IDN,TX,South Central,REP-017,SOM-PLATE-8H,Trauma Plating,Trauma fixation,2,875.00,1750.00,0.2000,350.00,1400.00,715.40,684.60,USD,Direct,AGR-ORTHO-26-338,CPO-005-2026-0121,SI-882230,PAID,2026-06-01T17:21:00+00:00
TXN-002232,SO-102231,2026-04-10,2026-04-10T14:22:00+00:00,CUS-006,Pacific Motion Surgery Partners,ASC,CA,West,REP-021,MAKO-HIP-KIT,Robotic Procedure Kit,Robotic-assisted hip,8,1495.00,11960.00,0.1100,1315.60,10644.40,5000.00,5644.40,USD,Direct,AGR-ORTHO-26-310,CPO-006-2026-0122,SI-882231,PAID,2026-04-11T17:22:00+00:00
TXN-002233,SO-102232,2025-12-23,2025-12-23T14:23:00+00:00,CUS-007,Front Range Medical Center,Hospital,CO,Mountain,REP-025,ACC-HIP-CUP-56,Acetabular System,Total hip arthroplasty,1,2975.00,2975.00,0.1300,386.75,2588.25,1517.76,1070.49,USD,ASC Program,AGR-ORTHO-26-317,CPO-007-2025-0123,SI-882232,PAID,2025-12-23T17:23:00+00:00
TXN-002234,SO-102233,2026-05-02,2026-05-02T14:24:00+00:00,CUS-010,Prairie Orthopedics Cooperative,IDN,IL,Midwest,REP-028,ACC-HIP-CUP-56,Acetabular System,Total hip arthroplasty,2,3034.50,6069.00,0.1800,1092.42,4976.58,2976.00,2000.58,USD,Direct,AGR-ORTHO-26-338,CPO-010-2026-0124,SI-882233,PAID,2026-05-02T17:24:00+00:00
TXN-002235,SO-102234,2026-01-27,2026-01-27T14:25:00+00:00,CUS-002,Hudson Valley Surgical Center,ASC,NY,Northeast,REP-005,ACC-HIP-CUP-56,Acetabular System,Total hip arthroplasty,3,2975.00,8925.00,0.1150,1026.38,7898.62,4374.72,3523.90,USD,Direct,AGR-ORTHO-26-317,CPO-002-2026-0125,SI-882234,PAID,2026-01-27T17:25:00+00:00
TXN-002236,SO-102235,2026-04-26,2026-04-26T14:26:00+00:00,CUS-010,Prairie Orthopedics Cooperative,IDN,IL,Midwest,REP-030,TRI-KNEE-CR-04,Triathlon Knee,Total knee arthroplasty,1,4292.40,4292.40,0.1900,815.56,3476.84,2356.20,1120.64,USD,Direct,AGR-ORTHO-26-338,CPO-010-2026-0126,SI-882235,OPEN,2026-04-26T17:26:00+00:00
TXN-002237,SO-102236,2026-04-27,2026-04-27T14:27:00+00:00,CUS-006,Pacific Motion Surgery Partners,ASC,CA,West,REP-019,MAKO-KNEE-KIT,Robotic Procedure Kit,Robotic-assisted knee,1,1607.20,1607.20,0.1100,176.79,1430.41,690.00,740.41,USD,Direct,AGR-ORTHO-26-310,CPO-006-2026-0127,SI-882236,OPEN,2026-04-28T17:27:00+00:00
TXN-002238,SO-102237,2026-03-14,2026-03-14T14:28:00+00:00,CUS-005,Lone Star Orthopedic Network,IDN,TX,South Central,REP-017,ACC-HIP-CUP-56,Acetabular System,Total hip arthroplasty,3,2975.00,8925.00,0.1950,1740.38,7184.62,4464.00,2720.62,USD,ASC Program,AGR-ORTHO-26-338,CPO-005-2026-0128,SI-882237,PAID,2026-03-15T17:28:00+00:00
TXN-002239,SO-102238,2025-12-01,2025-12-01T14:29:00+00:00,CUS-004,Blue Ridge Joint Institute,Hospital,NC,Southeast,REP-015,MAKO-HIP-KIT,Robotic Procedure Kit,Robotic-assisted hip,1,1509.95,1509.95,0.1400,211.39,1298.56,612.50,686.06,USD,Direct,AGR-ORTHO-26-331,CPO-004-2025-0129,SI-882238,OPEN,2025-12-01T17:29:00+00:00
TXN-002240,SO-102239,2026-06-03,2026-06-03T14:30:00+00:00,CUS-003,Great Lakes University Hospital,Academic Medical Center,OH,Midwest,REP-013,TRI-KNEE-PS-05,Triathlon Knee,Total knee arthroplasty,1,4728.50,4728.50,0.1700,803.85,3924.65,2540.00,1384.65,USD,Direct,AGR-ORTHO-26-324,CPO-003-2026-0130,SI-882239,PAID,2026-06-03T17:30:00+00:00
TXN-002241,SO-102240,2025-12-02,2025-12-02T14:31:00+00:00,CUS-005,Lone Star Orthopedic Network,IDN,TX,South Central,REP-013,MAKO-HIP-KIT,Robotic Procedure Kit,Robotic-assisted hip,4,1524.90,6099.60,0.1900,1158.92,4940.68,2500.00,2440.68,USD,Direct,AGR-ORTHO-26-338,CPO-005-2025-0131,SI-882240,PAID,2025-12-02T17:31:00+00:00
TXN-002242,SO-102241,2026-04-02,2026-04-02T14:32:00+00:00,CUS-006,Pacific Motion Surgery Partners,ASC,CA,West,REP-017,SOM-SCREW-45,Trauma Plating,Trauma fixation,4,147.46,589.84,0.1200,70.78,519.06,171.36,347.70,USD,Direct,AGR-ORTHO-26-310,CPO-006-2026-0132,SI-882241,PAID,2026-04-02T17:32:00+00:00
TXN-002243,SO-102242,2026-06-12,2026-06-12T14:33:00+00:00,CUS-004,Blue Ridge Joint Institute,Hospital,NC,Southeast,REP-012,ACC-HIP-LIN-36,Acetabular System,Total hip arthroplasty,2,1156.40,2312.80,0.1200,277.54,2035.26,1060.00,975.26,USD,Direct,AGR-ORTHO-26-331,CPO-004-2026-0133,SI-882242,PAID,2026-06-12T17:33:00+00:00
TXN-002244,SO-102243,2026-03-16,2026-03-16T14:34:00+00:00,CUS-001,Atlantic Ortho Alliance,IDN,PA,Northeast,REP-004,TRI-KNEE-PS-05,Triathlon Knee,Total knee arthroplasty,1,4776.75,4776.75,0.1900,907.58,3869.17,2590.80,1278.37,USD,Direct,AGR-ORTHO-26-310,CPO-001-2026-0134,SI-882243,OPEN,2026-03-18T17:34:00+00:00
TXN-002245,SO-102244,2026-05-17,2026-05-17T14:35:00+00:00,CUS-012,New England Sports Medicine,Hospital,MA,Northeast,REP-038,REV-FEM-STEM-12,Revision Hip,Revision arthroplasty,1,6420.00,6420.00,0.1750,1123.50,5296.50,3564.90,1731.60,USD,ASC Program,AGR-ORTHO-26-317,CPO-012-2026-0135,SI-882244,PAID,2026-05-19T17:35:00+00:00
TXN-002246,SO-102245,2026-03-17,2026-03-17T14:36:00+00:00,CUS-004,Blue Ridge Joint Institute,Hospital,NC,Southeast,REP-015,SOM-SCREW-45,Trauma Plating,Trauma fixation,2,146.00,292.00,0.1350,39.42,252.58,84.00,168.58,USD,Distributor,AGR-ORTHO-26-331,CPO-004-2026-0136,SI-882245,PAID,2026-03-18T17:36:00+00:00
TXN-002247,SO-102246,2026-02-06,2026-02-06T14:37:00+00:00,CUS-011,Desert Ridge Ambulatory Surgery,ASC,AZ,Mountain,REP-037,TRI-KNEE-CR-04,Triathlon Knee,Total knee arthroplasty,1,4380.00,4380.00,0.1100,481.80,3898.20,2310.00,1588.20,USD,Direct,AGR-ORTHO-26-310,CPO-011-2026-0137,SI-882246,PAID,2026-02-06T17:37:00+00:00
TXN-002248,SO-102247,2026-03-24,2026-03-24T14:38:00+00:00,CUS-002,Hudson Valley Surgical Center,ASC,NY,Northeast,REP-004,TRI-KNEE-PS-05,Triathlon Knee,Total knee arthroplasty,2,4921.50,9843.00,0.1200,1181.16,8661.84,5080.00,3581.84,USD,Direct,AGR-ORTHO-26-317,CPO-002-2026-0138,SI-882247,PAID,2026-03-26T17:38:00+00:00
TXN-002249,SO-102248,2026-03-15,2026-03-15T14:39:00+00:00,CUS-005,Lone Star Orthopedic Network,IDN,TX,South Central,REP-014,ACC-HIP-LIN-36,Acetabular System,Total hip arthroplasty,1,1168.20,1168.20,0.2000,233.64,934.56,530.00,404.56,USD,Direct,AGR-ORTHO-26-338,CPO-005-2026-0139,SI-882248,PAID,2026-03-15T17:39:00+00:00
TXN-002250,SO-102249,2026-01-19,2026-01-19T14:40:00+00:00,CUS-005,Lone Star Orthopedic Network,IDN,TX,South Central,REP-015,REV-FEM-STEM-12,Revision Hip,Revision arthroplasty,1,6548.40,6548.40,0.2000,1309.68,5238.72,3564.90,1673.82,USD,Direct,AGR-ORTHO-26-338,CPO-005-2026-0140,SI-882249,PARTIALLY_PAID,2026-01-19T17:40:00+00:00
TXN-002251,SO-102250,2026-04-28,2026-04-28T14:41:00+00:00,CUS-004,Blue Ridge Joint Institute,Hospital,NC,Southeast,REP-013,MAKO-KNEE-KIT,Robotic Procedure Kit,Robotic-assisted knee,2,1640.00,3280.00,0.1300,426.40,2853.60,1352.40,1501.20,USD,Direct,AGR-ORTHO-26-331,CPO-004-2026-0141,SI-882250,OPEN,2026-04-28T17:41:00+00:00
TXN-002252,SO-102251,2025-10-23,2025-10-23T14:42:00+00:00,CUS-001,Atlantic Ortho Alliance,IDN,PA,Northeast,REP-005,MAKO-HIP-KIT,Robotic Procedure Kit,Robotic-assisted hip,1,1480.05,1480.05,0.1900,281.21,1198.84,625.00,573.84,USD,Direct,AGR-ORTHO-26-310,CPO-001-2025-0142,SI-882251,OPEN,2025-10-23T17:42:00+00:00
TXN-002253,SO-102252,2026-05-02,2026-05-02T14:43:00+00:00,CUS-005,Lone Star Orthopedic Network,IDN,TX,South Central,REP-018,ACC-HIP-CUP-56,Acetabular System,Total hip arthroplasty,1,2945.25,2945.25,0.1950,574.32,2370.93,1458.24,912.69,USD,Distributor,AGR-ORTHO-26-338,CPO-005-2026-0143,SI-882252,PAID,2026-05-04T17:43:00+00:00
TXN-002254,SO-102253,2026-03-16,2026-03-16T14:44:00+00:00,CUS-001,Atlantic Ortho Alliance,IDN,PA,Northeast,REP-007,SPN-CAGE-LORD,Spine Interbody,Lumbar fusion,5,5154.80,25774.00,0.1900,4897.06,20876.94,13675.00,7201.94,USD,Direct,AGR-ORTHO-26-310,CPO-001-2026-0144,SI-882253,OPEN,2026-03-17T17:44:00+00:00
TXN-002255,SO-102254,2026-03-24,2026-03-24T14:45:00+00:00,CUS-011,Desert Ridge Ambulatory Surgery,ASC,AZ,Mountain,REP-031,MAKO-HIP-KIT,Robotic Procedure Kit,Robotic-assisted hip,1,1524.90,1524.90,0.1100,167.74,1357.16,612.50,744.66,USD,ASC Program,AGR-ORTHO-26-310,CPO-011-2026-0145,SI-882254,PAID,2026-03-24T17:45:00+00:00
TXN-002256,SO-102255,2026-05-04,2026-05-04T14:46:00+00:00,CUS-005,Lone Star Orthopedic Network,IDN,TX,South Central,REP-014,MAKO-KNEE-KIT,Robotic Procedure Kit,Robotic-assisted knee,8,1656.40,13251.20,0.1900,2517.73,10733.47,5520.00,5213.47,USD,Direct,AGR-ORTHO-26-338,CPO-005-2026-0146,SI-882255,PARTIALLY_PAID,2026-05-04T17:46:00+00:00
TXN-002257,SO-102256,2026-02-28,2026-02-28T14:00:00+00:00,CUS-007,Front Range Medical Center,Hospital,CO,Mountain,REP-021,ACC-HIP-CUP-56,Acetabular System,Total hip arthroplasty,2,2975.00,5950.00,0.1350,803.25,5146.75,2976.00,2170.75,USD,Direct,AGR-ORTHO-26-317,CPO-007-2026-0147,SI-882256,PAID,2026-02-28T17:00:00+00:00
TXN-002258,SO-102257,2026-04-09,2026-04-09T14:01:00+00:00,CUS-004,Blue Ridge Joint Institute,Hospital,NC,Southeast,REP-013,MAKO-KNEE-KIT,Robotic Procedure Kit,Robotic-assisted knee,3,1640.00,4920.00,0.1200,590.40,4329.60,2070.00,2259.60,USD,Direct,AGR-ORTHO-26-331,CPO-004-2026-0148,SI-882257,PAID,2026-04-11T17:01:00+00:00
TXN-002259,SO-102258,2026-03-11,2026-03-11T14:02:00+00:00,CUS-002,Hudson Valley Surgical Center,ASC,NY,Northeast,REP-008,MAKO-HIP-KIT,Robotic Procedure Kit,Robotic-assisted hip,3,1524.90,4574.70,0.1200,548.96,4025.74,1912.50,2113.24,USD,Direct,AGR-ORTHO-26-317,CPO-002-2026-0149,SI-882258,OPEN,2026-03-11T17:02:00+00:00
TXN-002260,SO-102259,2026-01-12,2026-01-12T14:03:00+00:00,CUS-001,Atlantic Ortho Alliance,IDN,PA,Northeast,REP-006,MAKO-HIP-KIT,Robotic Procedure Kit,Robotic-assisted hip,1,1524.90,1524.90,0.1900,289.73,1235.17,625.00,610.17,USD,ASC Program,AGR-ORTHO-26-310,CPO-001-2026-0150,SI-882259,OPEN,2026-01-14T17:03:00+00:00
TXN-002261,SO-102260,2026-03-17,2026-03-17T14:04:00+00:00,CUS-009,Northwest Specialty Distribution,Distributor,WA,West,REP-031,SOM-PLATE-8H,Trauma Plating,Trauma fixation,2,857.50,1715.00,0.2500,428.75,1286.25,730.00,556.25,USD,Distributor,AGR-ORTHO-26-331,CPO-009-2026-0151,SI-882260,PARTIALLY_PAID,2026-03-17T17:04:00+00:00
TXN-002262,SO-102261,2025-12-31,2025-12-31T14:05:00+00:00,CUS-006,Pacific Motion Surgery Partners,ASC,CA,West,REP-016,REV-FEM-STEM-12,Revision Hip,Revision arthroplasty,1,6291.60,6291.60,0.1200,754.99,5536.61,3564.90,1971.71,USD,ASC Program,AGR-ORTHO-26-310,CPO-006-2025-0152,SI-882261,PAID,2026-01-01T17:05:00+00:00
TXN-002263,SO-102262,2026-03-23,2026-03-23T14:06:00+00:00,CUS-005,Lone Star Orthopedic Network,IDN,TX,South Central,REP-014,TRI-KNEE-PS-05,Triathlon Knee,Total knee arthroplasty,3,4873.25,14619.75,0.1800,2631.56,11988.19,7620.00,4368.19,USD,Distributor,AGR-ORTHO-26-338,CPO-005-2026-0153,SI-882262,PAID,2026-03-23T17:06:00+00:00
TXN-002264,SO-102263,2026-03-09,2026-03-09T14:07:00+00:00,CUS-008,Gulf Coast Trauma Hospital,Hospital,FL,Southeast,REP-024,SOM-SCREW-45,Trauma Plating,Trauma fixation,4,146.00,584.00,0.1350,78.84,505.16,164.64,340.52,USD,Distributor,AGR-ORTHO-26-324,CPO-008-2026-0154,SI-882263,PAID,2026-03-10T17:07:00+00:00
TXN-002265,SO-102264,2026-02-08,2026-02-08T14:08:00+00:00,CUS-005,Lone Star Orthopedic Network,IDN,TX,South Central,REP-016,MAKO-KNEE-KIT,Robotic Procedure Kit,Robotic-assisted knee,5,1656.40,8282.00,0.2000,1656.40,6625.60,3381.00,3244.60,USD,ASC Program,AGR-ORTHO-26-338,CPO-005-2026-0155,SI-882264,PARTIALLY_PAID,2026-02-09T17:08:00+00:00
TXN-002266,SO-102265,2025-10-14,2025-10-14T14:09:00+00:00,CUS-007,Front Range Medical Center,Hospital,CO,Mountain,REP-023,ACC-HIP-CUP-56,Acetabular System,Total hip arthroplasty,2,2945.25,5890.50,0.1400,824.67,5065.83,3035.52,2030.31,USD,Distributor,AGR-ORTHO-26-317,CPO-007-2025-0156,SI-882265,PAID,2025-10-14T17:09:00+00:00
TXN-002267,SO-102266,2026-05-25,2026-05-25T14:10:00+00:00,CUS-010,Prairie Orthopedics Cooperative,IDN,IL,Midwest,REP-033,SOM-SCREW-45,Trauma Plating,Trauma fixation,5,143.08,715.40,0.2000,143.08,572.32,205.80,366.52,USD,ASC Program,AGR-ORTHO-26-338,CPO-010-2026-0157,SI-882266,DISPUTED,2026-05-25T17:10:00+00:00
TXN-002268,SO-102267,2026-05-24,2026-05-24T14:11:00+00:00,CUS-012,New England Sports Medicine,Hospital,MA,Northeast,REP-040,TRI-KNEE-CR-04,Triathlon Knee,Total knee arthroplasty,3,4380.00,13140.00,0.1200,1576.80,11563.20,6930.00,4633.20,USD,Direct,AGR-ORTHO-26-317,CPO-012-2026-0158,SI-882267,PAID,2026-05-26T17:11:00+00:00
TXN-002269,SO-102268,2026-04-25,2026-04-25T14:12:00+00:00,CUS-003,Great Lakes University Hospital,Academic Medical Center,OH,Midwest,REP-007,TRI-KNEE-PS-05,Triathlon Knee,Total knee arthroplasty,3,4825.00,14475.00,0.1600,2316.00,12159.00,7467.60,4691.40,USD,Distributor,AGR-ORTHO-26-324,CPO-003-2026-0159,SI-882268,OPEN,2026-04-27T17:12:00+00:00
TXN-002270,SO-102269,2026-04-23,2026-04-23T14:13:00+00:00,CUS-011,Desert Ridge Ambulatory Surgery,ASC,AZ,Mountain,REP-032,SOM-SCREW-45,Trauma Plating,Trauma fixation,1,147.46,147.46,0.1100,16.22,131.24,42.00,89.24,USD,Direct,AGR-ORTHO-26-310,CPO-011-2026-0160,SI-882269,PARTIALLY_PAID,2026-04-25T17:13:00+00:00
TXN-002271,SO-102270,2026-02-21,2026-02-21T14:14:00+00:00,CUS-012,New England Sports Medicine,Hospital,MA,Northeast,REP-036,MAKO-HIP-KIT,Robotic Procedure Kit,Robotic-assisted hip,1,1495.00,1495.00,0.1400,209.30,1285.70,637.50,648.20,USD,Direct,AGR-ORTHO-26-317,CPO-012-2026-0161,SI-882270,PAID,2026-02-21T17:14:00+00:00
TXN-002272,SO-102271,2026-04-10,2026-04-10T14:15:00+00:00,CUS-005,Lone Star Orthopedic Network,IDN,TX,South Central,REP-016,MAKO-KNEE-KIT,Robotic Procedure Kit,Robotic-assisted knee,1,1656.40,1656.40,0.1800,298.15,1358.25,703.80,654.45,USD,Direct,AGR-ORTHO-26-338,CPO-005-2026-0162,SI-882271,PAID,2026-04-10T17:15:00+00:00
TXN-002273,SO-102272,2026-03-06,2026-03-06T14:16:00+00:00,CUS-004,Blue Ridge Joint Institute,Hospital,NC,Southeast,REP-014,TRI-KNEE-CR-04,Triathlon Knee,Total knee arthroplasty,3,4423.80,13271.40,0.1200,1592.57,11678.83,6791.40,4887.43,USD,Direct,AGR-ORTHO-26-331,CPO-004-2026-0163,SI-882272,PAID,2026-03-07T17:16:00+00:00
TXN-002274,SO-102273,2026-05-14,2026-05-14T14:17:00+00:00,CUS-012,New England Sports Medicine,Hospital,MA,Northeast,REP-039,MAKO-KNEE-KIT,Robotic Procedure Kit,Robotic-assisted knee,1,1640.00,1640.00,0.1650,270.60,1369.40,676.20,693.20,USD,Direct,AGR-ORTHO-26-317,CPO-012-2026-0164,SI-882273,PAID,2026-05-16T17:17:00+00:00
TXN-002275,SO-102274,2026-02-20,2026-02-20T14:18:00+00:00,CUS-009,Northwest Specialty Distribution,Distributor,WA,West,REP-031,SOM-PLATE-8H,Trauma Plating,Trauma fixation,1,892.50,892.50,0.2500,223.13,669.37,372.30,297.07,USD,Direct,AGR-ORTHO-26-331,CPO-009-2026-0165,SI-882274,PAID,2026-02-22T17:18:00+00:00
TXN-002276,SO-102275,2026-01-08,2026-01-08T14:19:00+00:00,CUS-004,Blue Ridge Joint Institute,Hospital,NC,Southeast,REP-010,TRI-KNEE-CR-04,Triathlon Knee,Total knee arthroplasty,3,4380.00,13140.00,0.1300,1708.20,11431.80,7068.60,4363.20,USD,Distributor,AGR-ORTHO-26-331,CPO-004-2026-0166,SI-882275,PAID,2026-01-08T17:19:00+00:00
TXN-002277,SO-102276,2026-06-12,2026-06-12T14:20:00+00:00,CUS-001,Atlantic Ortho Alliance,IDN,PA,Northeast,REP-002,MAKO-HIP-KIT,Robotic Procedure Kit,Robotic-assisted hip,1,1480.05,1480.05,0.1950,288.61,1191.44,612.50,578.94,USD,Direct,AGR-ORTHO-26-310,CPO-001-2026-0167,SI-882276,PAID,2026-06-12T17:20:00+00:00
TXN-002278,SO-102277,2026-01-05,2026-01-05T14:21:00+00:00,CUS-011,Desert Ridge Ambulatory Surgery,ASC,AZ,Mountain,REP-033,MAKO-KNEE-KIT,Robotic Procedure Kit,Robotic-assisted knee,2,1656.40,3312.80,0.1100,364.41,2948.39,1352.40,1595.99,USD,ASC Program,AGR-ORTHO-26-310,CPO-011-2026-0168,SI-882277,PAID,2026-01-05T17:21:00+00:00
TXN-002279,SO-102278,2025-12-20,2025-12-20T14:22:00+00:00,CUS-001,Atlantic Ortho Alliance,IDN,PA,Northeast,REP-004,MAKO-HIP-KIT,Robotic Procedure Kit,Robotic-assisted hip,1,1495.00,1495.00,0.1900,284.05,1210.95,625.00,585.95,USD,ASC Program,AGR-ORTHO-26-310,CPO-001-2025-0169,SI-882278,PAID,2025-12-20T17:22:00+00:00
TXN-002280,SO-102279,2026-02-09,2026-02-09T14:23:00+00:00,CUS-007,Front Range Medical Center,Hospital,CO,Mountain,REP-023,TRI-KNEE-CR-04,Triathlon Knee,Total knee arthroplasty,1,4467.60,4467.60,0.1300,580.79,3886.81,2310.00,1576.81,USD,Direct,AGR-ORTHO-26-317,CPO-007-2026-0170,SI-882279,DISPUTED,2026-02-09T17:23:00+00:00
TXN-002281,SO-102280,2026-03-11,2026-03-11T14:24:00+00:00,CUS-004,Blue Ridge Joint Institute,Hospital,NC,Southeast,REP-015,SOM-PLATE-8H,Trauma Plating,Trauma fixation,3,892.50,2677.50,0.1300,348.08,2329.42,1095.00,1234.42,USD,Direct,AGR-ORTHO-26-331,CPO-004-2026-0171,SI-882280,OPEN,2026-03-13T17:24:00+00:00
TXN-002282,SO-102281,2026-04-26,2026-04-26T14:25:00+00:00,CUS-003,Great Lakes University Hospital,Academic Medical Center,OH,Midwest,REP-013,SPN-CAGE-LORD,Spine Interbody,Lumbar fusion,1,5365.20,5365.20,0.1800,965.74,4399.46,2735.00,1664.46,USD,ASC Program,AGR-ORTHO-26-324,CPO-003-2026-0172,SI-882281,OPEN,2026-04-28T17:25:00+00:00
TXN-002283,SO-102282,2025-12-01,2025-12-01T14:26:00+00:00,CUS-001,Atlantic Ortho Alliance,IDN,PA,Northeast,REP-001,TRI-KNEE-CR-04,Triathlon Knee,Total knee arthroplasty,1,4380.00,4380.00,0.1950,854.10,3525.90,2356.20,1169.70,USD,Direct,AGR-ORTHO-26-310,CPO-001-2025-0173,SI-882282,PAID,2025-12-02T17:26:00+00:00
TXN-002284,SO-102283,2026-05-13,2026-05-13T14:27:00+00:00,CUS-006,Pacific Motion Surgery Partners,ASC,CA,West,REP-017,MAKO-KNEE-KIT,Robotic Procedure Kit,Robotic-assisted knee,1,1640.00,1640.00,0.1100,180.40,1459.60,690.00,769.60,USD,Direct,AGR-ORTHO-26-310,CPO-006-2026-0174,SI-882283,PAID,2026-05-15T17:27:00+00:00
TXN-002285,SO-102284,2026-01-01,2026-01-01T14:28:00+00:00,CUS-001,Atlantic Ortho Alliance,IDN,PA,Northeast,REP-003,TRI-KNEE-PS-05,Triathlon Knee,Total knee arthroplasty,3,4825.00,14475.00,0.2000,2895.00,11580.00,7620.00,3960.00,USD,Direct,AGR-ORTHO-26-310,CPO-001-2026-0175,SI-882284,OPEN,2026-01-01T17:28:00+00:00
TXN-002286,SO-102285,2025-12-18,2025-12-18T14:29:00+00:00,CUS-011,Desert Ridge Ambulatory Surgery,ASC,AZ,Mountain,REP-034,MAKO-KNEE-KIT,Robotic Procedure Kit,Robotic-assisted knee,8,1607.20,12857.60,0.1200,1542.91,11314.69,5520.00,5794.69,USD,ASC Program,AGR-ORTHO-26-310,CPO-011-2025-0176,SI-882285,PAID,2025-12-19T17:29:00+00:00
TXN-002287,SO-102286,2026-01-22,2026-01-22T14:30:00+00:00,CUS-007,Front Range Medical Center,Hospital,CO,Mountain,REP-023,MAKO-KNEE-KIT,Robotic Procedure Kit,Robotic-assisted knee,4,1656.40,6625.60,0.1300,861.33,5764.27,2760.00,3004.27,USD,Direct,AGR-ORTHO-26-317,CPO-007-2026-0177,SI-882286,OPEN,2026-01-24T17:30:00+00:00
TXN-002288,SO-102287,2026-01-30,2026-01-30T14:31:00+00:00,CUS-007,Front Range Medical Center,Hospital,CO,Mountain,REP-024,MAKO-KNEE-KIT,Robotic Procedure Kit,Robotic-assisted knee,4,1623.60,6494.40,0.1300,844.27,5650.13,2815.20,2834.93,USD,Direct,AGR-ORTHO-26-317,CPO-007-2026-0178,SI-882287,OPEN,2026-02-01T17:31:00+00:00
TXN-002289,SO-102288,2026-04-19,2026-04-19T14:32:00+00:00,CUS-007,Front Range Medical Center,Hospital,CO,Mountain,REP-025,MAKO-HIP-KIT,Robotic Procedure Kit,Robotic-assisted hip,1,1524.90,1524.90,0.1350,205.86,1319.04,612.50,706.54,USD,Direct,AGR-ORTHO-26-317,CPO-007-2026-0179,SI-882288,OPEN,2026-04-21T17:32:00+00:00
TXN-002290,SO-102289,2026-04-25,2026-04-25T14:33:00+00:00,CUS-011,Desert Ridge Ambulatory Surgery,ASC,AZ,Mountain,REP-031,ACC-HIP-CUP-56,Acetabular System,Total hip arthroplasty,2,2975.00,5950.00,0.1200,714.00,5236.00,2976.00,2260.00,USD,Direct,AGR-ORTHO-26-310,CPO-011-2026-0180,SI-882289,OPEN,2026-04-25T17:33:00+00:00
TXN-002291,SO-102290,2026-01-16,2026-01-16T14:34:00+00:00,CUS-001,Atlantic Ortho Alliance,IDN,PA,Northeast,REP-002,MAKO-HIP-KIT,Robotic Procedure Kit,Robotic-assisted hip,2,1509.95,3019.90,0.1900,573.78,2446.12,1275.00,1171.12,USD,Distributor,AGR-ORTHO-26-310,CPO-001-2026-0181,SI-882290,OPEN,2026-01-18T17:34:00+00:00
TXN-002292,SO-102291,2026-05-06,2026-05-06T14:35:00+00:00,CUS-006,Pacific Motion Surgery Partners,ASC,CA,West,REP-018,TRI-KNEE-PS-05,Triathlon Knee,Total knee arthroplasty,2,4921.50,9843.00,0.1200,1181.16,8661.84,5181.60,3480.24,USD,ASC Program,AGR-ORTHO-26-310,CPO-006-2026-0182,SI-882291,PAID,2026-05-07T17:35:00+00:00
TXN-002293,SO-102292,2026-03-14,2026-03-14T14:36:00+00:00,CUS-004,Blue Ridge Joint Institute,Hospital,NC,Southeast,REP-013,ACC-HIP-CUP-56,Acetabular System,Total hip arthroplasty,2,2975.00,5950.00,0.1300,773.50,5176.50,2916.48,2260.02,USD,Direct,AGR-ORTHO-26-331,CPO-004-2026-0183,SI-882292,OPEN,2026-03-14T17:36:00+00:00
TXN-002294,SO-102293,2026-03-20,2026-03-20T14:37:00+00:00,CUS-007,Front Range Medical Center,Hospital,CO,Mountain,REP-023,ACC-HIP-CUP-56,Acetabular System,Total hip arthroplasty,1,3034.50,3034.50,0.1300,394.49,2640.01,1488.00,1152.01,USD,Distributor,AGR-ORTHO-26-317,CPO-007-2026-0184,SI-882293,PAID,2026-03-20T17:37:00+00:00
TXN-002295,SO-102294,2026-01-31,2026-01-31T14:38:00+00:00,CUS-010,Prairie Orthopedics Cooperative,IDN,IL,Midwest,REP-033,TRI-KNEE-PS-05,Triathlon Knee,Total knee arthroplasty,3,4776.75,14330.25,0.1900,2722.75,11607.50,7467.60,4139.90,USD,Direct,AGR-ORTHO-26-338,CPO-010-2026-0185,SI-882294,OPEN,2026-02-02T17:38:00+00:00
TXN-002296,SO-102295,2025-11-02,2025-11-02T14:39:00+00:00,CUS-003,Great Lakes University Hospital,Academic Medical Center,OH,Midwest,REP-013,MAKO-HIP-KIT,Robotic Procedure Kit,Robotic-assisted hip,5,1509.95,7549.75,0.1700,1283.46,6266.29,3125.00,3141.29,USD,Direct,AGR-ORTHO-26-324,CPO-003-2025-0186,SI-882295,OPEN,2025-11-04T17:39:00+00:00
TXN-002297,SO-102296,2026-02-03,2026-02-03T14:40:00+00:00,CUS-003,Great Lakes University Hospital,Academic Medical Center,OH,Midwest,REP-007,TRI-KNEE-PS-05,Triathlon Knee,Total knee arthroplasty,3,4776.75,14330.25,0.1800,2579.45,11750.80,7772.40,3978.40,USD,Direct,AGR-ORTHO-26-324,CPO-003-2026-0187,SI-882296,PAID,2026-02-04T17:40:00+00:00
TXN-002298,SO-102297,2026-05-01,2026-05-01T14:41:00+00:00,CUS-010,Prairie Orthopedics Cooperative,IDN,IL,Midwest,REP-029,ACC-HIP-LIN-36,Acetabular System,Total hip arthroplasty,2,1180.00,2360.00,0.1800,424.80,1935.20,1081.20,854.00,USD,ASC Program,AGR-ORTHO-26-338,CPO-010-2026-0188,SI-882297,PAID,2026-05-02T17:41:00+00:00
TXN-002299,SO-102298,2026-04-10,2026-04-10T14:42:00+00:00,CUS-004,Blue Ridge Joint Institute,Hospital,NC,Southeast,REP-012,ACC-HIP-LIN-36,Acetabular System,Total hip arthroplasty,2,1168.20,2336.40,0.1200,280.37,2056.03,1060.00,996.03,USD,ASC Program,AGR-ORTHO-26-331,CPO-004-2026-0189,SI-882298,PAID,2026-04-12T17:42:00+00:00
TXN-002300,SO-102299,2025-11-03,2025-11-03T14:43:00+00:00,CUS-003,Great Lakes University Hospital,Academic Medical Center,OH,Midwest,REP-010,SPN-CAGE-LORD,Spine Interbody,Lumbar fusion,2,5154.80,10309.60,0.1700,1752.63,8556.97,5360.60,3196.37,USD,ASC Program,AGR-ORTHO-26-324,CPO-003-2025-0190,SI-882299,PAID,2025-11-03T17:43:00+00:00
TXN-002301,SO-102300,2026-04-19,2026-04-19T14:44:00+00:00,CUS-010,Prairie Orthopedics Cooperative,IDN,IL,Midwest,REP-032,TRI-KNEE-PS-05,Triathlon Knee,Total knee arthroplasty,2,4825.00,9650.00,0.2000,1930.00,7720.00,4978.40,2741.60,USD,Direct,AGR-ORTHO-26-338,CPO-010-2026-0191,SI-882300,PAID,2026-04-20T17:44:00+00:00
TXN-002302,SO-102301,2026-04-02,2026-04-02T14:45:00+00:00,CUS-003,Great Lakes University Hospital,Academic Medical Center,OH,Midwest,REP-012,SOM-PLATE-8H,Trauma Plating,Trauma fixation,1,883.75,883.75,0.1750,154.66,729.09,365.00,364.09,USD,ASC Program,AGR-ORTHO-26-324,CPO-003-2026-0192,SI-882301,PAID,2026-04-03T17:45:00+00:00
TXN-002303,SO-102302,2026-04-10,2026-04-10T14:46:00+00:00,CUS-010,Prairie Orthopedics Cooperative,IDN,IL,Midwest,REP-034,ACC-HIP-CUP-56,Acetabular System,Total hip arthroplasty,8,3004.75,24038.00,0.1800,4326.84,19711.16,11904.00,7807.16,USD,Direct,AGR-ORTHO-26-338,CPO-010-2026-0193,SI-882302,OPEN,2026-04-10T17:46:00+00:00
TXN-002304,SO-102303,2025-11-25,2025-11-25T14:00:00+00:00,CUS-006,Pacific Motion Surgery Partners,ASC,CA,West,REP-016,ACC-HIP-CUP-56,Acetabular System,Total hip arthroplasty,1,2975.00,2975.00,0.1100,327.25,2647.75,1458.24,1189.51,USD,ASC Program,AGR-ORTHO-26-310,CPO-006-2025-0194,SI-882303,PAID,2025-11-27T17:00:00+00:00
TXN-002305,SO-102304,2026-04-18,2026-04-18T14:01:00+00:00,CUS-006,Pacific Motion Surgery Partners,ASC,CA,West,REP-017,MAKO-HIP-KIT,Robotic Procedure Kit,Robotic-assisted hip,2,1465.10,2930.20,0.1100,322.32,2607.88,1250.00,1357.88,USD,ASC Program,AGR-ORTHO-26-310,CPO-006-2026-0195,SI-882304,PAID,2026-04-20T17:01:00+00:00
TXN-002306,SO-102305,2026-01-16,2026-01-16T14:02:00+00:00,CUS-001,Atlantic Ortho Alliance,IDN,PA,Northeast,REP-003,REV-FEM-STEM-12,Revision Hip,Revision arthroplasty,5,6355.80,31779.00,0.1800,5720.22,26058.78,17475.00,8583.78,USD,Direct,AGR-ORTHO-26-310,CPO-001-2026-0196,SI-882305,PARTIALLY_PAID,2026-01-16T17:02:00+00:00
TXN-002307,SO-102306,2026-02-09,2026-02-09T14:03:00+00:00,CUS-007,Front Range Medical Center,Hospital,CO,Mountain,REP-022,MAKO-HIP-KIT,Robotic Procedure Kit,Robotic-assisted hip,4,1524.90,6099.60,0.1200,731.95,5367.65,2500.00,2867.65,USD,ASC Program,AGR-ORTHO-26-317,CPO-007-2026-0197,SI-882306,PAID,2026-02-09T17:03:00+00:00
TXN-002308,SO-102307,2026-03-27,2026-03-27T14:04:00+00:00,CUS-004,Blue Ridge Joint Institute,Hospital,NC,Southeast,REP-014,MAKO-KNEE-KIT,Robotic Procedure Kit,Robotic-assisted knee,2,1640.00,3280.00,0.1200,393.60,2886.40,1380.00,1506.40,USD,Direct,AGR-ORTHO-26-331,CPO-004-2026-0198,SI-882307,PAID,2026-03-27T17:04:00+00:00
TXN-002309,SO-102308,2026-04-06,2026-04-06T14:05:00+00:00,CUS-001,Atlantic Ortho Alliance,IDN,PA,Northeast,REP-006,MAKO-KNEE-KIT,Robotic Procedure Kit,Robotic-assisted knee,2,1672.80,3345.60,0.2300,769.49,2576.11,1380.00,1196.11,USD,Direct,AGR-ORTHO-26-310,CPO-001-2026-0199,SI-882308,PAID,2026-04-08T17:05:00+00:00
TXN-002310,SO-102309,2025-12-08,2025-12-08T14:06:00+00:00,CUS-001,Atlantic Ortho Alliance,IDN,PA,Northeast,REP-007,TRI-KNEE-CR-04,Triathlon Knee,Total knee arthroplasty,1,4380.00,4380.00,0.1800,788.40,3591.60,2310.00,1281.60,USD,ASC Program,AGR-ORTHO-26-310,CPO-001-2025-0200,SI-882309,OPEN,2025-12-08T17:06:00+00:00
TXN-002311,SO-102310,2026-03-12,2026-03-12T14:07:00+00:00,CUS-010,Prairie Orthopedics Cooperative,IDN,IL,Midwest,REP-028,MAKO-KNEE-KIT,Robotic Procedure Kit,Robotic-assisted knee,1,1640.00,1640.00,0.1900,311.60,1328.40,703.80,624.60,USD,ASC Program,AGR-ORTHO-26-338,CPO-010-2026-0201,SI-882310,PAID,2026-03-12T17:07:00+00:00
TXN-002312,SO-102311,2026-03-23,2026-03-23T14:08:00+00:00,CUS-011,Desert Ridge Ambulatory Surgery,ASC,AZ,Mountain,REP-032,MAKO-KNEE-KIT,Robotic Procedure Kit,Robotic-assisted knee,8,1623.60,12988.80,0.1100,1428.77,11560.03,5630.40,5929.63,USD,Direct,AGR-ORTHO-26-310,CPO-011-2026-0202,SI-882311,PAID,2026-03-23T17:08:00+00:00
TXN-002313,SO-102312,2026-04-25,2026-04-25T14:09:00+00:00,CUS-011,Desert Ridge Ambulatory Surgery,ASC,AZ,Mountain,REP-033,MAKO-HIP-KIT,Robotic Procedure Kit,Robotic-assisted hip,2,1465.10,2930.20,0.1200,351.62,2578.58,1225.00,1353.58,USD,ASC Program,AGR-ORTHO-26-310,CPO-011-2026-0203,SI-882312,PAID,2026-04-25T17:09:00+00:00
TXN-002314,SO-102313,2026-03-13,2026-03-13T14:10:00+00:00,CUS-011,Desert Ridge Ambulatory Surgery,ASC,AZ,Mountain,REP-034,TRI-KNEE-PS-05,Triathlon Knee,Total knee arthroplasty,2,4825.00,9650.00,0.1000,965.00,8685.00,5080.00,3605.00,USD,Distributor,AGR-ORTHO-26-310,CPO-011-2026-0204,SI-882313,OPEN,2026-03-15T17:10:00+00:00
TXN-002315,SO-102314,2026-02-12,2026-02-12T14:11:00+00:00,CUS-008,Gulf Coast Trauma Hospital,Hospital,FL,Southeast,REP-026,REV-FEM-STEM-12,Revision Hip,Revision arthroplasty,1,6355.80,6355.80,0.1350,858.03,5497.77,3425.10,2072.67,USD,Direct,AGR-ORTHO-26-324,CPO-008-2026-0205,SI-882314,OPEN,2026-02-12T17:11:00+00:00
TXN-002316,SO-102315,2026-02-18,2026-02-18T14:12:00+00:00,CUS-011,Desert Ridge Ambulatory Surgery,ASC,AZ,Mountain,REP-036,REV-FEM-STEM-12,Revision Hip,Revision arthroplasty,2,6548.40,13096.80,0.1000,1309.68,11787.12,6990.00,4797.12,USD,Direct,AGR-ORTHO-26-310,CPO-011-2026-0206,SI-882315,OPEN,2026-02-18T17:12:00+00:00
TXN-002317,SO-102316,2025-11-19,2025-11-19T14:13:00+00:00,CUS-002,Hudson Valley Surgical Center,ASC,NY,Northeast,REP-010,TRI-KNEE-PS-05,Triathlon Knee,Total knee arthroplasty,2,4776.75,9553.50,0.1200,1146.42,8407.08,4978.40,3428.68,USD,Direct,AGR-ORTHO-26-317,CPO-002-2025-0207,SI-882316,PAID,2025-11-21T17:13:00+00:00
TXN-002318,SO-102317,2026-01-17,2026-01-17T14:14:00+00:00,CUS-006,Pacific Motion Surgery Partners,ASC,CA,West,REP-016,ACC-HIP-LIN-36,Acetabular System,Total hip arthroplasty,5,1168.20,5841.00,0.1000,584.10,5256.90,2703.00,2553.90,USD,Direct,AGR-ORTHO-26-310,CPO-006-2026-0208,SI-882317,PARTIALLY_PAID,2026-01-17T17:14:00+00:00
TXN-002319,SO-102318,2026-03-27,2026-03-27T14:15:00+00:00,CUS-003,Great Lakes University Hospital,Academic Medical Center,OH,Midwest,REP-008,MAKO-KNEE-KIT,Robotic Procedure Kit,Robotic-assisted knee,8,1640.00,13120.00,0.1700,2230.40,10889.60,5520.00,5369.60,USD,Distributor,AGR-ORTHO-26-324,CPO-003-2026-0209,SI-882318,PAID,2026-03-27T17:15:00+00:00
TXN-002320,SO-102319,2025-11-13,2025-11-13T14:16:00+00:00,CUS-003,Great Lakes University Hospital,Academic Medical Center,OH,Midwest,REP-009,TRI-KNEE-CR-04,Triathlon Knee,Total knee arthroplasty,2,4423.80,8847.60,0.1800,1592.57,7255.03,4527.60,2727.43,USD,Direct,AGR-ORTHO-26-324,CPO-003-2025-0210,SI-882319,PAID,2025-11-13T17:16:00+00:00
TXN-002321,SO-102320,2026-02-15,2026-02-15T14:17:00+00:00,CUS-001,Atlantic Ortho Alliance,IDN,PA,Northeast,REP-004,ACC-HIP-LIN-36,Acetabular System,Total hip arthroplasty,1,1180.00,1180.00,0.1800,212.40,967.60,540.60,427.00,USD,Direct,AGR-ORTHO-26-310,CPO-001-2026-0211,SI-882320,PAID,2026-02-16T17:17:00+00:00
TXN-002322,SO-102321,2026-03-22,2026-03-22T14:18:00+00:00,CUS-002,Hudson Valley Surgical Center,ASC,NY,Northeast,REP-008,ACC-HIP-LIN-36,Acetabular System,Total hip arthroplasty,3,1180.00,3540.00,0.1200,424.80,3115.20,1558.20,1557.00,USD,Direct,AGR-ORTHO-26-317,CPO-002-2026-0001,SI-882321,DISPUTED,2026-03-22T17:18:00+00:00
TXN-002323,SO-102322,2026-03-25,2026-03-25T14:19:00+00:00,CUS-005,Lone Star Orthopedic Network,IDN,TX,South Central,REP-018,SOM-SCREW-45,Trauma Plating,Trauma fixation,2,146.00,292.00,0.1800,52.56,239.44,84.00,155.44,USD,Direct,AGR-ORTHO-26-338,CPO-005-2026-0002,SI-882322,PARTIALLY_PAID,2026-03-26T17:19:00+00:00
TXN-002324,SO-102323,2026-04-05,2026-04-05T14:20:00+00:00,CUS-011,Desert Ridge Ambulatory Surgery,ASC,AZ,Mountain,REP-037,MAKO-HIP-KIT,Robotic Procedure Kit,Robotic-assisted hip,5,1465.10,7325.50,0.1100,805.81,6519.69,3187.50,3332.19,USD,Direct,AGR-ORTHO-26-310,CPO-011-2026-0003,SI-882323,PAID,2026-04-05T17:20:00+00:00
TXN-002325,SO-102324,2026-04-05,2026-04-05T14:21:00+00:00,CUS-004,Blue Ridge Joint Institute,Hospital,NC,Southeast,REP-010,TRI-KNEE-PS-05,Triathlon Knee,Total knee arthroplasty,8,4825.00,38600.00,0.1200,4632.00,33968.00,19913.60,14054.40,USD,Direct,AGR-ORTHO-26-331,CPO-004-2026-0004,SI-882324,PAID,2026-04-07T17:21:00+00:00
TXN-002326,SO-102325,2026-06-17,2026-06-17T14:22:00+00:00,CUS-005,Lone Star Orthopedic Network,IDN,TX,South Central,REP-014,REV-FEM-STEM-12,Revision Hip,Revision arthroplasty,1,6355.80,6355.80,0.1800,1144.04,5211.76,3495.00,1716.76,USD,Direct,AGR-ORTHO-26-338,CPO-005-2026-0005,SI-882325,PAID,2026-06-17T17:22:00+00:00
TXN-002327,SO-102326,2026-04-25,2026-04-25T14:23:00+00:00,CUS-009,Northwest Specialty Distribution,Distributor,WA,West,REP-027,REV-FEM-STEM-12,Revision Hip,Revision arthroplasty,2,6484.20,12968.40,0.2400,3112.42,9855.98,6850.20,3005.78,USD,ASC Program,AGR-ORTHO-26-331,CPO-009-2026-0006,SI-882326,OPEN,2026-04-25T17:23:00+00:00
TXN-002328,SO-102327,2025-11-13,2025-11-13T14:24:00+00:00,CUS-007,Front Range Medical Center,Hospital,CO,Mountain,REP-022,TRI-KNEE-CR-04,Triathlon Knee,Total knee arthroplasty,2,4336.20,8672.40,0.1350,1170.77,7501.63,4712.40,2789.23,USD,Direct,AGR-ORTHO-26-317,CPO-007-2025-0007,SI-882327,PAID,2025-11-14T17:24:00+00:00
TXN-002329,SO-102328,2026-04-10,2026-04-10T14:25:00+00:00,CUS-003,Great Lakes University Hospital,Academic Medical Center,OH,Midwest,REP-011,TRI-KNEE-CR-04,Triathlon Knee,Total knee arthroplasty,1,4467.60,4467.60,0.1800,804.17,3663.43,2356.20,1307.23,USD,ASC Program,AGR-ORTHO-26-324,CPO-003-2026-0008,SI-882328,PAID,2026-04-10T17:25:00+00:00
TXN-002330,SO-102329,2026-03-28,2026-03-28T14:26:00+00:00,CUS-012,New England Sports Medicine,Hospital,MA,Northeast,REP-039,TRI-KNEE-CR-04,Triathlon Knee,Total knee arthroplasty,4,4423.80,17695.20,0.1350,2388.85,15306.35,9240.00,6066.35,USD,Direct,AGR-ORTHO-26-317,CPO-012-2026-0009,SI-882329,PAID,2026-03-29T17:26:00+00:00
TXN-002331,SO-102330,2026-04-16,2026-04-16T14:27:00+00:00,CUS-005,Lone Star Orthopedic Network,IDN,TX,South Central,REP-019,SOM-PLATE-8H,Trauma Plating,Trauma fixation,2,875.00,1750.00,0.1900,332.50,1417.50,730.00,687.50,USD,Direct,AGR-ORTHO-26-338,CPO-005-2026-0010,SI-882330,OPEN,2026-04-17T17:27:00+00:00
TXN-002332,SO-102331,2025-10-18,2025-10-18T14:28:00+00:00,CUS-005,Lone Star Orthopedic Network,IDN,TX,South Central,REP-013,MAKO-HIP-KIT,Robotic Procedure Kit,Robotic-assisted hip,1,1495.00,1495.00,0.1800,269.10,1225.90,625.00,600.90,USD,ASC Program,AGR-ORTHO-26-338,CPO-005-2025-0011,SI-882331,PAID,2025-10-20T17:28:00+00:00
TXN-002333,SO-102332,2026-02-17,2026-02-17T14:29:00+00:00,CUS-002,Hudson Valley Surgical Center,ASC,NY,Northeast,REP-005,MAKO-KNEE-KIT,Robotic Procedure Kit,Robotic-assisted knee,3,1672.80,5018.40,0.1100,552.02,4466.38,2028.60,2437.78,USD,Direct,AGR-ORTHO-26-317,CPO-002-2026-0012,SI-882332,PAID,2026-02-17T17:29:00+00:00
TXN-002334,SO-102333,2026-05-31,2026-05-31T14:30:00+00:00,CUS-012,New England Sports Medicine,Hospital,MA,Northeast,REP-036,REV-FEM-STEM-12,Revision Hip,Revision arthroplasty,1,6548.40,6548.40,0.1300,851.29,5697.11,3425.10,2272.01,USD,Distributor,AGR-ORTHO-26-317,CPO-012-2026-0013,SI-882333,PAID,2026-05-31T17:30:00+00:00
TXN-002335,SO-102334,2026-03-11,2026-03-11T14:31:00+00:00,CUS-012,New England Sports Medicine,Hospital,MA,Northeast,REP-037,ACC-HIP-LIN-36,Acetabular System,Total hip arthroplasty,1,1156.40,1156.40,0.1350,156.11,1000.29,530.00,470.29,USD,ASC Program,AGR-ORTHO-26-317,CPO-012-2026-0014,SI-882334,OPEN,2026-03-11T17:31:00+00:00
TXN-002336,SO-102335,2025-11-06,2025-11-06T14:32:00+00:00,CUS-001,Atlantic Ortho Alliance,IDN,PA,Northeast,REP-005,MAKO-HIP-KIT,Robotic Procedure Kit,Robotic-assisted hip,4,1480.05,5920.20,0.1950,1154.44,4765.76,2550.00,2215.76,USD,Direct,AGR-ORTHO-26-310,CPO-001-2025-0015,SI-882335,OPEN,2025-11-06T17:32:00+00:00
TXN-002337,SO-102336,2026-05-14,2026-05-14T14:33:00+00:00,CUS-007,Front Range Medical Center,Hospital,CO,Mountain,REP-024,TRI-KNEE-CR-04,Triathlon Knee,Total knee arthroplasty,3,4467.60,13402.80,0.1400,1876.39,11526.41,6791.40,4735.01,USD,Direct,AGR-ORTHO-26-317,CPO-007-2026-0016,SI-882336,PAID,2026-05-16T17:33:00+00:00
TXN-002338,SO-102337,2026-04-13,2026-04-13T14:34:00+00:00,CUS-008,Gulf Coast Trauma Hospital,Hospital,FL,Southeast,REP-028,REV-FEM-STEM-12,Revision Hip,Revision arthroplasty,3,6355.80,19067.40,0.1300,2478.76,16588.64,10485.00,6103.64,USD,Distributor,AGR-ORTHO-26-324,CPO-008-2026-0017,SI-882337,PAID,2026-04-14T17:34:00+00:00
TXN-002339,SO-102338,2025-12-10,2025-12-10T14:35:00+00:00,CUS-002,Hudson Valley Surgical Center,ASC,NY,Northeast,REP-004,TRI-KNEE-PS-05,Triathlon Knee,Total knee arthroplasty,2,4921.50,9843.00,0.1200,1181.16,8661.84,5080.00,3581.84,USD,Direct,AGR-ORTHO-26-317,CPO-002-2025-0018,SI-882338,PAID,2025-12-11T17:35:00+00:00
TXN-002340,SO-102339,2026-03-30,2026-03-30T14:36:00+00:00,CUS-005,Lone Star Orthopedic Network,IDN,TX,South Central,REP-014,TRI-KNEE-CR-04,Triathlon Knee,Total knee arthroplasty,2,4380.00,8760.00,0.2000,1752.00,7008.00,4527.60,2480.40,USD,ASC Program,AGR-ORTHO-26-338,CPO-005-2026-0019,SI-882339,PARTIALLY_PAID,2026-03-30T17:36:00+00:00
TXN-002341,SO-102340,2026-05-11,2026-05-11T14:37:00+00:00,CUS-008,Gulf Coast Trauma Hospital,Hospital,FL,Southeast,REP-024,TRI-KNEE-PS-05,Triathlon Knee,Total knee arthroplasty,2,4728.50,9457.00,0.1300,1229.41,8227.59,5080.00,3147.59,USD,Direct,AGR-ORTHO-26-324,CPO-008-2026-0020,SI-882340,PAID,2026-05-11T17:37:00+00:00
TXN-002342,SO-102341,2026-04-24,2026-04-24T14:38:00+00:00,CUS-007,Front Range Medical Center,Hospital,CO,Mountain,REP-022,ACC-HIP-LIN-36,Acetabular System,Total hip arthroplasty,2,1180.00,2360.00,0.1300,306.80,2053.20,1038.80,1014.40,USD,Direct,AGR-ORTHO-26-317,CPO-007-2026-0021,SI-882341,PAID,2026-04-26T17:38:00+00:00
TXN-002343,SO-102342,2025-12-06,2025-12-06T14:39:00+00:00,CUS-007,Front Range Medical Center,Hospital,CO,Mountain,REP-023,TRI-KNEE-CR-04,Triathlon Knee,Total knee arthroplasty,2,4380.00,8760.00,0.1200,1051.20,7708.80,4527.60,3181.20,USD,Direct,AGR-ORTHO-26-317,CPO-007-2025-0022,SI-882342,PAID,2025-12-06T17:39:00+00:00
TXN-002344,SO-102343,2026-06-02,2026-06-02T14:40:00+00:00,CUS-009,Northwest Specialty Distribution,Distributor,WA,West,REP-030,TRI-KNEE-PS-05,Triathlon Knee,Total knee arthroplasty,1,4728.50,4728.50,0.2450,1158.48,3570.02,2489.20,1080.82,USD,Direct,AGR-ORTHO-26-331,CPO-009-2026-0023,SI-882343,PAID,2026-06-02T17:40:00+00:00
TXN-002345,SO-102344,2025-10-22,2025-10-22T14:41:00+00:00,CUS-012,New England Sports Medicine,Hospital,MA,Northeast,REP-040,TRI-KNEE-CR-04,Triathlon Knee,Total knee arthroplasty,2,4467.60,8935.20,0.1200,1072.22,7862.98,4527.60,3335.38,USD,Direct,AGR-ORTHO-26-317,CPO-012-2025-0024,SI-882344,OPEN,2025-10-22T17:41:00+00:00
TXN-002346,SO-102345,2026-05-03,2026-05-03T14:42:00+00:00,CUS-010,Prairie Orthopedics Cooperative,IDN,IL,Midwest,REP-028,TRI-KNEE-PS-05,Triathlon Knee,Total knee arthroplasty,1,4825.00,4825.00,0.1950,940.88,3884.12,2540.00,1344.12,USD,Direct,AGR-ORTHO-26-338,CPO-010-2026-0025,SI-882345,PAID,2026-05-03T17:42:00+00:00
TXN-002347,SO-102346,2025-12-06,2025-12-06T14:43:00+00:00,CUS-006,Pacific Motion Surgery Partners,ASC,CA,West,REP-017,REV-FEM-STEM-12,Revision Hip,Revision arthroplasty,1,6420.00,6420.00,0.1000,642.00,5778.00,3425.10,2352.90,USD,Direct,AGR-ORTHO-26-310,CPO-006-2025-0026,SI-882346,PAID,2025-12-07T17:43:00+00:00
TXN-002348,SO-102347,2026-03-24,2026-03-24T14:44:00+00:00,CUS-007,Front Range Medical Center,Hospital,CO,Mountain,REP-021,TRI-KNEE-CR-04,Triathlon Knee,Total knee arthroplasty,1,4467.60,4467.60,0.1300,580.79,3886.81,2263.80,1623.01,USD,Direct,AGR-ORTHO-26-317,CPO-007-2026-0027,SI-882347,PAID,2026-03-26T17:44:00+00:00
TXN-002349,SO-102348,2026-04-27,2026-04-27T14:45:00+00:00,CUS-010,Prairie Orthopedics Cooperative,IDN,IL,Midwest,REP-031,ACC-HIP-LIN-36,Acetabular System,Total hip arthroplasty,1,1191.80,1191.80,0.1950,232.40,959.40,519.40,440.00,USD,Distributor,AGR-ORTHO-26-338,CPO-010-2026-0028,SI-882348,PARTIALLY_PAID,2026-04-27T17:45:00+00:00
TXN-002350,SO-102349,2026-06-05,2026-06-05T14:46:00+00:00,CUS-001,Atlantic Ortho Alliance,IDN,PA,Northeast,REP-005,TRI-KNEE-CR-04,Triathlon Knee,Total knee arthroplasty,1,4336.20,4336.20,0.1800,780.52,3555.68,2310.00,1245.68,USD,Direct,AGR-ORTHO-26-310,CPO-001-2026-0029,SI-882349,OPEN,2026-06-05T17:46:00+00:00
TXN-002351,SO-102350,2025-12-12,2025-12-12T14:00:00+00:00,CUS-001,Atlantic Ortho Alliance,IDN,PA,Northeast,REP-006,TRI-KNEE-PS-05,Triathlon Knee,Total knee arthroplasty,2,4873.25,9746.50,0.1950,1900.57,7845.93,4978.40,2867.53,USD,ASC Program,AGR-ORTHO-26-310,CPO-001-2025-0030,SI-882350,PAID,2025-12-12T17:00:00+00:00
TXN-002352,SO-102351,2026-05-16,2026-05-16T14:01:00+00:00,CUS-003,Great Lakes University Hospital,Academic Medical Center,OH,Midwest,REP-013,SPN-CAGE-LORD,Spine Interbody,Lumbar fusion,2,5207.40,10414.80,0.1700,1770.52,8644.28,5470.00,3174.28,USD,Direct,AGR-ORTHO-26-324,CPO-003-2026-0031,SI-882351,PAID,2026-05-16T17:01:00+00:00
TXN-002353,SO-102352,2026-03-01,2026-03-01T14:02:00+00:00,CUS-007,Front Range Medical Center,Hospital,CO,Mountain,REP-019,TRI-KNEE-PS-05,Triathlon Knee,Total knee arthroplasty,1,4873.25,4873.25,0.1400,682.26,4190.99,2540.00,1650.99,USD,Distributor,AGR-ORTHO-26-317,CPO-007-2026-0032,SI-882352,PARTIALLY_PAID,2026-03-02T17:02:00+00:00
TXN-002354,SO-102353,2025-12-24,2025-12-24T14:03:00+00:00,CUS-009,Northwest Specialty Distribution,Distributor,WA,West,REP-026,TRI-KNEE-PS-05,Triathlon Knee,Total knee arthroplasty,1,4825.00,4825.00,0.2500,1206.25,3618.75,2540.00,1078.75,USD,Direct,AGR-ORTHO-26-331,CPO-009-2025-0033,SI-882353,PAID,2025-12-26T17:03:00+00:00
TXN-002355,SO-102354,2026-01-03,2026-01-03T14:04:00+00:00,CUS-008,Gulf Coast Trauma Hospital,Hospital,FL,Southeast,REP-024,SOM-SCREW-45,Trauma Plating,Trauma fixation,2,144.54,289.08,0.1300,37.58,251.50,84.00,167.50,USD,ASC Program,AGR-ORTHO-26-324,CPO-008-2026-0034,SI-882354,OPEN,2026-01-03T17:04:00+00:00
TXN-002356,SO-102355,2026-02-09,2026-02-09T14:05:00+00:00,CUS-002,Hudson Valley Surgical Center,ASC,NY,Northeast,REP-007,MAKO-KNEE-KIT,Robotic Procedure Kit,Robotic-assisted knee,4,1623.60,6494.40,0.1000,649.44,5844.96,2815.20,3029.76,USD,Direct,AGR-ORTHO-26-317,CPO-002-2026-0035,SI-882355,PAID,2026-02-11T17:05:00+00:00
TXN-002357,SO-102356,2026-05-01,2026-05-01T14:06:00+00:00,CUS-004,Blue Ridge Joint Institute,Hospital,NC,Southeast,REP-014,SOM-SCREW-45,Trauma Plating,Trauma fixation,1,147.46,147.46,0.1300,19.17,128.29,41.16,87.13,USD,Direct,AGR-ORTHO-26-331,CPO-004-2026-0036,SI-882356,PAID,2026-05-02T17:06:00+00:00
TXN-002358,SO-102357,2026-01-27,2026-01-27T14:07:00+00:00,CUS-005,Lone Star Orthopedic Network,IDN,TX,South Central,REP-018,MAKO-KNEE-KIT,Robotic Procedure Kit,Robotic-assisted knee,3,1640.00,4920.00,0.1800,885.60,4034.40,2070.00,1964.40,USD,Direct,AGR-ORTHO-26-338,CPO-005-2026-0037,SI-882357,OPEN,2026-01-28T17:07:00+00:00
TXN-002359,SO-102358,2025-11-30,2025-11-30T14:08:00+00:00,CUS-002,Hudson Valley Surgical Center,ASC,NY,Northeast,REP-010,TRI-KNEE-CR-04,Triathlon Knee,Total knee arthroplasty,2,4467.60,8935.20,0.1150,1027.55,7907.65,4620.00,3287.65,USD,Direct,AGR-ORTHO-26-317,CPO-002-2025-0038,SI-882358,PARTIALLY_PAID,2025-12-02T17:08:00+00:00
TXN-002360,SO-102359,2026-03-24,2026-03-24T14:09:00+00:00,CUS-005,Lone Star Orthopedic Network,IDN,TX,South Central,REP-013,REV-FEM-STEM-12,Revision Hip,Revision arthroplasty,3,6484.20,19452.60,0.1950,3793.26,15659.34,10485.00,5174.34,USD,Direct,AGR-ORTHO-26-338,CPO-005-2026-0039,SI-882359,PAID,2026-03-24T17:09:00+00:00
TXN-002361,SO-102360,2025-12-25,2025-12-25T14:10:00+00:00,CUS-003,Great Lakes University Hospital,Academic Medical Center,OH,Midwest,REP-008,ACC-HIP-LIN-36,Acetabular System,Total hip arthroplasty,1,1180.00,1180.00,0.1800,212.40,967.60,530.00,437.60,USD,Direct,AGR-ORTHO-26-324,CPO-003-2025-0040,SI-882360,PAID,2025-12-25T17:10:00+00:00
TXN-002362,SO-102361,2026-04-19,2026-04-19T14:11:00+00:00,CUS-010,Prairie Orthopedics Cooperative,IDN,IL,Midwest,REP-030,TRI-KNEE-PS-05,Triathlon Knee,Total knee arthroplasty,1,4921.50,4921.50,0.1900,935.09,3986.41,2489.20,1497.21,USD,Direct,AGR-ORTHO-26-338,CPO-010-2026-0041,SI-882361,OPEN,2026-04-21T17:11:00+00:00
TXN-002363,SO-102362,2025-12-31,2025-12-31T14:12:00+00:00,CUS-004,Blue Ridge Joint Institute,Hospital,NC,Southeast,REP-013,MAKO-KNEE-KIT,Robotic Procedure Kit,Robotic-assisted knee,1,1607.20,1607.20,0.1200,192.86,1414.34,703.80,710.54,USD,Distributor,AGR-ORTHO-26-331,CPO-004-2025-0042,SI-882362,PAID,2025-12-31T17:12:00+00:00
TXN-002364,SO-102363,2026-05-19,2026-05-19T14:13:00+00:00,CUS-011,Desert Ridge Ambulatory Surgery,ASC,AZ,Mountain,REP-035,SOM-PLATE-8H,Trauma Plating,Trauma fixation,4,875.00,3500.00,0.1100,385.00,3115.00,1430.80,1684.20,USD,Direct,AGR-ORTHO-26-310,CPO-011-2026-0043,SI-882363,PAID,2026-05-20T17:13:00+00:00
TXN-002365,SO-102364,2026-03-21,2026-03-21T14:14:00+00:00,CUS-001,Atlantic Ortho Alliance,IDN,PA,Northeast,REP-006,MAKO-KNEE-KIT,Robotic Procedure Kit,Robotic-assisted knee,1,1640.00,1640.00,0.1950,319.80,1320.20,676.20,644.00,USD,Direct,AGR-ORTHO-26-310,CPO-001-2026-0044,SI-882364,PAID,2026-03-22T17:14:00+00:00
TXN-002366,SO-102365,2026-06-15,2026-06-15T14:15:00+00:00,CUS-004,Blue Ridge Joint Institute,Hospital,NC,Southeast,REP-016,SOM-SCREW-45,Trauma Plating,Trauma fixation,2,146.00,292.00,0.1300,37.96,254.04,82.32,171.72,USD,ASC Program,AGR-ORTHO-26-331,CPO-004-2026-0045,SI-882365,PAID,2026-06-16T17:15:00+00:00
TXN-002367,SO-102366,2026-04-16,2026-04-16T14:16:00+00:00,CUS-011,Desert Ridge Ambulatory Surgery,ASC,AZ,Mountain,REP-031,TRI-KNEE-CR-04,Triathlon Knee,Total knee arthroplasty,1,4336.20,4336.20,0.1000,433.62,3902.58,2263.80,1638.78,USD,Direct,AGR-ORTHO-26-310,CPO-011-2026-0046,SI-882366,PAID,2026-04-16T17:16:00+00:00
TXN-002368,SO-102367,2026-05-28,2026-05-28T14:17:00+00:00,CUS-007,Front Range Medical Center,Hospital,CO,Mountain,REP-020,MAKO-HIP-KIT,Robotic Procedure Kit,Robotic-assisted hip,3,1509.95,4529.85,0.1400,634.18,3895.67,1837.50,2058.17,USD,Direct,AGR-ORTHO-26-317,CPO-007-2026-0047,SI-882367,OPEN,2026-05-30T17:17:00+00:00
TXN-002369,SO-102368,2026-04-19,2026-04-19T14:18:00+00:00,CUS-004,Blue Ridge Joint Institute,Hospital,NC,Southeast,REP-012,SPN-CAGE-LORD,Spine Interbody,Lumbar fusion,2,5260.00,10520.00,0.1400,1472.80,9047.20,5360.60,3686.60,USD,Direct,AGR-ORTHO-26-331,CPO-004-2026-0048,SI-882368,OPEN,2026-04-19T17:18:00+00:00
TXN-002370,SO-102369,2026-05-12,2026-05-12T14:19:00+00:00,CUS-008,Gulf Coast Trauma Hospital,Hospital,FL,Southeast,REP-025,MAKO-HIP-KIT,Robotic Procedure Kit,Robotic-assisted hip,2,1480.05,2960.10,0.1200,355.21,2604.89,1250.00,1354.89,USD,Distributor,AGR-ORTHO-26-324,CPO-008-2026-0049,SI-882369,PAID,2026-05-12T17:19:00+00:00
TXN-002371,SO-102370,2026-05-20,2026-05-20T14:20:00+00:00,CUS-001,Atlantic Ortho Alliance,IDN,PA,Northeast,REP-005,TRI-KNEE-CR-04,Triathlon Knee,Total knee arthroplasty,3,4292.40,12877.20,0.2250,2897.37,9979.83,6930.00,3049.83,USD,Direct,AGR-ORTHO-26-310,CPO-001-2026-0050,SI-882370,PAID,2026-05-20T17:20:00+00:00
TXN-002372,SO-102371,2026-03-02,2026-03-02T14:21:00+00:00,CUS-003,Great Lakes University Hospital,Academic Medical Center,OH,Midwest,REP-012,ACC-HIP-LIN-36,Acetabular System,Total hip arthroplasty,3,1180.00,3540.00,0.1600,566.40,2973.60,1590.00,1383.60,USD,Distributor,AGR-ORTHO-26-324,CPO-003-2026-0051,SI-882371,PAID,2026-03-02T17:21:00+00:00
TXN-002373,SO-102372,2026-04-23,2026-04-23T14:22:00+00:00,CUS-005,Lone Star Orthopedic Network,IDN,TX,South Central,REP-019,SOM-SCREW-45,Trauma Plating,Trauma fixation,2,146.00,292.00,0.2000,58.40,233.60,82.32,151.28,USD,ASC Program,AGR-ORTHO-26-338,CPO-005-2026-0052,SI-882372,OPEN,2026-04-24T17:22:00+00:00
TXN-002374,SO-102373,2026-06-17,2026-06-17T14:23:00+00:00,CUS-005,Lone Star Orthopedic Network,IDN,TX,South Central,REP-013,ACC-HIP-CUP-56,Acetabular System,Total hip arthroplasty,2,3034.50,6069.00,0.2000,1213.80,4855.20,3035.52,1819.68,USD,Direct,AGR-ORTHO-26-338,CPO-005-2026-0053,SI-882373,OPEN,2026-06-17T17:23:00+00:00
TXN-002375,SO-102374,2026-05-31,2026-05-31T14:24:00+00:00,CUS-009,Northwest Specialty Distribution,Distributor,WA,West,REP-026,MAKO-KNEE-KIT,Robotic Procedure Kit,Robotic-assisted knee,3,1672.80,5018.40,0.2300,1154.23,3864.17,2070.00,1794.17,USD,Direct,AGR-ORTHO-26-331,CPO-009-2026-0054,SI-882374,PAID,2026-06-02T17:24:00+00:00
TXN-002376,SO-102375,2026-03-19,2026-03-19T14:25:00+00:00,CUS-012,New England Sports Medicine,Hospital,MA,Northeast,REP-036,SOM-PLATE-8H,Trauma Plating,Trauma fixation,2,875.00,1750.00,0.1300,227.50,1522.50,730.00,792.50,USD,Direct,AGR-ORTHO-26-317,CPO-012-2026-0055,SI-882375,OPEN,2026-03-21T17:25:00+00:00
TXN-002377,SO-102376,2026-02-27,2026-02-27T14:26:00+00:00,CUS-010,Prairie Orthopedics Cooperative,IDN,IL,Midwest,REP-031,ACC-HIP-CUP-56,Acetabular System,Total hip arthroplasty,4,3004.75,12019.00,0.1950,2343.71,9675.29,6071.04,3604.25,USD,Direct,AGR-ORTHO-26-338,CPO-010-2026-0056,SI-882376,PAID,2026-02-28T17:26:00+00:00
TXN-002378,SO-102377,2026-04-28,2026-04-28T14:27:00+00:00,CUS-006,Pacific Motion Surgery Partners,ASC,CA,West,REP-020,SOM-SCREW-45,Trauma Plating,Trauma fixation,2,146.00,292.00,0.1150,33.58,258.42,82.32,176.10,USD,Direct,AGR-ORTHO-26-310,CPO-006-2026-0057,SI-882377,PAID,2026-04-28T17:27:00+00:00
TXN-002379,SO-102378,2026-01-08,2026-01-08T14:28:00+00:00,CUS-003,Great Lakes University Hospital,Academic Medical Center,OH,Midwest,REP-012,MAKO-HIP-KIT,Robotic Procedure Kit,Robotic-assisted hip,2,1465.10,2930.20,0.1700,498.13,2432.07,1225.00,1207.07,USD,Direct,AGR-ORTHO-26-324,CPO-003-2026-0058,SI-882378,PAID,2026-01-08T17:28:00+00:00
TXN-002380,SO-102379,2026-01-21,2026-01-21T14:29:00+00:00,CUS-006,Pacific Motion Surgery Partners,ASC,CA,West,REP-022,TRI-KNEE-PS-05,Triathlon Knee,Total knee arthroplasty,1,4825.00,4825.00,0.1150,554.88,4270.12,2489.20,1780.92,USD,Direct,AGR-ORTHO-26-310,CPO-006-2026-0059,SI-882379,PAID,2026-01-22T17:29:00+00:00
TXN-002381,SO-102380,2026-06-02,2026-06-02T14:30:00+00:00,CUS-009,Northwest Specialty Distribution,Distributor,WA,West,REP-025,SOM-PLATE-8H,Trauma Plating,Trauma fixation,1,857.50,857.50,0.2400,205.80,651.70,365.00,286.70,USD,Direct,AGR-ORTHO-26-331,CPO-009-2026-0060,SI-882380,PAID,2026-06-02T17:30:00+00:00
TXN-002382,SO-102381,2026-02-03,2026-02-03T14:31:00+00:00,CUS-005,Lone Star Orthopedic Network,IDN,TX,South Central,REP-014,MAKO-KNEE-KIT,Robotic Procedure Kit,Robotic-assisted knee,2,1640.00,3280.00,0.1900,623.20,2656.80,1352.40,1304.40,USD,Direct,AGR-ORTHO-26-338,CPO-005-2026-0061,SI-882381,OPEN,2026-02-05T17:31:00+00:00
TXN-002383,SO-102382,2026-05-26,2026-05-26T14:32:00+00:00,CUS-004,Blue Ridge Joint Institute,Hospital,NC,Southeast,REP-012,REV-FEM-STEM-12,Revision Hip,Revision arthroplasty,2,6420.00,12840.00,0.1400,1797.60,11042.40,6990.00,4052.40,USD,ASC Program,AGR-ORTHO-26-331,CPO-004-2026-0062,SI-882382,PAID,2026-05-27T17:32:00+00:00
TXN-002384,SO-102383,2026-03-18,2026-03-18T14:33:00+00:00,CUS-010,Prairie Orthopedics Cooperative,IDN,IL,Midwest,REP-031,ACC-HIP-LIN-36,Acetabular System,Total hip arthroplasty,1,1156.40,1156.40,0.2000,231.28,925.12,540.60,384.52,USD,Direct,AGR-ORTHO-26-338,CPO-010-2026-0063,SI-882383,OPEN,2026-03-20T17:33:00+00:00
TXN-002385,SO-102384,2026-02-04,2026-02-04T14:34:00+00:00,CUS-004,Blue Ridge Joint Institute,Hospital,NC,Southeast,REP-014,MAKO-HIP-KIT,Robotic Procedure Kit,Robotic-assisted hip,1,1465.10,1465.10,0.1300,190.46,1274.64,612.50,662.14,USD,ASC Program,AGR-ORTHO-26-331,CPO-004-2026-0064,SI-882384,PARTIALLY_PAID,2026-02-05T17:34:00+00:00
TXN-002386,SO-102385,2026-04-25,2026-04-25T14:35:00+00:00,CUS-008,Gulf Coast Trauma Hospital,Hospital,FL,Southeast,REP-027,MAKO-KNEE-KIT,Robotic Procedure Kit,Robotic-assisted knee,1,1640.00,1640.00,0.1400,229.60,1410.40,703.80,706.60,USD,Direct,AGR-ORTHO-26-324,CPO-008-2026-0065,SI-882385,PAID,2026-04-26T17:35:00+00:00
TXN-002387,SO-102386,2026-03-22,2026-03-22T14:36:00+00:00,CUS-005,Lone Star Orthopedic Network,IDN,TX,South Central,REP-019,SPN-CAGE-LORD,Spine Interbody,Lumbar fusion,3,5154.80,15464.40,0.1900,2938.24,12526.16,8369.10,4157.06,USD,ASC Program,AGR-ORTHO-26-338,CPO-005-2026-0066,SI-882386,OPEN,2026-03-22T17:36:00+00:00
TXN-002388,SO-102387,2026-04-28,2026-04-28T14:37:00+00:00,CUS-006,Pacific Motion Surgery Partners,ASC,CA,West,REP-016,TRI-KNEE-CR-04,Triathlon Knee,Total knee arthroplasty,2,4380.00,8760.00,0.1000,876.00,7884.00,4712.40,3171.60,USD,Direct,AGR-ORTHO-26-310,CPO-006-2026-0067,SI-882387,PARTIALLY_PAID,2026-04-29T17:37:00+00:00
TXN-002389,SO-102388,2026-03-25,2026-03-25T14:38:00+00:00,CUS-003,Great Lakes University Hospital,Academic Medical Center,OH,Midwest,REP-008,MAKO-KNEE-KIT,Robotic Procedure Kit,Robotic-assisted knee,1,1672.80,1672.80,0.1700,284.38,1388.42,690.00,698.42,USD,Direct,AGR-ORTHO-26-324,CPO-003-2026-0068,SI-882388,PAID,2026-03-26T17:38:00+00:00
TXN-002390,SO-102389,2026-03-15,2026-03-15T14:39:00+00:00,CUS-012,New England Sports Medicine,Hospital,MA,Northeast,REP-036,MAKO-KNEE-KIT,Robotic Procedure Kit,Robotic-assisted knee,2,1672.80,3345.60,0.1300,434.93,2910.67,1352.40,1558.27,USD,Direct,AGR-ORTHO-26-317,CPO-012-2026-0069,SI-882389,PAID,2026-03-15T17:39:00+00:00
TXN-002391,SO-102390,2026-04-05,2026-04-05T14:40:00+00:00,CUS-003,Great Lakes University Hospital,Academic Medical Center,OH,Midwest,REP-010,MAKO-KNEE-KIT,Robotic Procedure Kit,Robotic-assisted knee,2,1640.00,3280.00,0.1700,557.60,2722.40,1407.60,1314.80,USD,ASC Program,AGR-ORTHO-26-324,CPO-003-2026-0070,SI-882390,PAID,2026-04-05T17:40:00+00:00
TXN-002392,SO-102391,2026-03-23,2026-03-23T14:41:00+00:00,CUS-007,Front Range Medical Center,Hospital,CO,Mountain,REP-023,TRI-KNEE-CR-04,Triathlon Knee,Total knee arthroplasty,2,4292.40,8584.80,0.1200,1030.18,7554.62,4620.00,2934.62,USD,Direct,AGR-ORTHO-26-317,CPO-007-2026-0071,SI-882391,PAID,2026-03-23T17:41:00+00:00
TXN-002393,SO-102392,2026-05-06,2026-05-06T14:42:00+00:00,CUS-004,Blue Ridge Joint Institute,Hospital,NC,Southeast,REP-015,TRI-KNEE-PS-05,Triathlon Knee,Total knee arthroplasty,3,4825.00,14475.00,0.1400,2026.50,12448.50,7467.60,4980.90,USD,Direct,AGR-ORTHO-26-331,CPO-004-2026-0072,SI-882392,PAID,2026-05-08T17:42:00+00:00
TXN-002394,SO-102393,2026-04-25,2026-04-25T14:43:00+00:00,CUS-005,Lone Star Orthopedic Network,IDN,TX,South Central,REP-019,MAKO-KNEE-KIT,Robotic Procedure Kit,Robotic-assisted knee,3,1640.00,4920.00,0.1900,934.80,3985.20,2028.60,1956.60,USD,Direct,AGR-ORTHO-26-338,CPO-005-2026-0073,SI-882393,PAID,2026-04-25T17:43:00+00:00
TXN-002395,SO-102394,2026-03-16,2026-03-16T14:44:00+00:00,CUS-005,Lone Star Orthopedic Network,IDN,TX,South Central,REP-013,SOM-PLATE-8H,Trauma Plating,Trauma fixation,1,857.50,857.50,0.1900,162.93,694.57,365.00,329.57,USD,Direct,AGR-ORTHO-26-338,CPO-005-2026-0074,SI-882394,PAID,2026-03-18T17:44:00+00:00
TXN-002396,SO-102395,2026-01-14,2026-01-14T14:45:00+00:00,CUS-002,Hudson Valley Surgical Center,ASC,NY,Northeast,REP-005,MAKO-HIP-KIT,Robotic Procedure Kit,Robotic-assisted hip,2,1495.00,2990.00,0.1200,358.80,2631.20,1250.00,1381.20,USD,Distributor,AGR-ORTHO-26-317,CPO-002-2026-0075,SI-882395,PAID,2026-01-14T17:45:00+00:00
TXN-002397,SO-102396,2026-01-13,2026-01-13T14:46:00+00:00,CUS-009,Northwest Specialty Distribution,Distributor,WA,West,REP-027,TRI-KNEE-PS-05,Triathlon Knee,Total knee arthroplasty,1,4921.50,4921.50,0.2400,1181.16,3740.34,2540.00,1200.34,USD,Direct,AGR-ORTHO-26-331,CPO-009-2026-0076,SI-882396,OPEN,2026-01-13T17:46:00+00:00
TXN-002398,SO-102397,2026-02-04,2026-02-04T14:00:00+00:00,CUS-006,Pacific Motion Surgery Partners,ASC,CA,West,REP-019,ACC-HIP-LIN-36,Acetabular System,Total hip arthroplasty,2,1156.40,2312.80,0.1000,231.28,2081.52,1081.20,1000.32,USD,ASC Program,AGR-ORTHO-26-310,CPO-006-2026-0077,SI-882397,PAID,2026-02-06T17:00:00+00:00
TXN-002399,SO-102398,2026-05-03,2026-05-03T14:01:00+00:00,CUS-006,Pacific Motion Surgery Partners,ASC,CA,West,REP-020,TRI-KNEE-CR-04,Triathlon Knee,Total knee arthroplasty,1,4423.80,4423.80,0.1100,486.62,3937.18,2263.80,1673.38,USD,Distributor,AGR-ORTHO-26-310,CPO-006-2026-0078,SI-882398,PAID,2026-05-03T17:01:00+00:00
TXN-002400,SO-102399,2025-10-20,2025-10-20T14:02:00+00:00,CUS-012,New England Sports Medicine,Hospital,MA,Northeast,REP-039,REV-FEM-STEM-12,Revision Hip,Revision arthroplasty,1,6291.60,6291.60,0.1200,754.99,5536.61,3495.00,2041.61,USD,ASC Program,AGR-ORTHO-26-317,CPO-012-2025-0079,SI-882399,PAID,2025-10-21T17:02:00+00:00
TXN-002401,SO-102400,2026-04-13,2026-04-13T14:03:00+00:00,CUS-008,Gulf Coast Trauma Hospital,Hospital,FL,Southeast,REP-028,ACC-HIP-CUP-56,Acetabular System,Total hip arthroplasty,1,2975.00,2975.00,0.1300,386.75,2588.25,1517.76,1070.49,USD,Direct,AGR-ORTHO-26-324,CPO-008-2026-0080,SI-882400,PAID,2026-04-15T17:03:00+00:00
TXN-002402,SO-102401,2026-04-07,2026-04-07T14:04:00+00:00,CUS-005,Lone Star Orthopedic Network,IDN,TX,South Central,REP-013,REV-FEM-STEM-12,Revision Hip,Revision arthroplasty,1,6548.40,6548.40,0.1800,1178.71,5369.69,3564.90,1804.79,USD,Direct,AGR-ORTHO-26-338,CPO-005-2026-0081,SI-882401,PAID,2026-04-07T17:04:00+00:00
TXN-002403,SO-102402,2026-05-17,2026-05-17T14:05:00+00:00,CUS-005,Lone Star Orthopedic Network,IDN,TX,South Central,REP-014,SOM-SCREW-45,Trauma Plating,Trauma fixation,2,146.00,292.00,0.2000,58.40,233.60,85.68,147.92,USD,Direct,AGR-ORTHO-26-338,CPO-005-2026-0082,SI-882402,PAID,2026-05-19T17:05:00+00:00
TXN-002404,SO-102403,2026-02-20,2026-02-20T14:06:00+00:00,CUS-004,Blue Ridge Joint Institute,Hospital,NC,Southeast,REP-012,REV-FEM-STEM-12,Revision Hip,Revision arthroplasty,1,6484.20,6484.20,0.1300,842.95,5641.25,3425.10,2216.15,USD,Direct,AGR-ORTHO-26-331,CPO-004-2026-0083,SI-882403,OPEN,2026-02-21T17:06:00+00:00
TXN-002405,SO-102404,2026-04-05,2026-04-05T14:07:00+00:00,CUS-004,Blue Ridge Joint Institute,Hospital,NC,Southeast,REP-013,MAKO-HIP-KIT,Robotic Procedure Kit,Robotic-assisted hip,2,1495.00,2990.00,0.1300,388.70,2601.30,1250.00,1351.30,USD,Direct,AGR-ORTHO-26-331,CPO-004-2026-0084,SI-882404,PAID,2026-04-06T17:07:00+00:00
TXN-002406,SO-102405,2025-10-31,2025-10-31T14:08:00+00:00,CUS-008,Gulf Coast Trauma Hospital,Hospital,FL,Southeast,REP-026,MAKO-HIP-KIT,Robotic Procedure Kit,Robotic-assisted hip,1,1524.90,1524.90,0.1300,198.24,1326.66,625.00,701.66,USD,Direct,AGR-ORTHO-26-324,CPO-008-2025-0085,SI-882405,PAID,2025-10-31T17:08:00+00:00
TXN-002407,SO-102406,2025-11-12,2025-11-12T14:09:00+00:00,CUS-009,Northwest Specialty Distribution,Distributor,WA,West,REP-030,MAKO-HIP-KIT,Robotic Procedure Kit,Robotic-assisted hip,1,1524.90,1524.90,0.2300,350.73,1174.17,625.00,549.17,USD,ASC Program,AGR-ORTHO-26-331,CPO-009-2025-0086,SI-882406,PAID,2025-11-12T17:09:00+00:00
TXN-002408,SO-102407,2026-01-26,2026-01-26T14:10:00+00:00,CUS-008,Gulf Coast Trauma Hospital,Hospital,FL,Southeast,REP-028,TRI-KNEE-CR-04,Triathlon Knee,Total knee arthroplasty,3,4336.20,13008.60,0.1350,1756.16,11252.44,6930.00,4322.44,USD,Direct,AGR-ORTHO-26-324,CPO-008-2026-0087,SI-882407,PAID,2026-01-26T17:10:00+00:00
TXN-002409,SO-102408,2026-03-11,2026-03-11T14:11:00+00:00,CUS-010,Prairie Orthopedics Cooperative,IDN,IL,Midwest,REP-028,MAKO-HIP-KIT,Robotic Procedure Kit,Robotic-assisted hip,1,1495.00,1495.00,0.1900,284.05,1210.95,637.50,573.45,USD,Direct,AGR-ORTHO-26-338,CPO-010-2026-0088,SI-882408,PAID,2026-03-11T17:11:00+00:00
TXN-002410,SO-102409,2026-04-23,2026-04-23T14:12:00+00:00,CUS-005,Lone Star Orthopedic Network,IDN,TX,South Central,REP-014,SOM-SCREW-45,Trauma Plating,Trauma fixation,1,143.08,143.08,0.1900,27.19,115.89,42.00,73.89,USD,Direct,AGR-ORTHO-26-338,CPO-005-2026-0089,SI-882409,PARTIALLY_PAID,2026-04-23T17:12:00+00:00
TXN-002411,SO-102410,2026-02-01,2026-02-01T14:13:00+00:00,CUS-001,Atlantic Ortho Alliance,IDN,PA,Northeast,REP-003,MAKO-HIP-KIT,Robotic Procedure Kit,Robotic-assisted hip,1,1509.95,1509.95,0.1950,294.44,1215.51,612.50,603.01,USD,Direct,AGR-ORTHO-26-310,CPO-001-2026-0090,SI-882410,PAID,2026-02-01T17:13:00+00:00
TXN-002412,SO-102411,2026-04-07,2026-04-07T14:14:00+00:00,CUS-003,Great Lakes University Hospital,Academic Medical Center,OH,Midwest,REP-010,TRI-KNEE-CR-04,Triathlon Knee,Total knee arthroplasty,2,4380.00,8760.00,0.1600,1401.60,7358.40,4620.00,2738.40,USD,Direct,AGR-ORTHO-26-324,CPO-003-2026-0091,SI-882411,PAID,2026-04-07T17:14:00+00:00
TXN-002413,SO-102412,2026-01-28,2026-01-28T14:15:00+00:00,CUS-003,Great Lakes University Hospital,Academic Medical Center,OH,Midwest,REP-011,ACC-HIP-CUP-56,Acetabular System,Total hip arthroplasty,5,2975.00,14875.00,0.1750,2603.13,12271.87,7291.20,4980.67,USD,ASC Program,AGR-ORTHO-26-324,CPO-003-2026-0092,SI-882412,OPEN,2026-01-28T17:15:00+00:00
TXN-002414,SO-102413,2026-02-02,2026-02-02T14:16:00+00:00,CUS-003,Great Lakes University Hospital,Academic Medical Center,OH,Midwest,REP-012,TRI-KNEE-PS-05,Triathlon Knee,Total knee arthroplasty,1,4728.50,4728.50,0.1700,803.85,3924.65,2590.80,1333.85,USD,Direct,AGR-ORTHO-26-324,CPO-003-2026-0093,SI-882413,OPEN,2026-02-02T17:16:00+00:00
TXN-002415,SO-102414,2026-02-20,2026-02-20T14:17:00+00:00,CUS-001,Atlantic Ortho Alliance,IDN,PA,Northeast,REP-007,TRI-KNEE-CR-04,Triathlon Knee,Total knee arthroplasty,1,4380.00,4380.00,0.1800,788.40,3591.60,2310.00,1281.60,USD,Direct,AGR-ORTHO-26-310,CPO-001-2026-0094,SI-882414,PAID,2026-02-22T17:17:00+00:00
TXN-002416,SO-102415,2026-05-07,2026-05-07T14:18:00+00:00,CUS-005,Lone Star Orthopedic Network,IDN,TX,South Central,REP-013,MAKO-HIP-KIT,Robotic Procedure Kit,Robotic-assisted hip,1,1465.10,1465.10,0.2000,293.02,1172.08,637.50,534.58,USD,Direct,AGR-ORTHO-26-338,CPO-005-2026-0095,SI-882415,PAID,2026-05-07T17:18:00+00:00
TXN-002417,SO-102416,2026-04-12,2026-04-12T14:19:00+00:00,CUS-003,Great Lakes University Hospital,Academic Medical Center,OH,Midwest,REP-008,MAKO-HIP-KIT,Robotic Procedure Kit,Robotic-assisted hip,1,1480.05,1480.05,0.1700,251.61,1228.44,637.50,590.94,USD,Direct,AGR-ORTHO-26-324,CPO-003-2026-0096,SI-882416,PAID,2026-04-12T17:19:00+00:00
TXN-002418,SO-102417,2025-11-11,2025-11-11T14:20:00+00:00,CUS-001,Atlantic Ortho Alliance,IDN,PA,Northeast,REP-003,MAKO-KNEE-KIT,Robotic Procedure Kit,Robotic-assisted knee,1,1656.40,1656.40,0.1900,314.72,1341.68,703.80,637.88,USD,Direct,AGR-ORTHO-26-310,CPO-001-2025-0097,SI-882417,PAID,2025-11-13T17:20:00+00:00
TXN-002419,SO-102418,2026-01-11,2026-01-11T14:21:00+00:00,CUS-005,Lone Star Orthopedic Network,IDN,TX,South Central,REP-016,TRI-KNEE-CR-04,Triathlon Knee,Total knee arthroplasty,2,4380.00,8760.00,0.1900,1664.40,7095.60,4620.00,2475.60,USD,Direct,AGR-ORTHO-26-338,CPO-005-2026-0098,SI-882418,PAID,2026-01-11T17:21:00+00:00
TXN-002420,SO-102419,2026-04-15,2026-04-15T14:22:00+00:00,CUS-006,Pacific Motion Surgery Partners,ASC,CA,West,REP-020,TRI-KNEE-CR-04,Triathlon Knee,Total knee arthroplasty,2,4336.20,8672.40,0.1150,997.33,7675.07,4620.00,3055.07,USD,Distributor,AGR-ORTHO-26-310,CPO-006-2026-0099,SI-882419,PAID,2026-04-15T17:22:00+00:00
TXN-002421,SO-102420,2025-12-16,2025-12-16T14:23:00+00:00,CUS-009,Northwest Specialty Distribution,Distributor,WA,West,REP-030,TRI-KNEE-PS-05,Triathlon Knee,Total knee arthroplasty,2,4921.50,9843.00,0.2450,2411.54,7431.46,4978.40,2453.06,USD,Distributor,AGR-ORTHO-26-331,CPO-009-2025-0100,SI-882420,OPEN,2025-12-17T17:23:00+00:00
TXN-002422,SO-102421,2026-02-11,2026-02-11T14:24:00+00:00,CUS-005,Lone Star Orthopedic Network,IDN,TX,South Central,REP-019,SOM-PLATE-8H,Trauma Plating,Trauma fixation,4,875.00,3500.00,0.1950,682.50,2817.50,1460.00,1357.50,USD,Direct,AGR-ORTHO-26-338,CPO-005-2026-0101,SI-882421,DISPUTED,2026-02-12T17:24:00+00:00
TXN-002423,SO-102422,2025-11-09,2025-11-09T14:25:00+00:00,CUS-001,Atlantic Ortho Alliance,IDN,PA,Northeast,REP-001,TRI-KNEE-CR-04,Triathlon Knee,Total knee arthroplasty,2,4467.60,8935.20,0.1900,1697.69,7237.51,4527.60,2709.91,USD,Direct,AGR-ORTHO-26-310,CPO-001-2025-0102,SI-882422,PAID,2025-11-10T17:25:00+00:00
TXN-002424,SO-102423,2026-02-06,2026-02-06T14:26:00+00:00,CUS-001,Atlantic Ortho Alliance,IDN,PA,Northeast,REP-002,SPN-CAGE-LORD,Spine Interbody,Lumbar fusion,1,5312.60,5312.60,0.2000,1062.52,4250.08,2789.70,1460.38,USD,Direct,AGR-ORTHO-26-310,CPO-001-2026-0103,SI-882423,PAID,2026-02-07T17:26:00+00:00
TXN-002425,SO-102424,2026-01-17,2026-01-17T14:27:00+00:00,CUS-010,Prairie Orthopedics Cooperative,IDN,IL,Midwest,REP-030,SPN-CAGE-LORD,Spine Interbody,Lumbar fusion,1,5207.40,5207.40,0.1800,937.33,4270.07,2735.00,1535.07,USD,Distributor,AGR-ORTHO-26-338,CPO-010-2026-0104,SI-882424,PAID,2026-01-17T17:27:00+00:00
TXN-002426,SO-102425,2026-01-21,2026-01-21T14:28:00+00:00,CUS-011,Desert Ridge Ambulatory Surgery,ASC,AZ,Mountain,REP-034,MAKO-HIP-KIT,Robotic Procedure Kit,Robotic-assisted hip,5,1509.95,7549.75,0.1100,830.47,6719.28,3125.00,3594.28,USD,Direct,AGR-ORTHO-26-310,CPO-011-2026-0105,SI-882425,OPEN,2026-01-22T17:28:00+00:00
TXN-002427,SO-102426,2026-01-22,2026-01-22T14:29:00+00:00,CUS-002,Hudson Valley Surgical Center,ASC,NY,Northeast,REP-008,ACC-HIP-LIN-36,Acetabular System,Total hip arthroplasty,1,1180.00,1180.00,0.1100,129.80,1050.20,530.00,520.20,USD,Direct,AGR-ORTHO-26-317,CPO-002-2026-0106,SI-882426,PAID,2026-01-23T17:29:00+00:00
TXN-002428,SO-102427,2026-05-14,2026-05-14T14:30:00+00:00,CUS-006,Pacific Motion Surgery Partners,ASC,CA,West,REP-021,ACC-HIP-LIN-36,Acetabular System,Total hip arthroplasty,4,1156.40,4625.60,0.1100,508.82,4116.78,2162.40,1954.38,USD,Direct,AGR-ORTHO-26-310,CPO-006-2026-0107,SI-882427,PAID,2026-05-14T17:30:00+00:00
TXN-002429,SO-102428,2025-11-14,2025-11-14T14:31:00+00:00,CUS-008,Gulf Coast Trauma Hospital,Hospital,FL,Southeast,REP-028,ACC-HIP-CUP-56,Acetabular System,Total hip arthroplasty,2,2915.50,5831.00,0.1200,699.72,5131.28,3035.52,2095.76,USD,Direct,AGR-ORTHO-26-324,CPO-008-2025-0108,SI-882428,PARTIALLY_PAID,2025-11-14T17:31:00+00:00
TXN-002430,SO-102429,2026-01-02,2026-01-02T14:32:00+00:00,CUS-002,Hudson Valley Surgical Center,ASC,NY,Northeast,REP-004,SPN-CAGE-LORD,Spine Interbody,Lumbar fusion,4,5207.40,20829.60,0.1100,2291.26,18538.34,10940.00,7598.34,USD,ASC Program,AGR-ORTHO-26-317,CPO-002-2026-0109,SI-882429,OPEN,2026-01-04T17:32:00+00:00
TXN-002431,SO-102430,2026-04-27,2026-04-27T14:33:00+00:00,CUS-006,Pacific Motion Surgery Partners,ASC,CA,West,REP-017,ACC-HIP-LIN-36,Acetabular System,Total hip arthroplasty,2,1168.20,2336.40,0.1150,268.69,2067.71,1060.00,1007.71,USD,Direct,AGR-ORTHO-26-310,CPO-006-2026-0110,SI-882430,PAID,2026-04-29T17:33:00+00:00
TXN-002432,SO-102431,2026-01-24,2026-01-24T14:34:00+00:00,CUS-008,Gulf Coast Trauma Hospital,Hospital,FL,Southeast,REP-024,TRI-KNEE-PS-05,Triathlon Knee,Total knee arthroplasty,2,4825.00,9650.00,0.1350,1302.75,8347.25,4978.40,3368.85,USD,Direct,AGR-ORTHO-26-324,CPO-008-2026-0111,SI-882431,PAID,2026-01-25T17:34:00+00:00
TXN-002433,SO-102432,2026-03-16,2026-03-16T14:35:00+00:00,CUS-005,Lone Star Orthopedic Network,IDN,TX,South Central,REP-016,TRI-KNEE-CR-04,Triathlon Knee,Total knee arthroplasty,1,4336.20,4336.20,0.1900,823.88,3512.32,2310.00,1202.32,USD,Direct,AGR-ORTHO-26-338,CPO-005-2026-0112,SI-882432,PAID,2026-03-16T17:35:00+00:00
TXN-002434,SO-102433,2026-05-14,2026-05-14T14:36:00+00:00,CUS-001,Atlantic Ortho Alliance,IDN,PA,Northeast,REP-005,ACC-HIP-CUP-56,Acetabular System,Total hip arthroplasty,2,2915.50,5831.00,0.2300,1341.13,4489.87,2976.00,1513.87,USD,Direct,AGR-ORTHO-26-310,CPO-001-2026-0113,SI-882433,PAID,2026-05-14T17:36:00+00:00
TXN-002435,SO-102434,2025-10-29,2025-10-29T14:37:00+00:00,CUS-010,Prairie Orthopedics Cooperative,IDN,IL,Midwest,REP-033,ACC-HIP-CUP-56,Acetabular System,Total hip arthroplasty,1,2945.25,2945.25,0.1900,559.60,2385.65,1517.76,867.89,USD,Distributor,AGR-ORTHO-26-338,CPO-010-2025-0114,SI-882434,PAID,2025-10-31T17:37:00+00:00
TXN-002436,SO-102435,2026-03-02,2026-03-02T14:38:00+00:00,CUS-005,Lone Star Orthopedic Network,IDN,TX,South Central,REP-019,TRI-KNEE-CR-04,Triathlon Knee,Total knee arthroplasty,1,4380.00,4380.00,0.1800,788.40,3591.60,2356.20,1235.40,USD,Direct,AGR-ORTHO-26-338,CPO-005-2026-0115,SI-882435,OPEN,2026-03-04T17:38:00+00:00
TXN-002437,SO-102436,2026-03-15,2026-03-15T14:39:00+00:00,CUS-012,New England Sports Medicine,Hospital,MA,Northeast,REP-034,SOM-SCREW-45,Trauma Plating,Trauma fixation,1,148.92,148.92,0.1300,19.36,129.56,42.84,86.72,USD,Direct,AGR-ORTHO-26-317,CPO-012-2026-0116,SI-882436,PAID,2026-03-17T17:39:00+00:00
TXN-002438,SO-102437,2026-04-07,2026-04-07T14:40:00+00:00,CUS-007,Front Range Medical Center,Hospital,CO,Mountain,REP-020,TRI-KNEE-PS-05,Triathlon Knee,Total knee arthroplasty,1,4825.00,4825.00,0.1300,627.25,4197.75,2489.20,1708.55,USD,ASC Program,AGR-ORTHO-26-317,CPO-007-2026-0117,SI-882437,PAID,2026-04-07T17:40:00+00:00
TXN-002439,SO-102438,2026-01-27,2026-01-27T14:41:00+00:00,CUS-012,New England Sports Medicine,Hospital,MA,Northeast,REP-036,TRI-KNEE-CR-04,Triathlon Knee,Total knee arthroplasty,1,4336.20,4336.20,0.1400,607.07,3729.13,2356.20,1372.93,USD,Direct,AGR-ORTHO-26-317,CPO-012-2026-0118,SI-882438,PAID,2026-01-27T17:41:00+00:00
TXN-002440,SO-102439,2026-02-02,2026-02-02T14:42:00+00:00,CUS-001,Atlantic Ortho Alliance,IDN,PA,Northeast,REP-004,TRI-KNEE-CR-04,Triathlon Knee,Total knee arthroplasty,1,4380.00,4380.00,0.1900,832.20,3547.80,2310.00,1237.80,USD,Direct,AGR-ORTHO-26-310,CPO-001-2026-0119,SI-882439,PARTIALLY_PAID,2026-02-02T17:42:00+00:00
TXN-002441,SO-102440,2026-05-11,2026-05-11T14:43:00+00:00,CUS-006,Pacific Motion Surgery Partners,ASC,CA,West,REP-020,TRI-KNEE-CR-04,Triathlon Knee,Total knee arthroplasty,4,4467.60,17870.40,0.1100,1965.74,15904.66,9240.00,6664.66,USD,Direct,AGR-ORTHO-26-310,CPO-006-2026-0120,SI-882440,PARTIALLY_PAID,2026-05-12T17:43:00+00:00
TXN-002442,SO-102441,2026-01-21,2026-01-21T14:44:00+00:00,CUS-002,Hudson Valley Surgical Center,ASC,NY,Northeast,REP-009,MAKO-HIP-KIT,Robotic Procedure Kit,Robotic-assisted hip,1,1495.00,1495.00,0.1150,171.93,1323.07,625.00,698.07,USD,ASC Program,AGR-ORTHO-26-317,CPO-002-2026-0121,SI-882441,PAID,2026-01-21T17:44:00+00:00
TXN-002443,SO-102442,2025-11-15,2025-11-15T14:45:00+00:00,CUS-003,Great Lakes University Hospital,Academic Medical Center,OH,Midwest,REP-013,MAKO-HIP-KIT,Robotic Procedure Kit,Robotic-assisted hip,3,1509.95,4529.85,0.1700,770.07,3759.78,1912.50,1847.28,USD,Direct,AGR-ORTHO-26-324,CPO-003-2025-0122,SI-882442,OPEN,2025-11-15T17:45:00+00:00
TXN-002444,SO-102443,2026-03-25,2026-03-25T14:46:00+00:00,CUS-003,Great Lakes University Hospital,Academic Medical Center,OH,Midwest,REP-007,ACC-HIP-LIN-36,Acetabular System,Total hip arthroplasty,1,1180.00,1180.00,0.1600,188.80,991.20,530.00,461.20,USD,ASC Program,AGR-ORTHO-26-324,CPO-003-2026-0123,SI-882443,PAID,2026-03-26T17:46:00+00:00
TXN-002445,SO-102444,2025-11-21,2025-11-21T14:00:00+00:00,CUS-001,Atlantic Ortho Alliance,IDN,PA,Northeast,REP-002,ACC-HIP-LIN-36,Acetabular System,Total hip arthroplasty,1,1180.00,1180.00,0.1950,230.10,949.90,530.00,419.90,USD,Direct,AGR-ORTHO-26-310,CPO-001-2025-0124,SI-882444,OPEN,2025-11-23T17:00:00+00:00
TXN-002446,SO-102445,2026-04-09,2026-04-09T14:01:00+00:00,CUS-007,Front Range Medical Center,Hospital,CO,Mountain,REP-021,MAKO-KNEE-KIT,Robotic Procedure Kit,Robotic-assisted knee,1,1607.20,1607.20,0.1300,208.94,1398.26,676.20,722.06,USD,Direct,AGR-ORTHO-26-317,CPO-007-2026-0125,SI-882445,PAID,2026-04-09T17:01:00+00:00
TXN-002447,SO-102446,2026-05-11,2026-05-11T14:02:00+00:00,CUS-001,Atlantic Ortho Alliance,IDN,PA,Northeast,REP-004,ACC-HIP-LIN-36,Acetabular System,Total hip arthroplasty,4,1168.20,4672.80,0.2350,1098.11,3574.69,2077.60,1497.09,USD,Direct,AGR-ORTHO-26-310,CPO-001-2026-0126,SI-882446,PARTIALLY_PAID,2026-05-11T17:02:00+00:00
TXN-002448,SO-102447,2026-05-25,2026-05-25T14:03:00+00:00,CUS-001,Atlantic Ortho Alliance,IDN,PA,Northeast,REP-005,ACC-HIP-LIN-36,Acetabular System,Total hip arthroplasty,1,1203.60,1203.60,0.1900,228.68,974.92,540.60,434.32,USD,Distributor,AGR-ORTHO-26-310,CPO-001-2026-0127,SI-882447,PAID,2026-05-27T17:03:00+00:00
TXN-002449,SO-102448,2026-05-24,2026-05-24T14:04:00+00:00,CUS-003,Great Lakes University Hospital,Academic Medical Center,OH,Midwest,REP-012,REV-FEM-STEM-12,Revision Hip,Revision arthroplasty,1,6420.00,6420.00,0.1800,1155.60,5264.40,3564.90,1699.50,USD,Direct,AGR-ORTHO-26-324,CPO-003-2026-0128,SI-882448,PAID,2026-05-24T17:04:00+00:00
TXN-002450,SO-102449,2026-02-16,2026-02-16T14:05:00+00:00,CUS-010,Prairie Orthopedics Cooperative,IDN,IL,Midwest,REP-034,SPN-CAGE-LORD,Spine Interbody,Lumbar fusion,2,5312.60,10625.20,0.1950,2071.91,8553.29,5360.60,3192.69,USD,Distributor,AGR-ORTHO-26-338,CPO-010-2026-0129,SI-882449,PARTIALLY_PAID,2026-02-16T17:05:00+00:00
TXN-002451,SO-102450,2025-12-04,2025-12-04T14:06:00+00:00,CUS-002,Hudson Valley Surgical Center,ASC,NY,Northeast,REP-004,ACC-HIP-LIN-36,Acetabular System,Total hip arthroplasty,1,1156.40,1156.40,0.1150,132.99,1023.41,540.60,482.81,USD,Direct,AGR-ORTHO-26-317,CPO-002-2025-0130,SI-882450,PAID,2025-12-06T17:06:00+00:00
TXN-002452,SO-102451,2025-12-02,2025-12-02T14:07:00+00:00,CUS-005,Lone Star Orthopedic Network,IDN,TX,South Central,REP-014,MAKO-KNEE-KIT,Robotic Procedure Kit,Robotic-assisted knee,1,1672.80,1672.80,0.1900,317.83,1354.97,703.80,651.17,USD,Direct,AGR-ORTHO-26-338,CPO-005-2025-0131,SI-882451,OPEN,2025-12-03T17:07:00+00:00
TXN-002453,SO-102452,2026-02-28,2026-02-28T14:08:00+00:00,CUS-003,Great Lakes University Hospital,Academic Medical Center,OH,Midwest,REP-009,ACC-HIP-CUP-56,Acetabular System,Total hip arthroplasty,3,2915.50,8746.50,0.1600,1399.44,7347.06,4553.28,2793.78,USD,Direct,AGR-ORTHO-26-324,CPO-003-2026-0132,SI-882452,OPEN,2026-02-28T17:08:00+00:00
TXN-002454,SO-102453,2026-04-17,2026-04-17T14:09:00+00:00,CUS-007,Front Range Medical Center,Hospital,CO,Mountain,REP-022,REV-FEM-STEM-12,Revision Hip,Revision arthroplasty,1,6420.00,6420.00,0.1300,834.60,5585.40,3425.10,2160.30,USD,Direct,AGR-ORTHO-26-317,CPO-007-2026-0133,SI-882453,PAID,2026-04-19T17:09:00+00:00
TXN-002455,SO-102454,2026-03-24,2026-03-24T14:10:00+00:00,CUS-010,Prairie Orthopedics Cooperative,IDN,IL,Midwest,REP-032,TRI-KNEE-PS-05,Triathlon Knee,Total knee arthroplasty,1,4873.25,4873.25,0.2000,974.65,3898.60,2540.00,1358.60,USD,Direct,AGR-ORTHO-26-338,CPO-010-2026-0134,SI-882454,PARTIALLY_PAID,2026-03-26T17:10:00+00:00
TXN-002456,SO-102455,2025-12-07,2025-12-07T14:11:00+00:00,CUS-005,Lone Star Orthopedic Network,IDN,TX,South Central,REP-018,ACC-HIP-CUP-56,Acetabular System,Total hip arthroplasty,3,3034.50,9103.50,0.1950,1775.18,7328.32,4464.00,2864.32,USD,ASC Program,AGR-ORTHO-26-338,CPO-005-2025-0135,SI-882455,OPEN,2025-12-08T17:11:00+00:00
TXN-002457,SO-102456,2026-03-31,2026-03-31T14:12:00+00:00,CUS-005,Lone Star Orthopedic Network,IDN,TX,South Central,REP-019,SOM-SCREW-45,Trauma Plating,Trauma fixation,1,144.54,144.54,0.1800,26.02,118.52,42.00,76.52,USD,Direct,AGR-ORTHO-26-338,CPO-005-2026-0136,SI-882456,PAID,2026-03-31T17:12:00+00:00
TXN-002458,SO-102457,2026-05-16,2026-05-16T14:13:00+00:00,CUS-009,Northwest Specialty Distribution,Distributor,WA,West,REP-025,ACC-HIP-CUP-56,Acetabular System,Total hip arthroplasty,2,2915.50,5831.00,0.2300,1341.13,4489.87,3035.52,1454.35,USD,Direct,AGR-ORTHO-26-331,CPO-009-2026-0137,SI-882457,OPEN,2026-05-17T17:13:00+00:00
TXN-002459,SO-102458,2026-01-10,2026-01-10T14:14:00+00:00,CUS-004,Blue Ridge Joint Institute,Hospital,NC,Southeast,REP-011,MAKO-KNEE-KIT,Robotic Procedure Kit,Robotic-assisted knee,2,1640.00,3280.00,0.1200,393.60,2886.40,1380.00,1506.40,USD,Direct,AGR-ORTHO-26-331,CPO-004-2026-0138,SI-882458,PAID,2026-01-10T17:14:00+00:00
TXN-002460,SO-102459,2026-05-18,2026-05-18T14:15:00+00:00,CUS-003,Great Lakes University Hospital,Academic Medical Center,OH,Midwest,REP-009,REV-FEM-STEM-12,Revision Hip,Revision arthroplasty,3,6355.80,19067.40,0.1750,3336.80,15730.60,10694.70,5035.90,USD,Distributor,AGR-ORTHO-26-324,CPO-003-2026-0139,SI-882459,PAID,2026-05-20T17:15:00+00:00
TXN-002461,SO-102460,2026-06-08,2026-06-08T14:16:00+00:00,CUS-010,Prairie Orthopedics Cooperative,IDN,IL,Midwest,REP-031,TRI-KNEE-PS-05,Triathlon Knee,Total knee arthroplasty,1,4825.00,4825.00,0.1900,916.75,3908.25,2489.20,1419.05,USD,Direct,AGR-ORTHO-26-338,CPO-010-2026-0140,SI-882460,PAID,2026-06-09T17:16:00+00:00
TXN-002462,SO-102461,2026-01-18,2026-01-18T14:17:00+00:00,CUS-009,Northwest Specialty Distribution,Distributor,WA,West,REP-029,REV-FEM-STEM-12,Revision Hip,Revision arthroplasty,3,6548.40,19645.20,0.2300,4518.40,15126.80,10485.00,4641.80,USD,Direct,AGR-ORTHO-26-331,CPO-009-2026-0141,SI-882461,PAID,2026-01-19T17:17:00+00:00
TXN-002463,SO-102462,2026-04-06,2026-04-06T14:18:00+00:00,CUS-006,Pacific Motion Surgery Partners,ASC,CA,West,REP-021,TRI-KNEE-CR-04,Triathlon Knee,Total knee arthroplasty,8,4292.40,34339.20,0.1150,3949.01,30390.19,18480.00,11910.19,USD,Direct,AGR-ORTHO-26-310,CPO-006-2026-0142,SI-882462,PAID,2026-04-07T17:18:00+00:00
TXN-002464,SO-102463,2026-05-22,2026-05-22T14:19:00+00:00,CUS-005,Lone Star Orthopedic Network,IDN,TX,South Central,REP-019,MAKO-KNEE-KIT,Robotic Procedure Kit,Robotic-assisted knee,1,1623.60,1623.60,0.1900,308.48,1315.12,690.00,625.12,USD,Direct,AGR-ORTHO-26-338,CPO-005-2026-0143,SI-882463,PAID,2026-05-22T17:19:00+00:00
TXN-002465,SO-102464,2025-12-21,2025-12-21T14:20:00+00:00,CUS-003,Great Lakes University Hospital,Academic Medical Center,OH,Midwest,REP-007,TRI-KNEE-CR-04,Triathlon Knee,Total knee arthroplasty,1,4336.20,4336.20,0.1800,780.52,3555.68,2356.20,1199.48,USD,Distributor,AGR-ORTHO-26-324,CPO-003-2025-0144,SI-882464,DISPUTED,2025-12-21T17:20:00+00:00
TXN-002466,SO-102465,2026-02-07,2026-02-07T14:21:00+00:00,CUS-005,Lone Star Orthopedic Network,IDN,TX,South Central,REP-014,TRI-KNEE-CR-04,Triathlon Knee,Total knee arthroplasty,3,4380.00,13140.00,0.1800,2365.20,10774.80,6791.40,3983.40,USD,Direct,AGR-ORTHO-26-338,CPO-005-2026-0145,SI-882465,PAID,2026-02-07T17:21:00+00:00
TXN-002467,SO-102466,2026-06-17,2026-06-17T14:22:00+00:00,CUS-001,Atlantic Ortho Alliance,IDN,PA,Northeast,REP-003,SOM-SCREW-45,Trauma Plating,Trauma fixation,1,146.00,146.00,0.1950,28.47,117.53,42.84,74.69,USD,Distributor,AGR-ORTHO-26-310,CPO-001-2026-0146,SI-882466,PAID,2026-06-19T17:22:00+00:00
TXN-002468,SO-102467,2025-11-22,2025-11-22T14:23:00+00:00,CUS-010,Prairie Orthopedics Cooperative,IDN,IL,Midwest,REP-031,MAKO-KNEE-KIT,Robotic Procedure Kit,Robotic-assisted knee,2,1672.80,3345.60,0.1900,635.66,2709.94,1407.60,1302.34,USD,Direct,AGR-ORTHO-26-338,CPO-010-2025-0147,SI-882467,PAID,2025-11-22T17:23:00+00:00
TXN-002469,SO-102468,2026-05-16,2026-05-16T14:24:00+00:00,CUS-003,Great Lakes University Hospital,Academic Medical Center,OH,Midwest,REP-011,TRI-KNEE-PS-05,Triathlon Knee,Total knee arthroplasty,1,4825.00,4825.00,0.1750,844.38,3980.62,2489.20,1491.42,USD,Direct,AGR-ORTHO-26-324,CPO-003-2026-0148,SI-882468,PAID,2026-05-16T17:24:00+00:00
TXN-002470,SO-102469,2026-05-17,2026-05-17T14:25:00+00:00,CUS-001,Atlantic Ortho Alliance,IDN,PA,Northeast,REP-006,SOM-PLATE-8H,Trauma Plating,Trauma fixation,2,883.75,1767.50,0.2250,397.69,1369.81,730.00,639.81,USD,Direct,AGR-ORTHO-26-310,CPO-001-2026-0149,SI-882469,PAID,2026-05-19T17:25:00+00:00
TXN-002471,SO-102470,2026-01-15,2026-01-15T14:26:00+00:00,CUS-003,Great Lakes University Hospital,Academic Medical Center,OH,Midwest,REP-013,MAKO-HIP-KIT,Robotic Procedure Kit,Robotic-assisted hip,5,1480.05,7400.25,0.1750,1295.04,6105.21,3187.50,2917.71,USD,Direct,AGR-ORTHO-26-324,CPO-003-2026-0150,SI-882470,PAID,2026-01-15T17:26:00+00:00
TXN-002472,SO-102471,2026-01-03,2026-01-03T14:27:00+00:00,CUS-001,Atlantic Ortho Alliance,IDN,PA,Northeast,REP-001,SOM-PLATE-8H,Trauma Plating,Trauma fixation,2,883.75,1767.50,0.1950,344.66,1422.84,730.00,692.84,USD,Direct,AGR-ORTHO-26-310,CPO-001-2026-0151,SI-882471,OPEN,2026-01-04T17:27:00+00:00
TXN-002473,SO-102472,2026-03-11,2026-03-11T14:28:00+00:00,CUS-004,Blue Ridge Joint Institute,Hospital,NC,Southeast,REP-011,TRI-KNEE-PS-05,Triathlon Knee,Total knee arthroplasty,1,4921.50,4921.50,0.1300,639.80,4281.70,2540.00,1741.70,USD,Direct,AGR-ORTHO-26-331,CPO-004-2026-0152,SI-882472,PAID,2026-03-13T17:28:00+00:00
TXN-002474,SO-102473,2026-04-05,2026-04-05T14:29:00+00:00,CUS-002,Hudson Valley Surgical Center,ASC,NY,Northeast,REP-006,MAKO-KNEE-KIT,Robotic Procedure Kit,Robotic-assisted knee,2,1623.60,3247.20,0.1500,487.08,2760.12,1407.60,1352.52,USD,Direct,AGR-ORTHO-26-317,CPO-002-2026-0153,SI-882473,PAID,2026-04-07T17:29:00+00:00
TXN-002475,SO-102474,2026-05-18,2026-05-18T14:30:00+00:00,CUS-005,Lone Star Orthopedic Network,IDN,TX,South Central,REP-016,TRI-KNEE-PS-05,Triathlon Knee,Total knee arthroplasty,3,4921.50,14764.50,0.1900,2805.26,11959.24,7620.00,4339.24,USD,Direct,AGR-ORTHO-26-338,CPO-005-2026-0154,SI-882474,PAID,2026-05-18T17:30:00+00:00
TXN-002476,SO-102475,2026-05-08,2026-05-08T14:31:00+00:00,CUS-009,Northwest Specialty Distribution,Distributor,WA,West,REP-029,ACC-HIP-CUP-56,Acetabular System,Total hip arthroplasty,3,3004.75,9014.25,0.2400,2163.42,6850.83,4464.00,2386.83,USD,Direct,AGR-ORTHO-26-331,CPO-009-2026-0155,SI-882475,OPEN,2026-05-08T17:31:00+00:00
TXN-002477,SO-102476,2026-01-28,2026-01-28T14:32:00+00:00,CUS-005,Lone Star Orthopedic Network,IDN,TX,South Central,REP-018,TRI-KNEE-CR-04,Triathlon Knee,Total knee arthroplasty,2,4423.80,8847.60,0.2000,1769.52,7078.08,4712.40,2365.68,USD,ASC Program,AGR-ORTHO-26-338,CPO-005-2026-0156,SI-882476,PAID,2026-01-28T17:32:00+00:00
TXN-002478,SO-102477,2026-04-04,2026-04-04T14:33:00+00:00,CUS-002,Hudson Valley Surgical Center,ASC,NY,Northeast,REP-010,SOM-PLATE-8H,Trauma Plating,Trauma fixation,3,883.75,2651.25,0.1350,357.92,2293.33,1095.00,1198.33,USD,ASC Program,AGR-ORTHO-26-317,CPO-002-2026-0157,SI-882477,PAID,2026-04-04T17:33:00+00:00
TXN-002479,SO-102478,2026-04-03,2026-04-03T14:34:00+00:00,CUS-005,Lone Star Orthopedic Network,IDN,TX,South Central,REP-013,REV-FEM-STEM-12,Revision Hip,Revision arthroplasty,2,6484.20,12968.40,0.2000,2593.68,10374.72,6990.00,3384.72,USD,Distributor,AGR-ORTHO-26-338,CPO-005-2026-0158,SI-882478,OPEN,2026-04-03T17:34:00+00:00
TXN-002480,SO-102479,2026-02-25,2026-02-25T14:35:00+00:00,CUS-004,Blue Ridge Joint Institute,Hospital,NC,Southeast,REP-011,MAKO-KNEE-KIT,Robotic Procedure Kit,Robotic-assisted knee,5,1640.00,8200.00,0.1200,984.00,7216.00,3381.00,3835.00,USD,Direct,AGR-ORTHO-26-331,CPO-004-2026-0159,SI-882479,PAID,2026-02-25T17:35:00+00:00
TXN-002481,SO-102480,2026-03-02,2026-03-02T14:36:00+00:00,CUS-011,Desert Ridge Ambulatory Surgery,ASC,AZ,Mountain,REP-033,REV-FEM-STEM-12,Revision Hip,Revision arthroplasty,4,6291.60,25166.40,0.1000,2516.64,22649.76,14259.60,8390.16,USD,Distributor,AGR-ORTHO-26-310,CPO-011-2026-0160,SI-882480,OPEN,2026-03-02T17:36:00+00:00
TXN-002482,SO-102481,2026-05-18,2026-05-18T14:37:00+00:00,CUS-001,Atlantic Ortho Alliance,IDN,PA,Northeast,REP-004,TRI-KNEE-PS-05,Triathlon Knee,Total knee arthroplasty,1,4825.00,4825.00,0.2150,1037.38,3787.62,2489.20,1298.42,USD,Distributor,AGR-ORTHO-26-310,CPO-001-2026-0161,SI-882481,PAID,2026-05-19T17:37:00+00:00
TXN-002483,SO-102482,2026-05-16,2026-05-16T14:38:00+00:00,CUS-004,Blue Ridge Joint Institute,Hospital,NC,Southeast,REP-014,REV-FEM-STEM-12,Revision Hip,Revision arthroplasty,4,6291.60,25166.40,0.1400,3523.30,21643.10,13700.40,7942.70,USD,Direct,AGR-ORTHO-26-331,CPO-004-2026-0162,SI-882482,PAID,2026-05-16T17:38:00+00:00
TXN-002484,SO-102483,2026-02-05,2026-02-05T14:39:00+00:00,CUS-012,New England Sports Medicine,Hospital,MA,Northeast,REP-039,ACC-HIP-LIN-36,Acetabular System,Total hip arthroplasty,1,1180.00,1180.00,0.1400,165.20,1014.80,540.60,474.20,USD,Direct,AGR-ORTHO-26-317,CPO-012-2026-0163,SI-882483,OPEN,2026-02-05T17:39:00+00:00
TXN-002485,SO-102484,2026-05-21,2026-05-21T14:40:00+00:00,CUS-006,Pacific Motion Surgery Partners,ASC,CA,West,REP-022,SOM-SCREW-45,Trauma Plating,Trauma fixation,1,146.00,146.00,0.1000,14.60,131.40,42.84,88.56,USD,ASC Program,AGR-ORTHO-26-310,CPO-006-2026-0164,SI-882484,PAID,2026-05-23T17:40:00+00:00
TXN-002486,SO-102485,2026-05-20,2026-05-20T14:41:00+00:00,CUS-006,Pacific Motion Surgery Partners,ASC,CA,West,REP-016,TRI-KNEE-PS-05,Triathlon Knee,Total knee arthroplasty,1,4776.75,4776.75,0.1100,525.44,4251.31,2540.00,1711.31,USD,Direct,AGR-ORTHO-26-310,CPO-006-2026-0165,SI-882485,PAID,2026-05-20T17:41:00+00:00
TXN-002487,SO-102486,2026-02-28,2026-02-28T14:42:00+00:00,CUS-002,Hudson Valley Surgical Center,ASC,NY,Northeast,REP-005,SOM-PLATE-8H,Trauma Plating,Trauma fixation,2,875.00,1750.00,0.1100,192.50,1557.50,744.60,812.90,USD,Direct,AGR-ORTHO-26-317,CPO-002-2026-0166,SI-882486,OPEN,2026-03-02T17:42:00+00:00
TXN-002488,SO-102487,2026-05-16,2026-05-16T14:43:00+00:00,CUS-004,Blue Ridge Joint Institute,Hospital,NC,Southeast,REP-012,ACC-HIP-CUP-56,Acetabular System,Total hip arthroplasty,1,2975.00,2975.00,0.1350,401.63,2573.37,1517.76,1055.61,USD,ASC Program,AGR-ORTHO-26-331,CPO-004-2026-0167,SI-882487,OPEN,2026-05-17T17:43:00+00:00
TXN-002489,SO-102488,2025-12-03,2025-12-03T14:44:00+00:00,CUS-004,Blue Ridge Joint Institute,Hospital,NC,Southeast,REP-013,ACC-HIP-CUP-56,Acetabular System,Total hip arthroplasty,4,2915.50,11662.00,0.1200,1399.44,10262.56,6071.04,4191.52,USD,ASC Program,AGR-ORTHO-26-331,CPO-004-2025-0168,SI-882488,PAID,2025-12-03T17:44:00+00:00
TXN-002490,SO-102489,2026-02-03,2026-02-03T14:45:00+00:00,CUS-005,Lone Star Orthopedic Network,IDN,TX,South Central,REP-017,MAKO-KNEE-KIT,Robotic Procedure Kit,Robotic-assisted knee,1,1640.00,1640.00,0.1800,295.20,1344.80,703.80,641.00,USD,ASC Program,AGR-ORTHO-26-338,CPO-005-2026-0169,SI-882489,OPEN,2026-02-03T17:45:00+00:00
TXN-002491,SO-102490,2026-04-30,2026-04-30T14:46:00+00:00,CUS-001,Atlantic Ortho Alliance,IDN,PA,Northeast,REP-006,REV-FEM-STEM-12,Revision Hip,Revision arthroplasty,1,6484.20,6484.20,0.2250,1458.95,5025.25,3564.90,1460.35,USD,Direct,AGR-ORTHO-26-310,CPO-001-2026-0170,SI-882490,OPEN,2026-04-30T17:46:00+00:00
TXN-002492,SO-102491,2026-04-09,2026-04-09T14:00:00+00:00,CUS-012,New England Sports Medicine,Hospital,MA,Northeast,REP-040,TRI-KNEE-CR-04,Triathlon Knee,Total knee arthroplasty,1,4380.00,4380.00,0.1550,678.90,3701.10,2356.20,1344.90,USD,Direct,AGR-ORTHO-26-317,CPO-012-2026-0171,SI-882491,OPEN,2026-04-11T17:00:00+00:00
TXN-002493,SO-102492,2026-02-16,2026-02-16T14:01:00+00:00,CUS-012,New England Sports Medicine,Hospital,MA,Northeast,REP-034,MAKO-HIP-KIT,Robotic Procedure Kit,Robotic-assisted hip,2,1495.00,2990.00,0.1300,388.70,2601.30,1225.00,1376.30,USD,Direct,AGR-ORTHO-26-317,CPO-012-2026-0172,SI-882492,PAID,2026-02-16T17:01:00+00:00
TXN-002494,SO-102493,2026-03-16,2026-03-16T14:02:00+00:00,CUS-006,Pacific Motion Surgery Partners,ASC,CA,West,REP-017,MAKO-HIP-KIT,Robotic Procedure Kit,Robotic-assisted hip,5,1524.90,7624.50,0.1150,876.82,6747.68,3062.50,3685.18,USD,Direct,AGR-ORTHO-26-310,CPO-006-2026-0173,SI-882493,OPEN,2026-03-17T17:02:00+00:00
TXN-002495,SO-102494,2026-03-14,2026-03-14T14:03:00+00:00,CUS-006,Pacific Motion Surgery Partners,ASC,CA,West,REP-018,TRI-KNEE-CR-04,Triathlon Knee,Total knee arthroplasty,2,4467.60,8935.20,0.1100,982.87,7952.33,4712.40,3239.93,USD,Direct,AGR-ORTHO-26-310,CPO-006-2026-0174,SI-882494,PAID,2026-03-15T17:03:00+00:00
TXN-002496,SO-102495,2025-11-03,2025-11-03T14:04:00+00:00,CUS-001,Atlantic Ortho Alliance,IDN,PA,Northeast,REP-004,MAKO-HIP-KIT,Robotic Procedure Kit,Robotic-assisted hip,1,1509.95,1509.95,0.1900,286.89,1223.06,637.50,585.56,USD,Direct,AGR-ORTHO-26-310,CPO-001-2025-0175,SI-882495,OPEN,2025-11-04T17:04:00+00:00
TXN-002497,SO-102496,2026-04-11,2026-04-11T14:05:00+00:00,CUS-008,Gulf Coast Trauma Hospital,Hospital,FL,Southeast,REP-026,TRI-KNEE-PS-05,Triathlon Knee,Total knee arthroplasty,1,4825.00,4825.00,0.1200,579.00,4246.00,2540.00,1706.00,USD,ASC Program,AGR-ORTHO-26-324,CPO-008-2026-0176,SI-882496,OPEN,2026-04-12T17:05:00+00:00
TXN-002498,SO-102497,2026-02-10,2026-02-10T14:06:00+00:00,CUS-005,Lone Star Orthopedic Network,IDN,TX,South Central,REP-018,ACC-HIP-CUP-56,Acetabular System,Total hip arthroplasty,2,2915.50,5831.00,0.1800,1049.58,4781.42,2916.48,1864.94,USD,Direct,AGR-ORTHO-26-338,CPO-005-2026-0177,SI-882497,PAID,2026-02-11T17:06:00+00:00
TXN-002499,SO-102498,2026-02-03,2026-02-03T14:07:00+00:00,CUS-007,Front Range Medical Center,Hospital,CO,Mountain,REP-025,TRI-KNEE-PS-05,Triathlon Knee,Total knee arthroplasty,1,4825.00,4825.00,0.1400,675.50,4149.50,2540.00,1609.50,USD,Direct,AGR-ORTHO-26-317,CPO-007-2026-0178,SI-882498,OPEN,2026-02-03T17:07:00+00:00
TXN-002500,SO-102499,2026-05-12,2026-05-12T14:08:00+00:00,CUS-004,Blue Ridge Joint Institute,Hospital,NC,Southeast,REP-010,MAKO-HIP-KIT,Robotic Procedure Kit,Robotic-assisted hip,2,1495.00,2990.00,0.1400,418.60,2571.40,1225.00,1346.40,USD,Direct,AGR-ORTHO-26-331,CPO-004-2026-0179,SI-882499,OPEN,2026-05-12T17:08:00+00:00
TXN-002501,SO-102500,2026-05-05,2026-05-05T14:09:00+00:00,CUS-011,Desert Ridge Ambulatory Surgery,ASC,AZ,Mountain,REP-032,SPN-CAGE-LORD,Spine Interbody,Lumbar fusion,2,5207.40,10414.80,0.1150,1197.70,9217.10,5360.60,3856.50,USD,Direct,AGR-ORTHO-26-310,CPO-011-2026-0180,SI-882500,PAID,2026-05-05T17:09:00+00:00
TXN-002502,SO-102501,2026-03-16,2026-03-16T14:10:00+00:00,CUS-002,Hudson Valley Surgical Center,ASC,NY,Northeast,REP-006,ACC-HIP-CUP-56,Acetabular System,Total hip arthroplasty,2,3004.75,6009.50,0.1100,661.05,5348.45,2976.00,2372.45,USD,Direct,AGR-ORTHO-26-317,CPO-002-2026-0181,SI-882501,PAID,2026-03-18T17:10:00+00:00
TXN-002503,SO-102502,2025-12-30,2025-12-30T14:11:00+00:00,CUS-008,Gulf Coast Trauma Hospital,Hospital,FL,Southeast,REP-025,TRI-KNEE-PS-05,Triathlon Knee,Total knee arthroplasty,1,4825.00,4825.00,0.1350,651.38,4173.62,2540.00,1633.62,USD,Direct,AGR-ORTHO-26-324,CPO-008-2025-0182,SI-882502,OPEN,2025-12-31T17:11:00+00:00
TXN-002504,SO-102503,2026-04-20,2026-04-20T14:12:00+00:00,CUS-012,New England Sports Medicine,Hospital,MA,Northeast,REP-038,SOM-PLATE-8H,Trauma Plating,Trauma fixation,1,857.50,857.50,0.1700,145.78,711.72,357.70,354.02,USD,Direct,AGR-ORTHO-26-317,CPO-012-2026-0183,SI-882503,OPEN,2026-04-20T17:12:00+00:00
TXN-002505,SO-102504,2026-01-14,2026-01-14T14:13:00+00:00,CUS-012,New England Sports Medicine,Hospital,MA,Northeast,REP-039,TRI-KNEE-CR-04,Triathlon Knee,Total knee arthroplasty,3,4380.00,13140.00,0.1200,1576.80,11563.20,7068.60,4494.60,USD,Direct,AGR-ORTHO-26-317,CPO-012-2026-0184,SI-882504,PAID,2026-01-16T17:13:00+00:00
TXN-002506,SO-102505,2026-01-26,2026-01-26T14:14:00+00:00,CUS-007,Front Range Medical Center,Hospital,CO,Mountain,REP-025,TRI-KNEE-PS-05,Triathlon Knee,Total knee arthroplasty,1,4825.00,4825.00,0.1300,627.25,4197.75,2489.20,1708.55,USD,Distributor,AGR-ORTHO-26-317,CPO-007-2026-0185,SI-882505,OPEN,2026-01-28T17:14:00+00:00
TXN-002507,SO-102506,2025-10-29,2025-10-29T14:15:00+00:00,CUS-005,Lone Star Orthopedic Network,IDN,TX,South Central,REP-013,TRI-KNEE-CR-04,Triathlon Knee,Total knee arthroplasty,1,4380.00,4380.00,0.2000,876.00,3504.00,2310.00,1194.00,USD,Distributor,AGR-ORTHO-26-338,CPO-005-2025-0186,SI-882506,OPEN,2025-10-31T17:15:00+00:00
TXN-002508,SO-102507,2026-02-28,2026-02-28T14:16:00+00:00,CUS-004,Blue Ridge Joint Institute,Hospital,NC,Southeast,REP-011,ACC-HIP-LIN-36,Acetabular System,Total hip arthroplasty,4,1191.80,4767.20,0.1300,619.74,4147.46,2120.00,2027.46,USD,Direct,AGR-ORTHO-26-331,CPO-004-2026-0187,SI-882507,PAID,2026-02-28T17:16:00+00:00
TXN-002509,SO-102508,2025-12-13,2025-12-13T14:17:00+00:00,CUS-006,Pacific Motion Surgery Partners,ASC,CA,West,REP-018,ACC-HIP-LIN-36,Acetabular System,Total hip arthroplasty,4,1156.40,4625.60,0.1100,508.82,4116.78,2120.00,1996.78,USD,ASC Program,AGR-ORTHO-26-310,CPO-006-2025-0188,SI-882508,OPEN,2025-12-13T17:17:00+00:00
TXN-002510,SO-102509,2026-04-04,2026-04-04T14:18:00+00:00,CUS-008,Gulf Coast Trauma Hospital,Hospital,FL,Southeast,REP-025,SOM-PLATE-8H,Trauma Plating,Trauma fixation,4,875.00,3500.00,0.1200,420.00,3080.00,1489.20,1590.80,USD,Direct,AGR-ORTHO-26-324,CPO-008-2026-0189,SI-882509,PAID,2026-04-04T17:18:00+00:00
TXN-002511,SO-102510,2026-01-16,2026-01-16T14:19:00+00:00,CUS-001,Atlantic Ortho Alliance,IDN,PA,Northeast,REP-005,ACC-HIP-LIN-36,Acetabular System,Total hip arthroplasty,2,1180.00,2360.00,0.1800,424.80,1935.20,1060.00,875.20,USD,Direct,AGR-ORTHO-26-310,CPO-001-2026-0190,SI-882510,OPEN,2026-01-18T17:19:00+00:00
TXN-002512,SO-102511,2026-01-31,2026-01-31T14:20:00+00:00,CUS-007,Front Range Medical Center,Hospital,CO,Mountain,REP-024,SPN-CAGE-LORD,Spine Interbody,Lumbar fusion,1,5312.60,5312.60,0.1300,690.64,4621.96,2680.30,1941.66,USD,Distributor,AGR-ORTHO-26-317,CPO-007-2026-0191,SI-882511,PARTIALLY_PAID,2026-02-01T17:20:00+00:00
TXN-002513,SO-102512,2026-03-13,2026-03-13T14:21:00+00:00,CUS-001,Atlantic Ortho Alliance,IDN,PA,Northeast,REP-007,TRI-KNEE-CR-04,Triathlon Knee,Total knee arthroplasty,8,4336.20,34689.60,0.2000,6937.92,27751.68,18849.60,8902.08,USD,Distributor,AGR-ORTHO-26-310,CPO-001-2026-0192,SI-882512,PAID,2026-03-13T17:21:00+00:00
TXN-002514,SO-102513,2026-05-17,2026-05-17T14:22:00+00:00,CUS-010,Prairie Orthopedics Cooperative,IDN,IL,Midwest,REP-028,ACC-HIP-CUP-56,Acetabular System,Total hip arthroplasty,2,3034.50,6069.00,0.1900,1153.11,4915.89,2976.00,1939.89,USD,Direct,AGR-ORTHO-26-338,CPO-010-2026-0193,SI-882513,DISPUTED,2026-05-18T17:22:00+00:00
TXN-002515,SO-102514,2026-05-27,2026-05-27T14:23:00+00:00,CUS-003,Great Lakes University Hospital,Academic Medical Center,OH,Midwest,REP-008,TRI-KNEE-PS-05,Triathlon Knee,Total knee arthroplasty,1,4825.00,4825.00,0.1750,844.38,3980.62,2540.00,1440.62,USD,ASC Program,AGR-ORTHO-26-324,CPO-003-2026-0194,SI-882514,PAID,2026-05-29T17:23:00+00:00
TXN-002516,SO-102515,2026-02-21,2026-02-21T14:24:00+00:00,CUS-012,New England Sports Medicine,Hospital,MA,Northeast,REP-036,ACC-HIP-CUP-56,Acetabular System,Total hip arthroplasty,2,2915.50,5831.00,0.1400,816.34,5014.66,2976.00,2038.66,USD,Direct,AGR-ORTHO-26-317,CPO-012-2026-0195,SI-882515,PAID,2026-02-23T17:24:00+00:00
TXN-002517,SO-102516,2026-04-10,2026-04-10T14:25:00+00:00,CUS-001,Atlantic Ortho Alliance,IDN,PA,Northeast,REP-004,TRI-KNEE-PS-05,Triathlon Knee,Total knee arthroplasty,1,4728.50,4728.50,0.2250,1063.91,3664.59,2489.20,1175.39,USD,ASC Program,AGR-ORTHO-26-310,CPO-001-2026-0196,SI-882516,OPEN,2026-04-12T17:25:00+00:00
TXN-002518,SO-102517,2025-11-02,2025-11-02T14:26:00+00:00,CUS-008,Gulf Coast Trauma Hospital,Hospital,FL,Southeast,REP-026,SPN-CAGE-LORD,Spine Interbody,Lumbar fusion,2,5260.00,10520.00,0.1300,1367.60,9152.40,5579.40,3573.00,USD,Direct,AGR-ORTHO-26-324,CPO-008-2025-0197,SI-882517,PAID,2025-11-04T17:26:00+00:00
TXN-002519,SO-102518,2026-02-15,2026-02-15T14:27:00+00:00,CUS-012,New England Sports Medicine,Hospital,MA,Northeast,REP-039,REV-FEM-STEM-12,Revision Hip,Revision arthroplasty,4,6355.80,25423.20,0.1300,3305.02,22118.18,13700.40,8417.78,USD,Direct,AGR-ORTHO-26-317,CPO-012-2026-0198,SI-882518,OPEN,2026-02-17T17:27:00+00:00
TXN-002520,SO-102519,2026-05-25,2026-05-25T14:28:00+00:00,CUS-001,Atlantic Ortho Alliance,IDN,PA,Northeast,REP-007,ACC-HIP-CUP-56,Acetabular System,Total hip arthroplasty,2,2975.00,5950.00,0.1950,1160.25,4789.75,3035.52,1754.23,USD,Direct,AGR-ORTHO-26-310,CPO-001-2026-0199,SI-882519,PAID,2026-05-25T17:28:00+00:00
TXN-002521,SO-102520,2026-06-07,2026-06-07T14:29:00+00:00,CUS-007,Front Range Medical Center,Hospital,CO,Mountain,REP-019,TRI-KNEE-CR-04,Triathlon Knee,Total knee arthroplasty,3,4380.00,13140.00,0.1400,1839.60,11300.40,7068.60,4231.80,USD,ASC Program,AGR-ORTHO-26-317,CPO-007-2026-0200,SI-882520,PAID,2026-06-07T17:29:00+00:00
TXN-002522,SO-102521,2025-12-07,2025-12-07T14:30:00+00:00,CUS-002,Hudson Valley Surgical Center,ASC,NY,Northeast,REP-005,SOM-PLATE-8H,Trauma Plating,Trauma fixation,1,857.50,857.50,0.1100,94.33,763.17,365.00,398.17,USD,Distributor,AGR-ORTHO-26-317,CPO-002-2025-0201,SI-882521,PAID,2025-12-08T17:30:00+00:00
TXN-002523,SO-102522,2026-06-07,2026-06-07T14:31:00+00:00,CUS-009,Northwest Specialty Distribution,Distributor,WA,West,REP-027,ACC-HIP-CUP-56,Acetabular System,Total hip arthroplasty,4,2975.00,11900.00,0.2500,2975.00,8925.00,6071.04,2853.96,USD,Direct,AGR-ORTHO-26-331,CPO-009-2026-0202,SI-882522,PAID,2026-06-07T17:31:00+00:00
TXN-002524,SO-102523,2026-04-03,2026-04-03T14:32:00+00:00,CUS-003,Great Lakes University Hospital,Academic Medical Center,OH,Midwest,REP-010,ACC-HIP-LIN-36,Acetabular System,Total hip arthroplasty,2,1168.20,2336.40,0.1750,408.87,1927.53,1038.80,888.73,USD,Distributor,AGR-ORTHO-26-324,CPO-003-2026-0203,SI-882523,PAID,2026-04-04T17:32:00+00:00
TXN-002525,SO-102524,2026-05-06,2026-05-06T14:33:00+00:00,CUS-005,Lone Star Orthopedic Network,IDN,TX,South Central,REP-017,MAKO-KNEE-KIT,Robotic Procedure Kit,Robotic-assisted knee,2,1640.00,3280.00,0.1900,623.20,2656.80,1380.00,1276.80,USD,ASC Program,AGR-ORTHO-26-338,CPO-005-2026-0204,SI-882524,PAID,2026-05-06T17:33:00+00:00
TXN-002526,SO-102525,2026-05-12,2026-05-12T14:34:00+00:00,CUS-004,Blue Ridge Joint Institute,Hospital,NC,Southeast,REP-015,SOM-PLATE-8H,Trauma Plating,Trauma fixation,2,892.50,1785.00,0.1300,232.05,1552.95,715.40,837.55,USD,Direct,AGR-ORTHO-26-331,CPO-004-2026-0205,SI-882525,PAID,2026-05-12T17:34:00+00:00
TXN-002527,SO-102526,2026-02-19,2026-02-19T14:35:00+00:00,CUS-003,Great Lakes University Hospital,Academic Medical Center,OH,Midwest,REP-013,SOM-PLATE-8H,Trauma Plating,Trauma fixation,1,866.25,866.25,0.1750,151.59,714.66,365.00,349.66,USD,Direct,AGR-ORTHO-26-324,CPO-003-2026-0206,SI-882526,OPEN,2026-02-21T17:35:00+00:00
TXN-002528,SO-102527,2026-03-29,2026-03-29T14:36:00+00:00,CUS-001,Atlantic Ortho Alliance,IDN,PA,Northeast,REP-001,ACC-HIP-LIN-36,Acetabular System,Total hip arthroplasty,2,1180.00,2360.00,0.2000,472.00,1888.00,1060.00,828.00,USD,Direct,AGR-ORTHO-26-310,CPO-001-2026-0207,SI-882527,PAID,2026-03-29T17:36:00+00:00
TXN-002529,SO-102528,2025-12-25,2025-12-25T14:37:00+00:00,CUS-007,Front Range Medical Center,Hospital,CO,Mountain,REP-020,SOM-PLATE-8H,Trauma Plating,Trauma fixation,1,857.50,857.50,0.1300,111.48,746.02,365.00,381.02,USD,Direct,AGR-ORTHO-26-317,CPO-007-2025-0208,SI-882528,PAID,2025-12-26T17:37:00+00:00
TXN-002530,SO-102529,2026-02-11,2026-02-11T14:38:00+00:00,CUS-005,Lone Star Orthopedic Network,IDN,TX,South Central,REP-015,MAKO-HIP-KIT,Robotic Procedure Kit,Robotic-assisted hip,1,1480.05,1480.05,0.1800,266.41,1213.64,625.00,588.64,USD,Direct,AGR-ORTHO-26-338,CPO-005-2026-0209,SI-882529,PAID,2026-02-11T17:38:00+00:00
TXN-002531,SO-102530,2026-02-01,2026-02-01T14:39:00+00:00,CUS-003,Great Lakes University Hospital,Academic Medical Center,OH,Midwest,REP-010,ACC-HIP-LIN-36,Acetabular System,Total hip arthroplasty,3,1180.00,3540.00,0.1700,601.80,2938.20,1590.00,1348.20,USD,Direct,AGR-ORTHO-26-324,CPO-003-2026-0210,SI-882530,PAID,2026-02-01T17:39:00+00:00
TXN-002532,SO-102531,2025-11-29,2025-11-29T14:40:00+00:00,CUS-008,Gulf Coast Trauma Hospital,Hospital,FL,Southeast,REP-026,ACC-HIP-LIN-36,Acetabular System,Total hip arthroplasty,1,1180.00,1180.00,0.1350,159.30,1020.70,530.00,490.70,USD,Direct,AGR-ORTHO-26-324,CPO-008-2025-0211,SI-882531,PAID,2025-11-30T17:40:00+00:00
TXN-002533,SO-102532,2026-03-23,2026-03-23T14:41:00+00:00,CUS-005,Lone Star Orthopedic Network,IDN,TX,South Central,REP-018,TRI-KNEE-CR-04,Triathlon Knee,Total knee arthroplasty,2,4292.40,8584.80,0.1900,1631.11,6953.69,4712.40,2241.29,USD,Direct,AGR-ORTHO-26-338,CPO-005-2026-0001,SI-882532,PAID,2026-03-23T17:41:00+00:00
TXN-002534,SO-102533,2026-04-01,2026-04-01T14:42:00+00:00,CUS-004,Blue Ridge Joint Institute,Hospital,NC,Southeast,REP-016,MAKO-HIP-KIT,Robotic Procedure Kit,Robotic-assisted hip,2,1465.10,2930.20,0.1400,410.23,2519.97,1250.00,1269.97,USD,ASC Program,AGR-ORTHO-26-331,CPO-004-2026-0002,SI-882533,PAID,2026-04-01T17:42:00+00:00
TXN-002535,SO-102534,2026-01-21,2026-01-21T14:43:00+00:00,CUS-005,Lone Star Orthopedic Network,IDN,TX,South Central,REP-013,ACC-HIP-LIN-36,Acetabular System,Total hip arthroplasty,2,1180.00,2360.00,0.1800,424.80,1935.20,1060.00,875.20,USD,Direct,AGR-ORTHO-26-338,CPO-005-2026-0003,SI-882534,PAID,2026-01-23T17:43:00+00:00
TXN-002536,SO-102535,2026-03-30,2026-03-30T14:44:00+00:00,CUS-004,Blue Ridge Joint Institute,Hospital,NC,Southeast,REP-011,ACC-HIP-CUP-56,Acetabular System,Total hip arthroplasty,1,3034.50,3034.50,0.1400,424.83,2609.67,1517.76,1091.91,USD,Direct,AGR-ORTHO-26-331,CPO-004-2026-0004,SI-882535,PAID,2026-03-30T17:44:00+00:00
TXN-002537,SO-102536,2026-02-13,2026-02-13T14:45:00+00:00,CUS-002,Hudson Valley Surgical Center,ASC,NY,Northeast,REP-006,MAKO-HIP-KIT,Robotic Procedure Kit,Robotic-assisted hip,1,1509.95,1509.95,0.1200,181.19,1328.76,637.50,691.26,USD,Direct,AGR-ORTHO-26-317,CPO-002-2026-0005,SI-882536,PAID,2026-02-14T17:45:00+00:00
TXN-002538,SO-102537,2026-06-06,2026-06-06T14:46:00+00:00,CUS-002,Hudson Valley Surgical Center,ASC,NY,Northeast,REP-007,MAKO-KNEE-KIT,Robotic Procedure Kit,Robotic-assisted knee,2,1640.00,3280.00,0.1000,328.00,2952.00,1380.00,1572.00,USD,Direct,AGR-ORTHO-26-317,CPO-002-2026-0006,SI-882537,PAID,2026-06-08T17:46:00+00:00
TXN-002539,SO-102538,2026-02-18,2026-02-18T14:00:00+00:00,CUS-005,Lone Star Orthopedic Network,IDN,TX,South Central,REP-017,ACC-HIP-LIN-36,Acetabular System,Total hip arthroplasty,1,1191.80,1191.80,0.2000,238.36,953.44,530.00,423.44,USD,Direct,AGR-ORTHO-26-338,CPO-005-2026-0007,SI-882538,OPEN,2026-02-20T17:00:00+00:00
TXN-002540,SO-102539,2026-03-28,2026-03-28T14:01:00+00:00,CUS-001,Atlantic Ortho Alliance,IDN,PA,Northeast,REP-006,REV-FEM-STEM-12,Revision Hip,Revision arthroplasty,1,6291.60,6291.60,0.1800,1132.49,5159.11,3495.00,1664.11,USD,Direct,AGR-ORTHO-26-310,CPO-001-2026-0008,SI-882539,OPEN,2026-03-28T17:01:00+00:00
TXN-002541,SO-102540,2026-03-22,2026-03-22T14:02:00+00:00,CUS-008,Gulf Coast Trauma Hospital,Hospital,FL,Southeast,REP-028,REV-FEM-STEM-12,Revision Hip,Revision arthroplasty,1,6548.40,6548.40,0.1200,785.81,5762.59,3564.90,2197.69,USD,Direct,AGR-ORTHO-26-324,CPO-008-2026-0009,SI-882540,OPEN,2026-03-24T17:02:00+00:00
TXN-002542,SO-102541,2025-11-24,2025-11-24T14:03:00+00:00,CUS-008,Gulf Coast Trauma Hospital,Hospital,FL,Southeast,REP-022,REV-FEM-STEM-12,Revision Hip,Revision arthroplasty,3,6548.40,19645.20,0.1200,2357.42,17287.78,10694.70,6593.08,USD,Direct,AGR-ORTHO-26-324,CPO-008-2025-0010,SI-882541,PAID,2025-11-24T17:03:00+00:00
TXN-002543,SO-102542,2026-05-17,2026-05-17T14:04:00+00:00,CUS-002,Hudson Valley Surgical Center,ASC,NY,Northeast,REP-005,TRI-KNEE-CR-04,Triathlon Knee,Total knee arthroplasty,1,4292.40,4292.40,0.1350,579.47,3712.93,2356.20,1356.73,USD,Distributor,AGR-ORTHO-26-317,CPO-002-2026-0011,SI-882542,PAID,2026-05-17T17:04:00+00:00
TXN-002544,SO-102543,2026-03-23,2026-03-23T14:05:00+00:00,CUS-001,Atlantic Ortho Alliance,IDN,PA,Northeast,REP-003,TRI-KNEE-PS-05,Triathlon Knee,Total knee arthroplasty,4,4825.00,19300.00,0.1950,3763.50,15536.50,10160.00,5376.50,USD,ASC Program,AGR-ORTHO-26-310,CPO-001-2026-0012,SI-882543,OPEN,2026-03-24T17:05:00+00:00
TXN-002545,SO-102544,2026-03-20,2026-03-20T14:06:00+00:00,CUS-003,Great Lakes University Hospital,Academic Medical Center,OH,Midwest,REP-010,MAKO-KNEE-KIT,Robotic Procedure Kit,Robotic-assisted knee,8,1607.20,12857.60,0.1700,2185.79,10671.81,5520.00,5151.81,USD,Direct,AGR-ORTHO-26-324,CPO-003-2026-0013,SI-882544,PAID,2026-03-20T17:06:00+00:00
TXN-002546,SO-102545,2026-01-31,2026-01-31T14:07:00+00:00,CUS-004,Blue Ridge Joint Institute,Hospital,NC,Southeast,REP-014,TRI-KNEE-CR-04,Triathlon Knee,Total knee arthroplasty,5,4380.00,21900.00,0.1300,2847.00,19053.00,11550.00,7503.00,USD,Direct,AGR-ORTHO-26-331,CPO-004-2026-0014,SI-882545,PAID,2026-02-01T17:07:00+00:00
TXN-002547,SO-102546,2026-03-19,2026-03-19T14:08:00+00:00,CUS-001,Atlantic Ortho Alliance,IDN,PA,Northeast,REP-006,SOM-SCREW-45,Trauma Plating,Trauma fixation,2,146.00,292.00,0.2000,58.40,233.60,84.00,149.60,USD,Direct,AGR-ORTHO-26-310,CPO-001-2026-0015,SI-882546,PAID,2026-03-19T17:08:00+00:00
TXN-002548,SO-102547,2026-04-10,2026-04-10T14:09:00+00:00,CUS-012,New England Sports Medicine,Hospital,MA,Northeast,REP-040,TRI-KNEE-PS-05,Triathlon Knee,Total knee arthroplasty,2,4873.25,9746.50,0.1650,1608.17,8138.33,5181.60,2956.73,USD,Direct,AGR-ORTHO-26-317,CPO-012-2026-0016,SI-882547,PAID,2026-04-11T17:09:00+00:00
TXN-002549,SO-102548,2026-03-10,2026-03-10T14:10:00+00:00,CUS-001,Atlantic Ortho Alliance,IDN,PA,Northeast,REP-001,TRI-KNEE-PS-05,Triathlon Knee,Total knee arthroplasty,3,4825.00,14475.00,0.2000,2895.00,11580.00,7620.00,3960.00,USD,Direct,AGR-ORTHO-26-310,CPO-001-2026-0017,SI-882548,PAID,2026-03-10T17:10:00+00:00
TXN-002550,SO-102549,2026-06-19,2026-06-19T14:11:00+00:00,CUS-007,Front Range Medical Center,Hospital,CO,Mountain,REP-020,SOM-SCREW-45,Trauma Plating,Trauma fixation,2,146.00,292.00,0.1300,37.96,254.04,84.00,170.04,USD,Distributor,AGR-ORTHO-26-317,CPO-007-2026-0018,SI-882549,DISPUTED,2026-06-19T17:11:00+00:00
TXN-002551,SO-102550,2026-03-31,2026-03-31T14:12:00+00:00,CUS-004,Blue Ridge Joint Institute,Hospital,NC,Southeast,REP-012,MAKO-HIP-KIT,Robotic Procedure Kit,Robotic-assisted hip,1,1524.90,1524.90,0.1300,198.24,1326.66,637.50,689.16,USD,Direct,AGR-ORTHO-26-331,CPO-004-2026-0019,SI-882550,PAID,2026-03-31T17:12:00+00:00
TXN-002552,SO-102551,2026-03-24,2026-03-24T14:13:00+00:00,CUS-002,Hudson Valley Surgical Center,ASC,NY,Northeast,REP-007,MAKO-HIP-KIT,Robotic Procedure Kit,Robotic-assisted hip,1,1480.05,1480.05,0.1100,162.81,1317.24,612.50,704.74,USD,Direct,AGR-ORTHO-26-317,CPO-002-2026-0020,SI-882551,PAID,2026-03-26T17:13:00+00:00
TXN-002553,SO-102552,2026-03-31,2026-03-31T14:14:00+00:00,CUS-005,Lone Star Orthopedic Network,IDN,TX,South Central,REP-017,ACC-HIP-CUP-56,Acetabular System,Total hip arthroplasty,3,2915.50,8746.50,0.2000,1749.30,6997.20,4464.00,2533.20,USD,Direct,AGR-ORTHO-26-338,CPO-005-2026-0021,SI-882552,OPEN,2026-03-31T17:14:00+00:00
TXN-002554,SO-102553,2026-03-26,2026-03-26T14:15:00+00:00,CUS-004,Blue Ridge Joint Institute,Hospital,NC,Southeast,REP-015,TRI-KNEE-CR-04,Triathlon Knee,Total knee arthroplasty,3,4292.40,12877.20,0.1400,1802.81,11074.39,7068.60,4005.79,USD,Direct,AGR-ORTHO-26-331,CPO-004-2026-0022,SI-882553,PAID,2026-03-27T17:15:00+00:00
TXN-002555,SO-102554,2026-05-21,2026-05-21T14:16:00+00:00,CUS-005,Lone Star Orthopedic Network,IDN,TX,South Central,REP-019,MAKO-KNEE-KIT,Robotic Procedure Kit,Robotic-assisted knee,4,1656.40,6625.60,0.2000,1325.12,5300.48,2815.20,2485.28,USD,Direct,AGR-ORTHO-26-338,CPO-005-2026-0023,SI-882554,PAID,2026-05-21T17:16:00+00:00
TXN-002556,SO-102555,2026-04-20,2026-04-20T14:17:00+00:00,CUS-007,Front Range Medical Center,Hospital,CO,Mountain,REP-019,ACC-HIP-LIN-36,Acetabular System,Total hip arthroplasty,3,1180.00,3540.00,0.1200,424.80,3115.20,1621.80,1493.40,USD,ASC Program,AGR-ORTHO-26-317,CPO-007-2026-0024,SI-882555,PAID,2026-04-20T17:17:00+00:00
TXN-002557,SO-102556,2026-01-08,2026-01-08T14:18:00+00:00,CUS-008,Gulf Coast Trauma Hospital,Hospital,FL,Southeast,REP-023,MAKO-HIP-KIT,Robotic Procedure Kit,Robotic-assisted hip,2,1465.10,2930.20,0.1300,380.93,2549.27,1275.00,1274.27,USD,Direct,AGR-ORTHO-26-324,CPO-008-2026-0025,SI-882556,OPEN,2026-01-08T17:18:00+00:00
TXN-002558,SO-102557,2026-05-01,2026-05-01T14:19:00+00:00,CUS-005,Lone Star Orthopedic Network,IDN,TX,South Central,REP-015,ACC-HIP-CUP-56,Acetabular System,Total hip arthroplasty,1,2945.25,2945.25,0.1800,530.15,2415.10,1488.00,927.10,USD,Direct,AGR-ORTHO-26-338,CPO-005-2026-0026,SI-882557,PAID,2026-05-02T17:19:00+00:00
TXN-002559,SO-102558,2025-11-05,2025-11-05T14:20:00+00:00,CUS-002,Hudson Valley Surgical Center,ASC,NY,Northeast,REP-007,SOM-PLATE-8H,Trauma Plating,Trauma fixation,2,857.50,1715.00,0.1000,171.50,1543.50,715.40,828.10,USD,Direct,AGR-ORTHO-26-317,CPO-002-2025-0027,SI-882558,PAID,2025-11-05T17:20:00+00:00
TXN-002560,SO-102559,2026-05-10,2026-05-10T14:21:00+00:00,CUS-010,Prairie Orthopedics Cooperative,IDN,IL,Midwest,REP-032,TRI-KNEE-PS-05,Triathlon Knee,Total knee arthroplasty,2,4921.50,9843.00,0.1950,1919.39,7923.61,4978.40,2945.21,USD,Direct,AGR-ORTHO-26-338,CPO-010-2026-0028,SI-882559,PAID,2026-05-10T17:21:00+00:00
TXN-002561,SO-102560,2026-06-04,2026-06-04T14:22:00+00:00,CUS-002,Hudson Valley Surgical Center,ASC,NY,Northeast,REP-009,TRI-KNEE-CR-04,Triathlon Knee,Total knee arthroplasty,2,4292.40,8584.80,0.1200,1030.18,7554.62,4620.00,2934.62,USD,Direct,AGR-ORTHO-26-317,CPO-002-2026-0029,SI-882560,PAID,2026-06-05T17:22:00+00:00
TXN-002562,SO-102561,2026-04-11,2026-04-11T14:23:00+00:00,CUS-004,Blue Ridge Joint Institute,Hospital,NC,Southeast,REP-016,MAKO-KNEE-KIT,Robotic Procedure Kit,Robotic-assisted knee,8,1607.20,12857.60,0.1200,1542.91,11314.69,5409.60,5905.09,USD,Direct,AGR-ORTHO-26-331,CPO-004-2026-0030,SI-882561,PAID,2026-04-11T17:23:00+00:00
TXN-002563,SO-102562,2026-04-13,2026-04-13T14:24:00+00:00,CUS-008,Gulf Coast Trauma Hospital,Hospital,FL,Southeast,REP-022,SOM-PLATE-8H,Trauma Plating,Trauma fixation,2,875.00,1750.00,0.1200,210.00,1540.00,744.60,795.40,USD,Direct,AGR-ORTHO-26-324,CPO-008-2026-0031,SI-882562,PAID,2026-04-14T17:24:00+00:00
TXN-002564,SO-102563,2026-05-05,2026-05-05T14:25:00+00:00,CUS-012,New England Sports Medicine,Hospital,MA,Northeast,REP-035,MAKO-KNEE-KIT,Robotic Procedure Kit,Robotic-assisted knee,1,1656.40,1656.40,0.1650,273.31,1383.09,676.20,706.89,USD,Direct,AGR-ORTHO-26-317,CPO-012-2026-0032,SI-882563,OPEN,2026-05-06T17:25:00+00:00
TXN-002565,SO-102564,2026-05-15,2026-05-15T14:26:00+00:00,CUS-008,Gulf Coast Trauma Hospital,Hospital,FL,Southeast,REP-024,REV-FEM-STEM-12,Revision Hip,Revision arthroplasty,1,6355.80,6355.80,0.1400,889.81,5465.99,3425.10,2040.89,USD,Direct,AGR-ORTHO-26-324,CPO-008-2026-0033,SI-882564,PAID,2026-05-15T17:26:00+00:00
TXN-002566,SO-102565,2025-12-16,2025-12-16T14:27:00+00:00,CUS-008,Gulf Coast Trauma Hospital,Hospital,FL,Southeast,REP-025,MAKO-KNEE-KIT,Robotic Procedure Kit,Robotic-assisted knee,2,1623.60,3247.20,0.1300,422.14,2825.06,1352.40,1472.66,USD,ASC Program,AGR-ORTHO-26-324,CPO-008-2025-0034,SI-882565,OPEN,2025-12-16T17:27:00+00:00
TXN-002567,SO-102566,2026-05-25,2026-05-25T14:28:00+00:00,CUS-010,Prairie Orthopedics Cooperative,IDN,IL,Midwest,REP-032,REV-FEM-STEM-12,Revision Hip,Revision arthroplasty,5,6484.20,32421.00,0.2000,6484.20,25936.80,17475.00,8461.80,USD,ASC Program,AGR-ORTHO-26-338,CPO-010-2026-0035,SI-882566,PAID,2026-05-27T17:28:00+00:00
TXN-002568,SO-102567,2025-12-13,2025-12-13T14:29:00+00:00,CUS-010,Prairie Orthopedics Cooperative,IDN,IL,Midwest,REP-033,MAKO-KNEE-KIT,Robotic Procedure Kit,Robotic-assisted knee,5,1623.60,8118.00,0.1800,1461.24,6656.76,3450.00,3206.76,USD,Direct,AGR-ORTHO-26-338,CPO-010-2025-0036,SI-882567,PAID,2025-12-13T17:29:00+00:00
TXN-002569,SO-102568,2026-05-03,2026-05-03T14:30:00+00:00,CUS-003,Great Lakes University Hospital,Academic Medical Center,OH,Midwest,REP-013,MAKO-KNEE-KIT,Robotic Procedure Kit,Robotic-assisted knee,2,1656.40,3312.80,0.1700,563.18,2749.62,1380.00,1369.62,USD,Direct,AGR-ORTHO-26-324,CPO-003-2026-0037,SI-882568,PAID,2026-05-03T17:30:00+00:00
TXN-002570,SO-102569,2025-12-23,2025-12-23T14:31:00+00:00,CUS-012,New England Sports Medicine,Hospital,MA,Northeast,REP-034,ACC-HIP-LIN-36,Acetabular System,Total hip arthroplasty,1,1191.80,1191.80,0.1400,166.85,1024.95,530.00,494.95,USD,Distributor,AGR-ORTHO-26-317,CPO-012-2025-0038,SI-882569,PAID,2025-12-24T17:31:00+00:00
TXN-002571,SO-102570,2026-05-01,2026-05-01T14:32:00+00:00,CUS-010,Prairie Orthopedics Cooperative,IDN,IL,Midwest,REP-029,MAKO-KNEE-KIT,Robotic Procedure Kit,Robotic-assisted knee,1,1640.00,1640.00,0.1900,311.60,1328.40,676.20,652.20,USD,Direct,AGR-ORTHO-26-338,CPO-010-2026-0039,SI-882570,OPEN,2026-05-03T17:32:00+00:00
TXN-002572,SO-102571,2026-06-13,2026-06-13T14:33:00+00:00,CUS-008,Gulf Coast Trauma Hospital,Hospital,FL,Southeast,REP-024,TRI-KNEE-PS-05,Triathlon Knee,Total knee arthroplasty,3,4921.50,14764.50,0.1400,2067.03,12697.47,7467.60,5229.87,USD,ASC Program,AGR-ORTHO-26-324,CPO-008-2026-0040,SI-882571,DISPUTED,2026-06-13T17:33:00+00:00
TXN-002573,SO-102572,2026-01-04,2026-01-04T14:34:00+00:00,CUS-006,Pacific Motion Surgery Partners,ASC,CA,West,REP-019,MAKO-KNEE-KIT,Robotic Procedure Kit,Robotic-assisted knee,1,1640.00,1640.00,0.1100,180.40,1459.60,690.00,769.60,USD,Direct,AGR-ORTHO-26-310,CPO-006-2026-0041,SI-882572,PAID,2026-01-04T17:34:00+00:00
TXN-002574,SO-102573,2025-11-27,2025-11-27T14:35:00+00:00,CUS-001,Atlantic Ortho Alliance,IDN,PA,Northeast,REP-005,TRI-KNEE-CR-04,Triathlon Knee,Total knee arthroplasty,2,4423.80,8847.60,0.1900,1681.04,7166.56,4620.00,2546.56,USD,Direct,AGR-ORTHO-26-310,CPO-001-2025-0042,SI-882573,PAID,2025-11-27T17:35:00+00:00
TXN-002575,SO-102574,2026-02-23,2026-02-23T14:36:00+00:00,CUS-004,Blue Ridge Joint Institute,Hospital,NC,Southeast,REP-015,TRI-KNEE-PS-05,Triathlon Knee,Total knee arthroplasty,1,4728.50,4728.50,0.1200,567.42,4161.08,2540.00,1621.08,USD,ASC Program,AGR-ORTHO-26-331,CPO-004-2026-0043,SI-882574,PAID,2026-02-24T17:36:00+00:00
TXN-002576,SO-102575,2026-03-11,2026-03-11T14:37:00+00:00,CUS-004,Blue Ridge Joint Institute,Hospital,NC,Southeast,REP-016,ACC-HIP-CUP-56,Acetabular System,Total hip arthroplasty,1,3034.50,3034.50,0.1200,364.14,2670.36,1488.00,1182.36,USD,Direct,AGR-ORTHO-26-331,CPO-004-2026-0044,SI-882575,PAID,2026-03-11T17:37:00+00:00
TXN-002577,SO-102576,2026-05-01,2026-05-01T14:38:00+00:00,CUS-010,Prairie Orthopedics Cooperative,IDN,IL,Midwest,REP-028,MAKO-KNEE-KIT,Robotic Procedure Kit,Robotic-assisted knee,1,1656.40,1656.40,0.2000,331.28,1325.12,703.80,621.32,USD,ASC Program,AGR-ORTHO-26-338,CPO-010-2026-0045,SI-882576,PAID,2026-05-01T17:38:00+00:00
TXN-002578,SO-102577,2026-03-26,2026-03-26T14:39:00+00:00,CUS-007,Front Range Medical Center,Hospital,CO,Mountain,REP-020,MAKO-HIP-KIT,Robotic Procedure Kit,Robotic-assisted hip,1,1465.10,1465.10,0.1300,190.46,1274.64,612.50,662.14,USD,Direct,AGR-ORTHO-26-317,CPO-007-2026-0046,SI-882577,PAID,2026-03-27T17:39:00+00:00
TXN-002579,SO-102578,2025-12-28,2025-12-28T14:40:00+00:00,CUS-002,Hudson Valley Surgical Center,ASC,NY,Northeast,REP-006,SOM-SCREW-45,Trauma Plating,Trauma fixation,1,148.92,148.92,0.1100,16.38,132.54,42.84,89.70,USD,Direct,AGR-ORTHO-26-317,CPO-002-2025-0047,SI-882578,OPEN,2025-12-28T17:40:00+00:00
TXN-002580,SO-102579,2026-05-24,2026-05-24T14:41:00+00:00,CUS-001,Atlantic Ortho Alliance,IDN,PA,Northeast,REP-004,MAKO-KNEE-KIT,Robotic Procedure Kit,Robotic-assisted knee,3,1623.60,4870.80,0.1900,925.45,3945.35,2070.00,1875.35,USD,Direct,AGR-ORTHO-26-310,CPO-001-2026-0048,SI-882579,OPEN,2026-05-26T17:41:00+00:00
TXN-002581,SO-102580,2026-02-10,2026-02-10T14:42:00+00:00,CUS-011,Desert Ridge Ambulatory Surgery,ASC,AZ,Mountain,REP-035,TRI-KNEE-PS-05,Triathlon Knee,Total knee arthroplasty,1,4921.50,4921.50,0.1000,492.15,4429.35,2489.20,1940.15,USD,Direct,AGR-ORTHO-26-310,CPO-011-2026-0049,SI-882580,OPEN,2026-02-10T17:42:00+00:00
TXN-002582,SO-102581,2026-03-24,2026-03-24T14:43:00+00:00,CUS-010,Prairie Orthopedics Cooperative,IDN,IL,Midwest,REP-033,MAKO-KNEE-KIT,Robotic Procedure Kit,Robotic-assisted knee,1,1640.00,1640.00,0.1900,311.60,1328.40,690.00,638.40,USD,Direct,AGR-ORTHO-26-338,CPO-010-2026-0050,SI-882581,PAID,2026-03-26T17:43:00+00:00
TXN-002583,SO-102582,2026-03-02,2026-03-02T14:44:00+00:00,CUS-011,Desert Ridge Ambulatory Surgery,ASC,AZ,Mountain,REP-037,TRI-KNEE-PS-05,Triathlon Knee,Total knee arthroplasty,2,4873.25,9746.50,0.1100,1072.12,8674.38,4978.40,3695.98,USD,Direct,AGR-ORTHO-26-310,CPO-011-2026-0051,SI-882582,PAID,2026-03-02T17:44:00+00:00
TXN-002584,SO-102583,2026-03-15,2026-03-15T14:45:00+00:00,CUS-009,Northwest Specialty Distribution,Distributor,WA,West,REP-025,ACC-HIP-LIN-36,Acetabular System,Total hip arthroplasty,1,1203.60,1203.60,0.2500,300.90,902.70,530.00,372.70,USD,Direct,AGR-ORTHO-26-331,CPO-009-2026-0052,SI-882583,PAID,2026-03-16T17:45:00+00:00
TXN-002585,SO-102584,2026-03-25,2026-03-25T14:46:00+00:00,CUS-006,Pacific Motion Surgery Partners,ASC,CA,West,REP-017,REV-FEM-STEM-12,Revision Hip,Revision arthroplasty,1,6420.00,6420.00,0.1100,706.20,5713.80,3425.10,2288.70,USD,Direct,AGR-ORTHO-26-310,CPO-006-2026-0053,SI-882584,PAID,2026-03-26T17:46:00+00:00
TXN-002586,SO-102585,2026-03-01,2026-03-01T14:00:00+00:00,CUS-005,Lone Star Orthopedic Network,IDN,TX,South Central,REP-015,SPN-CAGE-LORD,Spine Interbody,Lumbar fusion,8,5154.80,41238.40,0.1800,7422.91,33815.49,21880.00,11935.49,USD,Direct,AGR-ORTHO-26-338,CPO-005-2026-0054,SI-882585,OPEN,2026-03-01T17:00:00+00:00
TXN-002587,SO-102586,2026-01-10,2026-01-10T14:01:00+00:00,CUS-001,Atlantic Ortho Alliance,IDN,PA,Northeast,REP-004,MAKO-KNEE-KIT,Robotic Procedure Kit,Robotic-assisted knee,1,1607.20,1607.20,0.1950,313.40,1293.80,690.00,603.80,USD,Direct,AGR-ORTHO-26-310,CPO-001-2026-0055,SI-882586,OPEN,2026-01-11T17:01:00+00:00
TXN-002588,SO-102587,2026-03-25,2026-03-25T14:02:00+00:00,CUS-001,Atlantic Ortho Alliance,IDN,PA,Northeast,REP-005,MAKO-KNEE-KIT,Robotic Procedure Kit,Robotic-assisted knee,1,1640.00,1640.00,0.1900,311.60,1328.40,690.00,638.40,USD,Distributor,AGR-ORTHO-26-310,CPO-001-2026-0056,SI-882587,PAID,2026-03-25T17:02:00+00:00
TXN-002589,SO-102588,2026-01-19,2026-01-19T14:03:00+00:00,CUS-003,Great Lakes University Hospital,Academic Medical Center,OH,Midwest,REP-012,MAKO-HIP-KIT,Robotic Procedure Kit,Robotic-assisted hip,3,1465.10,4395.30,0.1750,769.18,3626.12,1875.00,1751.12,USD,Direct,AGR-ORTHO-26-324,CPO-003-2026-0057,SI-882588,PAID,2026-01-20T17:03:00+00:00
TXN-002590,SO-102589,2026-02-16,2026-02-16T14:04:00+00:00,CUS-005,Lone Star Orthopedic Network,IDN,TX,South Central,REP-019,MAKO-HIP-KIT,Robotic Procedure Kit,Robotic-assisted hip,8,1465.10,11720.80,0.2000,2344.16,9376.64,5000.00,4376.64,USD,Direct,AGR-ORTHO-26-338,CPO-005-2026-0058,SI-882589,OPEN,2026-02-16T17:04:00+00:00
TXN-002591,SO-102590,2026-04-04,2026-04-04T14:05:00+00:00,CUS-006,Pacific Motion Surgery Partners,ASC,CA,West,REP-016,ACC-HIP-CUP-56,Acetabular System,Total hip arthroplasty,1,2975.00,2975.00,0.1150,342.13,2632.87,1458.24,1174.63,USD,Direct,AGR-ORTHO-26-310,CPO-006-2026-0059,SI-882590,OPEN,2026-04-05T17:05:00+00:00
TXN-002592,SO-102591,2025-10-25,2025-10-25T14:06:00+00:00,CUS-001,Atlantic Ortho Alliance,IDN,PA,Northeast,REP-002,SPN-CAGE-LORD,Spine Interbody,Lumbar fusion,3,5365.20,16095.60,0.2000,3219.12,12876.48,8040.90,4835.58,USD,Direct,AGR-ORTHO-26-310,CPO-001-2025-0060,SI-882591,PAID,2025-10-25T17:06:00+00:00
TXN-002593,SO-102592,2026-04-12,2026-04-12T14:07:00+00:00,CUS-005,Lone Star Orthopedic Network,IDN,TX,South Central,REP-015,TRI-KNEE-PS-05,Triathlon Knee,Total knee arthroplasty,2,4825.00,9650.00,0.1900,1833.50,7816.50,4978.40,2838.10,USD,Direct,AGR-ORTHO-26-338,CPO-005-2026-0061,SI-882592,OPEN,2026-04-14T17:07:00+00:00
TXN-002594,SO-102593,2026-04-04,2026-04-04T14:08:00+00:00,CUS-001,Atlantic Ortho Alliance,IDN,PA,Northeast,REP-004,SPN-CAGE-LORD,Spine Interbody,Lumbar fusion,1,5154.80,5154.80,0.2250,1159.83,3994.97,2789.70,1205.27,USD,Direct,AGR-ORTHO-26-310,CPO-001-2026-0062,SI-882593,PAID,2026-04-06T17:08:00+00:00
TXN-002595,SO-102594,2026-04-05,2026-04-05T14:09:00+00:00,CUS-005,Lone Star Orthopedic Network,IDN,TX,South Central,REP-017,ACC-HIP-CUP-56,Acetabular System,Total hip arthroplasty,1,2915.50,2915.50,0.1900,553.95,2361.55,1488.00,873.55,USD,Direct,AGR-ORTHO-26-338,CPO-005-2026-0063,SI-882594,PAID,2026-04-05T17:09:00+00:00
TXN-002596,SO-102595,2026-05-16,2026-05-16T14:10:00+00:00,CUS-009,Northwest Specialty Distribution,Distributor,WA,West,REP-030,ACC-HIP-LIN-36,Acetabular System,Total hip arthroplasty,2,1191.80,2383.60,0.2400,572.06,1811.54,1038.80,772.74,USD,ASC Program,AGR-ORTHO-26-331,CPO-009-2026-0064,SI-882595,PAID,2026-05-16T17:10:00+00:00
TXN-002597,SO-102596,2026-01-18,2026-01-18T14:11:00+00:00,CUS-001,Atlantic Ortho Alliance,IDN,PA,Northeast,REP-007,SOM-SCREW-45,Trauma Plating,Trauma fixation,2,147.46,294.92,0.1950,57.51,237.41,84.00,153.41,USD,Direct,AGR-ORTHO-26-310,CPO-001-2026-0065,SI-882596,OPEN,2026-01-18T17:11:00+00:00
TXN-002598,SO-102597,2026-03-20,2026-03-20T14:12:00+00:00,CUS-005,Lone Star Orthopedic Network,IDN,TX,South Central,REP-013,ACC-HIP-CUP-56,Acetabular System,Total hip arthroplasty,4,2945.25,11781.00,0.1900,2238.39,9542.61,5952.00,3590.61,USD,ASC Program,AGR-ORTHO-26-338,CPO-005-2026-0066,SI-882597,PAID,2026-03-20T17:12:00+00:00
TXN-002599,SO-102598,2026-03-19,2026-03-19T14:13:00+00:00,CUS-008,Gulf Coast Trauma Hospital,Hospital,FL,Southeast,REP-023,TRI-KNEE-CR-04,Triathlon Knee,Total knee arthroplasty,5,4336.20,21681.00,0.1200,2601.72,19079.28,11319.00,7760.28,USD,Direct,AGR-ORTHO-26-324,CPO-008-2026-0067,SI-882598,PAID,2026-03-19T17:13:00+00:00
TXN-002600,SO-102599,2026-04-05,2026-04-05T14:14:00+00:00,CUS-012,New England Sports Medicine,Hospital,MA,Northeast,REP-036,MAKO-KNEE-KIT,Robotic Procedure Kit,Robotic-assisted knee,2,1656.40,3312.80,0.1650,546.61,2766.19,1407.60,1358.59,USD,Distributor,AGR-ORTHO-26-317,CPO-012-2026-0068,SI-882599,PAID,2026-04-05T17:14:00+00:00
TXN-002601,SO-102600,2026-04-21,2026-04-21T14:15:00+00:00,CUS-002,Hudson Valley Surgical Center,ASC,NY,Northeast,REP-007,MAKO-HIP-KIT,Robotic Procedure Kit,Robotic-assisted hip,1,1524.90,1524.90,0.1450,221.11,1303.79,637.50,666.29,USD,Direct,AGR-ORTHO-26-317,CPO-002-2026-0069,SI-882600,PAID,2026-04-21T17:15:00+00:00
TXN-002602,SO-102601,2026-06-04,2026-06-04T14:16:00+00:00,CUS-003,Great Lakes University Hospital,Academic Medical Center,OH,Midwest,REP-011,MAKO-KNEE-KIT,Robotic Procedure Kit,Robotic-assisted knee,4,1672.80,6691.20,0.1600,1070.59,5620.61,2760.00,2860.61,USD,ASC Program,AGR-ORTHO-26-324,CPO-003-2026-0070,SI-882601,OPEN,2026-06-04T17:16:00+00:00
TXN-002603,SO-102602,2026-01-03,2026-01-03T14:17:00+00:00,CUS-006,Pacific Motion Surgery Partners,ASC,CA,West,REP-021,TRI-KNEE-CR-04,Triathlon Knee,Total knee arthroplasty,3,4336.20,13008.60,0.1100,1430.95,11577.65,6930.00,4647.65,USD,Direct,AGR-ORTHO-26-310,CPO-006-2026-0071,SI-882602,OPEN,2026-01-03T17:17:00+00:00
TXN-002604,SO-102603,2026-04-20,2026-04-20T14:18:00+00:00,CUS-007,Front Range Medical Center,Hospital,CO,Mountain,REP-025,TRI-KNEE-CR-04,Triathlon Knee,Total knee arthroplasty,1,4292.40,4292.40,0.1350,579.47,3712.93,2263.80,1449.13,USD,Distributor,AGR-ORTHO-26-317,CPO-007-2026-0072,SI-882603,OPEN,2026-04-22T17:18:00+00:00
TXN-002605,SO-102604,2026-02-27,2026-02-27T14:19:00+00:00,CUS-002,Hudson Valley Surgical Center,ASC,NY,Northeast,REP-004,SOM-SCREW-45,Trauma Plating,Trauma fixation,3,146.00,438.00,0.1100,48.18,389.82,123.48,266.34,USD,Direct,AGR-ORTHO-26-317,CPO-002-2026-0073,SI-882604,PAID,2026-03-01T17:19:00+00:00
TXN-002606,SO-102605,2026-03-09,2026-03-09T14:20:00+00:00,CUS-006,Pacific Motion Surgery Partners,ASC,CA,West,REP-017,MAKO-KNEE-KIT,Robotic Procedure Kit,Robotic-assisted knee,1,1623.60,1623.60,0.1000,162.36,1461.24,690.00,771.24,USD,ASC Program,AGR-ORTHO-26-310,CPO-006-2026-0074,SI-882605,PAID,2026-03-11T17:20:00+00:00
TXN-002607,SO-102606,2026-02-13,2026-02-13T14:21:00+00:00,CUS-004,Blue Ridge Joint Institute,Hospital,NC,Southeast,REP-012,MAKO-KNEE-KIT,Robotic Procedure Kit,Robotic-assisted knee,1,1672.80,1672.80,0.1400,234.19,1438.61,690.00,748.61,USD,Direct,AGR-ORTHO-26-331,CPO-004-2026-0075,SI-882606,PAID,2026-02-15T17:21:00+00:00
TXN-002608,SO-102607,2026-03-30,2026-03-30T14:22:00+00:00,CUS-005,Lone Star Orthopedic Network,IDN,TX,South Central,REP-016,SPN-CAGE-LORD,Spine Interbody,Lumbar fusion,2,5154.80,10309.60,0.1950,2010.37,8299.23,5360.60,2938.63,USD,Direct,AGR-ORTHO-26-338,CPO-005-2026-0076,SI-882607,OPEN,2026-03-30T17:22:00+00:00
TXN-002609,SO-102608,2026-04-12,2026-04-12T14:23:00+00:00,CUS-004,Blue Ridge Joint Institute,Hospital,NC,Southeast,REP-014,TRI-KNEE-PS-05,Triathlon Knee,Total knee arthroplasty,2,4825.00,9650.00,0.1350,1302.75,8347.25,5181.60,3165.65,USD,Direct,AGR-ORTHO-26-331,CPO-004-2026-0077,SI-882608,PAID,2026-04-13T17:23:00+00:00
TXN-002610,SO-102609,2026-04-23,2026-04-23T14:24:00+00:00,CUS-011,Desert Ridge Ambulatory Surgery,ASC,AZ,Mountain,REP-036,ACC-HIP-CUP-56,Acetabular System,Total hip arthroplasty,1,2975.00,2975.00,0.1150,342.13,2632.87,1488.00,1144.87,USD,Direct,AGR-ORTHO-26-310,CPO-011-2026-0078,SI-882609,OPEN,2026-04-23T17:24:00+00:00
TXN-002611,SO-102610,2026-04-02,2026-04-02T14:25:00+00:00,CUS-005,Lone Star Orthopedic Network,IDN,TX,South Central,REP-019,SOM-PLATE-8H,Trauma Plating,Trauma fixation,1,883.75,883.75,0.1800,159.08,724.67,372.30,352.37,USD,Direct,AGR-ORTHO-26-338,CPO-005-2026-0079,SI-882610,OPEN,2026-04-04T17:25:00+00:00
TXN-002612,SO-102611,2026-05-31,2026-05-31T14:26:00+00:00,CUS-008,Gulf Coast Trauma Hospital,Hospital,FL,Southeast,REP-022,MAKO-HIP-KIT,Robotic Procedure Kit,Robotic-assisted hip,1,1495.00,1495.00,0.1400,209.30,1285.70,625.00,660.70,USD,Direct,AGR-ORTHO-26-324,CPO-008-2026-0080,SI-882611,PAID,2026-06-01T17:26:00+00:00
TXN-002613,SO-102612,2026-03-20,2026-03-20T14:27:00+00:00,CUS-003,Great Lakes University Hospital,Academic Medical Center,OH,Midwest,REP-008,SPN-CAGE-LORD,Spine Interbody,Lumbar fusion,1,5365.20,5365.20,0.1800,965.74,4399.46,2735.00,1664.46,USD,Direct,AGR-ORTHO-26-324,CPO-003-2026-0081,SI-882612,PAID,2026-03-20T17:27:00+00:00
TXN-002614,SO-102613,2026-02-13,2026-02-13T14:28:00+00:00,CUS-010,Prairie Orthopedics Cooperative,IDN,IL,Midwest,REP-030,TRI-KNEE-CR-04,Triathlon Knee,Total knee arthroplasty,1,4292.40,4292.40,0.1950,837.02,3455.38,2356.20,1099.18,USD,Direct,AGR-ORTHO-26-338,CPO-010-2026-0082,SI-882613,PAID,2026-02-13T17:28:00+00:00
TXN-002615,SO-102614,2026-02-25,2026-02-25T14:29:00+00:00,CUS-005,Lone Star Orthopedic Network,IDN,TX,South Central,REP-016,REV-FEM-STEM-12,Revision Hip,Revision arthroplasty,2,6548.40,13096.80,0.2000,2619.36,10477.44,7129.80,3347.64,USD,Direct,AGR-ORTHO-26-338,CPO-005-2026-0083,SI-882614,PAID,2026-02-26T17:29:00+00:00
TXN-002616,SO-102615,2026-05-15,2026-05-15T14:30:00+00:00,CUS-005,Lone Star Orthopedic Network,IDN,TX,South Central,REP-017,SOM-SCREW-45,Trauma Plating,Trauma fixation,2,146.00,292.00,0.1800,52.56,239.44,84.00,155.44,USD,ASC Program,AGR-ORTHO-26-338,CPO-005-2026-0084,SI-882615,PAID,2026-05-15T17:30:00+00:00
TXN-002617,SO-102616,2026-05-25,2026-05-25T14:31:00+00:00,CUS-008,Gulf Coast Trauma Hospital,Hospital,FL,Southeast,REP-027,SPN-CAGE-LORD,Spine Interbody,Lumbar fusion,1,5365.20,5365.20,0.1200,643.82,4721.38,2735.00,1986.38,USD,Direct,AGR-ORTHO-26-324,CPO-008-2026-0085,SI-882616,PARTIALLY_PAID,2026-05-26T17:31:00+00:00
TXN-002618,SO-102617,2026-05-20,2026-05-20T14:32:00+00:00,CUS-004,Blue Ridge Joint Institute,Hospital,NC,Southeast,REP-016,TRI-KNEE-CR-04,Triathlon Knee,Total knee arthroplasty,1,4423.80,4423.80,0.1200,530.86,3892.94,2310.00,1582.94,USD,Direct,AGR-ORTHO-26-331,CPO-004-2026-0086,SI-882617,PAID,2026-05-20T17:32:00+00:00
TXN-002619,SO-102618,2026-01-10,2026-01-10T14:33:00+00:00,CUS-005,Lone Star Orthopedic Network,IDN,TX,South Central,REP-013,MAKO-KNEE-KIT,Robotic Procedure Kit,Robotic-assisted knee,5,1607.20,8036.00,0.1800,1446.48,6589.52,3450.00,3139.52,USD,Direct,AGR-ORTHO-26-338,CPO-005-2026-0087,SI-882618,PAID,2026-01-11T17:33:00+00:00
TXN-002620,SO-102619,2026-01-22,2026-01-22T14:34:00+00:00,CUS-007,Front Range Medical Center,Hospital,CO,Mountain,REP-020,TRI-KNEE-PS-05,Triathlon Knee,Total knee arthroplasty,2,4728.50,9457.00,0.1300,1229.41,8227.59,5080.00,3147.59,USD,Distributor,AGR-ORTHO-26-317,CPO-007-2026-0088,SI-882619,PAID,2026-01-22T17:34:00+00:00
TXN-002621,SO-102620,2026-05-20,2026-05-20T14:35:00+00:00,CUS-003,Great Lakes University Hospital,Academic Medical Center,OH,Midwest,REP-009,SOM-PLATE-8H,Trauma Plating,Trauma fixation,2,866.25,1732.50,0.1700,294.53,1437.97,730.00,707.97,USD,Direct,AGR-ORTHO-26-324,CPO-003-2026-0089,SI-882620,PAID,2026-05-20T17:35:00+00:00
TXN-002622,SO-102621,2025-12-22,2025-12-22T14:36:00+00:00,CUS-012,New England Sports Medicine,Hospital,MA,Northeast,REP-037,ACC-HIP-CUP-56,Acetabular System,Total hip arthroplasty,1,3034.50,3034.50,0.1350,409.66,2624.84,1488.00,1136.84,USD,ASC Program,AGR-ORTHO-26-317,CPO-012-2025-0090,SI-882621,PAID,2025-12-22T17:36:00+00:00
TXN-002623,SO-102622,2025-11-17,2025-11-17T14:37:00+00:00,CUS-001,Atlantic Ortho Alliance,IDN,PA,Northeast,REP-005,MAKO-KNEE-KIT,Robotic Procedure Kit,Robotic-assisted knee,2,1623.60,3247.20,0.1950,633.20,2614.00,1352.40,1261.60,USD,Direct,AGR-ORTHO-26-310,CPO-001-2025-0091,SI-882622,PAID,2025-11-19T17:37:00+00:00
TXN-002624,SO-102623,2026-04-14,2026-04-14T14:38:00+00:00,CUS-012,New England Sports Medicine,Hospital,MA,Northeast,REP-039,MAKO-HIP-KIT,Robotic Procedure Kit,Robotic-assisted hip,3,1495.00,4485.00,0.1550,695.18,3789.82,1875.00,1914.82,USD,Direct,AGR-ORTHO-26-317,CPO-012-2026-0092,SI-882623,PARTIALLY_PAID,2026-04-15T17:38:00+00:00
TXN-002625,SO-102624,2026-06-06,2026-06-06T14:39:00+00:00,CUS-003,Great Lakes University Hospital,Academic Medical Center,OH,Midwest,REP-013,TRI-KNEE-CR-04,Triathlon Knee,Total knee arthroplasty,2,4380.00,8760.00,0.1600,1401.60,7358.40,4712.40,2646.00,USD,Direct,AGR-ORTHO-26-324,CPO-003-2026-0093,SI-882624,OPEN,2026-06-07T17:39:00+00:00
TXN-002626,SO-102625,2025-11-20,2025-11-20T14:40:00+00:00,CUS-001,Atlantic Ortho Alliance,IDN,PA,Northeast,REP-001,TRI-KNEE-CR-04,Triathlon Knee,Total knee arthroplasty,2,4423.80,8847.60,0.1900,1681.04,7166.56,4620.00,2546.56,USD,ASC Program,AGR-ORTHO-26-310,CPO-001-2025-0094,SI-882625,OPEN,2025-11-21T17:40:00+00:00
TXN-002627,SO-102626,2026-04-12,2026-04-12T14:41:00+00:00,CUS-005,Lone Star Orthopedic Network,IDN,TX,South Central,REP-014,SOM-PLATE-8H,Trauma Plating,Trauma fixation,2,866.25,1732.50,0.1900,329.18,1403.32,744.60,658.72,USD,Direct,AGR-ORTHO-26-338,CPO-005-2026-0095,SI-882626,OPEN,2026-04-12T17:41:00+00:00
TXN-002628,SO-102627,2026-05-23,2026-05-23T14:42:00+00:00,CUS-005,Lone Star Orthopedic Network,IDN,TX,South Central,REP-015,TRI-KNEE-CR-04,Triathlon Knee,Total knee arthroplasty,1,4292.40,4292.40,0.1900,815.56,3476.84,2356.20,1120.64,USD,ASC Program,AGR-ORTHO-26-338,CPO-005-2026-0096,SI-882627,OPEN,2026-05-23T17:42:00+00:00
TXN-002629,SO-102628,2026-03-18,2026-03-18T14:43:00+00:00,CUS-005,Lone Star Orthopedic Network,IDN,TX,South Central,REP-016,MAKO-KNEE-KIT,Robotic Procedure Kit,Robotic-assisted knee,2,1672.80,3345.60,0.1950,652.39,2693.21,1380.00,1313.21,USD,Distributor,AGR-ORTHO-26-338,CPO-005-2026-0097,SI-882628,PAID,2026-03-18T17:43:00+00:00
TXN-002630,SO-102629,2026-03-16,2026-03-16T14:44:00+00:00,CUS-005,Lone Star Orthopedic Network,IDN,TX,South Central,REP-017,MAKO-HIP-KIT,Robotic Procedure Kit,Robotic-assisted hip,4,1495.00,5980.00,0.1900,1136.20,4843.80,2450.00,2393.80,USD,Direct,AGR-ORTHO-26-338,CPO-005-2026-0098,SI-882629,PAID,2026-03-17T17:44:00+00:00
TXN-002631,SO-102630,2026-04-27,2026-04-27T14:45:00+00:00,CUS-008,Gulf Coast Trauma Hospital,Hospital,FL,Southeast,REP-027,TRI-KNEE-CR-04,Triathlon Knee,Total knee arthroplasty,3,4423.80,13271.40,0.1300,1725.28,11546.12,6930.00,4616.12,USD,Direct,AGR-ORTHO-26-324,CPO-008-2026-0099,SI-882630,OPEN,2026-04-27T17:45:00+00:00
TXN-002632,SO-102631,2026-03-18,2026-03-18T14:46:00+00:00,CUS-008,Gulf Coast Trauma Hospital,Hospital,FL,Southeast,REP-028,SOM-SCREW-45,Trauma Plating,Trauma fixation,3,146.00,438.00,0.1400,61.32,376.68,128.52,248.16,USD,Direct,AGR-ORTHO-26-324,CPO-008-2026-0100,SI-882631,OPEN,2026-03-18T17:46:00+00:00
TXN-002633,SO-102632,2026-03-14,2026-03-14T14:00:00+00:00,CUS-005,Lone Star Orthopedic Network,IDN,TX,South Central,REP-013,TRI-KNEE-PS-05,Triathlon Knee,Total knee arthroplasty,4,4825.00,19300.00,0.1800,3474.00,15826.00,9956.80,5869.20,USD,Direct,AGR-ORTHO-26-338,CPO-005-2026-0101,SI-882632,PAID,2026-03-14T17:00:00+00:00
TXN-002634,SO-102633,2026-03-15,2026-03-15T14:01:00+00:00,CUS-005,Lone Star Orthopedic Network,IDN,TX,South Central,REP-014,MAKO-KNEE-KIT,Robotic Procedure Kit,Robotic-assisted knee,1,1607.20,1607.20,0.2000,321.44,1285.76,703.80,581.96,USD,Distributor,AGR-ORTHO-26-338,CPO-005-2026-0102,SI-882633,PAID,2026-03-17T17:01:00+00:00
TXN-002635,SO-102634,2025-11-14,2025-11-14T14:02:00+00:00,CUS-009,Northwest Specialty Distribution,Distributor,WA,West,REP-027,SOM-PLATE-8H,Trauma Plating,Trauma fixation,5,892.50,4462.50,0.2300,1026.38,3436.12,1825.00,1611.12,USD,Direct,AGR-ORTHO-26-331,CPO-009-2025-0103,SI-882634,PAID,2025-11-14T17:02:00+00:00
TXN-002636,SO-102635,2026-04-04,2026-04-04T14:03:00+00:00,CUS-001,Atlantic Ortho Alliance,IDN,PA,Northeast,REP-004,TRI-KNEE-CR-04,Triathlon Knee,Total knee arthroplasty,2,4423.80,8847.60,0.2250,1990.71,6856.89,4527.60,2329.29,USD,Direct,AGR-ORTHO-26-310,CPO-001-2026-0104,SI-882635,PAID,2026-04-04T17:03:00+00:00
TXN-002637,SO-102636,2026-02-16,2026-02-16T14:04:00+00:00,CUS-001,Atlantic Ortho Alliance,IDN,PA,Northeast,REP-005,MAKO-HIP-KIT,Robotic Procedure Kit,Robotic-assisted hip,8,1480.05,11840.40,0.2000,2368.08,9472.32,5100.00,4372.32,USD,Direct,AGR-ORTHO-26-310,CPO-001-2026-0105,SI-882636,PAID,2026-02-17T17:04:00+00:00
TXN-002638,SO-102637,2026-04-25,2026-04-25T14:05:00+00:00,CUS-012,New England Sports Medicine,Hospital,MA,Northeast,REP-039,ACC-HIP-LIN-36,Acetabular System,Total hip arthroplasty,1,1203.60,1203.60,0.1650,198.59,1005.01,530.00,475.01,USD,Direct,AGR-ORTHO-26-317,CPO-012-2026-0106,SI-882637,PAID,2026-04-27T17:05:00+00:00
TXN-002639,SO-102638,2026-03-02,2026-03-02T14:06:00+00:00,CUS-008,Gulf Coast Trauma Hospital,Hospital,FL,Southeast,REP-028,ACC-HIP-LIN-36,Acetabular System,Total hip arthroplasty,2,1156.40,2312.80,0.1200,277.54,2035.26,1081.20,954.06,USD,Direct,AGR-ORTHO-26-324,CPO-008-2026-0107,SI-882638,PAID,2026-03-02T17:06:00+00:00
TXN-002640,SO-102639,2026-02-12,2026-02-12T14:07:00+00:00,CUS-009,Northwest Specialty Distribution,Distributor,WA,West,REP-025,MAKO-KNEE-KIT,Robotic Procedure Kit,Robotic-assisted knee,1,1656.40,1656.40,0.2400,397.54,1258.86,703.80,555.06,USD,Distributor,AGR-ORTHO-26-331,CPO-009-2026-0108,SI-882639,PAID,2026-02-14T17:07:00+00:00
TXN-002641,SO-102640,2025-12-16,2025-12-16T14:08:00+00:00,CUS-006,Pacific Motion Surgery Partners,ASC,CA,West,REP-017,SPN-CAGE-LORD,Spine Interbody,Lumbar fusion,1,5260.00,5260.00,0.1200,631.20,4628.80,2789.70,1839.10,USD,Direct,AGR-ORTHO-26-310,CPO-006-2025-0109,SI-882640,OPEN,2025-12-17T17:08:00+00:00
TXN-002642,SO-102641,2026-02-28,2026-02-28T14:09:00+00:00,CUS-012,New England Sports Medicine,Hospital,MA,Northeast,REP-036,TRI-KNEE-CR-04,Triathlon Knee,Total knee arthroplasty,1,4423.80,4423.80,0.1200,530.86,3892.94,2310.00,1582.94,USD,Direct,AGR-ORTHO-26-317,CPO-012-2026-0110,SI-882641,PAID,2026-02-28T17:09:00+00:00
TXN-002643,SO-102642,2026-03-13,2026-03-13T14:10:00+00:00,CUS-004,Blue Ridge Joint Institute,Hospital,NC,Southeast,REP-013,TRI-KNEE-CR-04,Triathlon Knee,Total knee arthroplasty,2,4380.00,8760.00,0.1200,1051.20,7708.80,4620.00,3088.80,USD,Direct,AGR-ORTHO-26-331,CPO-004-2026-0111,SI-882642,OPEN,2026-03-13T17:10:00+00:00
TXN-002644,SO-102643,2026-05-09,2026-05-09T14:11:00+00:00,CUS-012,New England Sports Medicine,Hospital,MA,Northeast,REP-038,REV-FEM-STEM-12,Revision Hip,Revision arthroplasty,1,6484.20,6484.20,0.1550,1005.05,5479.15,3564.90,1914.25,USD,ASC Program,AGR-ORTHO-26-317,CPO-012-2026-0112,SI-882643,PAID,2026-05-10T17:11:00+00:00
TXN-002645,SO-102644,2025-11-02,2025-11-02T14:12:00+00:00,CUS-012,New England Sports Medicine,Hospital,MA,Northeast,REP-039,SOM-PLATE-8H,Trauma Plating,Trauma fixation,1,892.50,892.50,0.1200,107.10,785.40,365.00,420.40,USD,ASC Program,AGR-ORTHO-26-317,CPO-012-2025-0113,SI-882644,PAID,2025-11-02T17:12:00+00:00
TXN-002646,SO-102645,2026-02-24,2026-02-24T14:13:00+00:00,CUS-005,Lone Star Orthopedic Network,IDN,TX,South Central,REP-019,ACC-HIP-CUP-56,Acetabular System,Total hip arthroplasty,1,2915.50,2915.50,0.1900,553.95,2361.55,1488.00,873.55,USD,Direct,AGR-ORTHO-26-338,CPO-005-2026-0114,SI-882645,OPEN,2026-02-26T17:13:00+00:00
TXN-002647,SO-102646,2026-06-05,2026-06-05T14:14:00+00:00,CUS-012,New England Sports Medicine,Hospital,MA,Northeast,REP-034,SOM-SCREW-45,Trauma Plating,Trauma fixation,1,146.00,146.00,0.1200,17.52,128.48,41.16,87.32,USD,Direct,AGR-ORTHO-26-317,CPO-012-2026-0115,SI-882646,PAID,2026-06-05T17:14:00+00:00
TXN-002648,SO-102647,2025-11-10,2025-11-10T14:15:00+00:00,CUS-006,Pacific Motion Surgery Partners,ASC,CA,West,REP-017,ACC-HIP-CUP-56,Acetabular System,Total hip arthroplasty,1,2915.50,2915.50,0.1150,335.28,2580.22,1517.76,1062.46,USD,ASC Program,AGR-ORTHO-26-310,CPO-006-2025-0116,SI-882647,PAID,2025-11-11T17:15:00+00:00
TXN-002649,SO-102648,2026-03-26,2026-03-26T14:16:00+00:00,CUS-009,Northwest Specialty Distribution,Distributor,WA,West,REP-027,SPN-CAGE-LORD,Spine Interbody,Lumbar fusion,2,5260.00,10520.00,0.2400,2524.80,7995.20,5470.00,2525.20,USD,Direct,AGR-ORTHO-26-331,CPO-009-2026-0117,SI-882648,PAID,2026-03-28T17:16:00+00:00
TXN-002650,SO-102649,2026-05-11,2026-05-11T14:17:00+00:00,CUS-004,Blue Ridge Joint Institute,Hospital,NC,Southeast,REP-013,MAKO-HIP-KIT,Robotic Procedure Kit,Robotic-assisted hip,2,1480.05,2960.10,0.1200,355.21,2604.89,1225.00,1379.89,USD,Direct,AGR-ORTHO-26-331,CPO-004-2026-0118,SI-882649,PAID,2026-05-12T17:17:00+00:00
TXN-002651,SO-102650,2026-06-07,2026-06-07T14:18:00+00:00,CUS-006,Pacific Motion Surgery Partners,ASC,CA,West,REP-020,TRI-KNEE-CR-04,Triathlon Knee,Total knee arthroplasty,5,4423.80,22119.00,0.1000,2211.90,19907.10,11550.00,8357.10,USD,Direct,AGR-ORTHO-26-310,CPO-006-2026-0119,SI-882650,OPEN,2026-06-07T17:18:00+00:00
TXN-002652,SO-102651,2026-05-11,2026-05-11T14:19:00+00:00,CUS-002,Hudson Valley Surgical Center,ASC,NY,Northeast,REP-009,ACC-HIP-CUP-56,Acetabular System,Total hip arthroplasty,2,2975.00,5950.00,0.1450,862.75,5087.25,2916.48,2170.77,USD,Distributor,AGR-ORTHO-26-317,CPO-002-2026-0120,SI-882651,PAID,2026-05-13T17:19:00+00:00
TXN-002653,SO-102652,2026-03-06,2026-03-06T14:20:00+00:00,CUS-005,Lone Star Orthopedic Network,IDN,TX,South Central,REP-019,REV-FEM-STEM-12,Revision Hip,Revision arthroplasty,2,6291.60,12583.20,0.1900,2390.81,10192.39,7129.80,3062.59,USD,Distributor,AGR-ORTHO-26-338,CPO-005-2026-0121,SI-882652,PAID,2026-03-06T17:20:00+00:00
TXN-002654,SO-102653,2026-03-26,2026-03-26T14:21:00+00:00,CUS-003,Great Lakes University Hospital,Academic Medical Center,OH,Midwest,REP-007,ACC-HIP-CUP-56,Acetabular System,Total hip arthroplasty,1,2975.00,2975.00,0.1700,505.75,2469.25,1488.00,981.25,USD,Direct,AGR-ORTHO-26-324,CPO-003-2026-0122,SI-882653,PAID,2026-03-26T17:21:00+00:00
TXN-002655,SO-102654,2026-04-13,2026-04-13T14:22:00+00:00,CUS-009,Northwest Specialty Distribution,Distributor,WA,West,REP-026,ACC-HIP-CUP-56,Acetabular System,Total hip arthroplasty,1,2975.00,2975.00,0.2400,714.00,2261.00,1458.24,802.76,USD,Direct,AGR-ORTHO-26-331,CPO-009-2026-0123,SI-882654,OPEN,2026-04-13T17:22:00+00:00
TXN-002656,SO-102655,2026-02-16,2026-02-16T14:23:00+00:00,CUS-010,Prairie Orthopedics Cooperative,IDN,IL,Midwest,REP-030,TRI-KNEE-PS-05,Triathlon Knee,Total knee arthroplasty,4,4825.00,19300.00,0.1900,3667.00,15633.00,10363.20,5269.80,USD,ASC Program,AGR-ORTHO-26-338,CPO-010-2026-0124,SI-882655,PARTIALLY_PAID,2026-02-16T17:23:00+00:00
TXN-002657,SO-102656,2026-01-30,2026-01-30T14:24:00+00:00,CUS-005,Lone Star Orthopedic Network,IDN,TX,South Central,REP-016,ACC-HIP-LIN-36,Acetabular System,Total hip arthroplasty,1,1156.40,1156.40,0.2000,231.28,925.12,530.00,395.12,USD,Direct,AGR-ORTHO-26-338,CPO-005-2026-0125,SI-882656,PAID,2026-02-01T17:24:00+00:00
TXN-002658,SO-102657,2026-05-01,2026-05-01T14:25:00+00:00,CUS-003,Great Lakes University Hospital,Academic Medical Center,OH,Midwest,REP-011,ACC-HIP-CUP-56,Acetabular System,Total hip arthroplasty,1,3004.75,3004.75,0.1750,525.83,2478.92,1488.00,990.92,USD,Direct,AGR-ORTHO-26-324,CPO-003-2026-0126,SI-882657,PAID,2026-05-03T17:25:00+00:00
TXN-002659,SO-102658,2026-03-24,2026-03-24T14:26:00+00:00,CUS-001,Atlantic Ortho Alliance,IDN,PA,Northeast,REP-006,SOM-PLATE-8H,Trauma Plating,Trauma fixation,2,883.75,1767.50,0.1950,344.66,1422.84,744.60,678.24,USD,Direct,AGR-ORTHO-26-310,CPO-001-2026-0127,SI-882658,PARTIALLY_PAID,2026-03-25T17:26:00+00:00
TXN-002660,SO-102659,2026-02-18,2026-02-18T14:27:00+00:00,CUS-005,Lone Star Orthopedic Network,IDN,TX,South Central,REP-019,MAKO-HIP-KIT,Robotic Procedure Kit,Robotic-assisted hip,1,1465.10,1465.10,0.1900,278.37,1186.73,625.00,561.73,USD,Direct,AGR-ORTHO-26-338,CPO-005-2026-0128,SI-882659,PAID,2026-02-20T17:27:00+00:00
TXN-002661,SO-102660,2025-11-14,2025-11-14T14:28:00+00:00,CUS-011,Desert Ridge Ambulatory Surgery,ASC,AZ,Mountain,REP-031,REV-FEM-STEM-12,Revision Hip,Revision arthroplasty,3,6420.00,19260.00,0.1100,2118.60,17141.40,10275.30,6866.10,USD,Direct,AGR-ORTHO-26-310,CPO-011-2025-0129,SI-882660,OPEN,2025-11-14T17:28:00+00:00
TXN-002662,SO-102661,2026-01-15,2026-01-15T14:29:00+00:00,CUS-005,Lone Star Orthopedic Network,IDN,TX,South Central,REP-014,TRI-KNEE-CR-04,Triathlon Knee,Total knee arthroplasty,5,4292.40,21462.00,0.2000,4292.40,17169.60,11319.00,5850.60,USD,Direct,AGR-ORTHO-26-338,CPO-005-2026-0130,SI-882661,PAID,2026-01-15T17:29:00+00:00
TXN-002663,SO-102662,2026-04-22,2026-04-22T14:30:00+00:00,CUS-012,New England Sports Medicine,Hospital,MA,Northeast,REP-036,SOM-PLATE-8H,Trauma Plating,Trauma fixation,2,883.75,1767.50,0.1550,273.96,1493.54,730.00,763.54,USD,Distributor,AGR-ORTHO-26-317,CPO-012-2026-0131,SI-882662,PAID,2026-04-22T17:30:00+00:00
TXN-002664,SO-102663,2026-02-15,2026-02-15T14:31:00+00:00,CUS-001,Atlantic Ortho Alliance,IDN,PA,Northeast,REP-004,SOM-SCREW-45,Trauma Plating,Trauma fixation,3,146.00,438.00,0.1900,83.22,354.78,126.00,228.78,USD,Distributor,AGR-ORTHO-26-310,CPO-001-2026-0132,SI-882663,PAID,2026-02-17T17:31:00+00:00
TXN-002665,SO-102664,2026-03-24,2026-03-24T14:32:00+00:00,CUS-005,Lone Star Orthopedic Network,IDN,TX,South Central,REP-017,SOM-PLATE-8H,Trauma Plating,Trauma fixation,1,866.25,866.25,0.1900,164.59,701.66,357.70,343.96,USD,Direct,AGR-ORTHO-26-338,CPO-005-2026-0133,SI-882664,PAID,2026-03-24T17:32:00+00:00
TXN-002666,SO-102665,2026-04-20,2026-04-20T14:33:00+00:00,CUS-003,Great Lakes University Hospital,Academic Medical Center,OH,Midwest,REP-012,REV-FEM-STEM-12,Revision Hip,Revision arthroplasty,2,6420.00,12840.00,0.1800,2311.20,10528.80,6990.00,3538.80,USD,ASC Program,AGR-ORTHO-26-324,CPO-003-2026-0134,SI-882665,PAID,2026-04-20T17:33:00+00:00
TXN-002667,SO-102666,2026-04-21,2026-04-21T14:34:00+00:00,CUS-003,Great Lakes University Hospital,Academic Medical Center,OH,Midwest,REP-013,ACC-HIP-CUP-56,Acetabular System,Total hip arthroplasty,5,2915.50,14577.50,0.1700,2478.18,12099.32,7588.80,4510.52,USD,Direct,AGR-ORTHO-26-324,CPO-003-2026-0135,SI-882666,PAID,2026-04-22T17:34:00+00:00
TXN-002668,SO-102667,2026-05-11,2026-05-11T14:35:00+00:00,CUS-001,Atlantic Ortho Alliance,IDN,PA,Northeast,REP-001,MAKO-HIP-KIT,Robotic Procedure Kit,Robotic-assisted hip,2,1465.10,2930.20,0.2250,659.30,2270.90,1250.00,1020.90,USD,Direct,AGR-ORTHO-26-310,CPO-001-2026-0136,SI-882667,OPEN,2026-05-11T17:35:00+00:00
TXN-002669,SO-102668,2026-05-09,2026-05-09T14:36:00+00:00,CUS-004,Blue Ridge Joint Institute,Hospital,NC,Southeast,REP-011,SOM-SCREW-45,Trauma Plating,Trauma fixation,5,147.46,737.30,0.1200,88.48,648.82,214.20,434.62,USD,Distributor,AGR-ORTHO-26-331,CPO-004-2026-0137,SI-882668,OPEN,2026-05-09T17:36:00+00:00
TXN-002670,SO-102669,2026-02-06,2026-02-06T14:37:00+00:00,CUS-005,Lone Star Orthopedic Network,IDN,TX,South Central,REP-015,MAKO-HIP-KIT,Robotic Procedure Kit,Robotic-assisted hip,2,1495.00,2990.00,0.1800,538.20,2451.80,1225.00,1226.80,USD,Direct,AGR-ORTHO-26-338,CPO-005-2026-0138,SI-882669,PAID,2026-02-08T17:37:00+00:00
TXN-002671,SO-102670,2025-12-23,2025-12-23T14:38:00+00:00,CUS-006,Pacific Motion Surgery Partners,ASC,CA,West,REP-019,ACC-HIP-CUP-56,Acetabular System,Total hip arthroplasty,2,3004.75,6009.50,0.1100,661.05,5348.45,2976.00,2372.45,USD,Direct,AGR-ORTHO-26-310,CPO-006-2025-0139,SI-882670,PAID,2025-12-23T17:38:00+00:00
TXN-002672,SO-102671,2026-01-26,2026-01-26T14:39:00+00:00,CUS-012,New England Sports Medicine,Hospital,MA,Northeast,REP-038,TRI-KNEE-CR-04,Triathlon Knee,Total knee arthroplasty,5,4423.80,22119.00,0.1200,2654.28,19464.72,11550.00,7914.72,USD,Direct,AGR-ORTHO-26-317,CPO-012-2026-0140,SI-882671,OPEN,2026-01-26T17:39:00+00:00
TXN-002673,SO-102672,2026-01-19,2026-01-19T14:40:00+00:00,CUS-008,Gulf Coast Trauma Hospital,Hospital,FL,Southeast,REP-027,TRI-KNEE-CR-04,Triathlon Knee,Total knee arthroplasty,5,4336.20,21681.00,0.1300,2818.53,18862.47,11550.00,7312.47,USD,Direct,AGR-ORTHO-26-324,CPO-008-2026-0141,SI-882672,PAID,2026-01-21T17:40:00+00:00
TXN-002674,SO-102673,2025-12-31,2025-12-31T14:41:00+00:00,CUS-005,Lone Star Orthopedic Network,IDN,TX,South Central,REP-019,TRI-KNEE-PS-05,Triathlon Knee,Total knee arthroplasty,2,4728.50,9457.00,0.1900,1796.83,7660.17,5181.60,2478.57,USD,Direct,AGR-ORTHO-26-338,CPO-005-2025-0142,SI-882673,OPEN,2025-12-31T17:41:00+00:00
TXN-002675,SO-102674,2025-12-09,2025-12-09T14:42:00+00:00,CUS-005,Lone Star Orthopedic Network,IDN,TX,South Central,REP-013,MAKO-KNEE-KIT,Robotic Procedure Kit,Robotic-assisted knee,1,1656.40,1656.40,0.2000,331.28,1325.12,676.20,648.92,USD,Distributor,AGR-ORTHO-26-338,CPO-005-2025-0143,SI-882674,PAID,2025-12-09T17:42:00+00:00
TXN-002676,SO-102675,2026-04-02,2026-04-02T14:43:00+00:00,CUS-005,Lone Star Orthopedic Network,IDN,TX,South Central,REP-014,MAKO-KNEE-KIT,Robotic Procedure Kit,Robotic-assisted knee,2,1656.40,3312.80,0.1900,629.43,2683.37,1380.00,1303.37,USD,ASC Program,AGR-ORTHO-26-338,CPO-005-2026-0144,SI-882675,PAID,2026-04-03T17:43:00+00:00
TXN-002677,SO-102676,2026-04-22,2026-04-22T14:44:00+00:00,CUS-006,Pacific Motion Surgery Partners,ASC,CA,West,REP-018,TRI-KNEE-PS-05,Triathlon Knee,Total knee arthroplasty,3,4873.25,14619.75,0.1000,1461.98,13157.77,7467.60,5690.17,USD,ASC Program,AGR-ORTHO-26-310,CPO-006-2026-0145,SI-882676,OPEN,2026-04-23T17:44:00+00:00
TXN-002678,SO-102677,2025-12-06,2025-12-06T14:45:00+00:00,CUS-005,Lone Star Orthopedic Network,IDN,TX,South Central,REP-016,TRI-KNEE-CR-04,Triathlon Knee,Total knee arthroplasty,2,4292.40,8584.80,0.1800,1545.26,7039.54,4712.40,2327.14,USD,Direct,AGR-ORTHO-26-338,CPO-005-2025-0146,SI-882677,PAID,2025-12-06T17:45:00+00:00
TXN-002679,SO-102678,2025-12-08,2025-12-08T14:46:00+00:00,CUS-004,Blue Ridge Joint Institute,Hospital,NC,Southeast,REP-014,ACC-HIP-CUP-56,Acetabular System,Total hip arthroplasty,1,2975.00,2975.00,0.1300,386.75,2588.25,1488.00,1100.25,USD,Direct,AGR-ORTHO-26-331,CPO-004-2025-0147,SI-882678,PAID,2025-12-09T17:46:00+00:00
TXN-002680,SO-102679,2026-04-27,2026-04-27T14:00:00+00:00,CUS-009,Northwest Specialty Distribution,Distributor,WA,West,REP-030,MAKO-KNEE-KIT,Robotic Procedure Kit,Robotic-assisted knee,4,1640.00,6560.00,0.2300,1508.80,5051.20,2760.00,2291.20,USD,Distributor,AGR-ORTHO-26-331,CPO-009-2026-0148,SI-882679,PAID,2026-04-29T17:00:00+00:00
TXN-002681,SO-102680,2026-05-12,2026-05-12T14:01:00+00:00,CUS-007,Front Range Medical Center,Hospital,CO,Mountain,REP-025,TRI-KNEE-PS-05,Triathlon Knee,Total knee arthroplasty,1,4825.00,4825.00,0.1300,627.25,4197.75,2590.80,1606.95,USD,Direct,AGR-ORTHO-26-317,CPO-007-2026-0149,SI-882680,PAID,2026-05-13T17:01:00+00:00
TXN-002682,SO-102681,2026-05-25,2026-05-25T14:02:00+00:00,CUS-004,Blue Ridge Joint Institute,Hospital,NC,Southeast,REP-010,MAKO-KNEE-KIT,Robotic Procedure Kit,Robotic-assisted knee,2,1640.00,3280.00,0.1400,459.20,2820.80,1380.00,1440.80,USD,Direct,AGR-ORTHO-26-331,CPO-004-2026-0150,SI-882681,PAID,2026-05-25T17:02:00+00:00
TXN-002683,SO-102682,2026-02-16,2026-02-16T14:03:00+00:00,CUS-002,Hudson Valley Surgical Center,ASC,NY,Northeast,REP-005,MAKO-KNEE-KIT,Robotic Procedure Kit,Robotic-assisted knee,4,1607.20,6428.80,0.1150,739.31,5689.49,2760.00,2929.49,USD,ASC Program,AGR-ORTHO-26-317,CPO-002-2026-0151,SI-882682,PAID,2026-02-16T17:03:00+00:00
TXN-002684,SO-102683,2026-02-14,2026-02-14T14:04:00+00:00,CUS-006,Pacific Motion Surgery Partners,ASC,CA,West,REP-018,MAKO-KNEE-KIT,Robotic Procedure Kit,Robotic-assisted knee,4,1640.00,6560.00,0.1100,721.60,5838.40,2760.00,3078.40,USD,Direct,AGR-ORTHO-26-310,CPO-006-2026-0152,SI-882683,OPEN,2026-02-14T17:04:00+00:00
TXN-002685,SO-102684,2026-04-29,2026-04-29T14:05:00+00:00,CUS-007,Front Range Medical Center,Hospital,CO,Mountain,REP-022,SOM-SCREW-45,Trauma Plating,Trauma fixation,5,146.00,730.00,0.1350,98.55,631.45,210.00,421.45,USD,Direct,AGR-ORTHO-26-317,CPO-007-2026-0153,SI-882684,PAID,2026-05-01T17:05:00+00:00
TXN-002686,SO-102685,2026-05-19,2026-05-19T14:06:00+00:00,CUS-010,Prairie Orthopedics Cooperative,IDN,IL,Midwest,REP-032,MAKO-HIP-KIT,Robotic Procedure Kit,Robotic-assisted hip,1,1495.00,1495.00,0.1950,291.53,1203.47,612.50,590.97,USD,ASC Program,AGR-ORTHO-26-338,CPO-010-2026-0154,SI-882685,PAID,2026-05-20T17:06:00+00:00
TXN-002687,SO-102686,2026-05-02,2026-05-02T14:07:00+00:00,CUS-005,Lone Star Orthopedic Network,IDN,TX,South Central,REP-018,SPN-CAGE-LORD,Spine Interbody,Lumbar fusion,1,5207.40,5207.40,0.1950,1015.44,4191.96,2680.30,1511.66,USD,Direct,AGR-ORTHO-26-338,CPO-005-2026-0155,SI-882686,PAID,2026-05-03T17:07:00+00:00
TXN-002688,SO-102687,2025-10-05,2025-10-05T14:08:00+00:00,CUS-003,Great Lakes University Hospital,Academic Medical Center,OH,Midwest,REP-013,REV-FEM-STEM-12,Revision Hip,Revision arthroplasty,1,6291.60,6291.60,0.1700,1069.57,5222.03,3495.00,1727.03,USD,Direct,AGR-ORTHO-26-324,CPO-003-2025-0156,SI-882687,PARTIALLY_PAID,2025-10-07T17:08:00+00:00
TXN-002689,SO-102688,2026-04-08,2026-04-08T14:09:00+00:00,CUS-006,Pacific Motion Surgery Partners,ASC,CA,West,REP-016,TRI-KNEE-PS-05,Triathlon Knee,Total knee arthroplasty,4,4825.00,19300.00,0.1200,2316.00,16984.00,10160.00,6824.00,USD,Distributor,AGR-ORTHO-26-310,CPO-006-2026-0157,SI-882688,PAID,2026-04-08T17:09:00+00:00
TXN-002690,SO-102689,2026-06-01,2026-06-01T14:10:00+00:00,CUS-006,Pacific Motion Surgery Partners,ASC,CA,West,REP-017,ACC-HIP-CUP-56,Acetabular System,Total hip arthroplasty,5,2945.25,14726.25,0.1000,1472.63,13253.62,7440.00,5813.62,USD,Direct,AGR-ORTHO-26-310,CPO-006-2026-0158,SI-882689,OPEN,2026-06-01T17:10:00+00:00
TXN-002691,SO-102690,2026-01-14,2026-01-14T14:11:00+00:00,CUS-004,Blue Ridge Joint Institute,Hospital,NC,Southeast,REP-012,TRI-KNEE-CR-04,Triathlon Knee,Total knee arthroplasty,1,4423.80,4423.80,0.1400,619.33,3804.47,2310.00,1494.47,USD,Distributor,AGR-ORTHO-26-331,CPO-004-2026-0159,SI-882690,PAID,2026-01-14T17:11:00+00:00
TXN-002692,SO-102691,2026-05-28,2026-05-28T14:12:00+00:00,CUS-001,Atlantic Ortho Alliance,IDN,PA,Northeast,REP-004,TRI-KNEE-CR-04,Triathlon Knee,Total knee arthroplasty,1,4292.40,4292.40,0.1900,815.56,3476.84,2310.00,1166.84,USD,Direct,AGR-ORTHO-26-310,CPO-001-2026-0160,SI-882691,PAID,2026-05-30T17:12:00+00:00
TXN-002693,SO-102692,2026-06-15,2026-06-15T14:13:00+00:00,CUS-008,Gulf Coast Trauma Hospital,Hospital,FL,Southeast,REP-026,TRI-KNEE-CR-04,Triathlon Knee,Total knee arthroplasty,2,4336.20,8672.40,0.1350,1170.77,7501.63,4527.60,2974.03,USD,Direct,AGR-ORTHO-26-324,CPO-008-2026-0161,SI-882692,OPEN,2026-06-16T17:13:00+00:00
TXN-002694,SO-102693,2026-04-07,2026-04-07T14:14:00+00:00,CUS-007,Front Range Medical Center,Hospital,CO,Mountain,REP-024,SOM-SCREW-45,Trauma Plating,Trauma fixation,1,146.00,146.00,0.1350,19.71,126.29,42.00,84.29,USD,Direct,AGR-ORTHO-26-317,CPO-007-2026-0162,SI-882693,OPEN,2026-04-08T17:14:00+00:00
TXN-002695,SO-102694,2026-03-26,2026-03-26T14:15:00+00:00,CUS-003,Great Lakes University Hospital,Academic Medical Center,OH,Midwest,REP-013,ACC-HIP-CUP-56,Acetabular System,Total hip arthroplasty,5,2945.25,14726.25,0.1800,2650.73,12075.52,7588.80,4486.72,USD,Direct,AGR-ORTHO-26-324,CPO-003-2026-0163,SI-882694,PAID,2026-03-26T17:15:00+00:00
TXN-002696,SO-102695,2026-04-30,2026-04-30T14:16:00+00:00,CUS-004,Blue Ridge Joint Institute,Hospital,NC,Southeast,REP-010,MAKO-HIP-KIT,Robotic Procedure Kit,Robotic-assisted hip,2,1465.10,2930.20,0.1350,395.58,2534.62,1250.00,1284.62,USD,Direct,AGR-ORTHO-26-331,CPO-004-2026-0164,SI-882695,OPEN,2026-04-30T17:16:00+00:00
TXN-002697,SO-102696,2026-05-06,2026-05-06T14:17:00+00:00,CUS-012,New England Sports Medicine,Hospital,MA,Northeast,REP-035,TRI-KNEE-CR-04,Triathlon Knee,Total knee arthroplasty,1,4336.20,4336.20,0.1650,715.47,3620.73,2356.20,1264.53,USD,Direct,AGR-ORTHO-26-317,CPO-012-2026-0165,SI-882696,PARTIALLY_PAID,2026-05-08T17:17:00+00:00
TXN-002698,SO-102697,2026-03-25,2026-03-25T14:18:00+00:00,CUS-011,Desert Ridge Ambulatory Surgery,ASC,AZ,Mountain,REP-033,ACC-HIP-CUP-56,Acetabular System,Total hip arthroplasty,4,2945.25,11781.00,0.1100,1295.91,10485.09,5952.00,4533.09,USD,ASC Program,AGR-ORTHO-26-310,CPO-011-2026-0166,SI-882697,PAID,2026-03-25T17:18:00+00:00
TXN-002699,SO-102698,2026-05-20,2026-05-20T14:19:00+00:00,CUS-003,Great Lakes University Hospital,Academic Medical Center,OH,Midwest,REP-010,MAKO-KNEE-KIT,Robotic Procedure Kit,Robotic-assisted knee,1,1656.40,1656.40,0.1800,298.15,1358.25,690.00,668.25,USD,Direct,AGR-ORTHO-26-324,CPO-003-2026-0167,SI-882698,OPEN,2026-05-21T17:19:00+00:00
TXN-002700,SO-102699,2026-03-18,2026-03-18T14:20:00+00:00,CUS-003,Great Lakes University Hospital,Academic Medical Center,OH,Midwest,REP-011,REV-FEM-STEM-12,Revision Hip,Revision arthroplasty,2,6420.00,12840.00,0.1750,2247.00,10593.00,6990.00,3603.00,USD,Direct,AGR-ORTHO-26-324,CPO-003-2026-0168,SI-882699,PAID,2026-03-20T17:20:00+00:00
TXN-002701,SO-102700,2026-01-18,2026-01-18T14:21:00+00:00,CUS-010,Prairie Orthopedics Cooperative,IDN,IL,Midwest,REP-033,MAKO-KNEE-KIT,Robotic Procedure Kit,Robotic-assisted knee,1,1623.60,1623.60,0.2000,324.72,1298.88,690.00,608.88,USD,Direct,AGR-ORTHO-26-338,CPO-010-2026-0169,SI-882700,PAID,2026-01-20T17:21:00+00:00
TXN-002702,SO-102701,2026-02-19,2026-02-19T14:22:00+00:00,CUS-005,Lone Star Orthopedic Network,IDN,TX,South Central,REP-019,TRI-KNEE-CR-04,Triathlon Knee,Total knee arthroplasty,2,4292.40,8584.80,0.1900,1631.11,6953.69,4527.60,2426.09,USD,Direct,AGR-ORTHO-26-338,CPO-005-2026-0170,SI-882701,OPEN,2026-02-19T17:22:00+00:00
TXN-002703,SO-102702,2026-04-16,2026-04-16T14:23:00+00:00,CUS-001,Atlantic Ortho Alliance,IDN,PA,Northeast,REP-001,SPN-CAGE-LORD,Spine Interbody,Lumbar fusion,3,5365.20,16095.60,0.2250,3621.51,12474.09,8205.00,4269.09,USD,Distributor,AGR-ORTHO-26-310,CPO-001-2026-0171,SI-882702,PAID,2026-04-16T17:23:00+00:00
TXN-002704,SO-102703,2026-03-13,2026-03-13T14:24:00+00:00,CUS-003,Great Lakes University Hospital,Academic Medical Center,OH,Midwest,REP-008,SOM-SCREW-45,Trauma Plating,Trauma fixation,4,144.54,578.16,0.1700,98.29,479.87,164.64,315.23,USD,Direct,AGR-ORTHO-26-324,CPO-003-2026-0172,SI-882703,PAID,2026-03-14T17:24:00+00:00
TXN-002705,SO-102704,2026-02-19,2026-02-19T14:25:00+00:00,CUS-009,Northwest Specialty Distribution,Distributor,WA,West,REP-027,ACC-HIP-LIN-36,Acetabular System,Total hip arthroplasty,2,1156.40,2312.80,0.2400,555.07,1757.73,1060.00,697.73,USD,Direct,AGR-ORTHO-26-331,CPO-009-2026-0173,SI-882704,PARTIALLY_PAID,2026-02-19T17:25:00+00:00
TXN-002706,SO-102705,2025-11-05,2025-11-05T14:26:00+00:00,CUS-003,Great Lakes University Hospital,Academic Medical Center,OH,Midwest,REP-010,ACC-HIP-CUP-56,Acetabular System,Total hip arthroplasty,2,2975.00,5950.00,0.1700,1011.50,4938.50,2976.00,1962.50,USD,ASC Program,AGR-ORTHO-26-324,CPO-003-2025-0174,SI-882705,OPEN,2025-11-05T17:26:00+00:00
TXN-002707,SO-102706,2026-03-19,2026-03-19T14:27:00+00:00,CUS-006,Pacific Motion Surgery Partners,ASC,CA,West,REP-020,TRI-KNEE-CR-04,Triathlon Knee,Total knee arthroplasty,1,4336.20,4336.20,0.1000,433.62,3902.58,2310.00,1592.58,USD,Distributor,AGR-ORTHO-26-310,CPO-006-2026-0175,SI-882706,PAID,2026-03-19T17:27:00+00:00
TXN-002708,SO-102707,2026-02-23,2026-02-23T14:28:00+00:00,CUS-001,Atlantic Ortho Alliance,IDN,PA,Northeast,REP-006,SOM-PLATE-8H,Trauma Plating,Trauma fixation,2,875.00,1750.00,0.1950,341.25,1408.75,744.60,664.15,USD,Direct,AGR-ORTHO-26-310,CPO-001-2026-0176,SI-882707,PAID,2026-02-23T17:28:00+00:00
TXN-002709,SO-102708,2026-06-13,2026-06-13T14:29:00+00:00,CUS-005,Lone Star Orthopedic Network,IDN,TX,South Central,REP-019,MAKO-KNEE-KIT,Robotic Procedure Kit,Robotic-assisted knee,2,1656.40,3312.80,0.2000,662.56,2650.24,1380.00,1270.24,USD,Direct,AGR-ORTHO-26-338,CPO-005-2026-0177,SI-882708,OPEN,2026-06-15T17:29:00+00:00
TXN-002710,SO-102709,2026-01-30,2026-01-30T14:30:00+00:00,CUS-010,Prairie Orthopedics Cooperative,IDN,IL,Midwest,REP-028,TRI-KNEE-CR-04,Triathlon Knee,Total knee arthroplasty,4,4336.20,17344.80,0.1800,3122.06,14222.74,9240.00,4982.74,USD,Direct,AGR-ORTHO-26-338,CPO-010-2026-0178,SI-882709,OPEN,2026-02-01T17:30:00+00:00
TXN-002711,SO-102710,2025-12-29,2025-12-29T14:31:00+00:00,CUS-008,Gulf Coast Trauma Hospital,Hospital,FL,Southeast,REP-023,ACC-HIP-CUP-56,Acetabular System,Total hip arthroplasty,1,3034.50,3034.50,0.1350,409.66,2624.84,1458.24,1166.60,USD,Direct,AGR-ORTHO-26-324,CPO-008-2025-0179,SI-882710,PAID,2025-12-29T17:31:00+00:00
TXN-002712,SO-102711,2026-01-30,2026-01-30T14:32:00+00:00,CUS-006,Pacific Motion Surgery Partners,ASC,CA,West,REP-018,ACC-HIP-LIN-36,Acetabular System,Total hip arthroplasty,3,1180.00,3540.00,0.1100,389.40,3150.60,1590.00,1560.60,USD,Direct,AGR-ORTHO-26-310,CPO-006-2026-0180,SI-882711,OPEN,2026-02-01T17:32:00+00:00
TXN-002713,SO-102712,2026-04-03,2026-04-03T14:33:00+00:00,CUS-008,Gulf Coast Trauma Hospital,Hospital,FL,Southeast,REP-025,MAKO-KNEE-KIT,Robotic Procedure Kit,Robotic-assisted knee,2,1672.80,3345.60,0.1350,451.66,2893.94,1380.00,1513.94,USD,Direct,AGR-ORTHO-26-324,CPO-008-2026-0181,SI-882712,PARTIALLY_PAID,2026-04-03T17:33:00+00:00
TXN-002714,SO-102713,2026-02-22,2026-02-22T14:34:00+00:00,CUS-007,Front Range Medical Center,Hospital,CO,Mountain,REP-023,SOM-PLATE-8H,Trauma Plating,Trauma fixation,1,875.00,875.00,0.1400,122.50,752.50,357.70,394.80,USD,ASC Program,AGR-ORTHO-26-317,CPO-007-2026-0182,SI-882713,DISPUTED,2026-02-22T17:34:00+00:00
TXN-002715,SO-102714,2026-04-02,2026-04-02T14:35:00+00:00,CUS-011,Desert Ridge Ambulatory Surgery,ASC,AZ,Mountain,REP-036,SOM-SCREW-45,Trauma Plating,Trauma fixation,1,146.00,146.00,0.1100,16.06,129.94,42.84,87.10,USD,ASC Program,AGR-ORTHO-26-310,CPO-011-2026-0183,SI-882714,PAID,2026-04-02T17:35:00+00:00
TXN-002716,SO-102715,2026-02-26,2026-02-26T14:36:00+00:00,CUS-002,Hudson Valley Surgical Center,ASC,NY,Northeast,REP-010,TRI-KNEE-CR-04,Triathlon Knee,Total knee arthroplasty,2,4380.00,8760.00,0.1100,963.60,7796.40,4712.40,3084.00,USD,Distributor,AGR-ORTHO-26-317,CPO-002-2026-0184,SI-882715,PAID,2026-02-27T17:36:00+00:00
TXN-002717,SO-102716,2026-05-29,2026-05-29T14:37:00+00:00,CUS-004,Blue Ridge Joint Institute,Hospital,NC,Southeast,REP-010,TRI-KNEE-CR-04,Triathlon Knee,Total knee arthroplasty,1,4423.80,4423.80,0.1200,530.86,3892.94,2356.20,1536.74,USD,Direct,AGR-ORTHO-26-331,CPO-004-2026-0185,SI-882716,PAID,2026-05-29T17:37:00+00:00
TXN-002718,SO-102717,2026-01-06,2026-01-06T14:38:00+00:00,CUS-003,Great Lakes University Hospital,Academic Medical Center,OH,Midwest,REP-008,MAKO-KNEE-KIT,Robotic Procedure Kit,Robotic-assisted knee,2,1672.80,3345.60,0.1800,602.21,2743.39,1352.40,1390.99,USD,Direct,AGR-ORTHO-26-324,CPO-003-2026-0186,SI-882717,PAID,2026-01-06T17:38:00+00:00
TXN-002719,SO-102718,2025-12-14,2025-12-14T14:39:00+00:00,CUS-006,Pacific Motion Surgery Partners,ASC,CA,West,REP-018,MAKO-KNEE-KIT,Robotic Procedure Kit,Robotic-assisted knee,1,1656.40,1656.40,0.1150,190.49,1465.91,690.00,775.91,USD,Direct,AGR-ORTHO-26-310,CPO-006-2025-0187,SI-882718,PAID,2025-12-14T17:39:00+00:00
TXN-002720,SO-102719,2025-10-20,2025-10-20T14:40:00+00:00,CUS-003,Great Lakes University Hospital,Academic Medical Center,OH,Midwest,REP-010,TRI-KNEE-PS-05,Triathlon Knee,Total knee arthroplasty,4,4825.00,19300.00,0.1800,3474.00,15826.00,10160.00,5666.00,USD,Distributor,AGR-ORTHO-26-324,CPO-003-2025-0188,SI-882719,PAID,2025-10-20T17:40:00+00:00
TXN-002721,SO-102720,2026-05-19,2026-05-19T14:41:00+00:00,CUS-004,Blue Ridge Joint Institute,Hospital,NC,Southeast,REP-014,ACC-HIP-LIN-36,Acetabular System,Total hip arthroplasty,1,1180.00,1180.00,0.1200,141.60,1038.40,519.40,519.00,USD,Direct,AGR-ORTHO-26-331,CPO-004-2026-0189,SI-882720,OPEN,2026-05-20T17:41:00+00:00
TXN-002722,SO-102721,2026-02-01,2026-02-01T14:42:00+00:00,CUS-008,Gulf Coast Trauma Hospital,Hospital,FL,Southeast,REP-027,ACC-HIP-CUP-56,Acetabular System,Total hip arthroplasty,2,3034.50,6069.00,0.1400,849.66,5219.34,2976.00,2243.34,USD,ASC Program,AGR-ORTHO-26-324,CPO-008-2026-0190,SI-882721,PAID,2026-02-01T17:42:00+00:00
TXN-002723,SO-102722,2026-02-23,2026-02-23T14:43:00+00:00,CUS-002,Hudson Valley Surgical Center,ASC,NY,Northeast,REP-010,SOM-PLATE-8H,Trauma Plating,Trauma fixation,1,857.50,857.50,0.1150,98.61,758.89,365.00,393.89,USD,Direct,AGR-ORTHO-26-317,CPO-002-2026-0191,SI-882722,PAID,2026-02-25T17:43:00+00:00
TXN-002724,SO-102723,2026-04-18,2026-04-18T14:44:00+00:00,CUS-003,Great Lakes University Hospital,Academic Medical Center,OH,Midwest,REP-007,TRI-KNEE-PS-05,Triathlon Knee,Total knee arthroplasty,2,4825.00,9650.00,0.1700,1640.50,8009.50,4978.40,3031.10,USD,Direct,AGR-ORTHO-26-324,CPO-003-2026-0192,SI-882723,PAID,2026-04-20T17:44:00+00:00
TXN-002725,SO-102724,2026-04-24,2026-04-24T14:45:00+00:00,CUS-003,Great Lakes University Hospital,Academic Medical Center,OH,Midwest,REP-008,TRI-KNEE-CR-04,Triathlon Knee,Total knee arthroplasty,1,4423.80,4423.80,0.1750,774.17,3649.63,2263.80,1385.83,USD,Direct,AGR-ORTHO-26-324,CPO-003-2026-0193,SI-882724,PAID,2026-04-25T17:45:00+00:00
TXN-002726,SO-102725,2026-02-23,2026-02-23T14:46:00+00:00,CUS-003,Great Lakes University Hospital,Academic Medical Center,OH,Midwest,REP-009,ACC-HIP-CUP-56,Acetabular System,Total hip arthroplasty,3,2945.25,8835.75,0.1800,1590.44,7245.31,4464.00,2781.31,USD,Direct,AGR-ORTHO-26-324,CPO-003-2026-0194,SI-882725,PAID,2026-02-25T17:46:00+00:00
TXN-002727,SO-102726,2026-04-25,2026-04-25T14:00:00+00:00,CUS-005,Lone Star Orthopedic Network,IDN,TX,South Central,REP-016,MAKO-KNEE-KIT,Robotic Procedure Kit,Robotic-assisted knee,4,1656.40,6625.60,0.1800,1192.61,5432.99,2815.20,2617.79,USD,Direct,AGR-ORTHO-26-338,CPO-005-2026-0195,SI-882726,OPEN,2026-04-26T17:00:00+00:00
TXN-002728,SO-102727,2026-05-08,2026-05-08T14:01:00+00:00,CUS-003,Great Lakes University Hospital,Academic Medical Center,OH,Midwest,REP-011,TRI-KNEE-CR-04,Triathlon Knee,Total knee arthroplasty,1,4467.60,4467.60,0.1600,714.82,3752.78,2263.80,1488.98,USD,Direct,AGR-ORTHO-26-324,CPO-003-2026-0196,SI-882727,OPEN,2026-05-08T17:01:00+00:00
TXN-002729,SO-102728,2026-03-17,2026-03-17T14:02:00+00:00,CUS-012,New England Sports Medicine,Hospital,MA,Northeast,REP-039,MAKO-HIP-KIT,Robotic Procedure Kit,Robotic-assisted hip,3,1524.90,4574.70,0.1200,548.96,4025.74,1875.00,2150.74,USD,Direct,AGR-ORTHO-26-317,CPO-012-2026-0197,SI-882728,PAID,2026-03-18T17:02:00+00:00
TXN-002730,SO-102729,2026-05-04,2026-05-04T14:03:00+00:00,CUS-001,Atlantic Ortho Alliance,IDN,PA,Northeast,REP-007,TRI-KNEE-CR-04,Triathlon Knee,Total knee arthroplasty,1,4380.00,4380.00,0.2300,1007.40,3372.60,2356.20,1016.40,USD,Direct,AGR-ORTHO-26-310,CPO-001-2026-0198,SI-882729,PAID,2026-05-04T17:03:00+00:00
TXN-002731,SO-102730,2026-01-11,2026-01-11T14:04:00+00:00,CUS-002,Hudson Valley Surgical Center,ASC,NY,Northeast,REP-004,ACC-HIP-CUP-56,Acetabular System,Total hip arthroplasty,2,3034.50,6069.00,0.1100,667.59,5401.41,2976.00,2425.41,USD,Distributor,AGR-ORTHO-26-317,CPO-002-2026-0199,SI-882730,PAID,2026-01-11T17:04:00+00:00
TXN-002732,SO-102731,2026-03-15,2026-03-15T14:05:00+00:00,CUS-006,Pacific Motion Surgery Partners,ASC,CA,West,REP-017,SOM-PLATE-8H,Trauma Plating,Trauma fixation,2,883.75,1767.50,0.1000,176.75,1590.75,730.00,860.75,USD,ASC Program,AGR-ORTHO-26-310,CPO-006-2026-0200,SI-882731,OPEN,2026-03-16T17:05:00+00:00
TXN-002733,SO-102732,2026-01-10,2026-01-10T14:06:00+00:00,CUS-001,Atlantic Ortho Alliance,IDN,PA,Northeast,REP-003,SOM-PLATE-8H,Trauma Plating,Trauma fixation,1,875.00,875.00,0.1900,166.25,708.75,365.00,343.75,USD,ASC Program,AGR-ORTHO-26-310,CPO-001-2026-0201,SI-882732,PAID,2026-01-10T17:06:00+00:00
TXN-002734,SO-102733,2026-03-30,2026-03-30T14:07:00+00:00,CUS-001,Atlantic Ortho Alliance,IDN,PA,Northeast,REP-004,TRI-KNEE-PS-05,Triathlon Knee,Total knee arthroplasty,3,4921.50,14764.50,0.1900,2805.26,11959.24,7620.00,4339.24,USD,Direct,AGR-ORTHO-26-310,CPO-001-2026-0202,SI-882733,PAID,2026-03-30T17:07:00+00:00
TXN-002735,SO-102734,2026-04-23,2026-04-23T14:08:00+00:00,CUS-007,Front Range Medical Center,Hospital,CO,Mountain,REP-023,ACC-HIP-CUP-56,Acetabular System,Total hip arthroplasty,3,2975.00,8925.00,0.1300,1160.25,7764.75,4464.00,3300.75,USD,Direct,AGR-ORTHO-26-317,CPO-007-2026-0203,SI-882734,PAID,2026-04-23T17:08:00+00:00
TXN-002736,SO-102735,2026-01-22,2026-01-22T14:09:00+00:00,CUS-004,Blue Ridge Joint Institute,Hospital,NC,Southeast,REP-015,ACC-HIP-LIN-36,Acetabular System,Total hip arthroplasty,1,1156.40,1156.40,0.1400,161.90,994.50,530.00,464.50,USD,Distributor,AGR-ORTHO-26-331,CPO-004-2026-0204,SI-882735,PAID,2026-01-22T17:09:00+00:00
TXN-002737,SO-102736,2025-12-18,2025-12-18T14:10:00+00:00,CUS-005,Lone Star Orthopedic Network,IDN,TX,South Central,REP-019,SOM-PLATE-8H,Trauma Plating,Trauma fixation,2,875.00,1750.00,0.2000,350.00,1400.00,730.00,670.00,USD,Direct,AGR-ORTHO-26-338,CPO-005-2025-0205,SI-882736,PAID,2025-12-18T17:10:00+00:00
TXN-002738,SO-102737,2026-01-21,2026-01-21T14:11:00+00:00,CUS-001,Atlantic Ortho Alliance,IDN,PA,Northeast,REP-001,TRI-KNEE-CR-04,Triathlon Knee,Total knee arthroplasty,3,4467.60,13402.80,0.2000,2680.56,10722.24,6930.00,3792.24,USD,Direct,AGR-ORTHO-26-310,CPO-001-2026-0206,SI-882737,PAID,2026-01-21T17:11:00+00:00
TXN-002739,SO-102738,2026-05-11,2026-05-11T14:12:00+00:00,CUS-007,Front Range Medical Center,Hospital,CO,Mountain,REP-020,TRI-KNEE-CR-04,Triathlon Knee,Total knee arthroplasty,2,4292.40,8584.80,0.1400,1201.87,7382.93,4620.00,2762.93,USD,Distributor,AGR-ORTHO-26-317,CPO-007-2026-0207,SI-882738,OPEN,2026-05-11T17:12:00+00:00
TXN-002740,SO-102739,2026-03-25,2026-03-25T14:13:00+00:00,CUS-004,Blue Ridge Joint Institute,Hospital,NC,Southeast,REP-012,MAKO-HIP-KIT,Robotic Procedure Kit,Robotic-assisted hip,3,1509.95,4529.85,0.1350,611.53,3918.32,1837.50,2080.82,USD,ASC Program,AGR-ORTHO-26-331,CPO-004-2026-0208,SI-882739,PAID,2026-03-25T17:13:00+00:00
TXN-002741,SO-102740,2025-11-07,2025-11-07T14:14:00+00:00,CUS-003,Great Lakes University Hospital,Academic Medical Center,OH,Midwest,REP-010,MAKO-KNEE-KIT,Robotic Procedure Kit,Robotic-assisted knee,3,1640.00,4920.00,0.1800,885.60,4034.40,2070.00,1964.40,USD,Direct,AGR-ORTHO-26-324,CPO-003-2025-0209,SI-882740,PAID,2025-11-07T17:14:00+00:00
TXN-002742,SO-102741,2026-04-29,2026-04-29T14:15:00+00:00,CUS-005,Lone Star Orthopedic Network,IDN,TX,South Central,REP-017,TRI-KNEE-CR-04,Triathlon Knee,Total knee arthroplasty,1,4423.80,4423.80,0.1800,796.28,3627.52,2356.20,1271.32,USD,Direct,AGR-ORTHO-26-338,CPO-005-2026-0210,SI-882741,OPEN,2026-04-30T17:15:00+00:00
TXN-002743,SO-102742,2026-02-19,2026-02-19T14:16:00+00:00,CUS-010,Prairie Orthopedics Cooperative,IDN,IL,Midwest,REP-033,TRI-KNEE-CR-04,Triathlon Knee,Total knee arthroplasty,2,4467.60,8935.20,0.1900,1697.69,7237.51,4527.60,2709.91,USD,Direct,AGR-ORTHO-26-338,CPO-010-2026-0211,SI-882742,PAID,2026-02-20T17:16:00+00:00
TXN-002744,SO-102743,2026-04-18,2026-04-18T14:17:00+00:00,CUS-001,Atlantic Ortho Alliance,IDN,PA,Northeast,REP-007,TRI-KNEE-PS-05,Triathlon Knee,Total knee arthroplasty,3,4921.50,14764.50,0.2350,3469.66,11294.84,7772.40,3522.44,USD,Direct,AGR-ORTHO-26-310,CPO-001-2026-0001,SI-882743,PAID,2026-04-18T17:17:00+00:00
TXN-002745,SO-102744,2026-02-01,2026-02-01T14:18:00+00:00,CUS-009,Northwest Specialty Distribution,Distributor,WA,West,REP-025,MAKO-KNEE-KIT,Robotic Procedure Kit,Robotic-assisted knee,2,1640.00,3280.00,0.2300,754.40,2525.60,1380.00,1145.60,USD,Direct,AGR-ORTHO-26-331,CPO-009-2026-0002,SI-882744,PAID,2026-02-01T17:18:00+00:00
TXN-002746,SO-102745,2026-05-01,2026-05-01T14:19:00+00:00,CUS-005,Lone Star Orthopedic Network,IDN,TX,South Central,REP-014,TRI-KNEE-CR-04,Triathlon Knee,Total knee arthroplasty,4,4292.40,17169.60,0.1800,3090.53,14079.07,9240.00,4839.07,USD,Direct,AGR-ORTHO-26-338,CPO-005-2026-0003,SI-882745,PARTIALLY_PAID,2026-05-02T17:19:00+00:00
TXN-002747,SO-102746,2026-04-04,2026-04-04T14:20:00+00:00,CUS-004,Blue Ridge Joint Institute,Hospital,NC,Southeast,REP-012,SOM-SCREW-45,Trauma Plating,Trauma fixation,3,147.46,442.38,0.1200,53.09,389.29,128.52,260.77,USD,Direct,AGR-ORTHO-26-331,CPO-004-2026-0004,SI-882746,PAID,2026-04-04T17:20:00+00:00
TXN-002748,SO-102747,2026-04-10,2026-04-10T14:21:00+00:00,CUS-005,Lone Star Orthopedic Network,IDN,TX,South Central,REP-016,ACC-HIP-LIN-36,Acetabular System,Total hip arthroplasty,1,1168.20,1168.20,0.1950,227.80,940.40,530.00,410.40,USD,Direct,AGR-ORTHO-26-338,CPO-005-2026-0005,SI-882747,OPEN,2026-04-11T17:21:00+00:00
TXN-002749,SO-102748,2026-04-25,2026-04-25T14:22:00+00:00,CUS-010,Prairie Orthopedics Cooperative,IDN,IL,Midwest,REP-032,ACC-HIP-CUP-56,Acetabular System,Total hip arthroplasty,1,3004.75,3004.75,0.2000,600.95,2403.80,1488.00,915.80,USD,Direct,AGR-ORTHO-26-338,CPO-010-2026-0006,SI-882748,OPEN,2026-04-25T17:22:00+00:00
TXN-002750,SO-102749,2025-12-27,2025-12-27T14:23:00+00:00,CUS-002,Hudson Valley Surgical Center,ASC,NY,Northeast,REP-009,TRI-KNEE-PS-05,Triathlon Knee,Total knee arthroplasty,3,4873.25,14619.75,0.1000,1461.98,13157.77,7467.60,5690.17,USD,Direct,AGR-ORTHO-26-317,CPO-002-2025-0007,SI-882749,PAID,2025-12-27T17:23:00+00:00
TXN-002751,SO-102750,2026-05-22,2026-05-22T14:24:00+00:00,CUS-003,Great Lakes University Hospital,Academic Medical Center,OH,Midwest,REP-013,MAKO-KNEE-KIT,Robotic Procedure Kit,Robotic-assisted knee,1,1640.00,1640.00,0.1800,295.20,1344.80,676.20,668.60,USD,ASC Program,AGR-ORTHO-26-324,CPO-003-2026-0008,SI-882750,OPEN,2026-05-23T17:24:00+00:00
TXN-002752,SO-102751,2026-04-08,2026-04-08T14:25:00+00:00,CUS-005,Lone Star Orthopedic Network,IDN,TX,South Central,REP-013,SPN-CAGE-LORD,Spine Interbody,Lumbar fusion,1,5312.60,5312.60,0.1950,1035.96,4276.64,2789.70,1486.94,USD,Direct,AGR-ORTHO-26-338,CPO-005-2026-0009,SI-882751,PAID,2026-04-08T17:25:00+00:00
TXN-002753,SO-102752,2026-02-02,2026-02-02T14:26:00+00:00,CUS-004,Blue Ridge Joint Institute,Hospital,NC,Southeast,REP-011,TRI-KNEE-CR-04,Triathlon Knee,Total knee arthroplasty,1,4467.60,4467.60,0.1200,536.11,3931.49,2356.20,1575.29,USD,Direct,AGR-ORTHO-26-331,CPO-004-2026-0010,SI-882752,PAID,2026-02-02T17:26:00+00:00
TXN-002754,SO-102753,2026-02-16,2026-02-16T14:27:00+00:00,CUS-003,Great Lakes University Hospital,Academic Medical Center,OH,Midwest,REP-009,MAKO-KNEE-KIT,Robotic Procedure Kit,Robotic-assisted knee,2,1672.80,3345.60,0.1800,602.21,2743.39,1380.00,1363.39,USD,Direct,AGR-ORTHO-26-324,CPO-003-2026-0011,SI-882753,PAID,2026-02-17T17:27:00+00:00
TXN-002755,SO-102754,2026-02-11,2026-02-11T14:28:00+00:00,CUS-002,Hudson Valley Surgical Center,ASC,NY,Northeast,REP-007,TRI-KNEE-CR-04,Triathlon Knee,Total knee arthroplasty,2,4336.20,8672.40,0.1100,953.96,7718.44,4620.00,3098.44,USD,Direct,AGR-ORTHO-26-317,CPO-002-2026-0012,SI-882754,PARTIALLY_PAID,2026-02-11T17:28:00+00:00
TXN-002756,SO-102755,2026-06-01,2026-06-01T14:29:00+00:00,CUS-012,New England Sports Medicine,Hospital,MA,Northeast,REP-038,SOM-PLATE-8H,Trauma Plating,Trauma fixation,3,875.00,2625.00,0.1350,354.38,2270.62,1095.00,1175.62,USD,Direct,AGR-ORTHO-26-317,CPO-012-2026-0013,SI-882755,DISPUTED,2026-06-01T17:29:00+00:00
TXN-002757,SO-102756,2026-01-13,2026-01-13T14:30:00+00:00,CUS-009,Northwest Specialty Distribution,Distributor,WA,West,REP-030,SPN-CAGE-LORD,Spine Interbody,Lumbar fusion,5,5154.80,25774.00,0.2400,6185.76,19588.24,13675.00,5913.24,USD,ASC Program,AGR-ORTHO-26-331,CPO-009-2026-0014,SI-882756,DISPUTED,2026-01-13T17:30:00+00:00
TXN-002758,SO-102757,2026-04-28,2026-04-28T14:31:00+00:00,CUS-009,Northwest Specialty Distribution,Distributor,WA,West,REP-031,MAKO-KNEE-KIT,Robotic Procedure Kit,Robotic-assisted knee,2,1640.00,3280.00,0.2450,803.60,2476.40,1352.40,1124.00,USD,Direct,AGR-ORTHO-26-331,CPO-009-2026-0015,SI-882757,PAID,2026-04-28T17:31:00+00:00
TXN-002759,SO-102758,2026-04-22,2026-04-22T14:32:00+00:00,CUS-012,New England Sports Medicine,Hospital,MA,Northeast,REP-034,TRI-KNEE-CR-04,Triathlon Knee,Total knee arthroplasty,2,4336.20,8672.40,0.1650,1430.95,7241.45,4620.00,2621.45,USD,Direct,AGR-ORTHO-26-317,CPO-012-2026-0016,SI-882758,PAID,2026-04-23T17:32:00+00:00
TXN-002760,SO-102759,2026-04-09,2026-04-09T14:33:00+00:00,CUS-002,Hudson Valley Surgical Center,ASC,NY,Northeast,REP-005,ACC-HIP-CUP-56,Acetabular System,Total hip arthroplasty,3,2975.00,8925.00,0.1350,1204.88,7720.12,4464.00,3256.12,USD,Direct,AGR-ORTHO-26-317,CPO-002-2026-0017,SI-882759,PAID,2026-04-09T17:33:00+00:00
TXN-002761,SO-102760,2026-05-23,2026-05-23T14:34:00+00:00,CUS-012,New England Sports Medicine,Hospital,MA,Northeast,REP-036,REV-FEM-STEM-12,Revision Hip,Revision arthroplasty,2,6291.60,12583.20,0.1400,1761.65,10821.55,6990.00,3831.55,USD,ASC Program,AGR-ORTHO-26-317,CPO-012-2026-0018,SI-882760,PAID,2026-05-25T17:34:00+00:00
TXN-002762,SO-102761,2026-04-04,2026-04-04T14:35:00+00:00,CUS-007,Front Range Medical Center,Hospital,CO,Mountain,REP-022,SOM-SCREW-45,Trauma Plating,Trauma fixation,1,144.54,144.54,0.1400,20.24,124.30,42.00,82.30,USD,Direct,AGR-ORTHO-26-317,CPO-007-2026-0019,SI-882761,PAID,2026-04-04T17:35:00+00:00
TXN-002763,SO-102762,2026-06-07,2026-06-07T14:36:00+00:00,CUS-005,Lone Star Orthopedic Network,IDN,TX,South Central,REP-017,ACC-HIP-CUP-56,Acetabular System,Total hip arthroplasty,1,3004.75,3004.75,0.1900,570.90,2433.85,1488.00,945.85,USD,Direct,AGR-ORTHO-26-338,CPO-005-2026-0020,SI-882762,PAID,2026-06-07T17:36:00+00:00
TXN-002764,SO-102763,2026-03-12,2026-03-12T14:37:00+00:00,CUS-010,Prairie Orthopedics Cooperative,IDN,IL,Midwest,REP-033,ACC-HIP-CUP-56,Acetabular System,Total hip arthroplasty,1,2975.00,2975.00,0.2000,595.00,2380.00,1458.24,921.76,USD,Direct,AGR-ORTHO-26-338,CPO-010-2026-0021,SI-882763,PAID,2026-03-14T17:37:00+00:00
TXN-002765,SO-102764,2026-01-04,2026-01-04T14:38:00+00:00,CUS-010,Prairie Orthopedics Cooperative,IDN,IL,Midwest,REP-034,MAKO-HIP-KIT,Robotic Procedure Kit,Robotic-assisted hip,5,1495.00,7475.00,0.1950,1457.63,6017.37,3125.00,2892.37,USD,ASC Program,AGR-ORTHO-26-338,CPO-010-2026-0022,SI-882764,PAID,2026-01-04T17:38:00+00:00
TXN-002766,SO-102765,2026-02-27,2026-02-27T14:39:00+00:00,CUS-006,Pacific Motion Surgery Partners,ASC,CA,West,REP-016,ACC-HIP-CUP-56,Acetabular System,Total hip arthroplasty,2,2975.00,5950.00,0.1150,684.25,5265.75,3035.52,2230.23,USD,Direct,AGR-ORTHO-26-310,CPO-006-2026-0023,SI-882765,OPEN,2026-02-27T17:39:00+00:00
TXN-002767,SO-102766,2026-03-07,2026-03-07T14:40:00+00:00,CUS-003,Great Lakes University Hospital,Academic Medical Center,OH,Midwest,REP-008,MAKO-KNEE-KIT,Robotic Procedure Kit,Robotic-assisted knee,1,1672.80,1672.80,0.1700,284.38,1388.42,676.20,712.22,USD,Distributor,AGR-ORTHO-26-324,CPO-003-2026-0024,SI-882766,PAID,2026-03-07T17:40:00+00:00
TXN-002768,SO-102767,2026-03-01,2026-03-01T14:41:00+00:00,CUS-012,New England Sports Medicine,Hospital,MA,Northeast,REP-036,TRI-KNEE-CR-04,Triathlon Knee,Total knee arthroplasty,3,4423.80,13271.40,0.1400,1858.00,11413.40,6791.40,4622.00,USD,Direct,AGR-ORTHO-26-317,CPO-012-2026-0025,SI-882767,PAID,2026-03-01T17:41:00+00:00
TXN-002769,SO-102768,2026-02-10,2026-02-10T14:42:00+00:00,CUS-009,Northwest Specialty Distribution,Distributor,WA,West,REP-028,REV-FEM-STEM-12,Revision Hip,Revision arthroplasty,8,6291.60,50332.80,0.2450,12331.54,38001.26,27400.80,10600.46,USD,Direct,AGR-ORTHO-26-331,CPO-009-2026-0026,SI-882768,PAID,2026-02-10T17:42:00+00:00
TXN-002770,SO-102769,2025-11-22,2025-11-22T14:43:00+00:00,CUS-005,Lone Star Orthopedic Network,IDN,TX,South Central,REP-017,SOM-SCREW-45,Trauma Plating,Trauma fixation,4,146.00,584.00,0.1900,110.96,473.04,168.00,305.04,USD,Direct,AGR-ORTHO-26-338,CPO-005-2025-0027,SI-882769,PAID,2025-11-22T17:43:00+00:00
TXN-002771,SO-102770,2026-05-31,2026-05-31T14:44:00+00:00,CUS-012,New England Sports Medicine,Hospital,MA,Northeast,REP-039,SOM-SCREW-45,Trauma Plating,Trauma fixation,3,147.46,442.38,0.1200,53.09,389.29,128.52,260.77,USD,Direct,AGR-ORTHO-26-317,CPO-012-2026-0028,SI-882770,PAID,2026-05-31T17:44:00+00:00
TXN-002772,SO-102771,2026-05-23,2026-05-23T14:45:00+00:00,CUS-006,Pacific Motion Surgery Partners,ASC,CA,West,REP-022,MAKO-HIP-KIT,Robotic Procedure Kit,Robotic-assisted hip,3,1524.90,4574.70,0.1100,503.22,4071.48,1875.00,2196.48,USD,Direct,AGR-ORTHO-26-310,CPO-006-2026-0029,SI-882771,PAID,2026-05-24T17:45:00+00:00
TXN-002773,SO-102772,2026-03-31,2026-03-31T14:46:00+00:00,CUS-006,Pacific Motion Surgery Partners,ASC,CA,West,REP-016,ACC-HIP-LIN-36,Acetabular System,Total hip arthroplasty,3,1156.40,3469.20,0.1000,346.92,3122.28,1558.20,1564.08,USD,Direct,AGR-ORTHO-26-310,CPO-006-2026-0030,SI-882772,OPEN,2026-04-01T17:46:00+00:00
TXN-002774,SO-102773,2025-11-28,2025-11-28T14:00:00+00:00,CUS-007,Front Range Medical Center,Hospital,CO,Mountain,REP-020,SOM-PLATE-8H,Trauma Plating,Trauma fixation,1,866.25,866.25,0.1300,112.61,753.64,372.30,381.34,USD,Direct,AGR-ORTHO-26-317,CPO-007-2025-0031,SI-882773,PAID,2025-11-28T17:00:00+00:00
TXN-002775,SO-102774,2026-02-28,2026-02-28T14:01:00+00:00,CUS-006,Pacific Motion Surgery Partners,ASC,CA,West,REP-018,MAKO-HIP-KIT,Robotic Procedure Kit,Robotic-assisted hip,5,1495.00,7475.00,0.1150,859.63,6615.37,3125.00,3490.37,USD,Direct,AGR-ORTHO-26-310,CPO-006-2026-0032,SI-882774,DISPUTED,2026-02-28T17:01:00+00:00
TXN-002776,SO-102775,2026-04-06,2026-04-06T14:02:00+00:00,CUS-005,Lone Star Orthopedic Network,IDN,TX,South Central,REP-016,SOM-SCREW-45,Trauma Plating,Trauma fixation,8,146.00,1168.00,0.1900,221.92,946.08,336.00,610.08,USD,Direct,AGR-ORTHO-26-338,CPO-005-2026-0033,SI-882775,PAID,2026-04-08T17:02:00+00:00
TXN-002777,SO-102776,2025-11-26,2025-11-26T14:03:00+00:00,CUS-007,Front Range Medical Center,Hospital,CO,Mountain,REP-023,TRI-KNEE-CR-04,Triathlon Knee,Total knee arthroplasty,3,4336.20,13008.60,0.1400,1821.20,11187.40,6791.40,4396.00,USD,Direct,AGR-ORTHO-26-317,CPO-007-2025-0034,SI-882776,PARTIALLY_PAID,2025-11-26T17:03:00+00:00
TXN-002778,SO-102777,2026-03-02,2026-03-02T14:04:00+00:00,CUS-002,Hudson Valley Surgical Center,ASC,NY,Northeast,REP-009,MAKO-KNEE-KIT,Robotic Procedure Kit,Robotic-assisted knee,2,1623.60,3247.20,0.1100,357.19,2890.01,1407.60,1482.41,USD,Direct,AGR-ORTHO-26-317,CPO-002-2026-0035,SI-882777,PAID,2026-03-02T17:04:00+00:00
TXN-002779,SO-102778,2025-12-14,2025-12-14T14:05:00+00:00,CUS-010,Prairie Orthopedics Cooperative,IDN,IL,Midwest,REP-034,TRI-KNEE-CR-04,Triathlon Knee,Total knee arthroplasty,3,4336.20,13008.60,0.1900,2471.63,10536.97,6930.00,3606.97,USD,Direct,AGR-ORTHO-26-338,CPO-010-2025-0036,SI-882778,PARTIALLY_PAID,2025-12-14T17:05:00+00:00
TXN-002780,SO-102779,2026-03-25,2026-03-25T14:06:00+00:00,CUS-010,Prairie Orthopedics Cooperative,IDN,IL,Midwest,REP-028,MAKO-HIP-KIT,Robotic Procedure Kit,Robotic-assisted hip,2,1495.00,2990.00,0.2000,598.00,2392.00,1275.00,1117.00,USD,Direct,AGR-ORTHO-26-338,CPO-010-2026-0037,SI-882779,PAID,2026-03-26T17:06:00+00:00
TXN-002781,SO-102780,2026-04-13,2026-04-13T14:07:00+00:00,CUS-002,Hudson Valley Surgical Center,ASC,NY,Northeast,REP-005,SOM-PLATE-8H,Trauma Plating,Trauma fixation,2,875.00,1750.00,0.1500,262.50,1487.50,715.40,772.10,USD,Direct,AGR-ORTHO-26-317,CPO-002-2026-0038,SI-882780,OPEN,2026-04-13T17:07:00+00:00
TXN-002782,SO-102781,2026-03-25,2026-03-25T14:08:00+00:00,CUS-001,Atlantic Ortho Alliance,IDN,PA,Northeast,REP-003,TRI-KNEE-CR-04,Triathlon Knee,Total knee arthroplasty,1,4380.00,4380.00,0.1900,832.20,3547.80,2310.00,1237.80,USD,Direct,AGR-ORTHO-26-310,CPO-001-2026-0039,SI-882781,PARTIALLY_PAID,2026-03-25T17:08:00+00:00
TXN-002783,SO-102782,2026-05-31,2026-05-31T14:09:00+00:00,CUS-012,New England Sports Medicine,Hospital,MA,Northeast,REP-037,MAKO-HIP-KIT,Robotic Procedure Kit,Robotic-assisted hip,3,1495.00,4485.00,0.1400,627.90,3857.10,1837.50,2019.60,USD,Direct,AGR-ORTHO-26-317,CPO-012-2026-0040,SI-882782,PAID,2026-06-01T17:09:00+00:00
TXN-002784,SO-102783,2025-12-10,2025-12-10T14:10:00+00:00,CUS-012,New England Sports Medicine,Hospital,MA,Northeast,REP-038,ACC-HIP-CUP-56,Acetabular System,Total hip arthroplasty,2,2975.00,5950.00,0.1200,714.00,5236.00,2976.00,2260.00,USD,ASC Program,AGR-ORTHO-26-317,CPO-012-2025-0041,SI-882783,PAID,2025-12-11T17:10:00+00:00
TXN-002785,SO-102784,2026-05-08,2026-05-08T14:11:00+00:00,CUS-007,Front Range Medical Center,Hospital,CO,Mountain,REP-024,SOM-SCREW-45,Trauma Plating,Trauma fixation,2,146.00,292.00,0.1350,39.42,252.58,84.00,168.58,USD,Direct,AGR-ORTHO-26-317,CPO-007-2026-0042,SI-882784,PAID,2026-05-10T17:11:00+00:00
TXN-002786,SO-102785,2025-11-27,2025-11-27T14:12:00+00:00,CUS-003,Great Lakes University Hospital,Academic Medical Center,OH,Midwest,REP-013,MAKO-HIP-KIT,Robotic Procedure Kit,Robotic-assisted hip,3,1465.10,4395.30,0.1800,791.15,3604.15,1875.00,1729.15,USD,Direct,AGR-ORTHO-26-324,CPO-003-2025-0043,SI-882785,PAID,2025-11-27T17:12:00+00:00
TXN-002787,SO-102786,2026-03-14,2026-03-14T14:13:00+00:00,CUS-008,Gulf Coast Trauma Hospital,Hospital,FL,Southeast,REP-022,TRI-KNEE-PS-05,Triathlon Knee,Total knee arthroplasty,2,4825.00,9650.00,0.1400,1351.00,8299.00,4978.40,3320.60,USD,Direct,AGR-ORTHO-26-324,CPO-008-2026-0044,SI-882786,OPEN,2026-03-14T17:13:00+00:00
TXN-002788,SO-102787,2026-03-19,2026-03-19T14:14:00+00:00,CUS-004,Blue Ridge Joint Institute,Hospital,NC,Southeast,REP-011,ACC-HIP-CUP-56,Acetabular System,Total hip arthroplasty,4,2945.25,11781.00,0.1350,1590.44,10190.56,5952.00,4238.56,USD,ASC Program,AGR-ORTHO-26-331,CPO-004-2026-0045,SI-882787,PAID,2026-03-20T17:14:00+00:00
TXN-002789,SO-102788,2025-12-22,2025-12-22T14:15:00+00:00,CUS-012,New England Sports Medicine,Hospital,MA,Northeast,REP-036,SOM-PLATE-8H,Trauma Plating,Trauma fixation,4,875.00,3500.00,0.1300,455.00,3045.00,1460.00,1585.00,USD,Direct,AGR-ORTHO-26-317,CPO-012-2025-0046,SI-882788,PAID,2025-12-23T17:15:00+00:00
TXN-002790,SO-102789,2026-03-24,2026-03-24T14:16:00+00:00,CUS-009,Northwest Specialty Distribution,Distributor,WA,West,REP-028,MAKO-KNEE-KIT,Robotic Procedure Kit,Robotic-assisted knee,1,1640.00,1640.00,0.2450,401.80,1238.20,690.00,548.20,USD,ASC Program,AGR-ORTHO-26-331,CPO-009-2026-0047,SI-882789,PAID,2026-03-26T17:16:00+00:00
TXN-002791,SO-102790,2026-01-05,2026-01-05T14:17:00+00:00,CUS-008,Gulf Coast Trauma Hospital,Hospital,FL,Southeast,REP-026,MAKO-KNEE-KIT,Robotic Procedure Kit,Robotic-assisted knee,8,1672.80,13382.40,0.1350,1806.62,11575.78,5520.00,6055.78,USD,Direct,AGR-ORTHO-26-324,CPO-008-2026-0048,SI-882790,PAID,2026-01-05T17:17:00+00:00
TXN-002792,SO-102791,2026-01-02,2026-01-02T14:18:00+00:00,CUS-005,Lone Star Orthopedic Network,IDN,TX,South Central,REP-018,SPN-CAGE-LORD,Spine Interbody,Lumbar fusion,2,5207.40,10414.80,0.1950,2030.89,8383.91,5470.00,2913.91,USD,Direct,AGR-ORTHO-26-338,CPO-005-2026-0049,SI-882791,PAID,2026-01-02T17:18:00+00:00
TXN-002793,SO-102792,2026-06-06,2026-06-06T14:19:00+00:00,CUS-005,Lone Star Orthopedic Network,IDN,TX,South Central,REP-019,TRI-KNEE-PS-05,Triathlon Knee,Total knee arthroplasty,3,4825.00,14475.00,0.2000,2895.00,11580.00,7467.60,4112.40,USD,Direct,AGR-ORTHO-26-338,CPO-005-2026-0050,SI-882792,PAID,2026-06-06T17:19:00+00:00
TXN-002794,SO-102793,2026-04-28,2026-04-28T14:20:00+00:00,CUS-010,Prairie Orthopedics Cooperative,IDN,IL,Midwest,REP-028,TRI-KNEE-CR-04,Triathlon Knee,Total knee arthroplasty,2,4423.80,8847.60,0.2000,1769.52,7078.08,4620.00,2458.08,USD,ASC Program,AGR-ORTHO-26-338,CPO-010-2026-0051,SI-882793,PAID,2026-04-28T17:20:00+00:00
TXN-002795,SO-102794,2026-03-26,2026-03-26T14:21:00+00:00,CUS-007,Front Range Medical Center,Hospital,CO,Mountain,REP-020,TRI-KNEE-CR-04,Triathlon Knee,Total knee arthroplasty,1,4292.40,4292.40,0.1200,515.09,3777.31,2356.20,1421.11,USD,Direct,AGR-ORTHO-26-317,CPO-007-2026-0052,SI-882794,PAID,2026-03-26T17:21:00+00:00
TXN-002796,SO-102795,2026-04-21,2026-04-21T14:22:00+00:00,CUS-001,Atlantic Ortho Alliance,IDN,PA,Northeast,REP-003,ACC-HIP-CUP-56,Acetabular System,Total hip arthroplasty,1,3004.75,3004.75,0.2300,691.09,2313.66,1488.00,825.66,USD,Direct,AGR-ORTHO-26-310,CPO-001-2026-0053,SI-882795,PARTIALLY_PAID,2026-04-22T17:22:00+00:00
TXN-002797,SO-102796,2026-01-28,2026-01-28T14:23:00+00:00,CUS-007,Front Range Medical Center,Hospital,CO,Mountain,REP-022,MAKO-KNEE-KIT,Robotic Procedure Kit,Robotic-assisted knee,8,1640.00,13120.00,0.1300,1705.60,11414.40,5520.00,5894.40,USD,Direct,AGR-ORTHO-26-317,CPO-007-2026-0054,SI-882796,PAID,2026-01-30T17:23:00+00:00
TXN-002798,SO-102797,2025-12-18,2025-12-18T14:24:00+00:00,CUS-003,Great Lakes University Hospital,Academic Medical Center,OH,Midwest,REP-011,TRI-KNEE-CR-04,Triathlon Knee,Total knee arthroplasty,3,4423.80,13271.40,0.1600,2123.42,11147.98,7068.60,4079.38,USD,Direct,AGR-ORTHO-26-324,CPO-003-2025-0055,SI-882797,PAID,2025-12-20T17:24:00+00:00
TXN-002799,SO-102798,2026-03-17,2026-03-17T14:25:00+00:00,CUS-005,Lone Star Orthopedic Network,IDN,TX,South Central,REP-018,SOM-SCREW-45,Trauma Plating,Trauma fixation,4,146.00,584.00,0.1900,110.96,473.04,168.00,305.04,USD,Direct,AGR-ORTHO-26-338,CPO-005-2026-0056,SI-882798,PAID,2026-03-17T17:25:00+00:00
TXN-002800,SO-102799,2026-03-03,2026-03-03T14:26:00+00:00,CUS-009,Northwest Specialty Distribution,Distributor,WA,West,REP-031,MAKO-HIP-KIT,Robotic Procedure Kit,Robotic-assisted hip,4,1524.90,6099.60,0.2400,1463.90,4635.70,2500.00,2135.70,USD,Direct,AGR-ORTHO-26-331,CPO-009-2026-0057,SI-882799,OPEN,2026-03-03T17:26:00+00:00
TXN-002801,SO-102800,2026-05-06,2026-05-06T14:27:00+00:00,CUS-001,Atlantic Ortho Alliance,IDN,PA,Northeast,REP-001,REV-FEM-STEM-12,Revision Hip,Revision arthroplasty,2,6355.80,12711.60,0.2300,2923.67,9787.93,7129.80,2658.13,USD,Direct,AGR-ORTHO-26-310,CPO-001-2026-0058,SI-882800,PAID,2026-05-06T17:27:00+00:00
TXN-002802,SO-102801,2025-12-31,2025-12-31T14:28:00+00:00,CUS-008,Gulf Coast Trauma Hospital,Hospital,FL,Southeast,REP-023,TRI-KNEE-PS-05,Triathlon Knee,Total knee arthroplasty,3,4825.00,14475.00,0.1300,1881.75,12593.25,7620.00,4973.25,USD,Direct,AGR-ORTHO-26-324,CPO-008-2025-0059,SI-882801,PAID,2026-01-02T17:28:00+00:00
TXN-002803,SO-102802,2026-06-01,2026-06-01T14:29:00+00:00,CUS-010,Prairie Orthopedics Cooperative,IDN,IL,Midwest,REP-030,ACC-HIP-CUP-56,Acetabular System,Total hip arthroplasty,2,2945.25,5890.50,0.2000,1178.10,4712.40,2976.00,1736.40,USD,Direct,AGR-ORTHO-26-338,CPO-010-2026-0060,SI-882802,PAID,2026-06-02T17:29:00+00:00
TXN-002804,SO-102803,2026-04-27,2026-04-27T14:30:00+00:00,CUS-007,Front Range Medical Center,Hospital,CO,Mountain,REP-022,ACC-HIP-CUP-56,Acetabular System,Total hip arthroplasty,2,2975.00,5950.00,0.1300,773.50,5176.50,2976.00,2200.50,USD,ASC Program,AGR-ORTHO-26-317,CPO-007-2026-0061,SI-882803,PAID,2026-04-27T17:30:00+00:00
TXN-002805,SO-102804,2026-01-11,2026-01-11T14:31:00+00:00,CUS-005,Lone Star Orthopedic Network,IDN,TX,South Central,REP-017,MAKO-HIP-KIT,Robotic Procedure Kit,Robotic-assisted hip,3,1465.10,4395.30,0.1900,835.11,3560.19,1837.50,1722.69,USD,Direct,AGR-ORTHO-26-338,CPO-005-2026-0062,SI-882804,PAID,2026-01-12T17:31:00+00:00
TXN-002806,SO-102805,2026-05-12,2026-05-12T14:32:00+00:00,CUS-001,Atlantic Ortho Alliance,IDN,PA,Northeast,REP-006,ACC-HIP-LIN-36,Acetabular System,Total hip arthroplasty,2,1191.80,2383.60,0.2150,512.47,1871.13,1081.20,789.93,USD,Distributor,AGR-ORTHO-26-310,CPO-001-2026-0063,SI-882805,PAID,2026-05-12T17:32:00+00:00
TXN-002807,SO-102806,2026-04-22,2026-04-22T14:33:00+00:00,CUS-004,Blue Ridge Joint Institute,Hospital,NC,Southeast,REP-016,SOM-PLATE-8H,Trauma Plating,Trauma fixation,5,875.00,4375.00,0.1300,568.75,3806.25,1825.00,1981.25,USD,Direct,AGR-ORTHO-26-331,CPO-004-2026-0064,SI-882806,OPEN,2026-04-23T17:33:00+00:00
TXN-002808,SO-102807,2026-03-25,2026-03-25T14:34:00+00:00,CUS-002,Hudson Valley Surgical Center,ASC,NY,Northeast,REP-004,ACC-HIP-CUP-56,Acetabular System,Total hip arthroplasty,1,3004.75,3004.75,0.1000,300.48,2704.27,1488.00,1216.27,USD,Direct,AGR-ORTHO-26-317,CPO-002-2026-0065,SI-882807,OPEN,2026-03-27T17:34:00+00:00
TXN-002809,SO-102808,2025-12-16,2025-12-16T14:35:00+00:00,CUS-007,Front Range Medical Center,Hospital,CO,Mountain,REP-020,SOM-PLATE-8H,Trauma Plating,Trauma fixation,1,866.25,866.25,0.1400,121.28,744.97,372.30,372.67,USD,Direct,AGR-ORTHO-26-317,CPO-007-2025-0066,SI-882808,PARTIALLY_PAID,2025-12-18T17:35:00+00:00
TXN-002810,SO-102809,2025-12-26,2025-12-26T14:36:00+00:00,CUS-011,Desert Ridge Ambulatory Surgery,ASC,AZ,Mountain,REP-033,TRI-KNEE-PS-05,Triathlon Knee,Total knee arthroplasty,2,4825.00,9650.00,0.1200,1158.00,8492.00,5181.60,3310.40,USD,Direct,AGR-ORTHO-26-310,CPO-011-2025-0067,SI-882809,PAID,2025-12-27T17:36:00+00:00
TXN-002811,SO-102810,2026-01-19,2026-01-19T14:37:00+00:00,CUS-011,Desert Ridge Ambulatory Surgery,ASC,AZ,Mountain,REP-034,SPN-CAGE-LORD,Spine Interbody,Lumbar fusion,1,5260.00,5260.00,0.1100,578.60,4681.40,2735.00,1946.40,USD,Direct,AGR-ORTHO-26-310,CPO-011-2026-0068,SI-882810,PAID,2026-01-19T17:37:00+00:00
TXN-002812,SO-102811,2026-05-15,2026-05-15T14:38:00+00:00,CUS-003,Great Lakes University Hospital,Academic Medical Center,OH,Midwest,REP-011,MAKO-KNEE-KIT,Robotic Procedure Kit,Robotic-assisted knee,2,1640.00,3280.00,0.1600,524.80,2755.20,1407.60,1347.60,USD,Direct,AGR-ORTHO-26-324,CPO-003-2026-0069,SI-882811,PAID,2026-05-17T17:38:00+00:00
TXN-002813,SO-102812,2025-10-30,2025-10-30T14:39:00+00:00,CUS-010,Prairie Orthopedics Cooperative,IDN,IL,Midwest,REP-033,REV-FEM-STEM-12,Revision Hip,Revision arthroplasty,2,6484.20,12968.40,0.1800,2334.31,10634.09,6990.00,3644.09,USD,Direct,AGR-ORTHO-26-338,CPO-010-2025-0070,SI-882812,OPEN,2025-10-30T17:39:00+00:00
TXN-002814,SO-102813,2026-05-03,2026-05-03T14:40:00+00:00,CUS-008,Gulf Coast Trauma Hospital,Hospital,FL,Southeast,REP-028,TRI-KNEE-CR-04,Triathlon Knee,Total knee arthroplasty,1,4380.00,4380.00,0.1300,569.40,3810.60,2310.00,1500.60,USD,Direct,AGR-ORTHO-26-324,CPO-008-2026-0071,SI-882813,PAID,2026-05-05T17:40:00+00:00
TXN-002815,SO-102814,2026-05-11,2026-05-11T14:41:00+00:00,CUS-001,Atlantic Ortho Alliance,IDN,PA,Northeast,REP-001,REV-FEM-STEM-12,Revision Hip,Revision arthroplasty,1,6420.00,6420.00,0.2350,1508.70,4911.30,3564.90,1346.40,USD,Direct,AGR-ORTHO-26-310,CPO-001-2026-0072,SI-882814,PAID,2026-05-11T17:41:00+00:00
TXN-002816,SO-102815,2026-05-08,2026-05-08T14:42:00+00:00,CUS-007,Front Range Medical Center,Hospital,CO,Mountain,REP-020,SOM-SCREW-45,Trauma Plating,Trauma fixation,4,147.46,589.84,0.1300,76.68,513.16,168.00,345.16,USD,ASC Program,AGR-ORTHO-26-317,CPO-007-2026-0073,SI-882815,OPEN,2026-05-08T17:42:00+00:00
TXN-002817,SO-102816,2026-06-09,2026-06-09T14:43:00+00:00,CUS-010,Prairie Orthopedics Cooperative,IDN,IL,Midwest,REP-030,SOM-SCREW-45,Trauma Plating,Trauma fixation,8,144.54,1156.32,0.1950,225.48,930.84,336.00,594.84,USD,Direct,AGR-ORTHO-26-338,CPO-010-2026-0074,SI-882816,PAID,2026-06-09T17:43:00+00:00
TXN-002818,SO-102817,2026-03-15,2026-03-15T14:44:00+00:00,CUS-004,Blue Ridge Joint Institute,Hospital,NC,Southeast,REP-013,MAKO-KNEE-KIT,Robotic Procedure Kit,Robotic-assisted knee,1,1623.60,1623.60,0.1300,211.07,1412.53,690.00,722.53,USD,Direct,AGR-ORTHO-26-331,CPO-004-2026-0075,SI-882817,PAID,2026-03-15T17:44:00+00:00
TXN-002819,SO-102818,2026-05-06,2026-05-06T14:45:00+00:00,CUS-003,Great Lakes University Hospital,Academic Medical Center,OH,Midwest,REP-011,ACC-HIP-LIN-36,Acetabular System,Total hip arthroplasty,2,1168.20,2336.40,0.1700,397.19,1939.21,1081.20,858.01,USD,Direct,AGR-ORTHO-26-324,CPO-003-2026-0076,SI-882818,PAID,2026-05-06T17:45:00+00:00
TXN-002820,SO-102819,2026-02-25,2026-02-25T14:46:00+00:00,CUS-003,Great Lakes University Hospital,Academic Medical Center,OH,Midwest,REP-012,ACC-HIP-LIN-36,Acetabular System,Total hip arthroplasty,1,1203.60,1203.60,0.1600,192.58,1011.02,530.00,481.02,USD,Direct,AGR-ORTHO-26-324,CPO-003-2026-0077,SI-882819,PARTIALLY_PAID,2026-02-25T17:46:00+00:00
TXN-002821,SO-102820,2026-03-23,2026-03-23T14:00:00+00:00,CUS-009,Northwest Specialty Distribution,Distributor,WA,West,REP-031,MAKO-KNEE-KIT,Robotic Procedure Kit,Robotic-assisted knee,1,1640.00,1640.00,0.2300,377.20,1262.80,676.20,586.60,USD,Direct,AGR-ORTHO-26-331,CPO-009-2026-0078,SI-882820,DISPUTED,2026-03-24T17:00:00+00:00
TXN-002822,SO-102821,2026-03-08,2026-03-08T14:01:00+00:00,CUS-008,Gulf Coast Trauma Hospital,Hospital,FL,Southeast,REP-022,MAKO-HIP-KIT,Robotic Procedure Kit,Robotic-assisted hip,3,1495.00,4485.00,0.1200,538.20,3946.80,1837.50,2109.30,USD,Direct,AGR-ORTHO-26-324,CPO-008-2026-0079,SI-882821,PAID,2026-03-08T17:01:00+00:00
TXN-002823,SO-102822,2026-03-22,2026-03-22T14:02:00+00:00,CUS-001,Atlantic Ortho Alliance,IDN,PA,Northeast,REP-002,SOM-SCREW-45,Trauma Plating,Trauma fixation,1,144.54,144.54,0.1900,27.46,117.08,42.00,75.08,USD,Direct,AGR-ORTHO-26-310,CPO-001-2026-0080,SI-882822,PAID,2026-03-22T17:02:00+00:00
TXN-002824,SO-102823,2026-01-25,2026-01-25T14:03:00+00:00,CUS-012,New England Sports Medicine,Hospital,MA,Northeast,REP-036,TRI-KNEE-PS-05,Triathlon Knee,Total knee arthroplasty,1,4825.00,4825.00,0.1200,579.00,4246.00,2540.00,1706.00,USD,ASC Program,AGR-ORTHO-26-317,CPO-012-2026-0081,SI-882823,OPEN,2026-01-25T17:03:00+00:00
TXN-002825,SO-102824,2026-05-21,2026-05-21T14:04:00+00:00,CUS-011,Desert Ridge Ambulatory Surgery,ASC,AZ,Mountain,REP-034,ACC-HIP-CUP-56,Acetabular System,Total hip arthroplasty,2,3004.75,6009.50,0.1200,721.14,5288.36,2976.00,2312.36,USD,Direct,AGR-ORTHO-26-310,CPO-011-2026-0082,SI-882824,OPEN,2026-05-21T17:04:00+00:00
TXN-002826,SO-102825,2025-12-25,2025-12-25T14:05:00+00:00,CUS-002,Hudson Valley Surgical Center,ASC,NY,Northeast,REP-008,MAKO-HIP-KIT,Robotic Procedure Kit,Robotic-assisted hip,1,1524.90,1524.90,0.1150,175.36,1349.54,637.50,712.04,USD,Direct,AGR-ORTHO-26-317,CPO-002-2025-0083,SI-882825,OPEN,2025-12-25T17:05:00+00:00
TXN-002827,SO-102826,2026-05-09,2026-05-09T14:06:00+00:00,CUS-010,Prairie Orthopedics Cooperative,IDN,IL,Midwest,REP-033,ACC-HIP-CUP-56,Acetabular System,Total hip arthroplasty,2,2975.00,5950.00,0.1900,1130.50,4819.50,2916.48,1903.02,USD,Direct,AGR-ORTHO-26-338,CPO-010-2026-0084,SI-882826,OPEN,2026-05-10T17:06:00+00:00
TXN-002828,SO-102827,2026-02-24,2026-02-24T14:07:00+00:00,CUS-005,Lone Star Orthopedic Network,IDN,TX,South Central,REP-019,SPN-CAGE-LORD,Spine Interbody,Lumbar fusion,1,5365.20,5365.20,0.1950,1046.21,4318.99,2680.30,1638.69,USD,Direct,AGR-ORTHO-26-338,CPO-005-2026-0085,SI-882827,PAID,2026-02-24T17:07:00+00:00
TXN-002829,SO-102828,2026-01-29,2026-01-29T14:08:00+00:00,CUS-001,Atlantic Ortho Alliance,IDN,PA,Northeast,REP-001,TRI-KNEE-PS-05,Triathlon Knee,Total knee arthroplasty,1,4825.00,4825.00,0.1900,916.75,3908.25,2540.00,1368.25,USD,Direct,AGR-ORTHO-26-310,CPO-001-2026-0086,SI-882828,PAID,2026-01-30T17:08:00+00:00
TXN-002830,SO-102829,2026-02-08,2026-02-08T14:09:00+00:00,CUS-009,Northwest Specialty Distribution,Distributor,WA,West,REP-026,SPN-CAGE-LORD,Spine Interbody,Lumbar fusion,1,5260.00,5260.00,0.2400,1262.40,3997.60,2789.70,1207.90,USD,ASC Program,AGR-ORTHO-26-331,CPO-009-2026-0087,SI-882829,OPEN,2026-02-09T17:09:00+00:00
TXN-002831,SO-102830,2026-02-13,2026-02-13T14:10:00+00:00,CUS-003,Great Lakes University Hospital,Academic Medical Center,OH,Midwest,REP-009,ACC-HIP-CUP-56,Acetabular System,Total hip arthroplasty,1,3004.75,3004.75,0.1700,510.81,2493.94,1458.24,1035.70,USD,Direct,AGR-ORTHO-26-324,CPO-003-2026-0088,SI-882830,PARTIALLY_PAID,2026-02-14T17:10:00+00:00
TXN-002832,SO-102831,2025-11-17,2025-11-17T14:11:00+00:00,CUS-010,Prairie Orthopedics Cooperative,IDN,IL,Midwest,REP-031,ACC-HIP-LIN-36,Acetabular System,Total hip arthroplasty,2,1191.80,2383.60,0.2000,476.72,1906.88,1060.00,846.88,USD,ASC Program,AGR-ORTHO-26-338,CPO-010-2025-0089,SI-882831,PAID,2025-11-19T17:11:00+00:00
TXN-002833,SO-102832,2026-04-16,2026-04-16T14:12:00+00:00,CUS-011,Desert Ridge Ambulatory Surgery,ASC,AZ,Mountain,REP-035,MAKO-KNEE-KIT,Robotic Procedure Kit,Robotic-assisted knee,2,1640.00,3280.00,0.1100,360.80,2919.20,1380.00,1539.20,USD,Direct,AGR-ORTHO-26-310,CPO-011-2026-0090,SI-882832,PAID,2026-04-18T17:12:00+00:00
TXN-002834,SO-102833,2026-04-27,2026-04-27T14:13:00+00:00,CUS-001,Atlantic Ortho Alliance,IDN,PA,Northeast,REP-006,TRI-KNEE-PS-05,Triathlon Knee,Total knee arthroplasty,3,4825.00,14475.00,0.2350,3401.63,11073.37,7620.00,3453.37,USD,Direct,AGR-ORTHO-26-310,CPO-001-2026-0091,SI-882833,OPEN,2026-04-27T17:13:00+00:00
TXN-002835,SO-102834,2026-02-15,2026-02-15T14:14:00+00:00,CUS-002,Hudson Valley Surgical Center,ASC,NY,Northeast,REP-010,TRI-KNEE-PS-05,Triathlon Knee,Total knee arthroplasty,3,4825.00,14475.00,0.1150,1664.63,12810.37,7620.00,5190.37,USD,Direct,AGR-ORTHO-26-317,CPO-002-2026-0092,SI-882834,PAID,2026-02-15T17:14:00+00:00
TXN-002836,SO-102835,2026-03-21,2026-03-21T14:15:00+00:00,CUS-004,Blue Ridge Joint Institute,Hospital,NC,Southeast,REP-010,REV-FEM-STEM-12,Revision Hip,Revision arthroplasty,1,6484.20,6484.20,0.1400,907.79,5576.41,3495.00,2081.41,USD,Direct,AGR-ORTHO-26-331,CPO-004-2026-0093,SI-882835,PAID,2026-03-23T17:15:00+00:00
TXN-002837,SO-102836,2026-03-04,2026-03-04T14:16:00+00:00,CUS-008,Gulf Coast Trauma Hospital,Hospital,FL,Southeast,REP-023,SPN-CAGE-LORD,Spine Interbody,Lumbar fusion,8,5260.00,42080.00,0.1300,5470.40,36609.60,21880.00,14729.60,USD,Direct,AGR-ORTHO-26-324,CPO-008-2026-0094,SI-882836,PAID,2026-03-05T17:16:00+00:00
TXN-002838,SO-102837,2026-04-06,2026-04-06T14:17:00+00:00,CUS-008,Gulf Coast Trauma Hospital,Hospital,FL,Southeast,REP-024,TRI-KNEE-CR-04,Triathlon Knee,Total knee arthroplasty,1,4380.00,4380.00,0.1200,525.60,3854.40,2263.80,1590.60,USD,Direct,AGR-ORTHO-26-324,CPO-008-2026-0095,SI-882837,PAID,2026-04-06T17:17:00+00:00
TXN-002839,SO-102838,2026-02-16,2026-02-16T14:18:00+00:00,CUS-006,Pacific Motion Surgery Partners,ASC,CA,West,REP-019,TRI-KNEE-CR-04,Triathlon Knee,Total knee arthroplasty,4,4467.60,17870.40,0.1000,1787.04,16083.36,9055.20,7028.16,USD,Distributor,AGR-ORTHO-26-310,CPO-006-2026-0096,SI-882838,PAID,2026-02-16T17:18:00+00:00
TXN-002840,SO-102839,2026-04-18,2026-04-18T14:19:00+00:00,CUS-002,Hudson Valley Surgical Center,ASC,NY,Northeast,REP-008,SPN-CAGE-LORD,Spine Interbody,Lumbar fusion,1,5312.60,5312.60,0.1450,770.33,4542.27,2735.00,1807.27,USD,Direct,AGR-ORTHO-26-317,CPO-002-2026-0097,SI-882839,PAID,2026-04-18T17:19:00+00:00
TXN-002841,SO-102840,2026-03-03,2026-03-03T14:20:00+00:00,CUS-002,Hudson Valley Surgical Center,ASC,NY,Northeast,REP-009,MAKO-KNEE-KIT,Robotic Procedure Kit,Robotic-assisted knee,3,1640.00,4920.00,0.1000,492.00,4428.00,2070.00,2358.00,USD,Distributor,AGR-ORTHO-26-317,CPO-002-2026-0098,SI-882840,OPEN,2026-03-05T17:20:00+00:00
TXN-002842,SO-102841,2025-12-08,2025-12-08T14:21:00+00:00,CUS-001,Atlantic Ortho Alliance,IDN,PA,Northeast,REP-007,SPN-CAGE-LORD,Spine Interbody,Lumbar fusion,1,5207.40,5207.40,0.1800,937.33,4270.07,2789.70,1480.37,USD,Distributor,AGR-ORTHO-26-310,CPO-001-2025-0099,SI-882841,OPEN,2025-12-08T17:21:00+00:00
TXN-002843,SO-102842,2026-04-17,2026-04-17T14:22:00+00:00,CUS-003,Great Lakes University Hospital,Academic Medical Center,OH,Midwest,REP-007,ACC-HIP-CUP-56,Acetabular System,Total hip arthroplasty,2,3034.50,6069.00,0.1750,1062.08,5006.92,2916.48,2090.44,USD,Direct,AGR-ORTHO-26-324,CPO-003-2026-0100,SI-882842,PAID,2026-04-17T17:22:00+00:00
TXN-002844,SO-102843,2025-12-01,2025-12-01T14:23:00+00:00,CUS-004,Blue Ridge Joint Institute,Hospital,NC,Southeast,REP-011,ACC-HIP-LIN-36,Acetabular System,Total hip arthroplasty,1,1203.60,1203.60,0.1300,156.47,1047.13,530.00,517.13,USD,Distributor,AGR-ORTHO-26-331,CPO-004-2025-0101,SI-882843,PAID,2025-12-02T17:23:00+00:00
TXN-002845,SO-102844,2025-10-30,2025-10-30T14:24:00+00:00,CUS-001,Atlantic Ortho Alliance,IDN,PA,Northeast,REP-003,SPN-CAGE-LORD,Spine Interbody,Lumbar fusion,2,5154.80,10309.60,0.1900,1958.82,8350.78,5360.60,2990.18,USD,Direct,AGR-ORTHO-26-310,CPO-001-2025-0102,SI-882844,OPEN,2025-10-30T17:24:00+00:00
TXN-002846,SO-102845,2026-03-24,2026-03-24T14:25:00+00:00,CUS-003,Great Lakes University Hospital,Academic Medical Center,OH,Midwest,REP-010,REV-FEM-STEM-12,Revision Hip,Revision arthroplasty,1,6548.40,6548.40,0.1700,1113.23,5435.17,3495.00,1940.17,USD,Direct,AGR-ORTHO-26-324,CPO-003-2026-0103,SI-882845,PAID,2026-03-25T17:25:00+00:00
TXN-002847,SO-102846,2025-12-15,2025-12-15T14:26:00+00:00,CUS-006,Pacific Motion Surgery Partners,ASC,CA,West,REP-020,TRI-KNEE-CR-04,Triathlon Knee,Total knee arthroplasty,2,4423.80,8847.60,0.1000,884.76,7962.84,4712.40,3250.44,USD,Distributor,AGR-ORTHO-26-310,CPO-006-2025-0104,SI-882846,PAID,2025-12-15T17:26:00+00:00
TXN-002848,SO-102847,2026-05-19,2026-05-19T14:27:00+00:00,CUS-005,Lone Star Orthopedic Network,IDN,TX,South Central,REP-018,TRI-KNEE-PS-05,Triathlon Knee,Total knee arthroplasty,1,4776.75,4776.75,0.2000,955.35,3821.40,2540.00,1281.40,USD,Direct,AGR-ORTHO-26-338,CPO-005-2026-0105,SI-882847,OPEN,2026-05-20T17:27:00+00:00
TXN-002849,SO-102848,2025-12-30,2025-12-30T14:28:00+00:00,CUS-007,Front Range Medical Center,Hospital,CO,Mountain,REP-025,TRI-KNEE-PS-05,Triathlon Knee,Total knee arthroplasty,2,4728.50,9457.00,0.1200,1134.84,8322.16,4978.40,3343.76,USD,Distributor,AGR-ORTHO-26-317,CPO-007-2025-0106,SI-882848,PAID,2025-12-30T17:28:00+00:00
TXN-002850,SO-102849,2026-04-12,2026-04-12T14:29:00+00:00,CUS-006,Pacific Motion Surgery Partners,ASC,CA,West,REP-016,ACC-HIP-CUP-56,Acetabular System,Total hip arthroplasty,5,2945.25,14726.25,0.1000,1472.63,13253.62,7588.80,5664.82,USD,Direct,AGR-ORTHO-26-310,CPO-006-2026-0107,SI-882849,OPEN,2026-04-12T17:29:00+00:00
TXN-002851,SO-102850,2026-01-27,2026-01-27T14:30:00+00:00,CUS-002,Hudson Valley Surgical Center,ASC,NY,Northeast,REP-005,ACC-HIP-CUP-56,Acetabular System,Total hip arthroplasty,8,3034.50,24276.00,0.1100,2670.36,21605.64,11904.00,9701.64,USD,Direct,AGR-ORTHO-26-317,CPO-002-2026-0108,SI-882850,PAID,2026-01-27T17:30:00+00:00
TXN-002852,SO-102851,2026-02-10,2026-02-10T14:31:00+00:00,CUS-005,Lone Star Orthopedic Network,IDN,TX,South Central,REP-015,TRI-KNEE-CR-04,Triathlon Knee,Total knee arthroplasty,2,4336.20,8672.40,0.1900,1647.76,7024.64,4527.60,2497.04,USD,Direct,AGR-ORTHO-26-338,CPO-005-2026-0109,SI-882851,PAID,2026-02-10T17:31:00+00:00
TXN-002853,SO-102852,2025-12-03,2025-12-03T14:32:00+00:00,CUS-001,Atlantic Ortho Alliance,IDN,PA,Northeast,REP-004,TRI-KNEE-PS-05,Triathlon Knee,Total knee arthroplasty,2,4776.75,9553.50,0.1950,1862.93,7690.57,4978.40,2712.17,USD,Direct,AGR-ORTHO-26-310,CPO-001-2025-0110,SI-882852,PAID,2025-12-05T17:32:00+00:00
TXN-002854,SO-102853,2026-04-19,2026-04-19T14:33:00+00:00,CUS-010,Prairie Orthopedics Cooperative,IDN,IL,Midwest,REP-032,ACC-HIP-LIN-36,Acetabular System,Total hip arthroplasty,5,1180.00,5900.00,0.1950,1150.50,4749.50,2650.00,2099.50,USD,Direct,AGR-ORTHO-26-338,CPO-010-2026-0111,SI-882853,PAID,2026-04-19T17:33:00+00:00
TXN-002855,SO-102854,2025-12-09,2025-12-09T14:34:00+00:00,CUS-005,Lone Star Orthopedic Network,IDN,TX,South Central,REP-018,MAKO-HIP-KIT,Robotic Procedure Kit,Robotic-assisted hip,1,1495.00,1495.00,0.1950,291.53,1203.47,637.50,565.97,USD,Direct,AGR-ORTHO-26-338,CPO-005-2025-0112,SI-882854,OPEN,2025-12-10T17:34:00+00:00
TXN-002856,SO-102855,2026-01-23,2026-01-23T14:35:00+00:00,CUS-001,Atlantic Ortho Alliance,IDN,PA,Northeast,REP-007,REV-FEM-STEM-12,Revision Hip,Revision arthroplasty,1,6291.60,6291.60,0.1800,1132.49,5159.11,3495.00,1664.11,USD,Distributor,AGR-ORTHO-26-310,CPO-001-2026-0113,SI-882855,PAID,2026-01-25T17:35:00+00:00
TXN-002857,SO-102856,2026-03-13,2026-03-13T14:36:00+00:00,CUS-004,Blue Ridge Joint Institute,Hospital,NC,Southeast,REP-010,SPN-CAGE-LORD,Spine Interbody,Lumbar fusion,4,5260.00,21040.00,0.1350,2840.40,18199.60,10940.00,7259.60,USD,Direct,AGR-ORTHO-26-331,CPO-004-2026-0114,SI-882856,PAID,2026-03-14T17:36:00+00:00
TXN-002858,SO-102857,2026-02-04,2026-02-04T14:37:00+00:00,CUS-010,Prairie Orthopedics Cooperative,IDN,IL,Midwest,REP-029,ACC-HIP-LIN-36,Acetabular System,Total hip arthroplasty,1,1191.80,1191.80,0.1900,226.44,965.36,519.40,445.96,USD,Direct,AGR-ORTHO-26-338,CPO-010-2026-0115,SI-882857,PAID,2026-02-05T17:37:00+00:00
TXN-002859,SO-102858,2026-06-04,2026-06-04T14:38:00+00:00,CUS-001,Atlantic Ortho Alliance,IDN,PA,Northeast,REP-003,TRI-KNEE-PS-05,Triathlon Knee,Total knee arthroplasty,4,4728.50,18914.00,0.2000,3782.80,15131.20,10363.20,4768.00,USD,Direct,AGR-ORTHO-26-310,CPO-001-2026-0116,SI-882858,PAID,2026-06-06T17:38:00+00:00
TXN-002860,SO-102859,2026-01-04,2026-01-04T14:39:00+00:00,CUS-003,Great Lakes University Hospital,Academic Medical Center,OH,Midwest,REP-010,ACC-HIP-LIN-36,Acetabular System,Total hip arthroplasty,1,1156.40,1156.40,0.1700,196.59,959.81,530.00,429.81,USD,Direct,AGR-ORTHO-26-324,CPO-003-2026-0117,SI-882859,PAID,2026-01-04T17:39:00+00:00
TXN-002861,SO-102860,2026-05-23,2026-05-23T14:40:00+00:00,CUS-005,Lone Star Orthopedic Network,IDN,TX,South Central,REP-017,TRI-KNEE-CR-04,Triathlon Knee,Total knee arthroplasty,1,4423.80,4423.80,0.1950,862.64,3561.16,2263.80,1297.36,USD,ASC Program,AGR-ORTHO-26-338,CPO-005-2026-0118,SI-882860,OPEN,2026-05-23T17:40:00+00:00
TXN-002862,SO-102861,2025-12-19,2025-12-19T14:41:00+00:00,CUS-005,Lone Star Orthopedic Network,IDN,TX,South Central,REP-018,ACC-HIP-LIN-36,Acetabular System,Total hip arthroplasty,4,1180.00,4720.00,0.2000,944.00,3776.00,2120.00,1656.00,USD,Direct,AGR-ORTHO-26-338,CPO-005-2025-0119,SI-882861,OPEN,2025-12-19T17:41:00+00:00
TXN-002863,SO-102862,2025-12-28,2025-12-28T14:42:00+00:00,CUS-010,Prairie Orthopedics Cooperative,IDN,IL,Midwest,REP-034,TRI-KNEE-PS-05,Triathlon Knee,Total knee arthroplasty,1,4873.25,4873.25,0.1900,925.92,3947.33,2540.00,1407.33,USD,Direct,AGR-ORTHO-26-338,CPO-010-2025-0120,SI-882862,PARTIALLY_PAID,2025-12-29T17:42:00+00:00
TXN-002864,SO-102863,2026-04-20,2026-04-20T14:43:00+00:00,CUS-005,Lone Star Orthopedic Network,IDN,TX,South Central,REP-013,MAKO-HIP-KIT,Robotic Procedure Kit,Robotic-assisted hip,1,1495.00,1495.00,0.1800,269.10,1225.90,625.00,600.90,USD,Direct,AGR-ORTHO-26-338,CPO-005-2026-0121,SI-882863,PAID,2026-04-21T17:43:00+00:00
TXN-002865,SO-102864,2026-04-07,2026-04-07T14:44:00+00:00,CUS-008,Gulf Coast Trauma Hospital,Hospital,FL,Southeast,REP-023,SPN-CAGE-LORD,Spine Interbody,Lumbar fusion,1,5260.00,5260.00,0.1300,683.80,4576.20,2735.00,1841.20,USD,Direct,AGR-ORTHO-26-324,CPO-008-2026-0122,SI-882864,PAID,2026-04-07T17:44:00+00:00
TXN-002866,SO-102865,2026-01-16,2026-01-16T14:45:00+00:00,CUS-002,Hudson Valley Surgical Center,ASC,NY,Northeast,REP-006,TRI-KNEE-CR-04,Triathlon Knee,Total knee arthroplasty,2,4336.20,8672.40,0.1200,1040.69,7631.71,4527.60,3104.11,USD,ASC Program,AGR-ORTHO-26-317,CPO-002-2026-0123,SI-882865,PAID,2026-01-16T17:45:00+00:00
TXN-002867,SO-102866,2025-10-26,2025-10-26T14:46:00+00:00,CUS-007,Front Range Medical Center,Hospital,CO,Mountain,REP-022,SOM-SCREW-45,Trauma Plating,Trauma fixation,1,143.08,143.08,0.1400,20.03,123.05,42.00,81.05,USD,Direct,AGR-ORTHO-26-317,CPO-007-2025-0124,SI-882866,PAID,2025-10-27T17:46:00+00:00
TXN-002868,SO-102867,2026-03-22,2026-03-22T14:00:00+00:00,CUS-009,Northwest Specialty Distribution,Distributor,WA,West,REP-029,ACC-HIP-CUP-56,Acetabular System,Total hip arthroplasty,2,2915.50,5831.00,0.2500,1457.75,4373.25,2976.00,1397.25,USD,Direct,AGR-ORTHO-26-331,CPO-009-2026-0125,SI-882867,PAID,2026-03-23T17:00:00+00:00
TXN-002869,SO-102868,2026-02-09,2026-02-09T14:01:00+00:00,CUS-001,Atlantic Ortho Alliance,IDN,PA,Northeast,REP-006,MAKO-KNEE-KIT,Robotic Procedure Kit,Robotic-assisted knee,8,1607.20,12857.60,0.1900,2442.94,10414.66,5520.00,4894.66,USD,Direct,AGR-ORTHO-26-310,CPO-001-2026-0126,SI-882868,OPEN,2026-02-11T17:01:00+00:00
TXN-002870,SO-102869,2026-03-25,2026-03-25T14:02:00+00:00,CUS-009,Northwest Specialty Distribution,Distributor,WA,West,REP-031,SPN-CAGE-LORD,Spine Interbody,Lumbar fusion,1,5312.60,5312.60,0.2450,1301.59,4011.01,2735.00,1276.01,USD,Direct,AGR-ORTHO-26-331,CPO-009-2026-0127,SI-882869,PAID,2026-03-25T17:02:00+00:00
TXN-002871,SO-102870,2025-11-10,2025-11-10T14:03:00+00:00,CUS-003,Great Lakes University Hospital,Academic Medical Center,OH,Midwest,REP-007,ACC-HIP-CUP-56,Acetabular System,Total hip arthroplasty,1,2915.50,2915.50,0.1800,524.79,2390.71,1488.00,902.71,USD,Direct,AGR-ORTHO-26-324,CPO-003-2025-0128,SI-882870,PAID,2025-11-10T17:03:00+00:00
TXN-002872,SO-102871,2026-05-03,2026-05-03T14:04:00+00:00,CUS-012,New England Sports Medicine,Hospital,MA,Northeast,REP-035,MAKO-KNEE-KIT,Robotic Procedure Kit,Robotic-assisted knee,1,1656.40,1656.40,0.1650,273.31,1383.09,690.00,693.09,USD,Direct,AGR-ORTHO-26-317,CPO-012-2026-0129,SI-882871,DISPUTED,2026-05-05T17:04:00+00:00
TXN-002873,SO-102872,2026-05-31,2026-05-31T14:05:00+00:00,CUS-003,Great Lakes University Hospital,Academic Medical Center,OH,Midwest,REP-009,SPN-CAGE-LORD,Spine Interbody,Lumbar fusion,1,5207.40,5207.40,0.1600,833.18,4374.22,2735.00,1639.22,USD,Direct,AGR-ORTHO-26-324,CPO-003-2026-0130,SI-882872,PAID,2026-05-31T17:05:00+00:00
TXN-002874,SO-102873,2025-11-11,2025-11-11T14:06:00+00:00,CUS-010,Prairie Orthopedics Cooperative,IDN,IL,Midwest,REP-031,SPN-CAGE-LORD,Spine Interbody,Lumbar fusion,1,5260.00,5260.00,0.1950,1025.70,4234.30,2735.00,1499.30,USD,Direct,AGR-ORTHO-26-338,CPO-010-2025-0131,SI-882873,PAID,2025-11-12T17:06:00+00:00
TXN-002875,SO-102874,2026-02-08,2026-02-08T14:07:00+00:00,CUS-005,Lone Star Orthopedic Network,IDN,TX,South Central,REP-017,TRI-KNEE-PS-05,Triathlon Knee,Total knee arthroplasty,5,4728.50,23642.50,0.2000,4728.50,18914.00,12700.00,6214.00,USD,Direct,AGR-ORTHO-26-338,CPO-005-2026-0132,SI-882874,PAID,2026-02-10T17:07:00+00:00
TXN-002876,SO-102875,2026-06-07,2026-06-07T14:08:00+00:00,CUS-001,Atlantic Ortho Alliance,IDN,PA,Northeast,REP-006,ACC-HIP-LIN-36,Acetabular System,Total hip arthroplasty,1,1180.00,1180.00,0.1900,224.20,955.80,540.60,415.20,USD,Direct,AGR-ORTHO-26-310,CPO-001-2026-0133,SI-882875,PAID,2026-06-08T17:08:00+00:00
TXN-002877,SO-102876,2026-01-22,2026-01-22T14:09:00+00:00,CUS-005,Lone Star Orthopedic Network,IDN,TX,South Central,REP-019,MAKO-KNEE-KIT,Robotic Procedure Kit,Robotic-assisted knee,2,1640.00,3280.00,0.1950,639.60,2640.40,1407.60,1232.80,USD,Direct,AGR-ORTHO-26-338,CPO-005-2026-0134,SI-882876,PARTIALLY_PAID,2026-01-22T17:09:00+00:00
TXN-002878,SO-102877,2026-06-17,2026-06-17T14:10:00+00:00,CUS-008,Gulf Coast Trauma Hospital,Hospital,FL,Southeast,REP-022,TRI-KNEE-PS-05,Triathlon Knee,Total knee arthroplasty,2,4921.50,9843.00,0.1400,1378.02,8464.98,5080.00,3384.98,USD,Direct,AGR-ORTHO-26-324,CPO-008-2026-0135,SI-882877,PAID,2026-06-17T17:10:00+00:00
TXN-002879,SO-102878,2026-02-12,2026-02-12T14:11:00+00:00,CUS-007,Front Range Medical Center,Hospital,CO,Mountain,REP-020,SOM-SCREW-45,Trauma Plating,Trauma fixation,2,148.92,297.84,0.1400,41.70,256.14,84.00,172.14,USD,Direct,AGR-ORTHO-26-317,CPO-007-2026-0136,SI-882878,PAID,2026-02-12T17:11:00+00:00
TXN-002880,SO-102879,2026-04-06,2026-04-06T14:12:00+00:00,CUS-001,Atlantic Ortho Alliance,IDN,PA,Northeast,REP-003,ACC-HIP-LIN-36,Acetabular System,Total hip arthroplasty,2,1180.00,2360.00,0.2350,554.60,1805.40,1081.20,724.20,USD,Direct,AGR-ORTHO-26-310,CPO-001-2026-0137,SI-882879,PAID,2026-04-06T17:12:00+00:00
TXN-002881,SO-102880,2026-01-03,2026-01-03T14:13:00+00:00,CUS-006,Pacific Motion Surgery Partners,ASC,CA,West,REP-019,ACC-HIP-CUP-56,Acetabular System,Total hip arthroplasty,1,2945.25,2945.25,0.1100,323.98,2621.27,1488.00,1133.27,USD,Direct,AGR-ORTHO-26-310,CPO-006-2026-0138,SI-882880,PAID,2026-01-03T17:13:00+00:00
TXN-002882,SO-102881,2026-04-28,2026-04-28T14:14:00+00:00,CUS-008,Gulf Coast Trauma Hospital,Hospital,FL,Southeast,REP-026,ACC-HIP-LIN-36,Acetabular System,Total hip arthroplasty,2,1180.00,2360.00,0.1200,283.20,2076.80,1081.20,995.60,USD,Direct,AGR-ORTHO-26-324,CPO-008-2026-0139,SI-882881,PAID,2026-04-30T17:14:00+00:00
TXN-002883,SO-102882,2026-04-23,2026-04-23T14:15:00+00:00,CUS-001,Atlantic Ortho Alliance,IDN,PA,Northeast,REP-006,ACC-HIP-LIN-36,Acetabular System,Total hip arthroplasty,2,1191.80,2383.60,0.2300,548.23,1835.37,1038.80,796.57,USD,Direct,AGR-ORTHO-26-310,CPO-001-2026-0140,SI-882882,PAID,2026-04-24T17:15:00+00:00
TXN-002884,SO-102883,2026-02-18,2026-02-18T14:16:00+00:00,CUS-006,Pacific Motion Surgery Partners,ASC,CA,West,REP-022,REV-FEM-STEM-12,Revision Hip,Revision arthroplasty,2,6420.00,12840.00,0.1000,1284.00,11556.00,6990.00,4566.00,USD,Direct,AGR-ORTHO-26-310,CPO-006-2026-0141,SI-882883,PAID,2026-02-20T17:16:00+00:00
TXN-002885,SO-102884,2026-06-06,2026-06-06T14:17:00+00:00,CUS-001,Atlantic Ortho Alliance,IDN,PA,Northeast,REP-001,SOM-SCREW-45,Trauma Plating,Trauma fixation,3,144.54,433.62,0.1900,82.39,351.23,128.52,222.71,USD,Direct,AGR-ORTHO-26-310,CPO-001-2026-0142,SI-882884,PAID,2026-06-06T17:17:00+00:00
TXN-002886,SO-102885,2026-05-19,2026-05-19T14:18:00+00:00,CUS-001,Atlantic Ortho Alliance,IDN,PA,Northeast,REP-002,TRI-KNEE-PS-05,Triathlon Knee,Total knee arthroplasty,2,4921.50,9843.00,0.2250,2214.68,7628.32,5080.00,2548.32,USD,Direct,AGR-ORTHO-26-310,CPO-001-2026-0143,SI-882885,PAID,2026-05-21T17:18:00+00:00
TXN-002887,SO-102886,2026-02-16,2026-02-16T14:19:00+00:00,CUS-004,Blue Ridge Joint Institute,Hospital,NC,Southeast,REP-012,ACC-HIP-LIN-36,Acetabular System,Total hip arthroplasty,2,1203.60,2407.20,0.1300,312.94,2094.26,1060.00,1034.26,USD,Direct,AGR-ORTHO-26-331,CPO-004-2026-0144,SI-882886,PAID,2026-02-17T17:19:00+00:00
TXN-002888,SO-102887,2026-03-25,2026-03-25T14:20:00+00:00,CUS-012,New England Sports Medicine,Hospital,MA,Northeast,REP-037,ACC-HIP-CUP-56,Acetabular System,Total hip arthroplasty,2,2975.00,5950.00,0.1350,803.25,5146.75,2976.00,2170.75,USD,Direct,AGR-ORTHO-26-317,CPO-012-2026-0145,SI-882887,OPEN,2026-03-25T17:20:00+00:00
TXN-002889,SO-102888,2026-06-06,2026-06-06T14:21:00+00:00,CUS-005,Lone Star Orthopedic Network,IDN,TX,South Central,REP-017,MAKO-KNEE-KIT,Robotic Procedure Kit,Robotic-assisted knee,1,1656.40,1656.40,0.1900,314.72,1341.68,690.00,651.68,USD,Direct,AGR-ORTHO-26-338,CPO-005-2026-0146,SI-882888,PAID,2026-06-08T17:21:00+00:00
TXN-002890,SO-102889,2026-04-19,2026-04-19T14:22:00+00:00,CUS-002,Hudson Valley Surgical Center,ASC,NY,Northeast,REP-009,TRI-KNEE-PS-05,Triathlon Knee,Total knee arthroplasty,1,4873.25,4873.25,0.1550,755.35,4117.90,2489.20,1628.70,USD,Direct,AGR-ORTHO-26-317,CPO-002-2026-0147,SI-882889,PAID,2026-04-19T17:22:00+00:00
TXN-002891,SO-102890,2026-05-09,2026-05-09T14:23:00+00:00,CUS-008,Gulf Coast Trauma Hospital,Hospital,FL,Southeast,REP-028,MAKO-KNEE-KIT,Robotic Procedure Kit,Robotic-assisted knee,3,1672.80,5018.40,0.1300,652.39,4366.01,2070.00,2296.01,USD,Distributor,AGR-ORTHO-26-324,CPO-008-2026-0148,SI-882890,PAID,2026-05-09T17:23:00+00:00
TXN-002892,SO-102891,2026-01-11,2026-01-11T14:24:00+00:00,CUS-002,Hudson Valley Surgical Center,ASC,NY,Northeast,REP-004,MAKO-HIP-KIT,Robotic Procedure Kit,Robotic-assisted hip,3,1465.10,4395.30,0.1100,483.48,3911.82,1875.00,2036.82,USD,ASC Program,AGR-ORTHO-26-317,CPO-002-2026-0149,SI-882891,PAID,2026-01-11T17:24:00+00:00
TXN-002893,SO-102892,2026-03-13,2026-03-13T14:25:00+00:00,CUS-001,Atlantic Ortho Alliance,IDN,PA,Northeast,REP-002,MAKO-HIP-KIT,Robotic Procedure Kit,Robotic-assisted hip,2,1495.00,2990.00,0.1950,583.05,2406.95,1275.00,1131.95,USD,Distributor,AGR-ORTHO-26-310,CPO-001-2026-0150,SI-882892,PAID,2026-03-14T17:25:00+00:00
TXN-002894,SO-102893,2026-04-02,2026-04-02T14:26:00+00:00,CUS-001,Atlantic Ortho Alliance,IDN,PA,Northeast,REP-003,ACC-HIP-LIN-36,Acetabular System,Total hip arthroplasty,4,1156.40,4625.60,0.2250,1040.76,3584.84,2120.00,1464.84,USD,Direct,AGR-ORTHO-26-310,CPO-001-2026-0151,SI-882893,PAID,2026-04-02T17:26:00+00:00
TXN-002895,SO-102894,2026-05-22,2026-05-22T14:27:00+00:00,CUS-004,Blue Ridge Joint Institute,Hospital,NC,Southeast,REP-013,TRI-KNEE-PS-05,Triathlon Knee,Total knee arthroplasty,5,4921.50,24607.50,0.1200,2952.90,21654.60,12954.00,8700.60,USD,Direct,AGR-ORTHO-26-331,CPO-004-2026-0152,SI-882894,PARTIALLY_PAID,2026-05-22T17:27:00+00:00
TXN-002896,SO-102895,2026-01-18,2026-01-18T14:28:00+00:00,CUS-008,Gulf Coast Trauma Hospital,Hospital,FL,Southeast,REP-026,ACC-HIP-LIN-36,Acetabular System,Total hip arthroplasty,2,1180.00,2360.00,0.1300,306.80,2053.20,1060.00,993.20,USD,Direct,AGR-ORTHO-26-324,CPO-008-2026-0153,SI-882895,OPEN,2026-01-18T17:28:00+00:00
TXN-002897,SO-102896,2025-12-19,2025-12-19T14:29:00+00:00,CUS-005,Lone Star Orthopedic Network,IDN,TX,South Central,REP-018,MAKO-KNEE-KIT,Robotic Procedure Kit,Robotic-assisted knee,2,1640.00,3280.00,0.1900,623.20,2656.80,1380.00,1276.80,USD,Direct,AGR-ORTHO-26-338,CPO-005-2025-0154,SI-882896,PAID,2025-12-19T17:29:00+00:00
TXN-002898,SO-102897,2026-01-26,2026-01-26T14:30:00+00:00,CUS-008,Gulf Coast Trauma Hospital,Hospital,FL,Southeast,REP-028,TRI-KNEE-CR-04,Triathlon Knee,Total knee arthroplasty,2,4336.20,8672.40,0.1300,1127.41,7544.99,4620.00,2924.99,USD,Direct,AGR-ORTHO-26-324,CPO-008-2026-0155,SI-882897,OPEN,2026-01-26T17:30:00+00:00
TXN-002899,SO-102898,2026-03-09,2026-03-09T14:31:00+00:00,CUS-006,Pacific Motion Surgery Partners,ASC,CA,West,REP-016,SOM-PLATE-8H,Trauma Plating,Trauma fixation,2,857.50,1715.00,0.1000,171.50,1543.50,715.40,828.10,USD,ASC Program,AGR-ORTHO-26-310,CPO-006-2026-0156,SI-882898,PAID,2026-03-10T17:31:00+00:00
TXN-002900,SO-102899,2026-04-10,2026-04-10T14:32:00+00:00,CUS-001,Atlantic Ortho Alliance,IDN,PA,Northeast,REP-002,REV-FEM-STEM-12,Revision Hip,Revision arthroplasty,5,6548.40,32742.00,0.2350,7694.37,25047.63,17125.50,7922.13,USD,Direct,AGR-ORTHO-26-310,CPO-001-2026-0157,SI-882899,OPEN,2026-04-11T17:32:00+00:00
TXN-002901,SO-102900,2026-04-09,2026-04-09T14:33:00+00:00,CUS-004,Blue Ridge Joint Institute,Hospital,NC,Southeast,REP-012,TRI-KNEE-PS-05,Triathlon Knee,Total knee arthroplasty,1,4825.00,4825.00,0.1350,651.38,4173.62,2590.80,1582.82,USD,Distributor,AGR-ORTHO-26-331,CPO-004-2026-0158,SI-882900,PAID,2026-04-11T17:33:00+00:00
TXN-002902,SO-102901,2026-05-22,2026-05-22T14:34:00+00:00,CUS-006,Pacific Motion Surgery Partners,ASC,CA,West,REP-019,TRI-KNEE-CR-04,Triathlon Knee,Total knee arthroplasty,2,4292.40,8584.80,0.1100,944.33,7640.47,4527.60,3112.87,USD,Distributor,AGR-ORTHO-26-310,CPO-006-2026-0159,SI-882901,OPEN,2026-05-22T17:34:00+00:00
TXN-002903,SO-102902,2026-02-14,2026-02-14T14:35:00+00:00,CUS-003,Great Lakes University Hospital,Academic Medical Center,OH,Midwest,REP-011,TRI-KNEE-PS-05,Triathlon Knee,Total knee arthroplasty,4,4776.75,19107.00,0.1700,3248.19,15858.81,9956.80,5902.01,USD,Direct,AGR-ORTHO-26-324,CPO-003-2026-0160,SI-882902,PAID,2026-02-14T17:35:00+00:00
TXN-002904,SO-102903,2026-03-14,2026-03-14T14:36:00+00:00,CUS-002,Hudson Valley Surgical Center,ASC,NY,Northeast,REP-009,TRI-KNEE-CR-04,Triathlon Knee,Total knee arthroplasty,1,4336.20,4336.20,0.1200,520.34,3815.86,2263.80,1552.06,USD,Direct,AGR-ORTHO-26-317,CPO-002-2026-0161,SI-882903,OPEN,2026-03-16T17:36:00+00:00
TXN-002905,SO-102904,2026-02-25,2026-02-25T14:37:00+00:00,CUS-005,Lone Star Orthopedic Network,IDN,TX,South Central,REP-019,ACC-HIP-CUP-56,Acetabular System,Total hip arthroplasty,1,2975.00,2975.00,0.1950,580.13,2394.87,1458.24,936.63,USD,Distributor,AGR-ORTHO-26-338,CPO-005-2026-0162,SI-882904,PAID,2026-02-27T17:37:00+00:00
TXN-002906,SO-102905,2026-02-20,2026-02-20T14:38:00+00:00,CUS-008,Gulf Coast Trauma Hospital,Hospital,FL,Southeast,REP-022,TRI-KNEE-PS-05,Triathlon Knee,Total knee arthroplasty,1,4825.00,4825.00,0.1300,627.25,4197.75,2489.20,1708.55,USD,Direct,AGR-ORTHO-26-324,CPO-008-2026-0163,SI-882905,PAID,2026-02-21T17:38:00+00:00
TXN-002907,SO-102906,2026-05-02,2026-05-02T14:39:00+00:00,CUS-006,Pacific Motion Surgery Partners,ASC,CA,West,REP-017,TRI-KNEE-PS-05,Triathlon Knee,Total knee arthroplasty,2,4921.50,9843.00,0.1100,1082.73,8760.27,5181.60,3578.67,USD,ASC Program,AGR-ORTHO-26-310,CPO-006-2026-0164,SI-882906,PAID,2026-05-03T17:39:00+00:00
TXN-002908,SO-102907,2025-12-18,2025-12-18T14:40:00+00:00,CUS-005,Lone Star Orthopedic Network,IDN,TX,South Central,REP-015,SOM-SCREW-45,Trauma Plating,Trauma fixation,4,143.08,572.32,0.1900,108.74,463.58,168.00,295.58,USD,Direct,AGR-ORTHO-26-338,CPO-005-2025-0165,SI-882907,PAID,2025-12-18T17:40:00+00:00
TXN-002909,SO-102908,2026-05-22,2026-05-22T14:41:00+00:00,CUS-010,Prairie Orthopedics Cooperative,IDN,IL,Midwest,REP-031,MAKO-HIP-KIT,Robotic Procedure Kit,Robotic-assisted hip,1,1480.05,1480.05,0.2000,296.01,1184.04,612.50,571.54,USD,Direct,AGR-ORTHO-26-338,CPO-010-2026-0166,SI-882908,PAID,2026-05-24T17:41:00+00:00
TXN-002910,SO-102909,2026-02-01,2026-02-01T14:42:00+00:00,CUS-010,Prairie Orthopedics Cooperative,IDN,IL,Midwest,REP-032,SPN-CAGE-LORD,Spine Interbody,Lumbar fusion,1,5312.60,5312.60,0.1950,1035.96,4276.64,2735.00,1541.64,USD,Direct,AGR-ORTHO-26-338,CPO-010-2026-0167,SI-882909,PAID,2026-02-01T17:42:00+00:00
TXN-002911,SO-102910,2026-04-25,2026-04-25T14:43:00+00:00,CUS-003,Great Lakes University Hospital,Academic Medical Center,OH,Midwest,REP-012,ACC-HIP-CUP-56,Acetabular System,Total hip arthroplasty,1,2975.00,2975.00,0.1700,505.75,2469.25,1488.00,981.25,USD,Direct,AGR-ORTHO-26-324,CPO-003-2026-0168,SI-882910,PAID,2026-04-25T17:43:00+00:00
TXN-002912,SO-102911,2026-02-10,2026-02-10T14:44:00+00:00,CUS-011,Desert Ridge Ambulatory Surgery,ASC,AZ,Mountain,REP-037,MAKO-KNEE-KIT,Robotic Procedure Kit,Robotic-assisted knee,2,1672.80,3345.60,0.1000,334.56,3011.04,1352.40,1658.64,USD,ASC Program,AGR-ORTHO-26-310,CPO-011-2026-0169,SI-882911,PAID,2026-02-11T17:44:00+00:00
TXN-002913,SO-102912,2026-04-28,2026-04-28T14:45:00+00:00,CUS-006,Pacific Motion Surgery Partners,ASC,CA,West,REP-016,MAKO-HIP-KIT,Robotic Procedure Kit,Robotic-assisted hip,8,1480.05,11840.40,0.1100,1302.44,10537.96,5100.00,5437.96,USD,Direct,AGR-ORTHO-26-310,CPO-006-2026-0170,SI-882912,PAID,2026-04-29T17:45:00+00:00
TXN-002914,SO-102913,2026-04-25,2026-04-25T14:46:00+00:00,CUS-006,Pacific Motion Surgery Partners,ASC,CA,West,REP-017,ACC-HIP-LIN-36,Acetabular System,Total hip arthroplasty,1,1191.80,1191.80,0.1000,119.18,1072.62,540.60,532.02,USD,ASC Program,AGR-ORTHO-26-310,CPO-006-2026-0171,SI-882913,OPEN,2026-04-26T17:46:00+00:00
TXN-002915,SO-102914,2026-03-01,2026-03-01T14:00:00+00:00,CUS-006,Pacific Motion Surgery Partners,ASC,CA,West,REP-018,MAKO-KNEE-KIT,Robotic Procedure Kit,Robotic-assisted knee,1,1656.40,1656.40,0.1000,165.64,1490.76,690.00,800.76,USD,Distributor,AGR-ORTHO-26-310,CPO-006-2026-0172,SI-882914,OPEN,2026-03-01T17:00:00+00:00
TXN-002916,SO-102915,2026-03-24,2026-03-24T14:01:00+00:00,CUS-010,Prairie Orthopedics Cooperative,IDN,IL,Midwest,REP-031,SPN-CAGE-LORD,Spine Interbody,Lumbar fusion,1,5260.00,5260.00,0.1800,946.80,4313.20,2735.00,1578.20,USD,Direct,AGR-ORTHO-26-338,CPO-010-2026-0173,SI-882915,PAID,2026-03-24T17:01:00+00:00
TXN-002917,SO-102916,2026-02-11,2026-02-11T14:02:00+00:00,CUS-010,Prairie Orthopedics Cooperative,IDN,IL,Midwest,REP-032,ACC-HIP-LIN-36,Acetabular System,Total hip arthroplasty,8,1156.40,9251.20,0.1800,1665.22,7585.98,4324.80,3261.18,USD,ASC Program,AGR-ORTHO-26-338,CPO-010-2026-0174,SI-882916,OPEN,2026-02-11T17:02:00+00:00
TXN-002918,SO-102917,2026-02-27,2026-02-27T14:03:00+00:00,CUS-008,Gulf Coast Trauma Hospital,Hospital,FL,Southeast,REP-027,MAKO-HIP-KIT,Robotic Procedure Kit,Robotic-assisted hip,4,1524.90,6099.60,0.1350,823.45,5276.15,2500.00,2776.15,USD,Direct,AGR-ORTHO-26-324,CPO-008-2026-0175,SI-882917,PAID,2026-02-27T17:03:00+00:00
TXN-002919,SO-102918,2026-02-20,2026-02-20T14:04:00+00:00,CUS-002,Hudson Valley Surgical Center,ASC,NY,Northeast,REP-010,MAKO-KNEE-KIT,Robotic Procedure Kit,Robotic-assisted knee,2,1640.00,3280.00,0.1200,393.60,2886.40,1407.60,1478.80,USD,Direct,AGR-ORTHO-26-317,CPO-002-2026-0176,SI-882918,PAID,2026-02-20T17:04:00+00:00
TXN-002920,SO-102919,2026-06-01,2026-06-01T14:05:00+00:00,CUS-011,Desert Ridge Ambulatory Surgery,ASC,AZ,Mountain,REP-031,MAKO-HIP-KIT,Robotic Procedure Kit,Robotic-assisted hip,2,1524.90,3049.80,0.1000,304.98,2744.82,1225.00,1519.82,USD,Direct,AGR-ORTHO-26-310,CPO-011-2026-0177,SI-882919,OPEN,2026-06-03T17:05:00+00:00
TXN-002921,SO-102920,2026-03-30,2026-03-30T14:06:00+00:00,CUS-004,Blue Ridge Joint Institute,Hospital,NC,Southeast,REP-011,TRI-KNEE-PS-05,Triathlon Knee,Total knee arthroplasty,2,4825.00,9650.00,0.1400,1351.00,8299.00,5181.60,3117.40,USD,ASC Program,AGR-ORTHO-26-331,CPO-004-2026-0178,SI-882920,PAID,2026-04-01T17:06:00+00:00
TXN-002922,SO-102921,2026-01-16,2026-01-16T14:07:00+00:00,CUS-006,Pacific Motion Surgery Partners,ASC,CA,West,REP-018,SOM-SCREW-45,Trauma Plating,Trauma fixation,1,146.00,146.00,0.1100,16.06,129.94,42.84,87.10,USD,Direct,AGR-ORTHO-26-310,CPO-006-2026-0179,SI-882921,PAID,2026-01-16T17:07:00+00:00
TXN-002923,SO-102922,2025-12-27,2025-12-27T14:08:00+00:00,CUS-007,Front Range Medical Center,Hospital,CO,Mountain,REP-022,MAKO-KNEE-KIT,Robotic Procedure Kit,Robotic-assisted knee,3,1656.40,4969.20,0.1200,596.30,4372.90,2028.60,2344.30,USD,Direct,AGR-ORTHO-26-317,CPO-007-2025-0180,SI-882922,OPEN,2025-12-27T17:08:00+00:00
TXN-002924,SO-102923,2026-03-23,2026-03-23T14:09:00+00:00,CUS-005,Lone Star Orthopedic Network,IDN,TX,South Central,REP-017,TRI-KNEE-CR-04,Triathlon Knee,Total knee arthroplasty,3,4380.00,13140.00,0.2000,2628.00,10512.00,7068.60,3443.40,USD,Direct,AGR-ORTHO-26-338,CPO-005-2026-0181,SI-882923,PAID,2026-03-23T17:09:00+00:00
TXN-002925,SO-102924,2026-01-26,2026-01-26T14:10:00+00:00,CUS-003,Great Lakes University Hospital,Academic Medical Center,OH,Midwest,REP-012,ACC-HIP-CUP-56,Acetabular System,Total hip arthroplasty,1,2915.50,2915.50,0.1800,524.79,2390.71,1517.76,872.95,USD,Direct,AGR-ORTHO-26-324,CPO-003-2026-0182,SI-882924,PAID,2026-01-26T17:10:00+00:00
TXN-002926,SO-102925,2026-05-14,2026-05-14T14:11:00+00:00,CUS-010,Prairie Orthopedics Cooperative,IDN,IL,Midwest,REP-034,MAKO-HIP-KIT,Robotic Procedure Kit,Robotic-assisted hip,1,1524.90,1524.90,0.1800,274.48,1250.42,625.00,625.42,USD,Direct,AGR-ORTHO-26-338,CPO-010-2026-0183,SI-882925,PAID,2026-05-15T17:11:00+00:00
TXN-002927,SO-102926,2026-02-26,2026-02-26T14:12:00+00:00,CUS-006,Pacific Motion Surgery Partners,ASC,CA,West,REP-016,SOM-PLATE-8H,Trauma Plating,Trauma fixation,2,875.00,1750.00,0.1000,175.00,1575.00,744.60,830.40,USD,Direct,AGR-ORTHO-26-310,CPO-006-2026-0184,SI-882926,PAID,2026-02-26T17:12:00+00:00
TXN-002928,SO-102927,2026-03-17,2026-03-17T14:13:00+00:00,CUS-004,Blue Ridge Joint Institute,Hospital,NC,Southeast,REP-011,TRI-KNEE-CR-04,Triathlon Knee,Total knee arthroplasty,2,4336.20,8672.40,0.1350,1170.77,7501.63,4620.00,2881.63,USD,Direct,AGR-ORTHO-26-331,CPO-004-2026-0185,SI-882927,PAID,2026-03-17T17:13:00+00:00
TXN-002929,SO-102928,2026-03-20,2026-03-20T14:14:00+00:00,CUS-011,Desert Ridge Ambulatory Surgery,ASC,AZ,Mountain,REP-033,ACC-HIP-CUP-56,Acetabular System,Total hip arthroplasty,2,2945.25,5890.50,0.1200,706.86,5183.64,3035.52,2148.12,USD,Direct,AGR-ORTHO-26-310,CPO-011-2026-0186,SI-882928,PAID,2026-03-20T17:14:00+00:00
TXN-002930,SO-102929,2025-12-17,2025-12-17T14:15:00+00:00,CUS-012,New England Sports Medicine,Hospital,MA,Northeast,REP-037,SOM-PLATE-8H,Trauma Plating,Trauma fixation,2,892.50,1785.00,0.1200,214.20,1570.80,744.60,826.20,USD,Direct,AGR-ORTHO-26-317,CPO-012-2025-0187,SI-882929,PAID,2025-12-18T17:15:00+00:00
TXN-002931,SO-102930,2026-04-08,2026-04-08T14:16:00+00:00,CUS-004,Blue Ridge Joint Institute,Hospital,NC,Southeast,REP-014,SOM-PLATE-8H,Trauma Plating,Trauma fixation,2,875.00,1750.00,0.1350,236.25,1513.75,730.00,783.75,USD,Distributor,AGR-ORTHO-26-331,CPO-004-2026-0188,SI-882930,OPEN,2026-04-08T17:16:00+00:00
TXN-002932,SO-102931,2025-11-27,2025-11-27T14:17:00+00:00,CUS-005,Lone Star Orthopedic Network,IDN,TX,South Central,REP-018,TRI-KNEE-CR-04,Triathlon Knee,Total knee arthroplasty,5,4380.00,21900.00,0.1900,4161.00,17739.00,11550.00,6189.00,USD,Direct,AGR-ORTHO-26-338,CPO-005-2025-0189,SI-882931,PAID,2025-11-27T17:17:00+00:00
TXN-002933,SO-102932,2026-05-30,2026-05-30T14:18:00+00:00,CUS-005,Lone Star Orthopedic Network,IDN,TX,South Central,REP-019,REV-FEM-STEM-12,Revision Hip,Revision arthroplasty,2,6484.20,12968.40,0.1900,2464.00,10504.40,6990.00,3514.40,USD,Direct,AGR-ORTHO-26-338,CPO-005-2026-0190,SI-882932,PAID,2026-06-01T17:18:00+00:00
TXN-002934,SO-102933,2026-04-15,2026-04-15T14:19:00+00:00,CUS-003,Great Lakes University Hospital,Academic Medical Center,OH,Midwest,REP-007,REV-FEM-STEM-12,Revision Hip,Revision arthroplasty,2,6420.00,12840.00,0.1700,2182.80,10657.20,6990.00,3667.20,USD,Direct,AGR-ORTHO-26-324,CPO-003-2026-0191,SI-882933,OPEN,2026-04-17T17:19:00+00:00
TXN-002935,SO-102934,2026-03-28,2026-03-28T14:20:00+00:00,CUS-005,Lone Star Orthopedic Network,IDN,TX,South Central,REP-014,TRI-KNEE-CR-04,Triathlon Knee,Total knee arthroplasty,2,4467.60,8935.20,0.1900,1697.69,7237.51,4527.60,2709.91,USD,ASC Program,AGR-ORTHO-26-338,CPO-005-2026-0192,SI-882934,OPEN,2026-03-30T17:20:00+00:00
TXN-002936,SO-102935,2026-03-24,2026-03-24T14:21:00+00:00,CUS-012,New England Sports Medicine,Hospital,MA,Northeast,REP-036,MAKO-KNEE-KIT,Robotic Procedure Kit,Robotic-assisted knee,4,1656.40,6625.60,0.1400,927.58,5698.02,2760.00,2938.02,USD,Direct,AGR-ORTHO-26-317,CPO-012-2026-0193,SI-882935,PAID,2026-03-24T17:21:00+00:00
TXN-002937,SO-102936,2026-05-13,2026-05-13T14:22:00+00:00,CUS-008,Gulf Coast Trauma Hospital,Hospital,FL,Southeast,REP-025,TRI-KNEE-PS-05,Triathlon Knee,Total knee arthroplasty,2,4873.25,9746.50,0.1300,1267.05,8479.45,4978.40,3501.05,USD,Direct,AGR-ORTHO-26-324,CPO-008-2026-0194,SI-882936,PAID,2026-05-15T17:22:00+00:00
TXN-002938,SO-102937,2025-11-16,2025-11-16T14:23:00+00:00,CUS-005,Lone Star Orthopedic Network,IDN,TX,South Central,REP-017,SPN-CAGE-LORD,Spine Interbody,Lumbar fusion,1,5365.20,5365.20,0.2000,1073.04,4292.16,2789.70,1502.46,USD,Direct,AGR-ORTHO-26-338,CPO-005-2025-0195,SI-882937,PAID,2025-11-16T17:23:00+00:00
TXN-002939,SO-102938,2026-04-09,2026-04-09T14:24:00+00:00,CUS-006,Pacific Motion Surgery Partners,ASC,CA,West,REP-021,TRI-KNEE-PS-05,Triathlon Knee,Total knee arthroplasty,1,4728.50,4728.50,0.1200,567.42,4161.08,2489.20,1671.88,USD,Direct,AGR-ORTHO-26-310,CPO-006-2026-0196,SI-882938,PAID,2026-04-11T17:24:00+00:00
TXN-002940,SO-102939,2026-01-20,2026-01-20T14:25:00+00:00,CUS-010,Prairie Orthopedics Cooperative,IDN,IL,Midwest,REP-034,SOM-PLATE-8H,Trauma Plating,Trauma fixation,3,875.00,2625.00,0.1950,511.88,2113.12,1095.00,1018.12,USD,Direct,AGR-ORTHO-26-338,CPO-010-2026-0197,SI-882939,OPEN,2026-01-20T17:25:00+00:00
TXN-002941,SO-102940,2026-02-02,2026-02-02T14:26:00+00:00,CUS-006,Pacific Motion Surgery Partners,ASC,CA,West,REP-016,TRI-KNEE-PS-05,Triathlon Knee,Total knee arthroplasty,2,4873.25,9746.50,0.1100,1072.12,8674.38,5080.00,3594.38,USD,Direct,AGR-ORTHO-26-310,CPO-006-2026-0198,SI-882940,PAID,2026-02-03T17:26:00+00:00
TXN-002942,SO-102941,2026-06-04,2026-06-04T14:27:00+00:00,CUS-008,Gulf Coast Trauma Hospital,Hospital,FL,Southeast,REP-023,MAKO-KNEE-KIT,Robotic Procedure Kit,Robotic-assisted knee,3,1672.80,5018.40,0.1200,602.21,4416.19,2028.60,2387.59,USD,Direct,AGR-ORTHO-26-324,CPO-008-2026-0199,SI-882941,PAID,2026-06-04T17:27:00+00:00
TXN-002943,SO-102942,2026-04-20,2026-04-20T14:28:00+00:00,CUS-006,Pacific Motion Surgery Partners,ASC,CA,West,REP-018,MAKO-KNEE-KIT,Robotic Procedure Kit,Robotic-assisted knee,2,1640.00,3280.00,0.1100,360.80,2919.20,1380.00,1539.20,USD,Direct,AGR-ORTHO-26-310,CPO-006-2026-0200,SI-882942,OPEN,2026-04-20T17:28:00+00:00
TXN-002944,SO-102943,2025-12-09,2025-12-09T14:29:00+00:00,CUS-001,Atlantic Ortho Alliance,IDN,PA,Northeast,REP-004,SOM-PLATE-8H,Trauma Plating,Trauma fixation,1,857.50,857.50,0.2000,171.50,686.00,372.30,313.70,USD,Direct,AGR-ORTHO-26-310,CPO-001-2025-0201,SI-882943,OPEN,2025-12-09T17:29:00+00:00
TXN-002945,SO-102944,2026-04-19,2026-04-19T14:30:00+00:00,CUS-006,Pacific Motion Surgery Partners,ASC,CA,West,REP-020,MAKO-HIP-KIT,Robotic Procedure Kit,Robotic-assisted hip,1,1480.05,1480.05,0.1200,177.61,1302.44,637.50,664.94,USD,Distributor,AGR-ORTHO-26-310,CPO-006-2026-0202,SI-882944,PARTIALLY_PAID,2026-04-20T17:30:00+00:00
TXN-002946,SO-102945,2026-04-02,2026-04-02T14:31:00+00:00,CUS-005,Lone Star Orthopedic Network,IDN,TX,South Central,REP-018,ACC-HIP-CUP-56,Acetabular System,Total hip arthroplasty,1,2975.00,2975.00,0.1800,535.50,2439.50,1517.76,921.74,USD,Direct,AGR-ORTHO-26-338,CPO-005-2026-0203,SI-882945,DISPUTED,2026-04-03T17:31:00+00:00
TXN-002947,SO-102946,2026-04-30,2026-04-30T14:32:00+00:00,CUS-007,Front Range Medical Center,Hospital,CO,Mountain,REP-025,ACC-HIP-LIN-36,Acetabular System,Total hip arthroplasty,1,1180.00,1180.00,0.1300,153.40,1026.60,530.00,496.60,USD,Direct,AGR-ORTHO-26-317,CPO-007-2026-0204,SI-882946,PAID,2026-05-01T17:32:00+00:00
TXN-002948,SO-102947,2026-02-22,2026-02-22T14:33:00+00:00,CUS-005,Lone Star Orthopedic Network,IDN,TX,South Central,REP-013,ACC-HIP-CUP-56,Acetabular System,Total hip arthroplasty,1,3034.50,3034.50,0.1900,576.56,2457.94,1517.76,940.18,USD,Direct,AGR-ORTHO-26-338,CPO-005-2026-0205,SI-882947,PAID,2026-02-24T17:33:00+00:00
TXN-002949,SO-102948,2026-03-16,2026-03-16T14:34:00+00:00,CUS-004,Blue Ridge Joint Institute,Hospital,NC,Southeast,REP-011,MAKO-HIP-KIT,Robotic Procedure Kit,Robotic-assisted hip,2,1465.10,2930.20,0.1400,410.23,2519.97,1250.00,1269.97,USD,Direct,AGR-ORTHO-26-331,CPO-004-2026-0206,SI-882948,PAID,2026-03-18T17:34:00+00:00
TXN-002950,SO-102949,2026-02-09,2026-02-09T14:35:00+00:00,CUS-005,Lone Star Orthopedic Network,IDN,TX,South Central,REP-015,ACC-HIP-LIN-36,Acetabular System,Total hip arthroplasty,2,1168.20,2336.40,0.1950,455.60,1880.80,1081.20,799.60,USD,Direct,AGR-ORTHO-26-338,CPO-005-2026-0207,SI-882949,OPEN,2026-02-09T17:35:00+00:00
TXN-002951,SO-102950,2026-04-11,2026-04-11T14:36:00+00:00,CUS-005,Lone Star Orthopedic Network,IDN,TX,South Central,REP-016,TRI-KNEE-PS-05,Triathlon Knee,Total knee arthroplasty,1,4873.25,4873.25,0.1950,950.28,3922.97,2540.00,1382.97,USD,Direct,AGR-ORTHO-26-338,CPO-005-2026-0208,SI-882950,OPEN,2026-04-12T17:36:00+00:00
TXN-002952,SO-102951,2026-04-08,2026-04-08T14:37:00+00:00,CUS-012,New England Sports Medicine,Hospital,MA,Northeast,REP-038,SOM-SCREW-45,Trauma Plating,Trauma fixation,1,146.00,146.00,0.1550,22.63,123.37,41.16,82.21,USD,Direct,AGR-ORTHO-26-317,CPO-012-2026-0209,SI-882951,PAID,2026-04-09T17:37:00+00:00
TXN-002953,SO-102952,2026-03-21,2026-03-21T14:38:00+00:00,CUS-004,Blue Ridge Joint Institute,Hospital,NC,Southeast,REP-015,MAKO-KNEE-KIT,Robotic Procedure Kit,Robotic-assisted knee,5,1640.00,8200.00,0.1350,1107.00,7093.00,3450.00,3643.00,USD,Distributor,AGR-ORTHO-26-331,CPO-004-2026-0210,SI-882952,OPEN,2026-03-23T17:38:00+00:00
TXN-002954,SO-102953,2026-01-29,2026-01-29T14:39:00+00:00,CUS-007,Front Range Medical Center,Hospital,CO,Mountain,REP-025,TRI-KNEE-PS-05,Triathlon Knee,Total knee arthroplasty,2,4728.50,9457.00,0.1350,1276.70,8180.30,4978.40,3201.90,USD,Direct,AGR-ORTHO-26-317,CPO-007-2026-0211,SI-882953,PAID,2026-01-29T17:39:00+00:00
TXN-002955,SO-102954,2026-02-20,2026-02-20T14:40:00+00:00,CUS-005,Lone Star Orthopedic Network,IDN,TX,South Central,REP-013,REV-FEM-STEM-12,Revision Hip,Revision arthroplasty,1,6484.20,6484.20,0.1900,1232.00,5252.20,3495.00,1757.20,USD,Direct,AGR-ORTHO-26-338,CPO-005-2026-0001,SI-882954,PAID,2026-02-20T17:40:00+00:00
TXN-002956,SO-102955,2026-04-25,2026-04-25T14:41:00+00:00,CUS-001,Atlantic Ortho Alliance,IDN,PA,Northeast,REP-002,TRI-KNEE-PS-05,Triathlon Knee,Total knee arthroplasty,1,4825.00,4825.00,0.2250,1085.63,3739.37,2540.00,1199.37,USD,Direct,AGR-ORTHO-26-310,CPO-001-2026-0002,SI-882955,PAID,2026-04-25T17:41:00+00:00
TXN-002957,SO-102956,2026-05-14,2026-05-14T14:42:00+00:00,CUS-008,Gulf Coast Trauma Hospital,Hospital,FL,Southeast,REP-024,SPN-CAGE-LORD,Spine Interbody,Lumbar fusion,8,5312.60,42500.80,0.1200,5100.10,37400.70,22317.60,15083.10,USD,Distributor,AGR-ORTHO-26-324,CPO-008-2026-0003,SI-882956,PAID,2026-05-14T17:42:00+00:00
TXN-002958,SO-102957,2026-02-21,2026-02-21T14:43:00+00:00,CUS-006,Pacific Motion Surgery Partners,ASC,CA,West,REP-019,ACC-HIP-CUP-56,Acetabular System,Total hip arthroplasty,1,3004.75,3004.75,0.1150,345.55,2659.20,1488.00,1171.20,USD,ASC Program,AGR-ORTHO-26-310,CPO-006-2026-0004,SI-882957,PAID,2026-02-21T17:43:00+00:00
TXN-002959,SO-102958,2025-12-19,2025-12-19T14:44:00+00:00,CUS-009,Northwest Specialty Distribution,Distributor,WA,West,REP-029,ACC-HIP-CUP-56,Acetabular System,Total hip arthroplasty,2,2945.25,5890.50,0.2500,1472.63,4417.87,2976.00,1441.87,USD,Direct,AGR-ORTHO-26-331,CPO-009-2025-0005,SI-882958,PAID,2025-12-19T17:44:00+00:00
TXN-002960,SO-102959,2026-04-09,2026-04-09T14:45:00+00:00,CUS-008,Gulf Coast Trauma Hospital,Hospital,FL,Southeast,REP-027,ACC-HIP-CUP-56,Acetabular System,Total hip arthroplasty,2,2975.00,5950.00,0.1300,773.50,5176.50,2976.00,2200.50,USD,Direct,AGR-ORTHO-26-324,CPO-008-2026-0006,SI-882959,PAID,2026-04-11T17:45:00+00:00
TXN-002961,SO-102960,2026-04-05,2026-04-05T14:46:00+00:00,CUS-005,Lone Star Orthopedic Network,IDN,TX,South Central,REP-019,TRI-KNEE-CR-04,Triathlon Knee,Total knee arthroplasty,2,4292.40,8584.80,0.1800,1545.26,7039.54,4527.60,2511.94,USD,Direct,AGR-ORTHO-26-338,CPO-005-2026-0007,SI-882960,PAID,2026-04-06T17:46:00+00:00
TXN-002962,SO-102961,2026-02-14,2026-02-14T14:00:00+00:00,CUS-010,Prairie Orthopedics Cooperative,IDN,IL,Midwest,REP-028,SOM-SCREW-45,Trauma Plating,Trauma fixation,1,143.08,143.08,0.1900,27.19,115.89,42.84,73.05,USD,Distributor,AGR-ORTHO-26-338,CPO-010-2026-0008,SI-882961,PAID,2026-02-14T17:00:00+00:00
TXN-002963,SO-102962,2026-06-13,2026-06-13T14:01:00+00:00,CUS-008,Gulf Coast Trauma Hospital,Hospital,FL,Southeast,REP-023,REV-FEM-STEM-12,Revision Hip,Revision arthroplasty,8,6484.20,51873.60,0.1350,7002.94,44870.66,27400.80,17469.86,USD,Direct,AGR-ORTHO-26-324,CPO-008-2026-0009,SI-882962,OPEN,2026-06-13T17:01:00+00:00
TXN-002964,SO-102963,2026-04-24,2026-04-24T14:02:00+00:00,CUS-007,Front Range Medical Center,Hospital,CO,Mountain,REP-021,MAKO-HIP-KIT,Robotic Procedure Kit,Robotic-assisted hip,2,1509.95,3019.90,0.1400,422.79,2597.11,1250.00,1347.11,USD,Distributor,AGR-ORTHO-26-317,CPO-007-2026-0010,SI-882963,OPEN,2026-04-25T17:02:00+00:00
TXN-002965,SO-102964,2026-05-28,2026-05-28T14:03:00+00:00,CUS-005,Lone Star Orthopedic Network,IDN,TX,South Central,REP-016,REV-FEM-STEM-12,Revision Hip,Revision arthroplasty,1,6420.00,6420.00,0.1900,1219.80,5200.20,3425.10,1775.10,USD,Direct,AGR-ORTHO-26-338,CPO-005-2026-0011,SI-882964,OPEN,2026-05-29T17:03:00+00:00
TXN-002966,SO-102965,2026-05-16,2026-05-16T14:04:00+00:00,CUS-002,Hudson Valley Surgical Center,ASC,NY,Northeast,REP-008,ACC-HIP-CUP-56,Acetabular System,Total hip arthroplasty,1,3004.75,3004.75,0.1450,435.69,2569.06,1488.00,1081.06,USD,Direct,AGR-ORTHO-26-317,CPO-002-2026-0012,SI-882965,OPEN,2026-05-17T17:04:00+00:00
TXN-002967,SO-102966,2026-02-19,2026-02-19T14:05:00+00:00,CUS-004,Blue Ridge Joint Institute,Hospital,NC,Southeast,REP-015,TRI-KNEE-PS-05,Triathlon Knee,Total knee arthroplasty,1,4921.50,4921.50,0.1300,639.80,4281.70,2590.80,1690.90,USD,ASC Program,AGR-ORTHO-26-331,CPO-004-2026-0013,SI-882966,OPEN,2026-02-21T17:05:00+00:00
TXN-002968,SO-102967,2026-02-07,2026-02-07T14:06:00+00:00,CUS-005,Lone Star Orthopedic Network,IDN,TX,South Central,REP-019,ACC-HIP-CUP-56,Acetabular System,Total hip arthroplasty,8,2945.25,23562.00,0.2000,4712.40,18849.60,11904.00,6945.60,USD,Distributor,AGR-ORTHO-26-338,CPO-005-2026-0014,SI-882967,PAID,2026-02-08T17:06:00+00:00
TXN-002969,SO-102968,2026-03-30,2026-03-30T14:07:00+00:00,CUS-005,Lone Star Orthopedic Network,IDN,TX,South Central,REP-013,MAKO-KNEE-KIT,Robotic Procedure Kit,Robotic-assisted knee,1,1640.00,1640.00,0.2000,328.00,1312.00,676.20,635.80,USD,Direct,AGR-ORTHO-26-338,CPO-005-2026-0015,SI-882968,PAID,2026-03-30T17:07:00+00:00
TXN-002970,SO-102969,2026-01-21,2026-01-21T14:08:00+00:00,CUS-003,Great Lakes University Hospital,Academic Medical Center,OH,Midwest,REP-008,SOM-SCREW-45,Trauma Plating,Trauma fixation,1,143.08,143.08,0.1750,25.04,118.04,42.00,76.04,USD,Direct,AGR-ORTHO-26-324,CPO-003-2026-0016,SI-882969,PAID,2026-01-22T17:08:00+00:00
TXN-002971,SO-102970,2026-03-23,2026-03-23T14:09:00+00:00,CUS-001,Atlantic Ortho Alliance,IDN,PA,Northeast,REP-003,TRI-KNEE-PS-05,Triathlon Knee,Total knee arthroplasty,1,4873.25,4873.25,0.2000,974.65,3898.60,2590.80,1307.80,USD,Distributor,AGR-ORTHO-26-310,CPO-001-2026-0017,SI-882970,PAID,2026-03-25T17:09:00+00:00
TXN-002972,SO-102971,2025-12-31,2025-12-31T14:10:00+00:00,CUS-008,Gulf Coast Trauma Hospital,Hospital,FL,Southeast,REP-025,TRI-KNEE-PS-05,Triathlon Knee,Total knee arthroplasty,1,4825.00,4825.00,0.1350,651.38,4173.62,2540.00,1633.62,USD,Direct,AGR-ORTHO-26-324,CPO-008-2025-0018,SI-882971,PARTIALLY_PAID,2026-01-02T17:10:00+00:00
TXN-002973,SO-102972,2025-10-20,2025-10-20T14:11:00+00:00,CUS-001,Atlantic Ortho Alliance,IDN,PA,Northeast,REP-005,MAKO-KNEE-KIT,Robotic Procedure Kit,Robotic-assisted knee,4,1607.20,6428.80,0.1900,1221.47,5207.33,2815.20,2392.13,USD,Direct,AGR-ORTHO-26-310,CPO-001-2025-0019,SI-882972,PAID,2025-10-20T17:11:00+00:00
TXN-002974,SO-102973,2025-12-31,2025-12-31T14:12:00+00:00,CUS-012,New England Sports Medicine,Hospital,MA,Northeast,REP-039,TRI-KNEE-CR-04,Triathlon Knee,Total knee arthroplasty,1,4336.20,4336.20,0.1200,520.34,3815.86,2356.20,1459.66,USD,Distributor,AGR-ORTHO-26-317,CPO-012-2025-0020,SI-882973,PAID,2025-12-31T17:12:00+00:00
TXN-002975,SO-102974,2026-05-23,2026-05-23T14:13:00+00:00,CUS-006,Pacific Motion Surgery Partners,ASC,CA,West,REP-022,REV-FEM-STEM-12,Revision Hip,Revision arthroplasty,1,6548.40,6548.40,0.1150,753.07,5795.33,3564.90,2230.43,USD,Direct,AGR-ORTHO-26-310,CPO-006-2026-0021,SI-882974,PAID,2026-05-23T17:13:00+00:00
TXN-002976,SO-102975,2026-03-21,2026-03-21T14:14:00+00:00,CUS-005,Lone Star Orthopedic Network,IDN,TX,South Central,REP-013,ACC-HIP-LIN-36,Acetabular System,Total hip arthroplasty,1,1180.00,1180.00,0.1900,224.20,955.80,530.00,425.80,USD,Direct,AGR-ORTHO-26-338,CPO-005-2026-0022,SI-882975,PAID,2026-03-23T17:14:00+00:00
TXN-002977,SO-102976,2026-03-16,2026-03-16T14:15:00+00:00,CUS-001,Atlantic Ortho Alliance,IDN,PA,Northeast,REP-002,MAKO-KNEE-KIT,Robotic Procedure Kit,Robotic-assisted knee,3,1640.00,4920.00,0.1900,934.80,3985.20,2070.00,1915.20,USD,Direct,AGR-ORTHO-26-310,CPO-001-2026-0023,SI-882976,PAID,2026-03-17T17:15:00+00:00
TXN-002978,SO-102977,2026-03-02,2026-03-02T14:16:00+00:00,CUS-008,Gulf Coast Trauma Hospital,Hospital,FL,Southeast,REP-024,SOM-PLATE-8H,Trauma Plating,Trauma fixation,2,866.25,1732.50,0.1300,225.23,1507.27,730.00,777.27,USD,ASC Program,AGR-ORTHO-26-324,CPO-008-2026-0024,SI-882977,PAID,2026-03-02T17:16:00+00:00
TXN-002979,SO-102978,2026-05-02,2026-05-02T14:17:00+00:00,CUS-005,Lone Star Orthopedic Network,IDN,TX,South Central,REP-016,ACC-HIP-CUP-56,Acetabular System,Total hip arthroplasty,1,2975.00,2975.00,0.2000,595.00,2380.00,1488.00,892.00,USD,Direct,AGR-ORTHO-26-338,CPO-005-2026-0025,SI-882978,PAID,2026-05-02T17:17:00+00:00
TXN-002980,SO-102979,2025-12-25,2025-12-25T14:18:00+00:00,CUS-001,Atlantic Ortho Alliance,IDN,PA,Northeast,REP-005,REV-FEM-STEM-12,Revision Hip,Revision arthroplasty,1,6291.60,6291.60,0.1950,1226.86,5064.74,3425.10,1639.64,USD,Direct,AGR-ORTHO-26-310,CPO-001-2025-0026,SI-882979,OPEN,2025-12-25T17:18:00+00:00
TXN-002981,SO-102980,2026-01-27,2026-01-27T14:19:00+00:00,CUS-005,Lone Star Orthopedic Network,IDN,TX,South Central,REP-018,MAKO-KNEE-KIT,Robotic Procedure Kit,Robotic-assisted knee,1,1607.20,1607.20,0.1900,305.37,1301.83,690.00,611.83,USD,ASC Program,AGR-ORTHO-26-338,CPO-005-2026-0027,SI-882980,PAID,2026-01-27T17:19:00+00:00
TXN-002982,SO-102981,2026-05-07,2026-05-07T14:20:00+00:00,CUS-009,Northwest Specialty Distribution,Distributor,WA,West,REP-031,MAKO-KNEE-KIT,Robotic Procedure Kit,Robotic-assisted knee,2,1640.00,3280.00,0.2300,754.40,2525.60,1380.00,1145.60,USD,Direct,AGR-ORTHO-26-331,CPO-009-2026-0028,SI-882981,PARTIALLY_PAID,2026-05-08T17:20:00+00:00
TXN-002983,SO-102982,2026-03-13,2026-03-13T14:21:00+00:00,CUS-005,Lone Star Orthopedic Network,IDN,TX,South Central,REP-013,MAKO-KNEE-KIT,Robotic Procedure Kit,Robotic-assisted knee,3,1623.60,4870.80,0.2000,974.16,3896.64,2070.00,1826.64,USD,Direct,AGR-ORTHO-26-338,CPO-005-2026-0029,SI-882982,OPEN,2026-03-14T17:21:00+00:00
TXN-002984,SO-102983,2025-12-12,2025-12-12T14:22:00+00:00,CUS-006,Pacific Motion Surgery Partners,ASC,CA,West,REP-017,ACC-HIP-LIN-36,Acetabular System,Total hip arthroplasty,1,1180.00,1180.00,0.1100,129.80,1050.20,530.00,520.20,USD,ASC Program,AGR-ORTHO-26-310,CPO-006-2025-0030,SI-882983,PAID,2025-12-14T17:22:00+00:00
TXN-002985,SO-102984,2026-02-16,2026-02-16T14:23:00+00:00,CUS-003,Great Lakes University Hospital,Academic Medical Center,OH,Midwest,REP-009,ACC-HIP-LIN-36,Acetabular System,Total hip arthroplasty,1,1180.00,1180.00,0.1800,212.40,967.60,540.60,427.00,USD,Direct,AGR-ORTHO-26-324,CPO-003-2026-0031,SI-882984,OPEN,2026-02-16T17:23:00+00:00
TXN-002986,SO-102985,2026-04-12,2026-04-12T14:24:00+00:00,CUS-004,Blue Ridge Joint Institute,Hospital,NC,Southeast,REP-013,TRI-KNEE-PS-05,Triathlon Knee,Total knee arthroplasty,1,4873.25,4873.25,0.1350,657.89,4215.36,2540.00,1675.36,USD,Direct,AGR-ORTHO-26-331,CPO-004-2026-0032,SI-882985,PAID,2026-04-12T17:24:00+00:00
TXN-002987,SO-102986,2026-04-03,2026-04-03T14:25:00+00:00,CUS-004,Blue Ridge Joint Institute,Hospital,NC,Southeast,REP-014,MAKO-HIP-KIT,Robotic Procedure Kit,Robotic-assisted hip,1,1524.90,1524.90,0.1300,198.24,1326.66,637.50,689.16,USD,ASC Program,AGR-ORTHO-26-331,CPO-004-2026-0033,SI-882986,PAID,2026-04-04T17:25:00+00:00
TXN-002988,SO-102987,2026-01-16,2026-01-16T14:26:00+00:00,CUS-002,Hudson Valley Surgical Center,ASC,NY,Northeast,REP-009,TRI-KNEE-CR-04,Triathlon Knee,Total knee arthroplasty,2,4380.00,8760.00,0.1000,876.00,7884.00,4620.00,3264.00,USD,Direct,AGR-ORTHO-26-317,CPO-002-2026-0034,SI-882987,PAID,2026-01-18T17:26:00+00:00
TXN-002989,SO-102988,2026-02-15,2026-02-15T14:27:00+00:00,CUS-008,Gulf Coast Trauma Hospital,Hospital,FL,Southeast,REP-028,TRI-KNEE-PS-05,Triathlon Knee,Total knee arthroplasty,2,4921.50,9843.00,0.1350,1328.81,8514.19,5080.00,3434.19,USD,Direct,AGR-ORTHO-26-324,CPO-008-2026-0035,SI-882988,PAID,2026-02-16T17:27:00+00:00
TXN-002990,SO-102989,2026-04-04,2026-04-04T14:28:00+00:00,CUS-006,Pacific Motion Surgery Partners,ASC,CA,West,REP-016,MAKO-HIP-KIT,Robotic Procedure Kit,Robotic-assisted hip,3,1495.00,4485.00,0.1100,493.35,3991.65,1912.50,2079.15,USD,ASC Program,AGR-ORTHO-26-310,CPO-006-2026-0036,SI-882989,PAID,2026-04-05T17:28:00+00:00
TXN-002991,SO-102990,2026-02-15,2026-02-15T14:29:00+00:00,CUS-003,Great Lakes University Hospital,Academic Medical Center,OH,Midwest,REP-008,MAKO-KNEE-KIT,Robotic Procedure Kit,Robotic-assisted knee,4,1656.40,6625.60,0.1750,1159.48,5466.12,2760.00,2706.12,USD,Direct,AGR-ORTHO-26-324,CPO-003-2026-0037,SI-882990,PAID,2026-02-17T17:29:00+00:00
TXN-002992,SO-102991,2026-03-31,2026-03-31T14:30:00+00:00,CUS-002,Hudson Valley Surgical Center,ASC,NY,Northeast,REP-006,MAKO-KNEE-KIT,Robotic Procedure Kit,Robotic-assisted knee,4,1640.00,6560.00,0.1200,787.20,5772.80,2760.00,3012.80,USD,Direct,AGR-ORTHO-26-317,CPO-002-2026-0038,SI-882991,PAID,2026-03-31T17:30:00+00:00
TXN-002993,SO-102992,2026-04-28,2026-04-28T14:31:00+00:00,CUS-001,Atlantic Ortho Alliance,IDN,PA,Northeast,REP-004,ACC-HIP-LIN-36,Acetabular System,Total hip arthroplasty,2,1156.40,2312.80,0.2250,520.38,1792.42,1038.80,753.62,USD,Direct,AGR-ORTHO-26-310,CPO-001-2026-0039,SI-882992,PAID,2026-04-30T17:31:00+00:00
TXN-002994,SO-102993,2026-03-03,2026-03-03T14:32:00+00:00,CUS-004,Blue Ridge Joint Institute,Hospital,NC,Southeast,REP-014,TRI-KNEE-PS-05,Triathlon Knee,Total knee arthroplasty,2,4825.00,9650.00,0.1300,1254.50,8395.50,5080.00,3315.50,USD,ASC Program,AGR-ORTHO-26-331,CPO-004-2026-0040,SI-882993,OPEN,2026-03-04T17:32:00+00:00
TXN-002995,SO-102994,2026-01-10,2026-01-10T14:33:00+00:00,CUS-003,Great Lakes University Hospital,Academic Medical Center,OH,Midwest,REP-012,TRI-KNEE-PS-05,Triathlon Knee,Total knee arthroplasty,2,4873.25,9746.50,0.1800,1754.37,7992.13,5080.00,2912.13,USD,Direct,AGR-ORTHO-26-324,CPO-003-2026-0041,SI-882994,PAID,2026-01-11T17:33:00+00:00
TXN-002996,SO-102995,2026-01-08,2026-01-08T14:34:00+00:00,CUS-004,Blue Ridge Joint Institute,Hospital,NC,Southeast,REP-016,ACC-HIP-CUP-56,Acetabular System,Total hip arthroplasty,4,2915.50,11662.00,0.1400,1632.68,10029.32,6071.04,3958.28,USD,Direct,AGR-ORTHO-26-331,CPO-004-2026-0042,SI-882995,PAID,2026-01-10T17:34:00+00:00
TXN-002997,SO-102996,2025-11-22,2025-11-22T14:35:00+00:00,CUS-007,Front Range Medical Center,Hospital,CO,Mountain,REP-019,TRI-KNEE-PS-05,Triathlon Knee,Total knee arthroplasty,4,4825.00,19300.00,0.1200,2316.00,16984.00,10160.00,6824.00,USD,ASC Program,AGR-ORTHO-26-317,CPO-007-2025-0043,SI-882996,PAID,2025-11-22T17:35:00+00:00
TXN-002998,SO-102997,2026-02-19,2026-02-19T14:36:00+00:00,CUS-001,Atlantic Ortho Alliance,IDN,PA,Northeast,REP-002,REV-FEM-STEM-12,Revision Hip,Revision arthroplasty,2,6484.20,12968.40,0.2000,2593.68,10374.72,6850.20,3524.52,USD,Direct,AGR-ORTHO-26-310,CPO-001-2026-0044,SI-882997,PAID,2026-02-19T17:36:00+00:00
TXN-002999,SO-102998,2026-02-12,2026-02-12T14:37:00+00:00,CUS-007,Front Range Medical Center,Hospital,CO,Mountain,REP-021,TRI-KNEE-PS-05,Triathlon Knee,Total knee arthroplasty,1,4873.25,4873.25,0.1300,633.52,4239.73,2540.00,1699.73,USD,Distributor,AGR-ORTHO-26-317,CPO-007-2026-0045,SI-882998,PAID,2026-02-14T17:37:00+00:00
TXN-003000,SO-102999,2026-04-21,2026-04-21T14:38:00+00:00,CUS-010,Prairie Orthopedics Cooperative,IDN,IL,Midwest,REP-031,MAKO-HIP-KIT,Robotic Procedure Kit,Robotic-assisted hip,3,1524.90,4574.70,0.1900,869.19,3705.51,1837.50,1868.01,USD,Direct,AGR-ORTHO-26-338,CPO-010-2026-0046,SI-882999,PAID,2026-04-21T17:38:00+00:00
